   1              		.cpu cortex-m23
   2              		.eabi_attribute 20, 1
   3              		.eabi_attribute 21, 1
   4              		.eabi_attribute 23, 3
   5              		.eabi_attribute 24, 1
   6              		.eabi_attribute 25, 1
   7              		.eabi_attribute 26, 1
   8              		.eabi_attribute 30, 6
   9              		.eabi_attribute 34, 0
  10              		.eabi_attribute 18, 4
  11              		.file	"Process_Packet.c"
  12              		.text
  13              	.Ltext0:
  14              		.cfi_sections	.debug_frame
  15              		.comm	global_sio_handle,32,4
  16              		.comm	spl_handle,1052,4
  17              		.comm	timer_handle,12,4
  18              		.comm	nand_block_size,4,4
  19              		.comm	spl_cycle_page_count,4,4
  20              		.comm	spl_cycle_block_count,4,4
  21              		.comm	spl_bakcup_block_id,4,4
  22              		.comm	spl_page_num,4,4
  23              		.global	proc_tab
  24              		.section	.rodata.proc_tab,"a"
  25              		.align	2
  28              	proc_tab:
  29 0000 00000000 		.word	Send_Connect_CMD
  30 0004 00000000 		.word	Send_Start_CMD
  31 0008 00000000 		.word	Send_Data_Midst_CMD
  32 000c 00000000 		.word	Send_Data_End_CMD
  33 0010 00000000 		.word	Send_Data_Exec_CMD
  34 0014 00000000 		.word	Uart_Download_end
  35 0018 00000000 		.word	Send_Nand_ID_CMD
  36 001c 00000000 		.word	0
  37 0020 00000000 		.word	0
  38 0024 00000000 		.word	Change_Baud_CMD
  39              		.section	.rodata
  40              		.align	2
  41              	.LC0:
  42 0000 67657420 		.ascii	"get soc version ack\000"
  42      736F6320 
  42      76657273 
  42      696F6E20 
  42      61636B00 
  43              		.align	2
  44              	.LC1:
  45 0014 735F7370 		.ascii	"s_spinand_spec_info_ptr == NULL\000"
  45      696E616E 
  45      645F7370 
  45      65635F69 
  45      6E666F5F 
  46              		.align	2
  47              	.LC2:
  48 0034 6368616E 		.ascii	"change data transport uart baud to 921600\000"
  48      67652064 
  48      61746120 
  48      7472616E 
  48      73706F72 
  49 005e 0000     		.align	2
  50              	.LC3:
  51 0060 676C6F62 		.ascii	"global_sio_handle.buf crc err\000"
  51      616C5F73 
  51      696F5F68 
  51      616E646C 
  51      652E6275 
  52              		.section	.text.Process_packets,"ax",%progbits
  53              		.align	1
  54              		.global	Process_packets
  55              		.arch armv8-m.base
  56              		.syntax unified
  57              		.code	16
  58              		.thumb_func
  59              		.fpu softvfp
  61              	Process_packets:
  62              	.LFB62:
  63              		.file 1 "../src/drivers/packet_process/Process_Packet.c"
   1:../src/drivers/packet_process/Process_Packet.c **** #include "Process_Packet.h"
   2:../src/drivers/packet_process/Process_Packet.c **** #include "gd32e23x.h"
   3:../src/drivers/packet_process/Process_Packet.c **** #include "gd32e235c_eval.h"
   4:../src/drivers/packet_process/Process_Packet.c **** #include <stdio.h>
   5:../src/drivers/packet_process/Process_Packet.c **** #include "Uart_init.h"
   6:../src/drivers/packet_process/Process_Packet.c **** #include "Spl_stdio.h" 
   7:../src/drivers/packet_process/Process_Packet.c **** #include "GPIO_init.h"  
   8:../src/drivers/packet_process/Process_Packet.c **** #include "systick.h"
   9:../src/drivers/packet_process/Process_Packet.c **** #include "Spi_nand_driver.h"
  10:../src/drivers/packet_process/Process_Packet.c **** #include "sprd_config.h"
  11:../src/drivers/packet_process/Process_Packet.c **** 
  12:../src/drivers/packet_process/Process_Packet.c **** sio_handle        global_sio_handle;
  13:../src/drivers/packet_process/Process_Packet.c **** spl_nand_flash_t  spl_handle;
  14:../src/drivers/packet_process/Process_Packet.c **** send_timer_t      timer_handle;
  15:../src/drivers/packet_process/Process_Packet.c **** 
  16:../src/drivers/packet_process/Process_Packet.c **** int nand_block_size;
  17:../src/drivers/packet_process/Process_Packet.c **** int spl_cycle_page_count;
  18:../src/drivers/packet_process/Process_Packet.c **** int spl_cycle_block_count;
  19:../src/drivers/packet_process/Process_Packet.c **** int spl_bakcup_block_id;
  20:../src/drivers/packet_process/Process_Packet.c **** int spl_page_num;
  21:../src/drivers/packet_process/Process_Packet.c **** 
  22:../src/drivers/packet_process/Process_Packet.c **** extern uint8_t spi_nand_id[5];
  23:../src/drivers/packet_process/Process_Packet.c **** extern SPINAND_CFG_INFO_T *s_spinand_spec_info_ptr;
  24:../src/drivers/packet_process/Process_Packet.c **** 
  25:../src/drivers/packet_process/Process_Packet.c **** const pkt_proc_fun proc_tab[] = 
  26:../src/drivers/packet_process/Process_Packet.c **** {
  27:../src/drivers/packet_process/Process_Packet.c ****   Send_Connect_CMD,               /* BSL_CMD_CONNECT, */
  28:../src/drivers/packet_process/Process_Packet.c ****   Send_Start_CMD,                 /* BSL_CMD_START_DATA, */
  29:../src/drivers/packet_process/Process_Packet.c ****   Send_Data_Midst_CMD,            /* BSL_CMD_MIDST_DATA, */
  30:../src/drivers/packet_process/Process_Packet.c ****   Send_Data_End_CMD,              /* BSL_CMD_END_DATA, */
  31:../src/drivers/packet_process/Process_Packet.c ****   Send_Data_Exec_CMD,             /* BSL_CMD_EXEC_DATA, */
  32:../src/drivers/packet_process/Process_Packet.c ****   Uart_Download_end,
  33:../src/drivers/packet_process/Process_Packet.c ****   Send_Nand_ID_CMD,
  34:../src/drivers/packet_process/Process_Packet.c ****   NULL,
  35:../src/drivers/packet_process/Process_Packet.c ****   NULL,
  36:../src/drivers/packet_process/Process_Packet.c **** #ifdef UART_SPEED_UP
  37:../src/drivers/packet_process/Process_Packet.c ****   Change_Baud_CMD,               /* BSL_CMD_BAUD_CHANGE, */
  38:../src/drivers/packet_process/Process_Packet.c **** #endif
  39:../src/drivers/packet_process/Process_Packet.c **** };
  40:../src/drivers/packet_process/Process_Packet.c **** 
  41:../src/drivers/packet_process/Process_Packet.c **** int Process_packets (void)  
  42:../src/drivers/packet_process/Process_Packet.c **** {
  64              		.loc 1 42 1
  65              		.cfi_startproc
  66              		@ args = 0, pretend = 0, frame = 16
  67              		@ frame_needed = 1, uses_anonymous_args = 0
  68 0000 80B5     		push	{r7, lr}
  69              		.cfi_def_cfa_offset 8
  70              		.cfi_offset 7, -8
  71              		.cfi_offset 14, -4
  72 0002 84B0     		sub	sp, sp, #16
  73              		.cfi_def_cfa_offset 24
  74 0004 00AF     		add	r7, sp, #0
  75              		.cfi_def_cfa_register 7
  43:../src/drivers/packet_process/Process_Packet.c ****     int crc = 0;
  76              		.loc 1 43 9
  77 0006 0023     		movs	r3, #0
  78 0008 7B60     		str	r3, [r7, #4]
  44:../src/drivers/packet_process/Process_Packet.c ****     unsigned char *ch;
  45:../src/drivers/packet_process/Process_Packet.c ****     int cnt = 0;
  79              		.loc 1 45 9
  80 000a 0023     		movs	r3, #0
  81 000c BB60     		str	r3, [r7, #8]
  46:../src/drivers/packet_process/Process_Packet.c ****     static char start_num=0;
  47:../src/drivers/packet_process/Process_Packet.c **** 
  48:../src/drivers/packet_process/Process_Packet.c **** // #ifdef DEBUG_DATA
  49:../src/drivers/packet_process/Process_Packet.c **** //     hexdump(global_sio_handle.read_ptr, global_sio_handle.data_size);
  50:../src/drivers/packet_process/Process_Packet.c **** //     hexdump(global_sio_handle.buf_ptr, global_sio_handle.data_size);
  51:../src/drivers/packet_process/Process_Packet.c **** //     printf("global_sio_handle.data_size:0x%x\n", global_sio_handle.data_size);
  52:../src/drivers/packet_process/Process_Packet.c **** // #endif
  53:../src/drivers/packet_process/Process_Packet.c **** 
  54:../src/drivers/packet_process/Process_Packet.c ****     if (global_sio_handle.data_size > 0) {
  82              		.loc 1 54 26
  83 000e 40F20003 		movw	r3, #:lower16:global_sio_handle
  84 0012 C0F20003 		movt	r3, #:upper16:global_sio_handle
  85 0016 1B69     		ldr	r3, [r3, #16]
  86              		.loc 1 54 8
  87 0018 002B     		cmp	r3, #0
  88 001a 00DC     		bgt	.LCB20
  89 001c D5E0     		b	.L2	@long jump
  90              	.LCB20:
  55:../src/drivers/packet_process/Process_Packet.c ****       cnt = global_sio_handle.data_size;
  91              		.loc 1 55 11
  92 001e 40F20003 		movw	r3, #:lower16:global_sio_handle
  93 0022 C0F20003 		movt	r3, #:upper16:global_sio_handle
  94 0026 1B69     		ldr	r3, [r3, #16]
  95 0028 BB60     		str	r3, [r7, #8]
  56:../src/drivers/packet_process/Process_Packet.c ****       for (ch = global_sio_handle.read_ptr; cnt--; ch++) {
  96              		.loc 1 56 15
  97 002a 40F20003 		movw	r3, #:lower16:global_sio_handle
  98 002e C0F20003 		movt	r3, #:upper16:global_sio_handle
  99 0032 DB69     		ldr	r3, [r3, #28]
 100 0034 FB60     		str	r3, [r7, #12]
 101              		.loc 1 56 7
 102 0036 ADE0     		b	.L3
 103              	.L16:
  57:../src/drivers/packet_process/Process_Packet.c ****         switch (global_sio_handle.pkt_state)
 104              		.loc 1 57 34
 105 0038 40F20003 		movw	r3, #:lower16:global_sio_handle
 106 003c C0F20003 		movt	r3, #:upper16:global_sio_handle
 107 0040 1B79     		ldrb	r3, [r3, #4]
 108              		.loc 1 57 9
 109 0042 022B     		cmp	r3, #2
 110 0044 00D1     		bne	.LCB37
 111 0046 77E0     		b	.L4	@long jump
 112              	.LCB37:
 113 0048 00DD     		ble	.LCB39
 114 004a 99E0     		b	.L24	@long jump
 115              	.LCB39:
 116 004c 13B1     		cbz	r3, .L6
 117 004e 012B     		cmp	r3, #1
 118 0050 52D0     		beq	.L7
  58:../src/drivers/packet_process/Process_Packet.c ****             {
  59:../src/drivers/packet_process/Process_Packet.c ****               case PKT_NONE:
  60:../src/drivers/packet_process/Process_Packet.c ****                 if (PKT_HDLC_FLAG == *ch)
  61:../src/drivers/packet_process/Process_Packet.c ****                 {
  62:../src/drivers/packet_process/Process_Packet.c ****                   global_sio_handle.pkt_state = PKT_HEAD;
  63:../src/drivers/packet_process/Process_Packet.c ****                   global_sio_handle.buf_size = 0;
  64:../src/drivers/packet_process/Process_Packet.c ****                 }
  65:../src/drivers/packet_process/Process_Packet.c ****                 else if(PKT_HDLC_START == *ch)
  66:../src/drivers/packet_process/Process_Packet.c ****                 {
  67:../src/drivers/packet_process/Process_Packet.c ****                   global_sio_handle.buf_ptr[global_sio_handle.buf_size++] = *ch;
  68:../src/drivers/packet_process/Process_Packet.c ****                   start_num++;
  69:../src/drivers/packet_process/Process_Packet.c ****                   if(start_num>=1)
  70:../src/drivers/packet_process/Process_Packet.c ****                   {
  71:../src/drivers/packet_process/Process_Packet.c ****                     start_num = 0;
  72:../src/drivers/packet_process/Process_Packet.c ****                     global_sio_handle.pkt_state=PKT_RECV;
  73:../src/drivers/packet_process/Process_Packet.c ****                     // 0x55 no need handle cmd
  74:../src/drivers/packet_process/Process_Packet.c ****                     // global_sio_handle.buf_size = 0;
  75:../src/drivers/packet_process/Process_Packet.c ****                     return OPT_SUCCESS;
  76:../src/drivers/packet_process/Process_Packet.c ****                   }
  77:../src/drivers/packet_process/Process_Packet.c ****                 } else {
  78:../src/drivers/packet_process/Process_Packet.c ****                   sio_handle_init();
  79:../src/drivers/packet_process/Process_Packet.c ****                 }
  80:../src/drivers/packet_process/Process_Packet.c ****                 break;
  81:../src/drivers/packet_process/Process_Packet.c ****               case PKT_HEAD:
  82:../src/drivers/packet_process/Process_Packet.c ****                 if (PKT_HDLC_FLAG != *ch)
  83:../src/drivers/packet_process/Process_Packet.c ****                 {
  84:../src/drivers/packet_process/Process_Packet.c ****                   global_sio_handle.pkt_state = PKT_GATHER;
  85:../src/drivers/packet_process/Process_Packet.c ****                   global_sio_handle.buf_ptr[global_sio_handle.buf_size++] = *ch;
  86:../src/drivers/packet_process/Process_Packet.c ****                 } break;  
  87:../src/drivers/packet_process/Process_Packet.c ****               case PKT_GATHER:
  88:../src/drivers/packet_process/Process_Packet.c ****                 if(cnt < PKT_RECIVE_LIMIT) {
  89:../src/drivers/packet_process/Process_Packet.c ****                     if (PKT_HDLC_FLAG == *ch) {
  90:../src/drivers/packet_process/Process_Packet.c ****                       global_sio_handle.pkt_state=PKT_RECV;
  91:../src/drivers/packet_process/Process_Packet.c ****                     } else {
  92:../src/drivers/packet_process/Process_Packet.c ****                       global_sio_handle.buf_ptr[global_sio_handle.buf_size++] = *ch;
  93:../src/drivers/packet_process/Process_Packet.c ****                     }
  94:../src/drivers/packet_process/Process_Packet.c ****                 }
  95:../src/drivers/packet_process/Process_Packet.c ****                   break;   
  96:../src/drivers/packet_process/Process_Packet.c ****               default:  
  97:../src/drivers/packet_process/Process_Packet.c ****                   break;
 119              		.loc 1 97 19
 120 0052 95E0     		b	.L24
 121              	.L6:
  60:../src/drivers/packet_process/Process_Packet.c ****                 {
 122              		.loc 1 60 38
 123 0054 FB68     		ldr	r3, [r7, #12]
 124 0056 1B78     		ldrb	r3, [r3]
  60:../src/drivers/packet_process/Process_Packet.c ****                 {
 125              		.loc 1 60 20
 126 0058 7E2B     		cmp	r3, #126
 127 005a 0CD1     		bne	.L8
  62:../src/drivers/packet_process/Process_Packet.c ****                   global_sio_handle.buf_size = 0;
 128              		.loc 1 62 47
 129 005c 40F20003 		movw	r3, #:lower16:global_sio_handle
 130 0060 C0F20003 		movt	r3, #:upper16:global_sio_handle
 131 0064 0122     		movs	r2, #1
 132 0066 1A71     		strb	r2, [r3, #4]
  63:../src/drivers/packet_process/Process_Packet.c ****                 }
 133              		.loc 1 63 46
 134 0068 40F20003 		movw	r3, #:lower16:global_sio_handle
 135 006c C0F20003 		movt	r3, #:upper16:global_sio_handle
 136 0070 0022     		movs	r2, #0
 137 0072 DA60     		str	r2, [r3, #12]
  80:../src/drivers/packet_process/Process_Packet.c ****               case PKT_HEAD:
 138              		.loc 1 80 17
 139 0074 86E0     		b	.L25
 140              	.L8:
  65:../src/drivers/packet_process/Process_Packet.c ****                 {
 141              		.loc 1 65 43
 142 0076 FB68     		ldr	r3, [r7, #12]
 143 0078 1B78     		ldrb	r3, [r3]
  65:../src/drivers/packet_process/Process_Packet.c ****                 {
 144              		.loc 1 65 24
 145 007a 552B     		cmp	r3, #85
 146 007c 39D1     		bne	.L10
  67:../src/drivers/packet_process/Process_Packet.c ****                   start_num++;
 147              		.loc 1 67 36
 148 007e 40F20003 		movw	r3, #:lower16:global_sio_handle
 149 0082 C0F20003 		movt	r3, #:upper16:global_sio_handle
 150 0086 5969     		ldr	r1, [r3, #20]
  67:../src/drivers/packet_process/Process_Packet.c ****                   start_num++;
 151              		.loc 1 67 62
 152 0088 40F20003 		movw	r3, #:lower16:global_sio_handle
 153 008c C0F20003 		movt	r3, #:upper16:global_sio_handle
 154 0090 DA68     		ldr	r2, [r3, #12]
  67:../src/drivers/packet_process/Process_Packet.c ****                   start_num++;
 155              		.loc 1 67 71
 156 0092 501C     		adds	r0, r2, #1
 157 0094 40F20003 		movw	r3, #:lower16:global_sio_handle
 158 0098 C0F20003 		movt	r3, #:upper16:global_sio_handle
 159 009c D860     		str	r0, [r3, #12]
 160 009e 1300     		movs	r3, r2
  67:../src/drivers/packet_process/Process_Packet.c ****                   start_num++;
 161              		.loc 1 67 44
 162 00a0 CB18     		adds	r3, r1, r3
  67:../src/drivers/packet_process/Process_Packet.c ****                   start_num++;
 163              		.loc 1 67 77
 164 00a2 FA68     		ldr	r2, [r7, #12]
 165 00a4 1278     		ldrb	r2, [r2]
  67:../src/drivers/packet_process/Process_Packet.c ****                   start_num++;
 166              		.loc 1 67 75
 167 00a6 1A70     		strb	r2, [r3]
  68:../src/drivers/packet_process/Process_Packet.c ****                   if(start_num>=1)
 168              		.loc 1 68 28
 169 00a8 40F20003 		movw	r3, #:lower16:start_num.7642
 170 00ac C0F20003 		movt	r3, #:upper16:start_num.7642
 171 00b0 1B78     		ldrb	r3, [r3]
 172 00b2 5BB2     		sxtb	r3, r3
 173 00b4 DBB2     		uxtb	r3, r3
 174 00b6 0133     		adds	r3, r3, #1
 175 00b8 DBB2     		uxtb	r3, r3
 176 00ba 5AB2     		sxtb	r2, r3
 177 00bc 40F20003 		movw	r3, #:lower16:start_num.7642
 178 00c0 C0F20003 		movt	r3, #:upper16:start_num.7642
 179 00c4 1A70     		strb	r2, [r3]
  69:../src/drivers/packet_process/Process_Packet.c ****                   {
 180              		.loc 1 69 31
 181 00c6 40F20003 		movw	r3, #:lower16:start_num.7642
 182 00ca C0F20003 		movt	r3, #:upper16:start_num.7642
 183 00ce 1B78     		ldrb	r3, [r3]
 184 00d0 5BB2     		sxtb	r3, r3
  69:../src/drivers/packet_process/Process_Packet.c ****                   {
 185              		.loc 1 69 21
 186 00d2 002B     		cmp	r3, #0
 187 00d4 56DD     		ble	.L25
  71:../src/drivers/packet_process/Process_Packet.c ****                     global_sio_handle.pkt_state=PKT_RECV;
 188              		.loc 1 71 31
 189 00d6 40F20003 		movw	r3, #:lower16:start_num.7642
 190 00da C0F20003 		movt	r3, #:upper16:start_num.7642
 191 00de 0022     		movs	r2, #0
 192 00e0 1A70     		strb	r2, [r3]
  72:../src/drivers/packet_process/Process_Packet.c ****                     // 0x55 no need handle cmd
 193              		.loc 1 72 48
 194 00e2 40F20003 		movw	r3, #:lower16:global_sio_handle
 195 00e6 C0F20003 		movt	r3, #:upper16:global_sio_handle
 196 00ea 0322     		movs	r2, #3
 197 00ec 1A71     		strb	r2, [r3, #4]
  75:../src/drivers/packet_process/Process_Packet.c ****                   }
 198              		.loc 1 75 28
 199 00ee 0023     		movs	r3, #0
 200 00f0 42E1     		b	.L11
 201              	.L10:
  78:../src/drivers/packet_process/Process_Packet.c ****                 }
 202              		.loc 1 78 19
 203 00f2 FFF7FEFF 		bl	sio_handle_init
  80:../src/drivers/packet_process/Process_Packet.c ****               case PKT_HEAD:
 204              		.loc 1 80 17
 205 00f6 45E0     		b	.L25
 206              	.L7:
  82:../src/drivers/packet_process/Process_Packet.c ****                 {
 207              		.loc 1 82 38
 208 00f8 FB68     		ldr	r3, [r7, #12]
 209 00fa 1B78     		ldrb	r3, [r3]
  82:../src/drivers/packet_process/Process_Packet.c ****                 {
 210              		.loc 1 82 20
 211 00fc 7E2B     		cmp	r3, #126
 212 00fe 43D0     		beq	.L26
  84:../src/drivers/packet_process/Process_Packet.c ****                   global_sio_handle.buf_ptr[global_sio_handle.buf_size++] = *ch;
 213              		.loc 1 84 47
 214 0100 40F20003 		movw	r3, #:lower16:global_sio_handle
 215 0104 C0F20003 		movt	r3, #:upper16:global_sio_handle
 216 0108 0222     		movs	r2, #2
 217 010a 1A71     		strb	r2, [r3, #4]
  85:../src/drivers/packet_process/Process_Packet.c ****                 } break;  
 218              		.loc 1 85 36
 219 010c 40F20003 		movw	r3, #:lower16:global_sio_handle
 220 0110 C0F20003 		movt	r3, #:upper16:global_sio_handle
 221 0114 5969     		ldr	r1, [r3, #20]
  85:../src/drivers/packet_process/Process_Packet.c ****                 } break;  
 222              		.loc 1 85 62
 223 0116 40F20003 		movw	r3, #:lower16:global_sio_handle
 224 011a C0F20003 		movt	r3, #:upper16:global_sio_handle
 225 011e DA68     		ldr	r2, [r3, #12]
  85:../src/drivers/packet_process/Process_Packet.c ****                 } break;  
 226              		.loc 1 85 71
 227 0120 501C     		adds	r0, r2, #1
 228 0122 40F20003 		movw	r3, #:lower16:global_sio_handle
 229 0126 C0F20003 		movt	r3, #:upper16:global_sio_handle
 230 012a D860     		str	r0, [r3, #12]
 231 012c 1300     		movs	r3, r2
  85:../src/drivers/packet_process/Process_Packet.c ****                 } break;  
 232              		.loc 1 85 44
 233 012e CB18     		adds	r3, r1, r3
  85:../src/drivers/packet_process/Process_Packet.c ****                 } break;  
 234              		.loc 1 85 77
 235 0130 FA68     		ldr	r2, [r7, #12]
 236 0132 1278     		ldrb	r2, [r2]
  85:../src/drivers/packet_process/Process_Packet.c ****                 } break;  
 237              		.loc 1 85 75
 238 0134 1A70     		strb	r2, [r3]
  86:../src/drivers/packet_process/Process_Packet.c ****               case PKT_GATHER:
 239              		.loc 1 86 17
 240 0136 27E0     		b	.L26
 241              	.L4:
  88:../src/drivers/packet_process/Process_Packet.c ****                     if (PKT_HDLC_FLAG == *ch) {
 242              		.loc 1 88 19
 243 0138 BB68     		ldr	r3, [r7, #8]
 244 013a EF2B     		cmp	r3, #239
 245 013c 26DC     		bgt	.L27
  89:../src/drivers/packet_process/Process_Packet.c ****                       global_sio_handle.pkt_state=PKT_RECV;
 246              		.loc 1 89 42
 247 013e FB68     		ldr	r3, [r7, #12]
 248 0140 1B78     		ldrb	r3, [r3]
  89:../src/drivers/packet_process/Process_Packet.c ****                       global_sio_handle.pkt_state=PKT_RECV;
 249              		.loc 1 89 24
 250 0142 7E2B     		cmp	r3, #126
 251 0144 06D1     		bne	.L15
  90:../src/drivers/packet_process/Process_Packet.c ****                     } else {
 252              		.loc 1 90 50
 253 0146 40F20003 		movw	r3, #:lower16:global_sio_handle
 254 014a C0F20003 		movt	r3, #:upper16:global_sio_handle
 255 014e 0322     		movs	r2, #3
 256 0150 1A71     		strb	r2, [r3, #4]
  95:../src/drivers/packet_process/Process_Packet.c ****               default:  
 257              		.loc 1 95 19
 258 0152 1BE0     		b	.L27
 259              	.L15:
  92:../src/drivers/packet_process/Process_Packet.c ****                     }
 260              		.loc 1 92 40
 261 0154 40F20003 		movw	r3, #:lower16:global_sio_handle
 262 0158 C0F20003 		movt	r3, #:upper16:global_sio_handle
 263 015c 5969     		ldr	r1, [r3, #20]
  92:../src/drivers/packet_process/Process_Packet.c ****                     }
 264              		.loc 1 92 66
 265 015e 40F20003 		movw	r3, #:lower16:global_sio_handle
 266 0162 C0F20003 		movt	r3, #:upper16:global_sio_handle
 267 0166 DA68     		ldr	r2, [r3, #12]
  92:../src/drivers/packet_process/Process_Packet.c ****                     }
 268              		.loc 1 92 75
 269 0168 501C     		adds	r0, r2, #1
 270 016a 40F20003 		movw	r3, #:lower16:global_sio_handle
 271 016e C0F20003 		movt	r3, #:upper16:global_sio_handle
 272 0172 D860     		str	r0, [r3, #12]
 273 0174 1300     		movs	r3, r2
  92:../src/drivers/packet_process/Process_Packet.c ****                     }
 274              		.loc 1 92 48
 275 0176 CB18     		adds	r3, r1, r3
  92:../src/drivers/packet_process/Process_Packet.c ****                     }
 276              		.loc 1 92 81
 277 0178 FA68     		ldr	r2, [r7, #12]
 278 017a 1278     		ldrb	r2, [r2]
  92:../src/drivers/packet_process/Process_Packet.c ****                     }
 279              		.loc 1 92 79
 280 017c 1A70     		strb	r2, [r3]
  95:../src/drivers/packet_process/Process_Packet.c ****               default:  
 281              		.loc 1 95 19
 282 017e 05E0     		b	.L27
 283              	.L24:
 284              		.loc 1 97 19
 285 0180 C046     		nop
 286 0182 04E0     		b	.L12
 287              	.L25:
  80:../src/drivers/packet_process/Process_Packet.c ****               case PKT_HEAD:
 288              		.loc 1 80 17
 289 0184 C046     		nop
 290 0186 02E0     		b	.L12
 291              	.L26:
  86:../src/drivers/packet_process/Process_Packet.c ****               case PKT_GATHER:
 292              		.loc 1 86 17
 293 0188 C046     		nop
 294 018a 00E0     		b	.L12
 295              	.L27:
  95:../src/drivers/packet_process/Process_Packet.c ****               default:  
 296              		.loc 1 95 19
 297 018c C046     		nop
 298              	.L12:
  56:../src/drivers/packet_process/Process_Packet.c ****         switch (global_sio_handle.pkt_state)
 299              		.loc 1 56 54 discriminator 2
 300 018e FB68     		ldr	r3, [r7, #12]
 301 0190 0133     		adds	r3, r3, #1
 302 0192 FB60     		str	r3, [r7, #12]
 303              	.L3:
  56:../src/drivers/packet_process/Process_Packet.c ****         switch (global_sio_handle.pkt_state)
 304              		.loc 1 56 48 discriminator 1
 305 0194 BB68     		ldr	r3, [r7, #8]
 306 0196 5A1E     		subs	r2, r3, #1
 307 0198 BA60     		str	r2, [r7, #8]
  56:../src/drivers/packet_process/Process_Packet.c ****         switch (global_sio_handle.pkt_state)
 308              		.loc 1 56 7 discriminator 1
 309 019a 002B     		cmp	r3, #0
 310 019c 00D04BE7 		beq	.LCB206;b	.L16	@long jump
 311              	.LCB206:
  98:../src/drivers/packet_process/Process_Packet.c ****             }
  99:../src/drivers/packet_process/Process_Packet.c ****       }
 100:../src/drivers/packet_process/Process_Packet.c ****       if (global_sio_handle.pkt_state != PKT_RECV) {
 312              		.loc 1 100 28
 313 01a0 40F20003 		movw	r3, #:lower16:global_sio_handle
 314 01a4 C0F20003 		movt	r3, #:upper16:global_sio_handle
 315 01a8 1B79     		ldrb	r3, [r3, #4]
 316              		.loc 1 100 10
 317 01aa 032B     		cmp	r3, #3
 318 01ac 0DD0     		beq	.L2
 101:../src/drivers/packet_process/Process_Packet.c ****         global_sio_handle.pkt_state = PKT_NONE;
 319              		.loc 1 101 37
 320 01ae 40F20003 		movw	r3, #:lower16:global_sio_handle
 321 01b2 C0F20003 		movt	r3, #:upper16:global_sio_handle
 322 01b6 0022     		movs	r2, #0
 323 01b8 1A71     		strb	r2, [r3, #4]
 102:../src/drivers/packet_process/Process_Packet.c ****         global_sio_handle.buf_size = 0;
 324              		.loc 1 102 36
 325 01ba 40F20003 		movw	r3, #:lower16:global_sio_handle
 326 01be C0F20003 		movt	r3, #:upper16:global_sio_handle
 327 01c2 0022     		movs	r2, #0
 328 01c4 DA60     		str	r2, [r3, #12]
 103:../src/drivers/packet_process/Process_Packet.c ****         return OPT_SUCCESS;
 329              		.loc 1 103 16
 330 01c6 0023     		movs	r3, #0
 331 01c8 D6E0     		b	.L11
 332              	.L2:
 104:../src/drivers/packet_process/Process_Packet.c ****       }
 105:../src/drivers/packet_process/Process_Packet.c ****     }
 106:../src/drivers/packet_process/Process_Packet.c **** 
 107:../src/drivers/packet_process/Process_Packet.c ****     if (global_sio_handle.buf_size > 0) {
 333              		.loc 1 107 26
 334 01ca 40F20003 		movw	r3, #:lower16:global_sio_handle
 335 01ce C0F20003 		movt	r3, #:upper16:global_sio_handle
 336 01d2 DB68     		ldr	r3, [r3, #12]
 337              		.loc 1 107 8
 338 01d4 002B     		cmp	r3, #0
 339 01d6 00DC     		bgt	.LCB229
 340 01d8 CDE0     		b	.L17	@long jump
 341              	.LCB229:
 108:../src/drivers/packet_process/Process_Packet.c **** #ifdef DEBUG_DATA
 109:../src/drivers/packet_process/Process_Packet.c ****        printf("read buf process pass\n");
 110:../src/drivers/packet_process/Process_Packet.c ****        hexdump(global_sio_handle.buf_ptr, global_sio_handle.buf_size);
 111:../src/drivers/packet_process/Process_Packet.c **** #endif
 112:../src/drivers/packet_process/Process_Packet.c ****        global_sio_handle.buf_size=0;
 342              		.loc 1 112 34
 343 01da 40F20003 		movw	r3, #:lower16:global_sio_handle
 344 01de C0F20003 		movt	r3, #:upper16:global_sio_handle
 345 01e2 0022     		movs	r2, #0
 346 01e4 DA60     		str	r2, [r3, #12]
 113:../src/drivers/packet_process/Process_Packet.c ****        global_sio_handle.data_size=0;
 347              		.loc 1 113 35
 348 01e6 40F20003 		movw	r3, #:lower16:global_sio_handle
 349 01ea C0F20003 		movt	r3, #:upper16:global_sio_handle
 350 01ee 0022     		movs	r2, #0
 351 01f0 1A61     		str	r2, [r3, #16]
 114:../src/drivers/packet_process/Process_Packet.c ****        global_sio_handle.pkt_state=PKT_NONE;
 352              		.loc 1 114 35
 353 01f2 40F20003 		movw	r3, #:lower16:global_sio_handle
 354 01f6 C0F20003 		movt	r3, #:upper16:global_sio_handle
 355 01fa 0022     		movs	r2, #0
 356 01fc 1A71     		strb	r2, [r3, #4]
 115:../src/drivers/packet_process/Process_Packet.c ****       //  global_sio_handle.read_ptr = global_sio_handle.buf_ptr;
 116:../src/drivers/packet_process/Process_Packet.c ****        usart_interrupt_enable(USART0,USART_INT_IDLE);
 357              		.loc 1 116 8
 358 01fe 43F60003 		movw	r3, #14336
 359 0202 C4F20103 		movt	r3, 16385
 360 0206 0421     		movs	r1, #4
 361 0208 1800     		movs	r0, r3
 362 020a FFF7FEFF 		bl	usart_interrupt_enable
 117:../src/drivers/packet_process/Process_Packet.c ****        usart_interrupt_enable(USART0,USART_INT_RBNE);
 363              		.loc 1 117 8
 364 020e 43F60003 		movw	r3, #14336
 365 0212 C4F20103 		movt	r3, 16385
 366 0216 0521     		movs	r1, #5
 367 0218 1800     		movs	r0, r3
 368 021a FFF7FEFF 		bl	usart_interrupt_enable
 118:../src/drivers/packet_process/Process_Packet.c **** 
 119:../src/drivers/packet_process/Process_Packet.c ****        crc = crc_16_l_calc(global_sio_handle.buf_ptr, global_sio_handle.buf_size);
 369              		.loc 1 119 14
 370 021e 40F20003 		movw	r3, #:lower16:global_sio_handle
 371 0222 C0F20003 		movt	r3, #:upper16:global_sio_handle
 372 0226 5A69     		ldr	r2, [r3, #20]
 373              		.loc 1 119 72
 374 0228 40F20003 		movw	r3, #:lower16:global_sio_handle
 375 022c C0F20003 		movt	r3, #:upper16:global_sio_handle
 376 0230 DB68     		ldr	r3, [r3, #12]
 377              		.loc 1 119 14
 378 0232 1900     		movs	r1, r3
 379 0234 1000     		movs	r0, r2
 380 0236 FFF7FEFF 		bl	crc_16_l_calc
 381 023a 0300     		movs	r3, r0
 382              		.loc 1 119 12
 383 023c 7B60     		str	r3, [r7, #4]
 120:../src/drivers/packet_process/Process_Packet.c ****        if (crc == 0) {
 384              		.loc 1 120 11
 385 023e 7B68     		ldr	r3, [r7, #4]
 386 0240 002B     		cmp	r3, #0
 387 0242 00D082E0 		beq	.LCB265;b	.L18	@long jump
 388              	.LCB265:
 121:../src/drivers/packet_process/Process_Packet.c ****          if (global_sio_handle.buf_ptr[1]==BSL_REP_VER) {
 389              		.loc 1 121 31
 390 0246 40F20003 		movw	r3, #:lower16:global_sio_handle
 391 024a C0F20003 		movt	r3, #:upper16:global_sio_handle
 392 024e 5B69     		ldr	r3, [r3, #20]
 393              		.loc 1 121 39
 394 0250 0133     		adds	r3, r3, #1
 395 0252 1B78     		ldrb	r3, [r3]
 396              		.loc 1 121 13
 397 0254 812B     		cmp	r3, #129
 398 0256 39D1     		bne	.L19
 122:../src/drivers/packet_process/Process_Packet.c ****             printf("get soc version ack\n");
 399              		.loc 1 122 13
 400 0258 40F20003 		movw	r3, #:lower16:.LC0
 401 025c C0F20003 		movt	r3, #:upper16:.LC0
 402 0260 1800     		movs	r0, r3
 403 0262 FFF7FEFF 		bl	puts
 123:../src/drivers/packet_process/Process_Packet.c ****             s_spinand_spec_info_ptr = spinand_get_specinfo();
 404              		.loc 1 123 39
 405 0266 FFF7FEFF 		bl	spinand_get_specinfo
 406 026a 0200     		movs	r2, r0
 407              		.loc 1 123 37
 408 026c 40F20003 		movw	r3, #:lower16:s_spinand_spec_info_ptr
 409 0270 C0F20003 		movt	r3, #:upper16:s_spinand_spec_info_ptr
 410 0274 1A60     		str	r2, [r3]
 124:../src/drivers/packet_process/Process_Packet.c ****             if (s_spinand_spec_info_ptr == NULL) {
 411              		.loc 1 124 41
 412 0276 40F20003 		movw	r3, #:lower16:s_spinand_spec_info_ptr
 413 027a C0F20003 		movt	r3, #:upper16:s_spinand_spec_info_ptr
 414 027e 1B68     		ldr	r3, [r3]
 415              		.loc 1 124 16
 416 0280 43B9     		cbnz	r3, .L20
 125:../src/drivers/packet_process/Process_Packet.c ****               printf("s_spinand_spec_info_ptr == NULL\n");
 417              		.loc 1 125 15
 418 0282 40F20003 		movw	r3, #:lower16:.LC1
 419 0286 C0F20003 		movt	r3, #:upper16:.LC1
 420 028a 1800     		movs	r0, r3
 421 028c FFF7FEFF 		bl	puts
 126:../src/drivers/packet_process/Process_Packet.c ****               return READ_NANDFLASH_ID_ERROR;
 422              		.loc 1 126 22
 423 0290 8623     		movs	r3, #134
 424 0292 71E0     		b	.L11
 425              	.L20:
 127:../src/drivers/packet_process/Process_Packet.c ****             }
 128:../src/drivers/packet_process/Process_Packet.c ****             s_spinand_spec_info_ptr->spinnad_operation->spinand_config();
 426              		.loc 1 128 36
 427 0294 40F20003 		movw	r3, #:lower16:s_spinand_spec_info_ptr
 428 0298 C0F20003 		movt	r3, #:upper16:s_spinand_spec_info_ptr
 429 029c 1B68     		ldr	r3, [r3]
 430 029e 9B68     		ldr	r3, [r3, #8]
 431              		.loc 1 128 55
 432 02a0 5B6A     		ldr	r3, [r3, #36]
 433              		.loc 1 128 13
 434 02a2 9847     		blx	r3
 435              	.LVL0:
 129:../src/drivers/packet_process/Process_Packet.c ****             global_sio_handle.pkt_type = BSL_CMD_CONNECT;
 436              		.loc 1 129 40
 437 02a4 40F20003 		movw	r3, #:lower16:global_sio_handle
 438 02a8 C0F20003 		movt	r3, #:upper16:global_sio_handle
 439 02ac 0022     		movs	r2, #0
 440 02ae DA80     		strh	r2, [r3, #6]
 130:../src/drivers/packet_process/Process_Packet.c ****             proc_tab[global_sio_handle.pkt_type]();
 441              		.loc 1 130 39
 442 02b0 40F20003 		movw	r3, #:lower16:global_sio_handle
 443 02b4 C0F20003 		movt	r3, #:upper16:global_sio_handle
 444 02b8 DB88     		ldrh	r3, [r3, #6]
 445 02ba 1A00     		movs	r2, r3
 446              		.loc 1 130 21
 447 02bc 40F20003 		movw	r3, #:lower16:proc_tab
 448 02c0 C0F20003 		movt	r3, #:upper16:proc_tab
 449 02c4 9200     		lsls	r2, r2, #2
 450 02c6 D358     		ldr	r3, [r2, r3]
 451              		.loc 1 130 13
 452 02c8 9847     		blx	r3
 453              	.LVL1:
 454 02ca 46E0     		b	.L21
 455              	.L19:
 131:../src/drivers/packet_process/Process_Packet.c ****          } else if (global_sio_handle.buf_ptr[1] == BSL_REP_ACK) {
 456              		.loc 1 131 38
 457 02cc 40F20003 		movw	r3, #:lower16:global_sio_handle
 458 02d0 C0F20003 		movt	r3, #:upper16:global_sio_handle
 459 02d4 5B69     		ldr	r3, [r3, #20]
 460              		.loc 1 131 46
 461 02d6 0133     		adds	r3, r3, #1
 462 02d8 1B78     		ldrb	r3, [r3]
 463              		.loc 1 131 20
 464 02da 802B     		cmp	r3, #128
 465 02dc 3DD1     		bne	.L21
 132:../src/drivers/packet_process/Process_Packet.c **** #ifdef DEBUG_DATA
 133:../src/drivers/packet_process/Process_Packet.c ****             printf("get soc packet ack\n");
 134:../src/drivers/packet_process/Process_Packet.c **** #endif
 135:../src/drivers/packet_process/Process_Packet.c **** #ifdef UART_SPEED_UP
 136:../src/drivers/packet_process/Process_Packet.c ****             if (global_sio_handle.pkt_type == BSL_CMD_START_DATA) {
 466              		.loc 1 136 34
 467 02de 40F20003 		movw	r3, #:lower16:global_sio_handle
 468 02e2 C0F20003 		movt	r3, #:upper16:global_sio_handle
 469 02e6 DB88     		ldrh	r3, [r3, #6]
 470              		.loc 1 136 16
 471 02e8 012B     		cmp	r3, #1
 472 02ea 0ED1     		bne	.L22
 137:../src/drivers/packet_process/Process_Packet.c ****               printf("change data transport uart baud to 921600\n");
 473              		.loc 1 137 15
 474 02ec 40F20003 		movw	r3, #:lower16:.LC2
 475 02f0 C0F20003 		movt	r3, #:upper16:.LC2
 476 02f4 1800     		movs	r0, r3
 477 02f6 FFF7FEFF 		bl	puts
 138:../src/drivers/packet_process/Process_Packet.c ****               com_usart_change_baud(CONFIG_BAUDRATE_SPEEDUP);
 478              		.loc 1 138 15
 479 02fa E123     		movs	r3, #225
 480 02fc 1B03     		lsls	r3, r3, #12
 481 02fe 1800     		movs	r0, r3
 482 0300 FFF7FEFF 		bl	com_usart_change_baud
 139:../src/drivers/packet_process/Process_Packet.c ****               delay_1ms(5);
 483              		.loc 1 139 15
 484 0304 0520     		movs	r0, #5
 485 0306 FFF7FEFF 		bl	delay_1ms
 486              	.L22:
 140:../src/drivers/packet_process/Process_Packet.c ****             }
 141:../src/drivers/packet_process/Process_Packet.c **** #endif
 142:../src/drivers/packet_process/Process_Packet.c ****             if (global_sio_handle.pkt_type != BSL_PKT_TYPE_MAX) {
 487              		.loc 1 142 34
 488 030a 40F20003 		movw	r3, #:lower16:global_sio_handle
 489 030e C0F20003 		movt	r3, #:upper16:global_sio_handle
 490 0312 DB88     		ldrh	r3, [r3, #6]
 491              		.loc 1 142 16
 492 0314 4FF6FF72 		movw	r2, #65535
 493 0318 9342     		cmp	r3, r2
 494 031a 0DD0     		beq	.L23
 143:../src/drivers/packet_process/Process_Packet.c ****               proc_tab[global_sio_handle.pkt_type]();
 495              		.loc 1 143 41
 496 031c 40F20003 		movw	r3, #:lower16:global_sio_handle
 497 0320 C0F20003 		movt	r3, #:upper16:global_sio_handle
 498 0324 DB88     		ldrh	r3, [r3, #6]
 499 0326 1A00     		movs	r2, r3
 500              		.loc 1 143 23
 501 0328 40F20003 		movw	r3, #:lower16:proc_tab
 502 032c C0F20003 		movt	r3, #:upper16:proc_tab
 503 0330 9200     		lsls	r2, r2, #2
 504 0332 D358     		ldr	r3, [r2, r3]
 505              		.loc 1 143 15
 506 0334 9847     		blx	r3
 507              	.LVL2:
 508 0336 10E0     		b	.L21
 509              	.L23:
 144:../src/drivers/packet_process/Process_Packet.c ****             } else {
 145:../src/drivers/packet_process/Process_Packet.c ****               sio_handle_init();
 510              		.loc 1 145 15
 511 0338 FFF7FEFF 		bl	sio_handle_init
 146:../src/drivers/packet_process/Process_Packet.c ****               global_sio_handle.pkt_type = BSL_PKT_TYPE_MAX;
 512              		.loc 1 146 42
 513 033c 40F20003 		movw	r3, #:lower16:global_sio_handle
 514 0340 C0F20003 		movt	r3, #:upper16:global_sio_handle
 515 0344 0122     		movs	r2, #1
 516 0346 5242     		rsbs	r2, r2, #0
 517 0348 DA80     		strh	r2, [r3, #6]
 518 034a 06E0     		b	.L21
 519              	.L18:
 147:../src/drivers/packet_process/Process_Packet.c ****             }
 148:../src/drivers/packet_process/Process_Packet.c ****          }
 149:../src/drivers/packet_process/Process_Packet.c ****        } else {
 150:../src/drivers/packet_process/Process_Packet.c ****           printf("global_sio_handle.buf crc err\n");
 520              		.loc 1 150 11
 521 034c 40F20003 		movw	r3, #:lower16:.LC3
 522 0350 C0F20003 		movt	r3, #:upper16:.LC3
 523 0354 1800     		movs	r0, r3
 524 0356 FFF7FEFF 		bl	puts
 525              	.L21:
 151:../src/drivers/packet_process/Process_Packet.c ****        }
 152:../src/drivers/packet_process/Process_Packet.c ****        memset(global_sio_handle.buf_ptr, 0, global_sio_handle.buf_size);
 526              		.loc 1 152 32
 527 035a 40F20003 		movw	r3, #:lower16:global_sio_handle
 528 035e C0F20003 		movt	r3, #:upper16:global_sio_handle
 529 0362 5869     		ldr	r0, [r3, #20]
 530              		.loc 1 152 8
 531 0364 40F20003 		movw	r3, #:lower16:global_sio_handle
 532 0368 C0F20003 		movt	r3, #:upper16:global_sio_handle
 533 036c DB68     		ldr	r3, [r3, #12]
 534 036e 1A00     		movs	r2, r3
 535 0370 0021     		movs	r1, #0
 536 0372 FFF7FEFF 		bl	memset
 537              	.L17:
 153:../src/drivers/packet_process/Process_Packet.c ****     }
 154:../src/drivers/packet_process/Process_Packet.c ****     return OPT_SUCCESS;
 538              		.loc 1 154 12
 539 0376 0023     		movs	r3, #0
 540              	.L11:
 155:../src/drivers/packet_process/Process_Packet.c **** }
 541              		.loc 1 155 1
 542 0378 1800     		movs	r0, r3
 543 037a BD46     		mov	sp, r7
 544 037c 04B0     		add	sp, sp, #16
 545              		@ sp needed
 546 037e 80BD     		pop	{r7, pc}
 547              		.cfi_endproc
 548              	.LFE62:
 550              		.section	.text.usart_send_data,"ax",%progbits
 551              		.align	1
 552              		.global	usart_send_data
 553              		.syntax unified
 554              		.code	16
 555              		.thumb_func
 556              		.fpu softvfp
 558              	usart_send_data:
 559              	.LFB63:
 156:../src/drivers/packet_process/Process_Packet.c **** 
 157:../src/drivers/packet_process/Process_Packet.c **** int usart_send_data(unsigned char *write_buf, int write_len)
 158:../src/drivers/packet_process/Process_Packet.c **** {
 560              		.loc 1 158 1
 561              		.cfi_startproc
 562              		@ args = 0, pretend = 0, frame = 16
 563              		@ frame_needed = 1, uses_anonymous_args = 0
 564 0000 90B5     		push	{r4, r7, lr}
 565              		.cfi_def_cfa_offset 12
 566              		.cfi_offset 4, -12
 567              		.cfi_offset 7, -8
 568              		.cfi_offset 14, -4
 569 0002 85B0     		sub	sp, sp, #20
 570              		.cfi_def_cfa_offset 32
 571 0004 00AF     		add	r7, sp, #0
 572              		.cfi_def_cfa_register 7
 573 0006 7860     		str	r0, [r7, #4]
 574 0008 3960     		str	r1, [r7]
 159:../src/drivers/packet_process/Process_Packet.c ****   int i = 0;
 575              		.loc 1 159 7
 576 000a 0023     		movs	r3, #0
 577 000c FB60     		str	r3, [r7, #12]
 160:../src/drivers/packet_process/Process_Packet.c ****   unsigned short crc = 0;
 578              		.loc 1 160 18
 579 000e 0A24     		movs	r4, #10
 580 0010 3B19     		adds	r3, r7, r4
 581 0012 0022     		movs	r2, #0
 582 0014 1A80     		strh	r2, [r3]
 161:../src/drivers/packet_process/Process_Packet.c **** 
 162:../src/drivers/packet_process/Process_Packet.c ****   crc = crc_16_l_calc (write_buf, write_len - 2);
 583              		.loc 1 162 45
 584 0016 3B68     		ldr	r3, [r7]
 585 0018 023B     		subs	r3, r3, #2
 586              		.loc 1 162 9
 587 001a 1A00     		movs	r2, r3
 588 001c 7B68     		ldr	r3, [r7, #4]
 589 001e 1100     		movs	r1, r2
 590 0020 1800     		movs	r0, r3
 591 0022 FFF7FEFF 		bl	crc_16_l_calc
 592 0026 0200     		movs	r2, r0
 593              		.loc 1 162 7
 594 0028 2000     		movs	r0, r4
 595 002a 3B18     		adds	r3, r7, r0
 596 002c 1A80     		strh	r2, [r3]
 163:../src/drivers/packet_process/Process_Packet.c **** 
 164:../src/drivers/packet_process/Process_Packet.c ****   *(write_buf + write_len - 2) = (crc >> 8) & 0x0FF;
 597              		.loc 1 164 32
 598 002e 3B18     		adds	r3, r7, r0
 599 0030 1B88     		ldrh	r3, [r3]
 600 0032 1B0A     		lsrs	r3, r3, #8
 601 0034 99B2     		uxth	r1, r3
 602              		.loc 1 164 27
 603 0036 3B68     		ldr	r3, [r7]
 604 0038 023B     		subs	r3, r3, #2
 605 003a 7A68     		ldr	r2, [r7, #4]
 606 003c D318     		adds	r3, r2, r3
 607              		.loc 1 164 32
 608 003e CAB2     		uxtb	r2, r1
 609 0040 1A70     		strb	r2, [r3]
 165:../src/drivers/packet_process/Process_Packet.c ****   *(write_buf + write_len - 1) = crc & 0x0FF;
 610              		.loc 1 165 27
 611 0042 3B68     		ldr	r3, [r7]
 612 0044 013B     		subs	r3, r3, #1
 613 0046 7A68     		ldr	r2, [r7, #4]
 614 0048 D318     		adds	r3, r2, r3
 615              		.loc 1 165 32
 616 004a 3A18     		adds	r2, r7, r0
 617 004c 1288     		ldrh	r2, [r2]
 618 004e D2B2     		uxtb	r2, r2
 619 0050 1A70     		strb	r2, [r3]
 166:../src/drivers/packet_process/Process_Packet.c **** 
 167:../src/drivers/packet_process/Process_Packet.c **** #ifdef DEBUG_DATA
 168:../src/drivers/packet_process/Process_Packet.c ****   hexdump(write_buf, write_len);
 169:../src/drivers/packet_process/Process_Packet.c **** #endif
 170:../src/drivers/packet_process/Process_Packet.c **** 
 171:../src/drivers/packet_process/Process_Packet.c ****   usart_put_char(USART0,PKT_HDLC_FLAG);
 620              		.loc 1 171 3
 621 0052 43F60003 		movw	r3, #14336
 622 0056 C4F20103 		movt	r3, 16385
 623 005a 7E21     		movs	r1, #126
 624 005c 1800     		movs	r0, r3
 625 005e FFF7FEFF 		bl	usart_put_char
 172:../src/drivers/packet_process/Process_Packet.c ****   
 173:../src/drivers/packet_process/Process_Packet.c ****   for (i = 0;i < write_len; i++)
 626              		.loc 1 173 10
 627 0062 0023     		movs	r3, #0
 628 0064 FB60     		str	r3, [r7, #12]
 629              		.loc 1 173 3
 630 0066 3AE0     		b	.L29
 631              	.L33:
 174:../src/drivers/packet_process/Process_Packet.c ****   {
 175:../src/drivers/packet_process/Process_Packet.c ****     if (*write_buf == PKT_HDLC_FLAG)
 632              		.loc 1 175 9
 633 0068 7B68     		ldr	r3, [r7, #4]
 634 006a 1B78     		ldrb	r3, [r3]
 635              		.loc 1 175 8
 636 006c 7E2B     		cmp	r3, #126
 637 006e 10D1     		bne	.L30
 176:../src/drivers/packet_process/Process_Packet.c ****     {
 177:../src/drivers/packet_process/Process_Packet.c ****        usart_put_char(USART0,PKT_HDLC_ESCAPE); 
 638              		.loc 1 177 8
 639 0070 43F60003 		movw	r3, #14336
 640 0074 C4F20103 		movt	r3, 16385
 641 0078 7D21     		movs	r1, #125
 642 007a 1800     		movs	r0, r3
 643 007c FFF7FEFF 		bl	usart_put_char
 178:../src/drivers/packet_process/Process_Packet.c ****        usart_put_char(USART0,PKT_HDLC_ESCAPEL); 
 644              		.loc 1 178 8
 645 0080 43F60003 		movw	r3, #14336
 646 0084 C4F20103 		movt	r3, 16385
 647 0088 5E21     		movs	r1, #94
 648 008a 1800     		movs	r0, r3
 649 008c FFF7FEFF 		bl	usart_put_char
 650 0090 1FE0     		b	.L31
 651              	.L30:
 179:../src/drivers/packet_process/Process_Packet.c ****     }
 180:../src/drivers/packet_process/Process_Packet.c ****     else if (*write_buf == PKT_HDLC_ESCAPE)
 652              		.loc 1 180 14
 653 0092 7B68     		ldr	r3, [r7, #4]
 654 0094 1B78     		ldrb	r3, [r3]
 655              		.loc 1 180 13
 656 0096 7D2B     		cmp	r3, #125
 657 0098 10D1     		bne	.L32
 181:../src/drivers/packet_process/Process_Packet.c ****     {
 182:../src/drivers/packet_process/Process_Packet.c ****        usart_put_char(USART0,PKT_HDLC_ESCAPE); 
 658              		.loc 1 182 8
 659 009a 43F60003 		movw	r3, #14336
 660 009e C4F20103 		movt	r3, 16385
 661 00a2 7D21     		movs	r1, #125
 662 00a4 1800     		movs	r0, r3
 663 00a6 FFF7FEFF 		bl	usart_put_char
 183:../src/drivers/packet_process/Process_Packet.c ****        usart_put_char(USART0,PKT_HDLC_ESCAPEH); 
 664              		.loc 1 183 8
 665 00aa 43F60003 		movw	r3, #14336
 666 00ae C4F20103 		movt	r3, 16385
 667 00b2 5D21     		movs	r1, #93
 668 00b4 1800     		movs	r0, r3
 669 00b6 FFF7FEFF 		bl	usart_put_char
 670 00ba 0AE0     		b	.L31
 671              	.L32:
 184:../src/drivers/packet_process/Process_Packet.c ****     } else {
 185:../src/drivers/packet_process/Process_Packet.c ****       usart_put_char(USART0, *write_buf); 
 672              		.loc 1 185 30
 673 00bc 7B68     		ldr	r3, [r7, #4]
 674 00be 1B78     		ldrb	r3, [r3]
 675              		.loc 1 185 7
 676 00c0 1A00     		movs	r2, r3
 677 00c2 43F60003 		movw	r3, #14336
 678 00c6 C4F20103 		movt	r3, 16385
 679 00ca 1100     		movs	r1, r2
 680 00cc 1800     		movs	r0, r3
 681 00ce FFF7FEFF 		bl	usart_put_char
 682              	.L31:
 186:../src/drivers/packet_process/Process_Packet.c ****     }
 187:../src/drivers/packet_process/Process_Packet.c ****     write_buf++;
 683              		.loc 1 187 14 discriminator 2
 684 00d2 7B68     		ldr	r3, [r7, #4]
 685 00d4 0133     		adds	r3, r3, #1
 686 00d6 7B60     		str	r3, [r7, #4]
 173:../src/drivers/packet_process/Process_Packet.c ****   {
 687              		.loc 1 173 30 discriminator 2
 688 00d8 FB68     		ldr	r3, [r7, #12]
 689 00da 0133     		adds	r3, r3, #1
 690 00dc FB60     		str	r3, [r7, #12]
 691              	.L29:
 173:../src/drivers/packet_process/Process_Packet.c ****   {
 692              		.loc 1 173 3 discriminator 1
 693 00de FA68     		ldr	r2, [r7, #12]
 694 00e0 3B68     		ldr	r3, [r7]
 695 00e2 9A42     		cmp	r2, r3
 696 00e4 C0DB     		blt	.L33
 188:../src/drivers/packet_process/Process_Packet.c ****   }
 189:../src/drivers/packet_process/Process_Packet.c **** 
 190:../src/drivers/packet_process/Process_Packet.c ****   usart_put_char(USART0,PKT_HDLC_FLAG);
 697              		.loc 1 190 3
 698 00e6 43F60003 		movw	r3, #14336
 699 00ea C4F20103 		movt	r3, 16385
 700 00ee 7E21     		movs	r1, #126
 701 00f0 1800     		movs	r0, r3
 702 00f2 FFF7FEFF 		bl	usart_put_char
 191:../src/drivers/packet_process/Process_Packet.c ****   return 0;
 703              		.loc 1 191 10
 704 00f6 0023     		movs	r3, #0
 192:../src/drivers/packet_process/Process_Packet.c **** }
 705              		.loc 1 192 1
 706 00f8 1800     		movs	r0, r3
 707 00fa BD46     		mov	sp, r7
 708 00fc 05B0     		add	sp, sp, #20
 709              		@ sp needed
 710 00fe 90BD     		pop	{r4, r7, pc}
 711              		.cfi_endproc
 712              	.LFE63:
 714              		.section	.text.Send_Error_Code,"ax",%progbits
 715              		.align	1
 716              		.global	Send_Error_Code
 717              		.syntax unified
 718              		.code	16
 719              		.thumb_func
 720              		.fpu softvfp
 722              	Send_Error_Code:
 723              	.LFB64:
 193:../src/drivers/packet_process/Process_Packet.c **** 
 194:../src/drivers/packet_process/Process_Packet.c **** void Send_Error_Code(unsigned short val)
 195:../src/drivers/packet_process/Process_Packet.c **** {
 724              		.loc 1 195 1
 725              		.cfi_startproc
 726              		@ args = 0, pretend = 0, frame = 8
 727              		@ frame_needed = 1, uses_anonymous_args = 0
 728 0000 90B5     		push	{r4, r7, lr}
 729              		.cfi_def_cfa_offset 12
 730              		.cfi_offset 4, -12
 731              		.cfi_offset 7, -8
 732              		.cfi_offset 14, -4
 733 0002 83B0     		sub	sp, sp, #12
 734              		.cfi_def_cfa_offset 24
 735 0004 00AF     		add	r7, sp, #0
 736              		.cfi_def_cfa_register 7
 737 0006 0200     		movs	r2, r0
 738 0008 BB1D     		adds	r3, r7, #6
 739 000a 1A80     		strh	r2, [r3]
 196:../src/drivers/packet_process/Process_Packet.c ****     ((pkt_header_ptr) global_sio_handle.write_ptr)->pkt_type = ENDIAN_CONVERT_16 (val);
 740              		.loc 1 196 40
 741 000c 40F20003 		movw	r3, #:lower16:global_sio_handle
 742 0010 C0F20003 		movt	r3, #:upper16:global_sio_handle
 743 0014 9C69     		ldr	r4, [r3, #24]
 744              		.loc 1 196 64
 745 0016 BB1D     		adds	r3, r7, #6
 746 0018 1B88     		ldrh	r3, [r3]
 747 001a 1800     		movs	r0, r3
 748 001c FFF7FEFF 		bl	ENDIAN_CONVERT_16
 749 0020 0300     		movs	r3, r0
 750              		.loc 1 196 62
 751 0022 2380     		strh	r3, [r4]
 197:../src/drivers/packet_process/Process_Packet.c ****     ((pkt_header_ptr) global_sio_handle.write_ptr)->pkt_size = 0;
 752              		.loc 1 197 40
 753 0024 40F20003 		movw	r3, #:lower16:global_sio_handle
 754 0028 C0F20003 		movt	r3, #:upper16:global_sio_handle
 755 002c 9B69     		ldr	r3, [r3, #24]
 756              		.loc 1 197 62
 757 002e 0022     		movs	r2, #0
 758 0030 5A80     		strh	r2, [r3, #2]
 198:../src/drivers/packet_process/Process_Packet.c ****     usart_send_data(global_sio_handle.write_ptr,sizeof(pkt_header_ptr)+PKT_CRC_SIZE);
 759              		.loc 1 198 5
 760 0032 40F20003 		movw	r3, #:lower16:global_sio_handle
 761 0036 C0F20003 		movt	r3, #:upper16:global_sio_handle
 762 003a 9B69     		ldr	r3, [r3, #24]
 763 003c 0621     		movs	r1, #6
 764 003e 1800     		movs	r0, r3
 765 0040 FFF7FEFF 		bl	usart_send_data
 199:../src/drivers/packet_process/Process_Packet.c **** }
 766              		.loc 1 199 1
 767 0044 C046     		nop
 768 0046 BD46     		mov	sp, r7
 769 0048 03B0     		add	sp, sp, #12
 770              		@ sp needed
 771 004a 90BD     		pop	{r4, r7, pc}
 772              		.cfi_endproc
 773              	.LFE64:
 775              		.section	.rodata
 776 007e 0000     		.align	2
 777              	.LC4:
 778 0080 656E7465 		.ascii	"enter Change_Baud_CMD\000"
 778      72204368 
 778      616E6765 
 778      5F426175 
 778      645F434D 
 779              		.section	.text.Change_Baud_CMD,"ax",%progbits
 780              		.align	1
 781              		.global	Change_Baud_CMD
 782              		.syntax unified
 783              		.code	16
 784              		.thumb_func
 785              		.fpu softvfp
 787              	Change_Baud_CMD:
 788              	.LFB65:
 200:../src/drivers/packet_process/Process_Packet.c **** 
 201:../src/drivers/packet_process/Process_Packet.c **** #ifdef UART_SPEED_UP
 202:../src/drivers/packet_process/Process_Packet.c **** int Change_Baud_CMD(void)
 203:../src/drivers/packet_process/Process_Packet.c **** {
 789              		.loc 1 203 1
 790              		.cfi_startproc
 791              		@ args = 0, pretend = 0, frame = 8
 792              		@ frame_needed = 1, uses_anonymous_args = 0
 793 0000 90B5     		push	{r4, r7, lr}
 794              		.cfi_def_cfa_offset 12
 795              		.cfi_offset 4, -12
 796              		.cfi_offset 7, -8
 797              		.cfi_offset 14, -4
 798 0002 83B0     		sub	sp, sp, #12
 799              		.cfi_def_cfa_offset 24
 800 0004 00AF     		add	r7, sp, #0
 801              		.cfi_def_cfa_register 7
 204:../src/drivers/packet_process/Process_Packet.c ****   int ret=0;
 802              		.loc 1 204 7
 803 0006 0023     		movs	r3, #0
 804 0008 7B60     		str	r3, [r7, #4]
 205:../src/drivers/packet_process/Process_Packet.c ****   unsigned int baud;
 206:../src/drivers/packet_process/Process_Packet.c **** 
 207:../src/drivers/packet_process/Process_Packet.c ****   printf("enter Change_Baud_CMD\n");
 805              		.loc 1 207 3
 806 000a 40F20003 		movw	r3, #:lower16:.LC4
 807 000e C0F20003 		movt	r3, #:upper16:.LC4
 808 0012 1800     		movs	r0, r3
 809 0014 FFF7FEFF 		bl	puts
 208:../src/drivers/packet_process/Process_Packet.c ****   baud = ENDIAN_CONVERT_32(CONFIG_BAUDRATE_SPEEDUP);
 810              		.loc 1 208 10
 811 0018 E123     		movs	r3, #225
 812 001a 1B03     		lsls	r3, r3, #12
 813 001c 1800     		movs	r0, r3
 814 001e FFF7FEFF 		bl	ENDIAN_CONVERT_32
 815 0022 0300     		movs	r3, r0
 816              		.loc 1 208 8
 817 0024 3B60     		str	r3, [r7]
 209:../src/drivers/packet_process/Process_Packet.c ****   ((pkt_header_ptr) global_sio_handle.write_ptr)->pkt_type = ENDIAN_CONVERT_16 (BSL_CMD_CHANGE_BAUD
 818              		.loc 1 209 38
 819 0026 40F20003 		movw	r3, #:lower16:global_sio_handle
 820 002a C0F20003 		movt	r3, #:upper16:global_sio_handle
 821 002e 9C69     		ldr	r4, [r3, #24]
 822              		.loc 1 209 62
 823 0030 0920     		movs	r0, #9
 824 0032 FFF7FEFF 		bl	ENDIAN_CONVERT_16
 825 0036 0300     		movs	r3, r0
 826              		.loc 1 209 60
 827 0038 2380     		strh	r3, [r4]
 210:../src/drivers/packet_process/Process_Packet.c ****   ((pkt_header_ptr) global_sio_handle.write_ptr)->pkt_size = ENDIAN_CONVERT_16(0x04);
 828              		.loc 1 210 38
 829 003a 40F20003 		movw	r3, #:lower16:global_sio_handle
 830 003e C0F20003 		movt	r3, #:upper16:global_sio_handle
 831 0042 9C69     		ldr	r4, [r3, #24]
 832              		.loc 1 210 62
 833 0044 0420     		movs	r0, #4
 834 0046 FFF7FEFF 		bl	ENDIAN_CONVERT_16
 835 004a 0300     		movs	r3, r0
 836              		.loc 1 210 60
 837 004c 6380     		strh	r3, [r4, #2]
 211:../src/drivers/packet_process/Process_Packet.c **** 
 212:../src/drivers/packet_process/Process_Packet.c ****   memcpy((char *)&global_sio_handle.write_ptr[sizeof(pkt_header_ptr)], (char *)&baud, 4);
 838              		.loc 1 212 36
 839 004e 40F20003 		movw	r3, #:lower16:global_sio_handle
 840 0052 C0F20003 		movt	r3, #:upper16:global_sio_handle
 841 0056 9B69     		ldr	r3, [r3, #24]
 842              		.loc 1 212 18
 843 0058 0433     		adds	r3, r3, #4
 844              		.loc 1 212 3
 845 005a 3900     		movs	r1, r7
 846 005c 0422     		movs	r2, #4
 847 005e 1800     		movs	r0, r3
 848 0060 FFF7FEFF 		bl	memcpy
 213:../src/drivers/packet_process/Process_Packet.c **** 
 214:../src/drivers/packet_process/Process_Packet.c ****   ret = usart_send_data(global_sio_handle.write_ptr, sizeof(pkt_header_ptr) + PKT_CRC_SIZE + 4);
 849              		.loc 1 214 9
 850 0064 40F20003 		movw	r3, #:lower16:global_sio_handle
 851 0068 C0F20003 		movt	r3, #:upper16:global_sio_handle
 852 006c 9B69     		ldr	r3, [r3, #24]
 853 006e 0A21     		movs	r1, #10
 854 0070 1800     		movs	r0, r3
 855 0072 FFF7FEFF 		bl	usart_send_data
 856 0076 0300     		movs	r3, r0
 857 0078 7B60     		str	r3, [r7, #4]
 215:../src/drivers/packet_process/Process_Packet.c **** 
 216:../src/drivers/packet_process/Process_Packet.c ****   global_sio_handle.pkt_type = BSL_CMD_START_DATA;
 858              		.loc 1 216 30
 859 007a 40F20003 		movw	r3, #:lower16:global_sio_handle
 860 007e C0F20003 		movt	r3, #:upper16:global_sio_handle
 861 0082 0122     		movs	r2, #1
 862 0084 DA80     		strh	r2, [r3, #6]
 217:../src/drivers/packet_process/Process_Packet.c **** 
 218:../src/drivers/packet_process/Process_Packet.c ****   return ret;
 863              		.loc 1 218 10
 864 0086 7B68     		ldr	r3, [r7, #4]
 219:../src/drivers/packet_process/Process_Packet.c **** }
 865              		.loc 1 219 1
 866 0088 1800     		movs	r0, r3
 867 008a BD46     		mov	sp, r7
 868 008c 03B0     		add	sp, sp, #12
 869              		@ sp needed
 870 008e 90BD     		pop	{r4, r7, pc}
 871              		.cfi_endproc
 872              	.LFE65:
 874              		.section	.rodata
 875 0096 0000     		.align	2
 876              	.LC5:
 877 0098 656E7465 		.ascii	"enter Send_Connect_CMD\000"
 877      72205365 
 877      6E645F43 
 877      6F6E6E65 
 877      63745F43 
 878              		.section	.text.Send_Connect_CMD,"ax",%progbits
 879              		.align	1
 880              		.global	Send_Connect_CMD
 881              		.syntax unified
 882              		.code	16
 883              		.thumb_func
 884              		.fpu softvfp
 886              	Send_Connect_CMD:
 887              	.LFB66:
 220:../src/drivers/packet_process/Process_Packet.c **** #endif
 221:../src/drivers/packet_process/Process_Packet.c **** 
 222:../src/drivers/packet_process/Process_Packet.c **** int Send_Connect_CMD(void)
 223:../src/drivers/packet_process/Process_Packet.c **** {
 888              		.loc 1 223 1
 889              		.cfi_startproc
 890              		@ args = 0, pretend = 0, frame = 8
 891              		@ frame_needed = 1, uses_anonymous_args = 0
 892 0000 90B5     		push	{r4, r7, lr}
 893              		.cfi_def_cfa_offset 12
 894              		.cfi_offset 4, -12
 895              		.cfi_offset 7, -8
 896              		.cfi_offset 14, -4
 897 0002 83B0     		sub	sp, sp, #12
 898              		.cfi_def_cfa_offset 24
 899 0004 00AF     		add	r7, sp, #0
 900              		.cfi_def_cfa_register 7
 224:../src/drivers/packet_process/Process_Packet.c ****     int ret = 0;
 901              		.loc 1 224 9
 902 0006 0023     		movs	r3, #0
 903 0008 7B60     		str	r3, [r7, #4]
 225:../src/drivers/packet_process/Process_Packet.c ****     printf("enter Send_Connect_CMD\n");
 904              		.loc 1 225 5
 905 000a 40F20003 		movw	r3, #:lower16:.LC5
 906 000e C0F20003 		movt	r3, #:upper16:.LC5
 907 0012 1800     		movs	r0, r3
 908 0014 FFF7FEFF 		bl	puts
 226:../src/drivers/packet_process/Process_Packet.c ****     ((pkt_header_ptr) global_sio_handle.write_ptr)->pkt_type = ENDIAN_CONVERT_16 (BSL_CMD_CONNECT);
 909              		.loc 1 226 40
 910 0018 40F20003 		movw	r3, #:lower16:global_sio_handle
 911 001c C0F20003 		movt	r3, #:upper16:global_sio_handle
 912 0020 9C69     		ldr	r4, [r3, #24]
 913              		.loc 1 226 64
 914 0022 0020     		movs	r0, #0
 915 0024 FFF7FEFF 		bl	ENDIAN_CONVERT_16
 916 0028 0300     		movs	r3, r0
 917              		.loc 1 226 62
 918 002a 2380     		strh	r3, [r4]
 227:../src/drivers/packet_process/Process_Packet.c ****     ((pkt_header_ptr) global_sio_handle.write_ptr)->pkt_size = 0;
 919              		.loc 1 227 40
 920 002c 40F20003 		movw	r3, #:lower16:global_sio_handle
 921 0030 C0F20003 		movt	r3, #:upper16:global_sio_handle
 922 0034 9B69     		ldr	r3, [r3, #24]
 923              		.loc 1 227 62
 924 0036 0022     		movs	r2, #0
 925 0038 5A80     		strh	r2, [r3, #2]
 228:../src/drivers/packet_process/Process_Packet.c ****     ret= usart_send_data(global_sio_handle.write_ptr,sizeof(pkt_header_ptr)+PKT_CRC_SIZE);
 926              		.loc 1 228 10
 927 003a 40F20003 		movw	r3, #:lower16:global_sio_handle
 928 003e C0F20003 		movt	r3, #:upper16:global_sio_handle
 929 0042 9B69     		ldr	r3, [r3, #24]
 930 0044 0621     		movs	r1, #6
 931 0046 1800     		movs	r0, r3
 932 0048 FFF7FEFF 		bl	usart_send_data
 933 004c 0300     		movs	r3, r0
 934 004e 7B60     		str	r3, [r7, #4]
 229:../src/drivers/packet_process/Process_Packet.c **** #ifdef UART_SPEED_UP
 230:../src/drivers/packet_process/Process_Packet.c ****     global_sio_handle.pkt_type = BSL_CMD_CHANGE_BAUD;
 935              		.loc 1 230 32
 936 0050 40F20003 		movw	r3, #:lower16:global_sio_handle
 937 0054 C0F20003 		movt	r3, #:upper16:global_sio_handle
 938 0058 0922     		movs	r2, #9
 939 005a DA80     		strh	r2, [r3, #6]
 231:../src/drivers/packet_process/Process_Packet.c **** #else
 232:../src/drivers/packet_process/Process_Packet.c ****     global_sio_handle.pkt_type = BSL_CMD_START_DATA;
 233:../src/drivers/packet_process/Process_Packet.c **** #endif
 234:../src/drivers/packet_process/Process_Packet.c **** 
 235:../src/drivers/packet_process/Process_Packet.c ****     return ret;
 940              		.loc 1 235 12
 941 005c 7B68     		ldr	r3, [r7, #4]
 236:../src/drivers/packet_process/Process_Packet.c **** }
 942              		.loc 1 236 1
 943 005e 1800     		movs	r0, r3
 944 0060 BD46     		mov	sp, r7
 945 0062 03B0     		add	sp, sp, #12
 946              		@ sp needed
 947 0064 90BD     		pop	{r4, r7, pc}
 948              		.cfi_endproc
 949              	.LFE66:
 951              		.section	.rodata
 952 00af 00       		.align	2
 953              	.LC6:
 954 00b0 656E7465 		.ascii	"enter Send_Start_CMD\000"
 954      72205365 
 954      6E645F53 
 954      74617274 
 954      5F434D44 
 955 00c5 000000   		.align	2
 956              	.LC7:
 957 00c8 73706C5F 		.ascii	"spl_handle.SPL_Size:0x%x, postrom_offset:0x%x, post"
 957      68616E64 
 957      6C652E53 
 957      504C5F53 
 957      697A653A 
 958 00fb 726F6D5F 		.ascii	"rom_size:0x%x\012\000"
 958      73697A65 
 958      3A307825 
 958      780A00
 959 010a 0000     		.align	2
 960              	.LC8:
 961 010c 73706C5F 		.ascii	"spl_handle.SPL_Size:0x%x\012\000"
 961      68616E64 
 961      6C652E53 
 961      504C5F53 
 961      697A653A 
 962              		.section	.text.Send_Start_CMD,"ax",%progbits
 963              		.align	1
 964              		.global	Send_Start_CMD
 965              		.syntax unified
 966              		.code	16
 967              		.thumb_func
 968              		.fpu softvfp
 970              	Send_Start_CMD:
 971              	.LFB67:
 237:../src/drivers/packet_process/Process_Packet.c **** 
 238:../src/drivers/packet_process/Process_Packet.c **** int Send_Start_CMD(void)
 239:../src/drivers/packet_process/Process_Packet.c **** {
 972              		.loc 1 239 1
 973              		.cfi_startproc
 974              		@ args = 0, pretend = 0, frame = 24
 975              		@ frame_needed = 1, uses_anonymous_args = 0
 976 0000 90B5     		push	{r4, r7, lr}
 977              		.cfi_def_cfa_offset 12
 978              		.cfi_offset 4, -12
 979              		.cfi_offset 7, -8
 980              		.cfi_offset 14, -4
 981 0002 87B0     		sub	sp, sp, #28
 982              		.cfi_def_cfa_offset 40
 983 0004 00AF     		add	r7, sp, #0
 984              		.cfi_def_cfa_register 7
 240:../src/drivers/packet_process/Process_Packet.c ****   int ret=0;
 985              		.loc 1 240 7
 986 0006 0023     		movs	r3, #0
 987 0008 7B61     		str	r3, [r7, #20]
 241:../src/drivers/packet_process/Process_Packet.c ****   int size=0;
 988              		.loc 1 241 7
 989 000a 0023     		movs	r3, #0
 990 000c 7B60     		str	r3, [r7, #4]
 242:../src/drivers/packet_process/Process_Packet.c ****   uint32_t postrom_size=0;
 991              		.loc 1 242 12
 992 000e 0023     		movs	r3, #0
 993 0010 3B61     		str	r3, [r7, #16]
 243:../src/drivers/packet_process/Process_Packet.c ****   uint32_t postrom_offset=0;
 994              		.loc 1 243 12
 995 0012 0023     		movs	r3, #0
 996 0014 FB60     		str	r3, [r7, #12]
 244:../src/drivers/packet_process/Process_Packet.c **** 
 245:../src/drivers/packet_process/Process_Packet.c ****   printf("enter Send_Start_CMD\n");
 997              		.loc 1 245 3
 998 0016 40F20003 		movw	r3, #:lower16:.LC6
 999 001a C0F20003 		movt	r3, #:upper16:.LC6
 1000 001e 1800     		movs	r0, r3
 1001 0020 FFF7FEFF 		bl	puts
 246:../src/drivers/packet_process/Process_Packet.c **** 
 247:../src/drivers/packet_process/Process_Packet.c ****   nand_flash_init();
 1002              		.loc 1 247 3
 1003 0024 FFF7FEFF 		bl	nand_flash_init
 248:../src/drivers/packet_process/Process_Packet.c **** 
 249:../src/drivers/packet_process/Process_Packet.c ****   ret = check_spl_magic();
 1004              		.loc 1 249 9
 1005 0028 FFF7FEFF 		bl	check_spl_magic
 1006 002c 0300     		movs	r3, r0
 1007 002e 7B61     		str	r3, [r7, #20]
 250:../src/drivers/packet_process/Process_Packet.c ****   if (ret) {
 1008              		.loc 1 250 6
 1009 0030 7B69     		ldr	r3, [r7, #20]
 1010 0032 23B1     		cbz	r3, .L41
 251:../src/drivers/packet_process/Process_Packet.c ****       delay_1ms(10);
 1011              		.loc 1 251 7
 1012 0034 0A20     		movs	r0, #10
 1013 0036 FFF7FEFF 		bl	delay_1ms
 252:../src/drivers/packet_process/Process_Packet.c ****       check_spl_magic();
 1014              		.loc 1 252 7
 1015 003a FFF7FEFF 		bl	check_spl_magic
 1016              	.L41:
 253:../src/drivers/packet_process/Process_Packet.c ****   }
 254:../src/drivers/packet_process/Process_Packet.c **** 
 255:../src/drivers/packet_process/Process_Packet.c ****   unsigned int start_addr = ENDIAN_CONVERT_32(PKT_RUNNING_START_ADDR);
 1017              		.loc 1 255 29
 1018 003e 48F20003 		movw	r3, #32768
 1019 0042 C6F20053 		movt	r3, 25856
 1020 0046 1800     		movs	r0, r3
 1021 0048 FFF7FEFF 		bl	ENDIAN_CONVERT_32
 1022 004c 0300     		movs	r3, r0
 1023              		.loc 1 255 16
 1024 004e 3B60     		str	r3, [r7]
 256:../src/drivers/packet_process/Process_Packet.c ****   uint8_t *buffer_ptr =(uint8_t *)spl_handle.SPL_Buffer;
 1025              		.loc 1 256 12
 1026 0050 40F20003 		movw	r3, #:lower16:spl_handle
 1027 0054 C0F20003 		movt	r3, #:upper16:spl_handle
 1028 0058 BB60     		str	r3, [r7, #8]
 257:../src/drivers/packet_process/Process_Packet.c **** 
 258:../src/drivers/packet_process/Process_Packet.c ****   ret=SPL_GetNandFlashData(SPL_PACKET_SIZE);
 1029              		.loc 1 258 7
 1030 005a 40F20040 		movw	r0, #1024
 1031 005e FFF7FEFF 		bl	SPL_GetNandFlashData
 1032 0062 0300     		movs	r3, r0
 1033 0064 7B61     		str	r3, [r7, #20]
 259:../src/drivers/packet_process/Process_Packet.c ****   if (ret != 0) {
 1034              		.loc 1 259 6
 1035 0066 7B69     		ldr	r3, [r7, #20]
 1036 0068 33B1     		cbz	r3, .L42
 260:../src/drivers/packet_process/Process_Packet.c ****     check_failed_process(ret);
 1037              		.loc 1 260 5
 1038 006a 7B69     		ldr	r3, [r7, #20]
 1039 006c 9BB2     		uxth	r3, r3
 1040 006e 1800     		movs	r0, r3
 1041 0070 FFF7FEFF 		bl	check_failed_process
 261:../src/drivers/packet_process/Process_Packet.c ****     return ret;
 1042              		.loc 1 261 12
 1043 0074 7B69     		ldr	r3, [r7, #20]
 1044 0076 B3E0     		b	.L45
 1045              	.L42:
 262:../src/drivers/packet_process/Process_Packet.c ****   }
 263:../src/drivers/packet_process/Process_Packet.c **** 
 264:../src/drivers/packet_process/Process_Packet.c ****   postrom_size = (buffer_ptr[87] << 24) | (buffer_ptr[86] << 16) | (buffer_ptr[85] << 8) | buffer_p
 1046              		.loc 1 264 29
 1047 0078 BB68     		ldr	r3, [r7, #8]
 1048 007a 5733     		adds	r3, r3, #87
 1049 007c 1B78     		ldrb	r3, [r3]
 1050              		.loc 1 264 34
 1051 007e 1A06     		lsls	r2, r3, #24
 1052              		.loc 1 264 54
 1053 0080 BB68     		ldr	r3, [r7, #8]
 1054 0082 5633     		adds	r3, r3, #86
 1055 0084 1B78     		ldrb	r3, [r3]
 1056              		.loc 1 264 59
 1057 0086 1B04     		lsls	r3, r3, #16
 1058              		.loc 1 264 41
 1059 0088 1A43     		orrs	r2, r3
 1060              		.loc 1 264 79
 1061 008a BB68     		ldr	r3, [r7, #8]
 1062 008c 5533     		adds	r3, r3, #85
 1063 008e 1B78     		ldrb	r3, [r3]
 1064              		.loc 1 264 84
 1065 0090 1B02     		lsls	r3, r3, #8
 1066              		.loc 1 264 66
 1067 0092 1343     		orrs	r3, r2
 1068              		.loc 1 264 102
 1069 0094 BA68     		ldr	r2, [r7, #8]
 1070 0096 5432     		adds	r2, r2, #84
 1071 0098 1278     		ldrb	r2, [r2]
 1072              		.loc 1 264 90
 1073 009a 1343     		orrs	r3, r2
 1074              		.loc 1 264 16
 1075 009c 3B61     		str	r3, [r7, #16]
 265:../src/drivers/packet_process/Process_Packet.c ****   postrom_offset = (buffer_ptr[91] << 24) | (buffer_ptr[90] << 16) | (buffer_ptr[89] << 8) | buffer
 1076              		.loc 1 265 31
 1077 009e BB68     		ldr	r3, [r7, #8]
 1078 00a0 5B33     		adds	r3, r3, #91
 1079 00a2 1B78     		ldrb	r3, [r3]
 1080              		.loc 1 265 36
 1081 00a4 1A06     		lsls	r2, r3, #24
 1082              		.loc 1 265 56
 1083 00a6 BB68     		ldr	r3, [r7, #8]
 1084 00a8 5A33     		adds	r3, r3, #90
 1085 00aa 1B78     		ldrb	r3, [r3]
 1086              		.loc 1 265 61
 1087 00ac 1B04     		lsls	r3, r3, #16
 1088              		.loc 1 265 43
 1089 00ae 1A43     		orrs	r2, r3
 1090              		.loc 1 265 81
 1091 00b0 BB68     		ldr	r3, [r7, #8]
 1092 00b2 5933     		adds	r3, r3, #89
 1093 00b4 1B78     		ldrb	r3, [r3]
 1094              		.loc 1 265 86
 1095 00b6 1B02     		lsls	r3, r3, #8
 1096              		.loc 1 265 68
 1097 00b8 1343     		orrs	r3, r2
 1098              		.loc 1 265 104
 1099 00ba BA68     		ldr	r2, [r7, #8]
 1100 00bc 5832     		adds	r2, r2, #88
 1101 00be 1278     		ldrb	r2, [r2]
 1102              		.loc 1 265 92
 1103 00c0 1343     		orrs	r3, r2
 1104              		.loc 1 265 18
 1105 00c2 FB60     		str	r3, [r7, #12]
 266:../src/drivers/packet_process/Process_Packet.c ****   spl_handle.SPL_Size = postrom_offset + postrom_size;
 1106              		.loc 1 266 40
 1107 00c4 FA68     		ldr	r2, [r7, #12]
 1108 00c6 3B69     		ldr	r3, [r7, #16]
 1109 00c8 D218     		adds	r2, r2, r3
 1110              		.loc 1 266 23
 1111 00ca 40F20003 		movw	r3, #:lower16:spl_handle
 1112 00ce C0F20003 		movt	r3, #:upper16:spl_handle
 1113 00d2 40F20441 		movw	r1, #1028
 1114 00d6 5A50     		str	r2, [r3, r1]
 267:../src/drivers/packet_process/Process_Packet.c ****   printf("spl_handle.SPL_Size:0x%x, postrom_offset:0x%x, postrom_size:0x%x\n", spl_handle.SPL_Size,
 1115              		.loc 1 267 3
 1116 00d8 40F20003 		movw	r3, #:lower16:spl_handle
 1117 00dc C0F20003 		movt	r3, #:upper16:spl_handle
 1118 00e0 40F20442 		movw	r2, #1028
 1119 00e4 9958     		ldr	r1, [r3, r2]
 1120 00e6 3B69     		ldr	r3, [r7, #16]
 1121 00e8 FA68     		ldr	r2, [r7, #12]
 1122 00ea 40F20000 		movw	r0, #:lower16:.LC7
 1123 00ee C0F20000 		movt	r0, #:upper16:.LC7
 1124 00f2 FFF7FEFF 		bl	printf
 268:../src/drivers/packet_process/Process_Packet.c ****   if (spl_handle.SPL_Size > SPL_MAX_PART_SIZE) {
 1125              		.loc 1 268 17
 1126 00f6 40F20003 		movw	r3, #:lower16:spl_handle
 1127 00fa C0F20003 		movt	r3, #:upper16:spl_handle
 1128 00fe 40F20442 		movw	r2, #1028
 1129 0102 9A58     		ldr	r2, [r3, r2]
 1130              		.loc 1 268 6
 1131 0104 0123     		movs	r3, #1
 1132 0106 C0F20403 		movt	r3, 4
 1133 010a 9A42     		cmp	r2, r3
 1134 010c 08D3     		bcc	.L44
 269:../src/drivers/packet_process/Process_Packet.c ****     spl_handle.SPL_Size = SPL_MAX_PART_SIZE;
 1135              		.loc 1 269 25
 1136 010e 40F20003 		movw	r3, #:lower16:spl_handle
 1137 0112 C0F20003 		movt	r3, #:upper16:spl_handle
 1138 0116 40F20441 		movw	r1, #1028
 1139 011a 8022     		movs	r2, #128
 1140 011c D202     		lsls	r2, r2, #11
 1141 011e 5A50     		str	r2, [r3, r1]
 1142              	.L44:
 270:../src/drivers/packet_process/Process_Packet.c ****   }
 271:../src/drivers/packet_process/Process_Packet.c ****   /* Fixme */
 272:../src/drivers/packet_process/Process_Packet.c ****   spl_handle.SPL_Size = SPL_MAX_PART_SIZE;
 1143              		.loc 1 272 23
 1144 0120 40F20003 		movw	r3, #:lower16:spl_handle
 1145 0124 C0F20003 		movt	r3, #:upper16:spl_handle
 1146 0128 40F20441 		movw	r1, #1028
 1147 012c 8022     		movs	r2, #128
 1148 012e D202     		lsls	r2, r2, #11
 1149 0130 5A50     		str	r2, [r3, r1]
 273:../src/drivers/packet_process/Process_Packet.c ****   printf("spl_handle.SPL_Size:0x%x\n", spl_handle.SPL_Size);
 1150              		.loc 1 273 3
 1151 0132 40F20003 		movw	r3, #:lower16:spl_handle
 1152 0136 C0F20003 		movt	r3, #:upper16:spl_handle
 1153 013a 40F20442 		movw	r2, #1028
 1154 013e 9A58     		ldr	r2, [r3, r2]
 1155 0140 40F20003 		movw	r3, #:lower16:.LC8
 1156 0144 C0F20003 		movt	r3, #:upper16:.LC8
 1157 0148 1100     		movs	r1, r2
 1158 014a 1800     		movs	r0, r3
 1159 014c FFF7FEFF 		bl	printf
 274:../src/drivers/packet_process/Process_Packet.c **** 
 275:../src/drivers/packet_process/Process_Packet.c ****   size = ENDIAN_CONVERT_32(spl_handle.SPL_Size);
 1160              		.loc 1 275 38
 1161 0150 40F20003 		movw	r3, #:lower16:spl_handle
 1162 0154 C0F20003 		movt	r3, #:upper16:spl_handle
 1163 0158 40F20442 		movw	r2, #1028
 1164 015c 9B58     		ldr	r3, [r3, r2]
 1165              		.loc 1 275 10
 1166 015e 1800     		movs	r0, r3
 1167 0160 FFF7FEFF 		bl	ENDIAN_CONVERT_32
 1168 0164 0300     		movs	r3, r0
 1169              		.loc 1 275 8
 1170 0166 7B60     		str	r3, [r7, #4]
 276:../src/drivers/packet_process/Process_Packet.c ****   ((pkt_header_ptr) global_sio_handle.write_ptr)->pkt_type = ENDIAN_CONVERT_16 (BSL_CMD_START_DATA)
 1171              		.loc 1 276 38
 1172 0168 40F20003 		movw	r3, #:lower16:global_sio_handle
 1173 016c C0F20003 		movt	r3, #:upper16:global_sio_handle
 1174 0170 9C69     		ldr	r4, [r3, #24]
 1175              		.loc 1 276 62
 1176 0172 0120     		movs	r0, #1
 1177 0174 FFF7FEFF 		bl	ENDIAN_CONVERT_16
 1178 0178 0300     		movs	r3, r0
 1179              		.loc 1 276 60
 1180 017a 2380     		strh	r3, [r4]
 277:../src/drivers/packet_process/Process_Packet.c ****   ((pkt_header_ptr) global_sio_handle.write_ptr)->pkt_size = ENDIAN_CONVERT_16(0x08);
 1181              		.loc 1 277 38
 1182 017c 40F20003 		movw	r3, #:lower16:global_sio_handle
 1183 0180 C0F20003 		movt	r3, #:upper16:global_sio_handle
 1184 0184 9C69     		ldr	r4, [r3, #24]
 1185              		.loc 1 277 62
 1186 0186 0820     		movs	r0, #8
 1187 0188 FFF7FEFF 		bl	ENDIAN_CONVERT_16
 1188 018c 0300     		movs	r3, r0
 1189              		.loc 1 277 60
 1190 018e 6380     		strh	r3, [r4, #2]
 278:../src/drivers/packet_process/Process_Packet.c **** 
 279:../src/drivers/packet_process/Process_Packet.c ****   memcpy((char *)&global_sio_handle.write_ptr[sizeof(pkt_header_ptr)], (char *)&start_addr, 4);
 1191              		.loc 1 279 36
 1192 0190 40F20003 		movw	r3, #:lower16:global_sio_handle
 1193 0194 C0F20003 		movt	r3, #:upper16:global_sio_handle
 1194 0198 9B69     		ldr	r3, [r3, #24]
 1195              		.loc 1 279 18
 1196 019a 0433     		adds	r3, r3, #4
 1197              		.loc 1 279 3
 1198 019c 3900     		movs	r1, r7
 1199 019e 0422     		movs	r2, #4
 1200 01a0 1800     		movs	r0, r3
 1201 01a2 FFF7FEFF 		bl	memcpy
 280:../src/drivers/packet_process/Process_Packet.c ****   memcpy((char *)&global_sio_handle.write_ptr[sizeof(pkt_header_ptr)+4], (char *)&size, 4);
 1202              		.loc 1 280 36
 1203 01a6 40F20003 		movw	r3, #:lower16:global_sio_handle
 1204 01aa C0F20003 		movt	r3, #:upper16:global_sio_handle
 1205 01ae 9B69     		ldr	r3, [r3, #24]
 1206              		.loc 1 280 18
 1207 01b0 0833     		adds	r3, r3, #8
 1208              		.loc 1 280 3
 1209 01b2 391D     		adds	r1, r7, #4
 1210 01b4 0422     		movs	r2, #4
 1211 01b6 1800     		movs	r0, r3
 1212 01b8 FFF7FEFF 		bl	memcpy
 281:../src/drivers/packet_process/Process_Packet.c **** 
 282:../src/drivers/packet_process/Process_Packet.c ****   ret = usart_send_data(global_sio_handle.write_ptr, sizeof(pkt_header_ptr) + PKT_CRC_SIZE + 8);
 1213              		.loc 1 282 9
 1214 01bc 40F20003 		movw	r3, #:lower16:global_sio_handle
 1215 01c0 C0F20003 		movt	r3, #:upper16:global_sio_handle
 1216 01c4 9B69     		ldr	r3, [r3, #24]
 1217 01c6 0E21     		movs	r1, #14
 1218 01c8 1800     		movs	r0, r3
 1219 01ca FFF7FEFF 		bl	usart_send_data
 1220 01ce 0300     		movs	r3, r0
 1221 01d0 7B61     		str	r3, [r7, #20]
 283:../src/drivers/packet_process/Process_Packet.c ****   global_sio_handle.pkt_type = BSL_CMD_MIDST_DATA;
 1222              		.loc 1 283 30
 1223 01d2 40F20003 		movw	r3, #:lower16:global_sio_handle
 1224 01d6 C0F20003 		movt	r3, #:upper16:global_sio_handle
 1225 01da 0222     		movs	r2, #2
 1226 01dc DA80     		strh	r2, [r3, #6]
 284:../src/drivers/packet_process/Process_Packet.c ****   return ret;
 1227              		.loc 1 284 10
 1228 01de 7B69     		ldr	r3, [r7, #20]
 1229              	.L45:
 285:../src/drivers/packet_process/Process_Packet.c **** }
 1230              		.loc 1 285 1 discriminator 1
 1231 01e0 1800     		movs	r0, r3
 1232 01e2 BD46     		mov	sp, r7
 1233 01e4 07B0     		add	sp, sp, #28
 1234              		@ sp needed
 1235 01e6 90BD     		pop	{r4, r7, pc}
 1236              		.cfi_endproc
 1237              	.LFE67:
 1239              		.section	.rodata
 1240 0126 0000     		.align	2
 1241              	.LC9:
 1242 0128 73656E64 		.ascii	"send latest packet\000"
 1242      206C6174 
 1242      65737420 
 1242      7061636B 
 1242      657400
 1243              		.section	.text.Send_Data_Midst_CMD,"ax",%progbits
 1244              		.align	1
 1245              		.global	Send_Data_Midst_CMD
 1246              		.syntax unified
 1247              		.code	16
 1248              		.thumb_func
 1249              		.fpu softvfp
 1251              	Send_Data_Midst_CMD:
 1252              	.LFB68:
 286:../src/drivers/packet_process/Process_Packet.c **** 
 287:../src/drivers/packet_process/Process_Packet.c **** int Send_Data_Midst_CMD(void)
 288:../src/drivers/packet_process/Process_Packet.c **** {
 1253              		.loc 1 288 1
 1254              		.cfi_startproc
 1255              		@ args = 0, pretend = 0, frame = 8
 1256              		@ frame_needed = 1, uses_anonymous_args = 0
 1257 0000 90B5     		push	{r4, r7, lr}
 1258              		.cfi_def_cfa_offset 12
 1259              		.cfi_offset 4, -12
 1260              		.cfi_offset 7, -8
 1261              		.cfi_offset 14, -4
 1262 0002 83B0     		sub	sp, sp, #12
 1263              		.cfi_def_cfa_offset 24
 1264 0004 00AF     		add	r7, sp, #0
 1265              		.cfi_def_cfa_register 7
 289:../src/drivers/packet_process/Process_Packet.c ****   int remain_count = 0;
 1266              		.loc 1 289 7
 1267 0006 0023     		movs	r3, #0
 1268 0008 7B60     		str	r3, [r7, #4]
 290:../src/drivers/packet_process/Process_Packet.c ****   int ret = 0;
 1269              		.loc 1 290 7
 1270 000a 0023     		movs	r3, #0
 1271 000c 3B60     		str	r3, [r7]
 291:../src/drivers/packet_process/Process_Packet.c **** 
 292:../src/drivers/packet_process/Process_Packet.c ****   if (global_sio_handle.pkt_count + SPL_SUBPACKAGE_SIZE >= spl_handle.SPL_Size) {
 1272              		.loc 1 292 24
 1273 000e 40F20003 		movw	r3, #:lower16:global_sio_handle
 1274 0012 C0F20003 		movt	r3, #:upper16:global_sio_handle
 1275 0016 9B68     		ldr	r3, [r3, #8]
 1276              		.loc 1 292 35
 1277 0018 40F2004C 		movw	ip, #1024
 1278 001c 6344     		add	r3, r3, ip
 1279 001e 1900     		movs	r1, r3
 1280              		.loc 1 292 70
 1281 0020 40F20003 		movw	r3, #:lower16:spl_handle
 1282 0024 C0F20003 		movt	r3, #:upper16:spl_handle
 1283 0028 40F20442 		movw	r2, #1028
 1284 002c 9B58     		ldr	r3, [r3, r2]
 1285              		.loc 1 292 6
 1286 002e 9942     		cmp	r1, r3
 1287 0030 22D3     		bcc	.L47
 293:../src/drivers/packet_process/Process_Packet.c ****     remain_count = spl_handle.SPL_Size - global_sio_handle.pkt_count - 5;
 1288              		.loc 1 293 30
 1289 0032 40F20003 		movw	r3, #:lower16:spl_handle
 1290 0036 C0F20003 		movt	r3, #:upper16:spl_handle
 1291 003a 40F20442 		movw	r2, #1028
 1292 003e 9A58     		ldr	r2, [r3, r2]
 1293              		.loc 1 293 59
 1294 0040 40F20003 		movw	r3, #:lower16:global_sio_handle
 1295 0044 C0F20003 		movt	r3, #:upper16:global_sio_handle
 1296 0048 9B68     		ldr	r3, [r3, #8]
 1297              		.loc 1 293 40
 1298 004a D31A     		subs	r3, r2, r3
 1299              		.loc 1 293 70
 1300 004c 053B     		subs	r3, r3, #5
 1301              		.loc 1 293 18
 1302 004e 7B60     		str	r3, [r7, #4]
 294:../src/drivers/packet_process/Process_Packet.c ****     global_sio_handle.pkt_count = 0;
 1303              		.loc 1 294 33
 1304 0050 40F20003 		movw	r3, #:lower16:global_sio_handle
 1305 0054 C0F20003 		movt	r3, #:upper16:global_sio_handle
 1306 0058 0022     		movs	r2, #0
 1307 005a 9A60     		str	r2, [r3, #8]
 295:../src/drivers/packet_process/Process_Packet.c ****     global_sio_handle.pkt_type = BSL_CMD_SEND_NAND_ID;
 1308              		.loc 1 295 32
 1309 005c 40F20003 		movw	r3, #:lower16:global_sio_handle
 1310 0060 C0F20003 		movt	r3, #:upper16:global_sio_handle
 1311 0064 0622     		movs	r2, #6
 1312 0066 DA80     		strh	r2, [r3, #6]
 296:../src/drivers/packet_process/Process_Packet.c ****     printf("send latest packet\n");
 1313              		.loc 1 296 5
 1314 0068 40F20003 		movw	r3, #:lower16:.LC9
 1315 006c C0F20003 		movt	r3, #:upper16:.LC9
 1316 0070 1800     		movs	r0, r3
 1317 0072 FFF7FEFF 		bl	puts
 1318 0076 15E0     		b	.L48
 1319              	.L47:
 297:../src/drivers/packet_process/Process_Packet.c ****   } else {
 298:../src/drivers/packet_process/Process_Packet.c ****     global_sio_handle.pkt_count += SPL_SUBPACKAGE_SIZE; 
 1320              		.loc 1 298 33
 1321 0078 40F20003 		movw	r3, #:lower16:global_sio_handle
 1322 007c C0F20003 		movt	r3, #:upper16:global_sio_handle
 1323 0080 9B68     		ldr	r3, [r3, #8]
 1324 0082 40F20042 		movw	r2, #1024
 1325 0086 9A18     		adds	r2, r3, r2
 1326 0088 40F20003 		movw	r3, #:lower16:global_sio_handle
 1327 008c C0F20003 		movt	r3, #:upper16:global_sio_handle
 1328 0090 9A60     		str	r2, [r3, #8]
 299:../src/drivers/packet_process/Process_Packet.c ****     remain_count = SPL_SUBPACKAGE_SIZE;
 1329              		.loc 1 299 18
 1330 0092 40F20043 		movw	r3, #1024
 1331 0096 7B60     		str	r3, [r7, #4]
 300:../src/drivers/packet_process/Process_Packet.c ****     global_sio_handle.pkt_type = BSL_CMD_MIDST_DATA;
 1332              		.loc 1 300 32
 1333 0098 40F20003 		movw	r3, #:lower16:global_sio_handle
 1334 009c C0F20003 		movt	r3, #:upper16:global_sio_handle
 1335 00a0 0222     		movs	r2, #2
 1336 00a2 DA80     		strh	r2, [r3, #6]
 1337              	.L48:
 301:../src/drivers/packet_process/Process_Packet.c ****   }
 302:../src/drivers/packet_process/Process_Packet.c **** 
 303:../src/drivers/packet_process/Process_Packet.c ****   ((pkt_header_ptr) global_sio_handle.write_ptr)->pkt_type = ENDIAN_CONVERT_16(BSL_CMD_MIDST_DATA);
 1338              		.loc 1 303 38
 1339 00a4 40F20003 		movw	r3, #:lower16:global_sio_handle
 1340 00a8 C0F20003 		movt	r3, #:upper16:global_sio_handle
 1341 00ac 9C69     		ldr	r4, [r3, #24]
 1342              		.loc 1 303 62
 1343 00ae 0220     		movs	r0, #2
 1344 00b0 FFF7FEFF 		bl	ENDIAN_CONVERT_16
 1345 00b4 0300     		movs	r3, r0
 1346              		.loc 1 303 60
 1347 00b6 2380     		strh	r3, [r4]
 304:../src/drivers/packet_process/Process_Packet.c ****   ((pkt_header_ptr) global_sio_handle.write_ptr)->pkt_size = ENDIAN_CONVERT_16(remain_count);
 1348              		.loc 1 304 62
 1349 00b8 7B68     		ldr	r3, [r7, #4]
 1350 00ba 9AB2     		uxth	r2, r3
 1351              		.loc 1 304 38
 1352 00bc 40F20003 		movw	r3, #:lower16:global_sio_handle
 1353 00c0 C0F20003 		movt	r3, #:upper16:global_sio_handle
 1354 00c4 9C69     		ldr	r4, [r3, #24]
 1355              		.loc 1 304 62
 1356 00c6 1000     		movs	r0, r2
 1357 00c8 FFF7FEFF 		bl	ENDIAN_CONVERT_16
 1358 00cc 0300     		movs	r3, r0
 1359              		.loc 1 304 60
 1360 00ce 6380     		strh	r3, [r4, #2]
 305:../src/drivers/packet_process/Process_Packet.c **** 
 306:../src/drivers/packet_process/Process_Packet.c ****   memcpy((char *)&global_sio_handle.write_ptr[sizeof(pkt_header_ptr)], spl_handle.SPL_Temp, remain_
 1361              		.loc 1 306 36
 1362 00d0 40F20003 		movw	r3, #:lower16:global_sio_handle
 1363 00d4 C0F20003 		movt	r3, #:upper16:global_sio_handle
 1364 00d8 9B69     		ldr	r3, [r3, #24]
 1365              		.loc 1 306 18
 1366 00da 181D     		adds	r0, r3, #4
 1367              		.loc 1 306 82
 1368 00dc 40F20003 		movw	r3, #:lower16:spl_handle
 1369 00e0 C0F20003 		movt	r3, #:upper16:spl_handle
 1370 00e4 40F20042 		movw	r2, #1024
 1371 00e8 9B58     		ldr	r3, [r3, r2]
 1372              		.loc 1 306 3
 1373 00ea 7A68     		ldr	r2, [r7, #4]
 1374 00ec 1900     		movs	r1, r3
 1375 00ee FFF7FEFF 		bl	memcpy
 307:../src/drivers/packet_process/Process_Packet.c **** 
 308:../src/drivers/packet_process/Process_Packet.c ****   usart_send_data(global_sio_handle.write_ptr, sizeof(pkt_header_ptr) + PKT_CRC_SIZE + remain_count
 1376              		.loc 1 308 3
 1377 00f2 40F20003 		movw	r3, #:lower16:global_sio_handle
 1378 00f6 C0F20003 		movt	r3, #:upper16:global_sio_handle
 1379 00fa 9A69     		ldr	r2, [r3, #24]
 1380              		.loc 1 308 86
 1381 00fc 7B68     		ldr	r3, [r7, #4]
 1382 00fe 0633     		adds	r3, r3, #6
 1383              		.loc 1 308 3
 1384 0100 1900     		movs	r1, r3
 1385 0102 1000     		movs	r0, r2
 1386 0104 FFF7FEFF 		bl	usart_send_data
 309:../src/drivers/packet_process/Process_Packet.c **** 
 310:../src/drivers/packet_process/Process_Packet.c ****   memset(spl_handle.SPL_Temp,0,SPL_PACKET_SIZE);
 1387              		.loc 1 310 20
 1388 0108 40F20003 		movw	r3, #:lower16:spl_handle
 1389 010c C0F20003 		movt	r3, #:upper16:spl_handle
 1390 0110 40F20042 		movw	r2, #1024
 1391 0114 9B58     		ldr	r3, [r3, r2]
 1392              		.loc 1 310 3
 1393 0116 40F20042 		movw	r2, #1024
 1394 011a 0021     		movs	r1, #0
 1395 011c 1800     		movs	r0, r3
 1396 011e FFF7FEFF 		bl	memset
 311:../src/drivers/packet_process/Process_Packet.c ****   if(global_sio_handle.pkt_type == BSL_CMD_MIDST_DATA)
 1397              		.loc 1 311 23
 1398 0122 40F20003 		movw	r3, #:lower16:global_sio_handle
 1399 0126 C0F20003 		movt	r3, #:upper16:global_sio_handle
 1400 012a DB88     		ldrh	r3, [r3, #6]
 1401              		.loc 1 311 5
 1402 012c 022B     		cmp	r3, #2
 1403 012e 05D1     		bne	.L49
 312:../src/drivers/packet_process/Process_Packet.c ****     ret = SPL_GetNandFlashData(remain_count);
 1404              		.loc 1 312 11
 1405 0130 7B68     		ldr	r3, [r7, #4]
 1406 0132 1800     		movs	r0, r3
 1407 0134 FFF7FEFF 		bl	SPL_GetNandFlashData
 1408 0138 0300     		movs	r3, r0
 1409 013a 3B60     		str	r3, [r7]
 1410              	.L49:
 313:../src/drivers/packet_process/Process_Packet.c ****   if(ret != 0){
 1411              		.loc 1 313 5
 1412 013c 3B68     		ldr	r3, [r7]
 1413 013e 23B1     		cbz	r3, .L50
 314:../src/drivers/packet_process/Process_Packet.c ****     check_failed_process(ret);
 1414              		.loc 1 314 5
 1415 0140 3B68     		ldr	r3, [r7]
 1416 0142 9BB2     		uxth	r3, r3
 1417 0144 1800     		movs	r0, r3
 1418 0146 FFF7FEFF 		bl	check_failed_process
 1419              	.L50:
 315:../src/drivers/packet_process/Process_Packet.c ****   }
 316:../src/drivers/packet_process/Process_Packet.c ****   return ret;
 1420              		.loc 1 316 10
 1421 014a 3B68     		ldr	r3, [r7]
 317:../src/drivers/packet_process/Process_Packet.c **** }
 1422              		.loc 1 317 1
 1423 014c 1800     		movs	r0, r3
 1424 014e BD46     		mov	sp, r7
 1425 0150 03B0     		add	sp, sp, #12
 1426              		@ sp needed
 1427 0152 90BD     		pop	{r4, r7, pc}
 1428              		.cfi_endproc
 1429              	.LFE68:
 1431              		.section	.rodata
 1432 013b 00       		.align	2
 1433              	.LC10:
 1434 013c 656E7465 		.ascii	"enter Send_Nand_ID_CMD\000"
 1434      72205365 
 1434      6E645F4E 
 1434      616E645F 
 1434      49445F43 
 1435              		.section	.text.Send_Nand_ID_CMD,"ax",%progbits
 1436              		.align	1
 1437              		.global	Send_Nand_ID_CMD
 1438              		.syntax unified
 1439              		.code	16
 1440              		.thumb_func
 1441              		.fpu softvfp
 1443              	Send_Nand_ID_CMD:
 1444              	.LFB69:
 318:../src/drivers/packet_process/Process_Packet.c **** 
 319:../src/drivers/packet_process/Process_Packet.c **** int Send_Nand_ID_CMD(void)
 320:../src/drivers/packet_process/Process_Packet.c **** {
 1445              		.loc 1 320 1
 1446              		.cfi_startproc
 1447              		@ args = 0, pretend = 0, frame = 8
 1448              		@ frame_needed = 1, uses_anonymous_args = 0
 1449 0000 90B5     		push	{r4, r7, lr}
 1450              		.cfi_def_cfa_offset 12
 1451              		.cfi_offset 4, -12
 1452              		.cfi_offset 7, -8
 1453              		.cfi_offset 14, -4
 1454 0002 83B0     		sub	sp, sp, #12
 1455              		.cfi_def_cfa_offset 24
 1456 0004 00AF     		add	r7, sp, #0
 1457              		.cfi_def_cfa_register 7
 321:../src/drivers/packet_process/Process_Packet.c ****   int ret = 0;
 1458              		.loc 1 321 7
 1459 0006 0023     		movs	r3, #0
 1460 0008 7B60     		str	r3, [r7, #4]
 322:../src/drivers/packet_process/Process_Packet.c **** 
 323:../src/drivers/packet_process/Process_Packet.c ****   printf("enter Send_Nand_ID_CMD\n");
 1461              		.loc 1 323 3
 1462 000a 40F20003 		movw	r3, #:lower16:.LC10
 1463 000e C0F20003 		movt	r3, #:upper16:.LC10
 1464 0012 1800     		movs	r0, r3
 1465 0014 FFF7FEFF 		bl	puts
 324:../src/drivers/packet_process/Process_Packet.c ****   ((pkt_header_ptr) global_sio_handle.write_ptr)->pkt_type = ENDIAN_CONVERT_16 (BSL_CMD_MIDST_DATA)
 1466              		.loc 1 324 38
 1467 0018 40F20003 		movw	r3, #:lower16:global_sio_handle
 1468 001c C0F20003 		movt	r3, #:upper16:global_sio_handle
 1469 0020 9C69     		ldr	r4, [r3, #24]
 1470              		.loc 1 324 62
 1471 0022 0220     		movs	r0, #2
 1472 0024 FFF7FEFF 		bl	ENDIAN_CONVERT_16
 1473 0028 0300     		movs	r3, r0
 1474              		.loc 1 324 60
 1475 002a 2380     		strh	r3, [r4]
 325:../src/drivers/packet_process/Process_Packet.c ****   ((pkt_header_ptr) global_sio_handle.write_ptr)->pkt_size = ENDIAN_CONVERT_16(0x05);
 1476              		.loc 1 325 38
 1477 002c 40F20003 		movw	r3, #:lower16:global_sio_handle
 1478 0030 C0F20003 		movt	r3, #:upper16:global_sio_handle
 1479 0034 9C69     		ldr	r4, [r3, #24]
 1480              		.loc 1 325 62
 1481 0036 0520     		movs	r0, #5
 1482 0038 FFF7FEFF 		bl	ENDIAN_CONVERT_16
 1483 003c 0300     		movs	r3, r0
 1484              		.loc 1 325 60
 1485 003e 6380     		strh	r3, [r4, #2]
 326:../src/drivers/packet_process/Process_Packet.c ****   memcpy((char *)&global_sio_handle.write_ptr[sizeof(pkt_header_ptr)], (char *)spi_nand_id, 5);
 1486              		.loc 1 326 36
 1487 0040 40F20003 		movw	r3, #:lower16:global_sio_handle
 1488 0044 C0F20003 		movt	r3, #:upper16:global_sio_handle
 1489 0048 9B69     		ldr	r3, [r3, #24]
 1490              		.loc 1 326 18
 1491 004a 1A1D     		adds	r2, r3, #4
 1492              		.loc 1 326 3
 1493 004c 40F20003 		movw	r3, #:lower16:spi_nand_id
 1494 0050 C0F20003 		movt	r3, #:upper16:spi_nand_id
 1495 0054 1000     		movs	r0, r2
 1496 0056 1900     		movs	r1, r3
 1497 0058 0523     		movs	r3, #5
 1498 005a 1A00     		movs	r2, r3
 1499 005c FFF7FEFF 		bl	memcpy
 327:../src/drivers/packet_process/Process_Packet.c ****   ret = usart_send_data(global_sio_handle.write_ptr, sizeof(pkt_header_ptr) + PKT_CRC_SIZE + 5);
 1500              		.loc 1 327 9
 1501 0060 40F20003 		movw	r3, #:lower16:global_sio_handle
 1502 0064 C0F20003 		movt	r3, #:upper16:global_sio_handle
 1503 0068 9B69     		ldr	r3, [r3, #24]
 1504 006a 0B21     		movs	r1, #11
 1505 006c 1800     		movs	r0, r3
 1506 006e FFF7FEFF 		bl	usart_send_data
 1507 0072 0300     		movs	r3, r0
 1508 0074 7B60     		str	r3, [r7, #4]
 328:../src/drivers/packet_process/Process_Packet.c ****   global_sio_handle.pkt_type = BSL_CMD_END_DATA;
 1509              		.loc 1 328 30
 1510 0076 40F20003 		movw	r3, #:lower16:global_sio_handle
 1511 007a C0F20003 		movt	r3, #:upper16:global_sio_handle
 1512 007e 0322     		movs	r2, #3
 1513 0080 DA80     		strh	r2, [r3, #6]
 329:../src/drivers/packet_process/Process_Packet.c ****   return ret;
 1514              		.loc 1 329 10
 1515 0082 7B68     		ldr	r3, [r7, #4]
 330:../src/drivers/packet_process/Process_Packet.c **** }
 1516              		.loc 1 330 1
 1517 0084 1800     		movs	r0, r3
 1518 0086 BD46     		mov	sp, r7
 1519 0088 03B0     		add	sp, sp, #12
 1520              		@ sp needed
 1521 008a 90BD     		pop	{r4, r7, pc}
 1522              		.cfi_endproc
 1523              	.LFE69:
 1525              		.section	.rodata
 1526 0153 00       		.align	2
 1527              	.LC11:
 1528 0154 656E7465 		.ascii	"enter Send_Data_End_CMD\000"
 1528      72205365 
 1528      6E645F44 
 1528      6174615F 
 1528      456E645F 
 1529              		.section	.text.Send_Data_End_CMD,"ax",%progbits
 1530              		.align	1
 1531              		.global	Send_Data_End_CMD
 1532              		.syntax unified
 1533              		.code	16
 1534              		.thumb_func
 1535              		.fpu softvfp
 1537              	Send_Data_End_CMD:
 1538              	.LFB70:
 331:../src/drivers/packet_process/Process_Packet.c **** 
 332:../src/drivers/packet_process/Process_Packet.c **** int Send_Data_End_CMD(void)
 333:../src/drivers/packet_process/Process_Packet.c **** {
 1539              		.loc 1 333 1
 1540              		.cfi_startproc
 1541              		@ args = 0, pretend = 0, frame = 8
 1542              		@ frame_needed = 1, uses_anonymous_args = 0
 1543 0000 90B5     		push	{r4, r7, lr}
 1544              		.cfi_def_cfa_offset 12
 1545              		.cfi_offset 4, -12
 1546              		.cfi_offset 7, -8
 1547              		.cfi_offset 14, -4
 1548 0002 83B0     		sub	sp, sp, #12
 1549              		.cfi_def_cfa_offset 24
 1550 0004 00AF     		add	r7, sp, #0
 1551              		.cfi_def_cfa_register 7
 334:../src/drivers/packet_process/Process_Packet.c ****   int ret = 0;
 1552              		.loc 1 334 7
 1553 0006 0023     		movs	r3, #0
 1554 0008 7B60     		str	r3, [r7, #4]
 335:../src/drivers/packet_process/Process_Packet.c **** 
 336:../src/drivers/packet_process/Process_Packet.c ****   printf("enter Send_Data_End_CMD\n");
 1555              		.loc 1 336 3
 1556 000a 40F20003 		movw	r3, #:lower16:.LC11
 1557 000e C0F20003 		movt	r3, #:upper16:.LC11
 1558 0012 1800     		movs	r0, r3
 1559 0014 FFF7FEFF 		bl	puts
 337:../src/drivers/packet_process/Process_Packet.c ****   ((pkt_header_ptr) global_sio_handle.write_ptr)->pkt_type = ENDIAN_CONVERT_16 (BSL_CMD_END_DATA);
 1560              		.loc 1 337 38
 1561 0018 40F20003 		movw	r3, #:lower16:global_sio_handle
 1562 001c C0F20003 		movt	r3, #:upper16:global_sio_handle
 1563 0020 9C69     		ldr	r4, [r3, #24]
 1564              		.loc 1 337 62
 1565 0022 0320     		movs	r0, #3
 1566 0024 FFF7FEFF 		bl	ENDIAN_CONVERT_16
 1567 0028 0300     		movs	r3, r0
 1568              		.loc 1 337 60
 1569 002a 2380     		strh	r3, [r4]
 338:../src/drivers/packet_process/Process_Packet.c ****   ((pkt_header_ptr) global_sio_handle.write_ptr)->pkt_size = 0;
 1570              		.loc 1 338 38
 1571 002c 40F20003 		movw	r3, #:lower16:global_sio_handle
 1572 0030 C0F20003 		movt	r3, #:upper16:global_sio_handle
 1573 0034 9B69     		ldr	r3, [r3, #24]
 1574              		.loc 1 338 60
 1575 0036 0022     		movs	r2, #0
 1576 0038 5A80     		strh	r2, [r3, #2]
 339:../src/drivers/packet_process/Process_Packet.c ****   ret = usart_send_data(global_sio_handle.write_ptr, sizeof(pkt_header_ptr)+PKT_CRC_SIZE);
 1577              		.loc 1 339 9
 1578 003a 40F20003 		movw	r3, #:lower16:global_sio_handle
 1579 003e C0F20003 		movt	r3, #:upper16:global_sio_handle
 1580 0042 9B69     		ldr	r3, [r3, #24]
 1581 0044 0621     		movs	r1, #6
 1582 0046 1800     		movs	r0, r3
 1583 0048 FFF7FEFF 		bl	usart_send_data
 1584 004c 0300     		movs	r3, r0
 1585 004e 7B60     		str	r3, [r7, #4]
 340:../src/drivers/packet_process/Process_Packet.c ****   global_sio_handle.pkt_type = BSL_CMD_EXEC_DATA;
 1586              		.loc 1 340 30
 1587 0050 40F20003 		movw	r3, #:lower16:global_sio_handle
 1588 0054 C0F20003 		movt	r3, #:upper16:global_sio_handle
 1589 0058 0422     		movs	r2, #4
 1590 005a DA80     		strh	r2, [r3, #6]
 341:../src/drivers/packet_process/Process_Packet.c **** 
 342:../src/drivers/packet_process/Process_Packet.c ****   return ret;
 1591              		.loc 1 342 10
 1592 005c 7B68     		ldr	r3, [r7, #4]
 343:../src/drivers/packet_process/Process_Packet.c **** }
 1593              		.loc 1 343 1
 1594 005e 1800     		movs	r0, r3
 1595 0060 BD46     		mov	sp, r7
 1596 0062 03B0     		add	sp, sp, #12
 1597              		@ sp needed
 1598 0064 90BD     		pop	{r4, r7, pc}
 1599              		.cfi_endproc
 1600              	.LFE70:
 1602              		.section	.rodata
 1603              		.align	2
 1604              	.LC12:
 1605 016c 656E7465 		.ascii	"enter Send_Data_Exec_CMD\000"
 1605      72205365 
 1605      6E645F44 
 1605      6174615F 
 1605      45786563 
 1606              		.section	.text.Send_Data_Exec_CMD,"ax",%progbits
 1607              		.align	1
 1608              		.global	Send_Data_Exec_CMD
 1609              		.syntax unified
 1610              		.code	16
 1611              		.thumb_func
 1612              		.fpu softvfp
 1614              	Send_Data_Exec_CMD:
 1615              	.LFB71:
 344:../src/drivers/packet_process/Process_Packet.c **** 
 345:../src/drivers/packet_process/Process_Packet.c **** int Send_Data_Exec_CMD(void)
 346:../src/drivers/packet_process/Process_Packet.c **** {
 1616              		.loc 1 346 1
 1617              		.cfi_startproc
 1618              		@ args = 0, pretend = 0, frame = 8
 1619              		@ frame_needed = 1, uses_anonymous_args = 0
 1620 0000 90B5     		push	{r4, r7, lr}
 1621              		.cfi_def_cfa_offset 12
 1622              		.cfi_offset 4, -12
 1623              		.cfi_offset 7, -8
 1624              		.cfi_offset 14, -4
 1625 0002 83B0     		sub	sp, sp, #12
 1626              		.cfi_def_cfa_offset 24
 1627 0004 00AF     		add	r7, sp, #0
 1628              		.cfi_def_cfa_register 7
 347:../src/drivers/packet_process/Process_Packet.c ****   int ret = 0;
 1629              		.loc 1 347 7
 1630 0006 0023     		movs	r3, #0
 1631 0008 7B60     		str	r3, [r7, #4]
 348:../src/drivers/packet_process/Process_Packet.c **** 
 349:../src/drivers/packet_process/Process_Packet.c ****   printf("enter Send_Data_Exec_CMD\n");
 1632              		.loc 1 349 3
 1633 000a 40F20003 		movw	r3, #:lower16:.LC12
 1634 000e C0F20003 		movt	r3, #:upper16:.LC12
 1635 0012 1800     		movs	r0, r3
 1636 0014 FFF7FEFF 		bl	puts
 350:../src/drivers/packet_process/Process_Packet.c ****   ((pkt_header_ptr) global_sio_handle.write_ptr)->pkt_type = ENDIAN_CONVERT_16 (BSL_CMD_EXEC_DATA);
 1637              		.loc 1 350 38
 1638 0018 40F20003 		movw	r3, #:lower16:global_sio_handle
 1639 001c C0F20003 		movt	r3, #:upper16:global_sio_handle
 1640 0020 9C69     		ldr	r4, [r3, #24]
 1641              		.loc 1 350 62
 1642 0022 0420     		movs	r0, #4
 1643 0024 FFF7FEFF 		bl	ENDIAN_CONVERT_16
 1644 0028 0300     		movs	r3, r0
 1645              		.loc 1 350 60
 1646 002a 2380     		strh	r3, [r4]
 351:../src/drivers/packet_process/Process_Packet.c ****   ((pkt_header_ptr) global_sio_handle.write_ptr)->pkt_size = 0;
 1647              		.loc 1 351 38
 1648 002c 40F20003 		movw	r3, #:lower16:global_sio_handle
 1649 0030 C0F20003 		movt	r3, #:upper16:global_sio_handle
 1650 0034 9B69     		ldr	r3, [r3, #24]
 1651              		.loc 1 351 60
 1652 0036 0022     		movs	r2, #0
 1653 0038 5A80     		strh	r2, [r3, #2]
 352:../src/drivers/packet_process/Process_Packet.c ****   ret = usart_send_data(global_sio_handle.write_ptr, sizeof(pkt_header_ptr) + PKT_CRC_SIZE);
 1654              		.loc 1 352 9
 1655 003a 40F20003 		movw	r3, #:lower16:global_sio_handle
 1656 003e C0F20003 		movt	r3, #:upper16:global_sio_handle
 1657 0042 9B69     		ldr	r3, [r3, #24]
 1658 0044 0621     		movs	r1, #6
 1659 0046 1800     		movs	r0, r3
 1660 0048 FFF7FEFF 		bl	usart_send_data
 1661 004c 0300     		movs	r3, r0
 1662 004e 7B60     		str	r3, [r7, #4]
 353:../src/drivers/packet_process/Process_Packet.c ****   global_sio_handle.pkt_type = BSL_CMD_UART_DOWNLOAD_END;
 1663              		.loc 1 353 30
 1664 0050 40F20003 		movw	r3, #:lower16:global_sio_handle
 1665 0054 C0F20003 		movt	r3, #:upper16:global_sio_handle
 1666 0058 0522     		movs	r2, #5
 1667 005a DA80     		strh	r2, [r3, #6]
 354:../src/drivers/packet_process/Process_Packet.c ****   if(s_spinand_spec_info_ptr->spinnad_operation->spinand_recovery != NULL)
 1668              		.loc 1 354 29
 1669 005c 40F20003 		movw	r3, #:lower16:s_spinand_spec_info_ptr
 1670 0060 C0F20003 		movt	r3, #:upper16:s_spinand_spec_info_ptr
 1671 0064 1B68     		ldr	r3, [r3]
 1672 0066 9B68     		ldr	r3, [r3, #8]
 1673              		.loc 1 354 48
 1674 0068 9B6A     		ldr	r3, [r3, #40]
 1675              		.loc 1 354 5
 1676 006a 3BB1     		cbz	r3, .L57
 355:../src/drivers/packet_process/Process_Packet.c ****     s_spinand_spec_info_ptr->spinnad_operation->spinand_recovery();
 1677              		.loc 1 355 28
 1678 006c 40F20003 		movw	r3, #:lower16:s_spinand_spec_info_ptr
 1679 0070 C0F20003 		movt	r3, #:upper16:s_spinand_spec_info_ptr
 1680 0074 1B68     		ldr	r3, [r3]
 1681 0076 9B68     		ldr	r3, [r3, #8]
 1682              		.loc 1 355 47
 1683 0078 9B6A     		ldr	r3, [r3, #40]
 1684              		.loc 1 355 5
 1685 007a 9847     		blx	r3
 1686              	.LVL3:
 1687              	.L57:
 356:../src/drivers/packet_process/Process_Packet.c ****   return ret;
 1688              		.loc 1 356 10
 1689 007c 7B68     		ldr	r3, [r7, #4]
 357:../src/drivers/packet_process/Process_Packet.c **** }
 1690              		.loc 1 357 1
 1691 007e 1800     		movs	r0, r3
 1692 0080 BD46     		mov	sp, r7
 1693 0082 03B0     		add	sp, sp, #12
 1694              		@ sp needed
 1695 0084 90BD     		pop	{r4, r7, pc}
 1696              		.cfi_endproc
 1697              	.LFE71:
 1699              		.section	.rodata
 1700 0185 000000   		.align	2
 1701              	.LC13:
 1702 0188 656E7465 		.ascii	"enter Uart_Download_end\000"
 1702      72205561 
 1702      72745F44 
 1702      6F776E6C 
 1702      6F61645F 
 1703              		.align	2
 1704              	.LC14:
 1705 01a0 736F6320 		.ascii	"soc spl bootup success\000"
 1705      73706C20 
 1705      626F6F74 
 1705      75702073 
 1705      75636365 
 1706              		.section	.text.Uart_Download_end,"ax",%progbits
 1707              		.align	1
 1708              		.global	Uart_Download_end
 1709              		.syntax unified
 1710              		.code	16
 1711              		.thumb_func
 1712              		.fpu softvfp
 1714              	Uart_Download_end:
 1715              	.LFB72:
 358:../src/drivers/packet_process/Process_Packet.c **** 
 359:../src/drivers/packet_process/Process_Packet.c **** int Uart_Download_end(void)
 360:../src/drivers/packet_process/Process_Packet.c **** {
 1716              		.loc 1 360 1
 1717              		.cfi_startproc
 1718              		@ args = 0, pretend = 0, frame = 0
 1719              		@ frame_needed = 1, uses_anonymous_args = 0
 1720 0000 80B5     		push	{r7, lr}
 1721              		.cfi_def_cfa_offset 8
 1722              		.cfi_offset 7, -8
 1723              		.cfi_offset 14, -4
 1724 0002 00AF     		add	r7, sp, #0
 1725              		.cfi_def_cfa_register 7
 361:../src/drivers/packet_process/Process_Packet.c ****   printf("enter Uart_Download_end\n");
 1726              		.loc 1 361 3
 1727 0004 40F20003 		movw	r3, #:lower16:.LC13
 1728 0008 C0F20003 		movt	r3, #:upper16:.LC13
 1729 000c 1800     		movs	r0, r3
 1730 000e FFF7FEFF 		bl	puts
 362:../src/drivers/packet_process/Process_Packet.c ****   Set_SPI_High_Resistance();
 1731              		.loc 1 362 3
 1732 0012 FFF7FEFF 		bl	Set_SPI_High_Resistance
 363:../src/drivers/packet_process/Process_Packet.c ****   /* Interactive startup status with soc */
 364:../src/drivers/packet_process/Process_Packet.c **** 
 365:../src/drivers/packet_process/Process_Packet.c ****   /* 1.get spl bootup result */
 366:../src/drivers/packet_process/Process_Packet.c ****   while (SET != gpio_input_bit_get(GPIOB, GPIO_PIN_1));
 1733              		.loc 1 366 9
 1734 0016 C046     		nop
 1735              	.L60:
 1736              		.loc 1 366 17 discriminator 1
 1737 0018 40F20043 		movw	r3, #1024
 1738 001c C4F60003 		movt	r3, 18432
 1739 0020 0221     		movs	r1, #2
 1740 0022 1800     		movs	r0, r3
 1741 0024 FFF7FEFF 		bl	gpio_input_bit_get
 1742 0028 0300     		movs	r3, r0
 1743              		.loc 1 366 9 discriminator 1
 1744 002a 012B     		cmp	r3, #1
 1745 002c F4D1     		bne	.L60
 367:../src/drivers/packet_process/Process_Packet.c ****   printf("soc spl bootup success\n");
 1746              		.loc 1 367 3
 1747 002e 40F20003 		movw	r3, #:lower16:.LC14
 1748 0032 C0F20003 		movt	r3, #:upper16:.LC14
 1749 0036 1800     		movs	r0, r3
 1750 0038 FFF7FEFF 		bl	puts
 368:../src/drivers/packet_process/Process_Packet.c **** 
 369:../src/drivers/packet_process/Process_Packet.c **** #ifdef CONFIG_WAKEUP_FROM_DEEPSLEEP
 370:../src/drivers/packet_process/Process_Packet.c ****   mcu_enter_deepsleep();
 1751              		.loc 1 370 3
 1752 003c FFF7FEFF 		bl	mcu_enter_deepsleep
 371:../src/drivers/packet_process/Process_Packet.c **** #endif
 372:../src/drivers/packet_process/Process_Packet.c ****   return 0;
 1753              		.loc 1 372 10
 1754 0040 0023     		movs	r3, #0
 373:../src/drivers/packet_process/Process_Packet.c **** }
 1755              		.loc 1 373 1
 1756 0042 1800     		movs	r0, r3
 1757 0044 BD46     		mov	sp, r7
 1758              		@ sp needed
 1759 0046 80BD     		pop	{r7, pc}
 1760              		.cfi_endproc
 1761              	.LFE72:
 1763              		.section	.rodata
 1764 01b7 00       		.align	2
 1765              	.LC15:
 1766 01b8 73746172 		.ascii	"start to enter deepsleep\000"
 1766      7420746F 
 1766      20656E74 
 1766      65722064 
 1766      65657073 
 1767 01d1 000000   		.align	2
 1768              	.LC16:
 1769 01d4 6D637520 		.ascii	"mcu enter deepsleep\000"
 1769      656E7465 
 1769      72206465 
 1769      6570736C 
 1769      65657000 
 1770              		.section	.text.mcu_enter_deepsleep,"ax",%progbits
 1771              		.align	1
 1772              		.global	mcu_enter_deepsleep
 1773              		.syntax unified
 1774              		.code	16
 1775              		.thumb_func
 1776              		.fpu softvfp
 1778              	mcu_enter_deepsleep:
 1779              	.LFB73:
 374:../src/drivers/packet_process/Process_Packet.c **** 
 375:../src/drivers/packet_process/Process_Packet.c **** void mcu_enter_deepsleep(void)
 376:../src/drivers/packet_process/Process_Packet.c **** {
 1780              		.loc 1 376 1
 1781              		.cfi_startproc
 1782              		@ args = 0, pretend = 0, frame = 0
 1783              		@ frame_needed = 1, uses_anonymous_args = 0
 1784 0000 80B5     		push	{r7, lr}
 1785              		.cfi_def_cfa_offset 8
 1786              		.cfi_offset 7, -8
 1787              		.cfi_offset 14, -4
 1788 0002 00AF     		add	r7, sp, #0
 1789              		.cfi_def_cfa_register 7
 377:../src/drivers/packet_process/Process_Packet.c ****   printf("start to enter deepsleep\n");
 1790              		.loc 1 377 3
 1791 0004 40F20003 		movw	r3, #:lower16:.LC15
 1792 0008 C0F20003 		movt	r3, #:upper16:.LC15
 1793 000c 1800     		movs	r0, r3
 1794 000e FFF7FEFF 		bl	puts
 378:../src/drivers/packet_process/Process_Packet.c **** 
 379:../src/drivers/packet_process/Process_Packet.c ****   /* 2.reset PA14 for note spl bootup success */
 380:../src/drivers/packet_process/Process_Packet.c ****   MCU_Set_Led_Down();
 1795              		.loc 1 380 3
 1796 0012 FFF7FEFF 		bl	MCU_Set_Led_Down
 381:../src/drivers/packet_process/Process_Packet.c **** 
 382:../src/drivers/packet_process/Process_Packet.c ****   Timer_handler_Clear();
 1797              		.loc 1 382 3
 1798 0016 FFF7FEFF 		bl	Timer_handler_Clear
 383:../src/drivers/packet_process/Process_Packet.c ****   global_sio_handle.pkt_type = BSL_PKT_TYPE_MAX;
 1799              		.loc 1 383 30
 1800 001a 40F20003 		movw	r3, #:lower16:global_sio_handle
 1801 001e C0F20003 		movt	r3, #:upper16:global_sio_handle
 1802 0022 0122     		movs	r2, #1
 1803 0024 5242     		rsbs	r2, r2, #0
 1804 0026 DA80     		strh	r2, [r3, #6]
 384:../src/drivers/packet_process/Process_Packet.c **** 
 385:../src/drivers/packet_process/Process_Packet.c **** #ifdef UART_SPEED_UP
 386:../src/drivers/packet_process/Process_Packet.c ****   com_usart_change_baud(CONFIG_BAUDRATE);
 1805              		.loc 1 386 3
 1806 0028 E123     		movs	r3, #225
 1807 002a 5B02     		lsls	r3, r3, #9
 1808 002c 1800     		movs	r0, r3
 1809 002e FFF7FEFF 		bl	com_usart_change_baud
 387:../src/drivers/packet_process/Process_Packet.c **** #endif
 388:../src/drivers/packet_process/Process_Packet.c **** 
 389:../src/drivers/packet_process/Process_Packet.c ****   rcu_usart_clock_config(RCU_USART0SRC_IRC8M);
 1810              		.loc 1 389 3
 1811 0032 0320     		movs	r0, #3
 1812 0034 FFF7FEFF 		bl	rcu_usart_clock_config
 390:../src/drivers/packet_process/Process_Packet.c **** 
 391:../src/drivers/packet_process/Process_Packet.c ****   com_usart_init(CONFIG_BAUDRATE);
 1813              		.loc 1 391 3
 1814 0038 E123     		movs	r3, #225
 1815 003a 5B02     		lsls	r3, r3, #9
 1816 003c 1800     		movs	r0, r3
 1817 003e FFF7FEFF 		bl	com_usart_init
 392:../src/drivers/packet_process/Process_Packet.c **** 
 393:../src/drivers/packet_process/Process_Packet.c ****   nvic_irq_enable(USART0_IRQn, 0);
 1818              		.loc 1 393 3
 1819 0042 0021     		movs	r1, #0
 1820 0044 1B20     		movs	r0, #27
 1821 0046 FFF7FEFF 		bl	nvic_irq_enable
 394:../src/drivers/packet_process/Process_Packet.c **** 
 395:../src/drivers/packet_process/Process_Packet.c ****   usart_wakeup_mode_config(USART0, USART_WUM_STARTB);
 1822              		.loc 1 395 3
 1823 004a 8023     		movs	r3, #128
 1824 004c 9A03     		lsls	r2, r3, #14
 1825 004e 43F60003 		movw	r3, #14336
 1826 0052 C4F20103 		movt	r3, 16385
 1827 0056 1100     		movs	r1, r2
 1828 0058 1800     		movs	r0, r3
 1829 005a FFF7FEFF 		bl	usart_wakeup_mode_config
 396:../src/drivers/packet_process/Process_Packet.c **** 
 397:../src/drivers/packet_process/Process_Packet.c ****   usart_enable(USART0);
 1830              		.loc 1 397 3
 1831 005e 43F60003 		movw	r3, #14336
 1832 0062 C4F20103 		movt	r3, 16385
 1833 0066 1800     		movs	r0, r3
 1834 0068 FFF7FEFF 		bl	usart_enable
 398:../src/drivers/packet_process/Process_Packet.c ****   /* ensure USART is enabled */
 399:../src/drivers/packet_process/Process_Packet.c ****   while(RESET == usart_flag_get(USART0, USART_FLAG_REA));
 1835              		.loc 1 399 8
 1836 006c C046     		nop
 1837              	.L63:
 1838              		.loc 1 399 18 discriminator 1
 1839 006e 43F60003 		movw	r3, #14336
 1840 0072 C4F20103 		movt	r3, 16385
 1841 0076 40F21671 		movw	r1, #1814
 1842 007a 1800     		movs	r0, r3
 1843 007c FFF7FEFF 		bl	usart_flag_get
 1844 0080 0300     		movs	r3, r0
 1845              		.loc 1 399 8 discriminator 1
 1846 0082 002B     		cmp	r3, #0
 1847 0084 F3D0     		beq	.L63
 400:../src/drivers/packet_process/Process_Packet.c **** 
 401:../src/drivers/packet_process/Process_Packet.c ****   /* check USART is not transmitting */
 402:../src/drivers/packet_process/Process_Packet.c ****   while(SET == usart_flag_get(USART0, USART_FLAG_BSY));
 1848              		.loc 1 402 8
 1849 0086 C046     		nop
 1850              	.L64:
 1851              		.loc 1 402 16 discriminator 1
 1852 0088 43F60003 		movw	r3, #14336
 1853 008c C4F20103 		movt	r3, 16385
 1854 0090 40F21071 		movw	r1, #1808
 1855 0094 1800     		movs	r0, r3
 1856 0096 FFF7FEFF 		bl	usart_flag_get
 1857 009a 0300     		movs	r3, r0
 1858              		.loc 1 402 8 discriminator 1
 1859 009c 012B     		cmp	r3, #1
 1860 009e F3D0     		beq	.L64
 403:../src/drivers/packet_process/Process_Packet.c **** 
 404:../src/drivers/packet_process/Process_Packet.c ****   usart_wakeup_enable(USART0);
 1861              		.loc 1 404 3
 1862 00a0 43F60003 		movw	r3, #14336
 1863 00a4 C4F20103 		movt	r3, 16385
 1864 00a8 1800     		movs	r0, r3
 1865 00aa FFF7FEFF 		bl	usart_wakeup_enable
 405:../src/drivers/packet_process/Process_Packet.c **** 
 406:../src/drivers/packet_process/Process_Packet.c ****   /* enable the WUIE interrupt */
 407:../src/drivers/packet_process/Process_Packet.c ****   usart_interrupt_enable(USART0, USART_INT_WU);
 1866              		.loc 1 407 3
 1867 00ae 43F60003 		movw	r3, #14336
 1868 00b2 C4F20103 		movt	r3, 16385
 1869 00b6 40F21621 		movw	r1, #534
 1870 00ba 1800     		movs	r0, r3
 1871 00bc FFF7FEFF 		bl	usart_interrupt_enable
 408:../src/drivers/packet_process/Process_Packet.c ****   rcu_periph_clock_enable(RCU_PMU);
 1872              		.loc 1 408 3
 1873 00c0 40F21C70 		movw	r0, #1820
 1874 00c4 FFF7FEFF 		bl	rcu_periph_clock_enable
 409:../src/drivers/packet_process/Process_Packet.c **** 
 410:../src/drivers/packet_process/Process_Packet.c ****   printf("mcu enter deepsleep\n");
 1875              		.loc 1 410 3
 1876 00c8 40F20003 		movw	r3, #:lower16:.LC16
 1877 00cc C0F20003 		movt	r3, #:upper16:.LC16
 1878 00d0 1800     		movs	r0, r3
 1879 00d2 FFF7FEFF 		bl	puts
 411:../src/drivers/packet_process/Process_Packet.c ****   pmu_to_deepsleepmode(PMU_LDO_LOWPOWER, WFI_CMD);
 1880              		.loc 1 411 3
 1881 00d6 0021     		movs	r1, #0
 1882 00d8 0120     		movs	r0, #1
 1883 00da FFF7FEFF 		bl	pmu_to_deepsleepmode
 412:../src/drivers/packet_process/Process_Packet.c **** 
 413:../src/drivers/packet_process/Process_Packet.c ****   // MCU_DeepSleepMode();
 414:../src/drivers/packet_process/Process_Packet.c **** }
 1884              		.loc 1 414 1
 1885 00de C046     		nop
 1886 00e0 BD46     		mov	sp, r7
 1887              		@ sp needed
 1888 00e2 80BD     		pop	{r7, pc}
 1889              		.cfi_endproc
 1890              	.LFE73:
 1892              		.section	.rodata
 1893              		.align	2
 1894              	.LC17:
 1895 01e8 4E414E44 		.ascii	"NAND_PAGE_SIZE:%x, spl_bakcup_block_id:%d, spl_page"
 1895      5F504147 
 1895      455F5349 
 1895      5A453A25 
 1895      782C2073 
 1896 021b 5F6E756D 		.ascii	"_num:%d\012\000"
 1896      3A25640A 
 1896      00
 1897              		.align	2
 1898              	.LC18:
 1899 0224 73706C5F 		.ascii	"spl_cycle_page_count:%d, spl_cycle_block_count:%d\012"
 1899      6379636C 
 1899      655F7061 
 1899      67655F63 
 1899      6F756E74 
 1900 0256 00       		.ascii	"\000"
 1901 0257 00       		.align	2
 1902              	.LC19:
 1903 0258 73706C5F 		.ascii	"spl_handle.SPL_ADDR.Block:0x%x, spl_handle.SPL_ADDR"
 1903      68616E64 
 1903      6C652E53 
 1903      504C5F41 
 1903      4444522E 
 1904 028b 2E506167 		.ascii	".Page:0x%x, spl_handle.SPL_ADDR.Area:0x%x\012\000"
 1904      653A3078 
 1904      25782C20 
 1904      73706C5F 
 1904      68616E64 
 1905              		.section	.text.nand_flash_init,"ax",%progbits
 1906              		.align	1
 1907              		.global	nand_flash_init
 1908              		.syntax unified
 1909              		.code	16
 1910              		.thumb_func
 1911              		.fpu softvfp
 1913              	nand_flash_init:
 1914              	.LFB74:
 415:../src/drivers/packet_process/Process_Packet.c **** 
 416:../src/drivers/packet_process/Process_Packet.c **** uint8_t nand_flash_init(void)
 417:../src/drivers/packet_process/Process_Packet.c **** {
 1915              		.loc 1 417 1
 1916              		.cfi_startproc
 1917              		@ args = 0, pretend = 0, frame = 8
 1918              		@ frame_needed = 1, uses_anonymous_args = 0
 1919 0000 90B5     		push	{r4, r7, lr}
 1920              		.cfi_def_cfa_offset 12
 1921              		.cfi_offset 4, -12
 1922              		.cfi_offset 7, -8
 1923              		.cfi_offset 14, -4
 1924 0002 83B0     		sub	sp, sp, #12
 1925              		.cfi_def_cfa_offset 24
 1926 0004 00AF     		add	r7, sp, #0
 1927              		.cfi_def_cfa_register 7
 418:../src/drivers/packet_process/Process_Packet.c ****   NAND_ADDRESS Address = {0, 0, NAND_PAGE_SIZE};
 1928              		.loc 1 418 16
 1929 0006 3B00     		movs	r3, r7
 1930 0008 0022     		movs	r2, #0
 1931 000a 1A80     		strh	r2, [r3]
 1932 000c 3B00     		movs	r3, r7
 1933 000e 0022     		movs	r2, #0
 1934 0010 5A80     		strh	r2, [r3, #2]
 1935 0012 40F20003 		movw	r3, #:lower16:NAND_PAGE_SIZE
 1936 0016 C0F20003 		movt	r3, #:upper16:NAND_PAGE_SIZE
 1937 001a 1B68     		ldr	r3, [r3]
 1938 001c 9AB2     		uxth	r2, r3
 1939 001e 3B00     		movs	r3, r7
 1940 0020 9A80     		strh	r2, [r3, #4]
 419:../src/drivers/packet_process/Process_Packet.c **** 
 420:../src/drivers/packet_process/Process_Packet.c ****   s_spinand_spec_info_ptr = spinand_get_specinfo();
 1941              		.loc 1 420 29
 1942 0022 FFF7FEFF 		bl	spinand_get_specinfo
 1943 0026 0200     		movs	r2, r0
 1944              		.loc 1 420 27
 1945 0028 40F20003 		movw	r3, #:lower16:s_spinand_spec_info_ptr
 1946 002c C0F20003 		movt	r3, #:upper16:s_spinand_spec_info_ptr
 1947 0030 1A60     		str	r2, [r3]
 421:../src/drivers/packet_process/Process_Packet.c ****   if(s_spinand_spec_info_ptr == NULL)
 1948              		.loc 1 421 30
 1949 0032 40F20003 		movw	r3, #:lower16:s_spinand_spec_info_ptr
 1950 0036 C0F20003 		movt	r3, #:upper16:s_spinand_spec_info_ptr
 1951 003a 1B68     		ldr	r3, [r3]
 1952              		.loc 1 421 5
 1953 003c 43B9     		cbnz	r3, .L66
 422:../src/drivers/packet_process/Process_Packet.c ****   {
 423:../src/drivers/packet_process/Process_Packet.c ****     printf("s_spinand_spec_info_ptr == NULL\n");
 1954              		.loc 1 423 5
 1955 003e 40F20003 		movw	r3, #:lower16:.LC1
 1956 0042 C0F20003 		movt	r3, #:upper16:.LC1
 1957 0046 1800     		movs	r0, r3
 1958 0048 FFF7FEFF 		bl	puts
 424:../src/drivers/packet_process/Process_Packet.c ****     return -1;
 1959              		.loc 1 424 12
 1960 004c FF23     		movs	r3, #255
 1961 004e 26E1     		b	.L74
 1962              	.L66:
 425:../src/drivers/packet_process/Process_Packet.c ****   }
 426:../src/drivers/packet_process/Process_Packet.c ****   s_spinand_spec_info_ptr->spinnad_operation->spinand_config();
 1963              		.loc 1 426 26
 1964 0050 40F20003 		movw	r3, #:lower16:s_spinand_spec_info_ptr
 1965 0054 C0F20003 		movt	r3, #:upper16:s_spinand_spec_info_ptr
 1966 0058 1B68     		ldr	r3, [r3]
 1967 005a 9B68     		ldr	r3, [r3, #8]
 1968              		.loc 1 426 45
 1969 005c 5B6A     		ldr	r3, [r3, #36]
 1970              		.loc 1 426 3
 1971 005e 9847     		blx	r3
 1972              	.LVL4:
 427:../src/drivers/packet_process/Process_Packet.c **** 
 428:../src/drivers/packet_process/Process_Packet.c ****   nand_block_size = NAND_PAGE_SIZE * NAND_PAGE_PER_BLK;
 1973              		.loc 1 428 36
 1974 0060 40F20003 		movw	r3, #:lower16:NAND_PAGE_SIZE
 1975 0064 C0F20003 		movt	r3, #:upper16:NAND_PAGE_SIZE
 1976 0068 1A68     		ldr	r2, [r3]
 1977 006a 40F20003 		movw	r3, #:lower16:NAND_PAGE_PER_BLK
 1978 006e C0F20003 		movt	r3, #:upper16:NAND_PAGE_PER_BLK
 1979 0072 1B68     		ldr	r3, [r3]
 1980 0074 5A43     		muls	r2, r3
 1981              		.loc 1 428 19
 1982 0076 40F20003 		movw	r3, #:lower16:nand_block_size
 1983 007a C0F20003 		movt	r3, #:upper16:nand_block_size
 1984 007e 1A60     		str	r2, [r3]
 429:../src/drivers/packet_process/Process_Packet.c ****   spl_bakcup_block_id = SPL_MTD_PART_SIZE / nand_block_size;
 1985              		.loc 1 429 43
 1986 0080 40F20003 		movw	r3, #:lower16:nand_block_size
 1987 0084 C0F20003 		movt	r3, #:upper16:nand_block_size
 1988 0088 1B68     		ldr	r3, [r3]
 1989 008a 8022     		movs	r2, #128
 1990 008c 1203     		lsls	r2, r2, #12
 1991 008e 92FBF3F2 		sdiv	r2, r2, r3
 1992              		.loc 1 429 23
 1993 0092 40F20003 		movw	r3, #:lower16:spl_bakcup_block_id
 1994 0096 C0F20003 		movt	r3, #:upper16:spl_bakcup_block_id
 1995 009a 1A60     		str	r2, [r3]
 430:../src/drivers/packet_process/Process_Packet.c **** 
 431:../src/drivers/packet_process/Process_Packet.c ****   spl_page_num = nand_block_size/NAND_PAGE_SIZE;
 1996              		.loc 1 431 33
 1997 009c 40F20003 		movw	r3, #:lower16:nand_block_size
 1998 00a0 C0F20003 		movt	r3, #:upper16:nand_block_size
 1999 00a4 1A68     		ldr	r2, [r3]
 2000 00a6 40F20003 		movw	r3, #:lower16:NAND_PAGE_SIZE
 2001 00aa C0F20003 		movt	r3, #:upper16:NAND_PAGE_SIZE
 2002 00ae 1B68     		ldr	r3, [r3]
 2003 00b0 92FBF3F2 		sdiv	r2, r2, r3
 2004              		.loc 1 431 16
 2005 00b4 40F20003 		movw	r3, #:lower16:spl_page_num
 2006 00b8 C0F20003 		movt	r3, #:upper16:spl_page_num
 2007 00bc 1A60     		str	r2, [r3]
 432:../src/drivers/packet_process/Process_Packet.c ****   spl_cycle_page_count = NAND_PAGE_SIZE/SPL_SUBPACKAGE_SIZE;
 2008              		.loc 1 432 40
 2009 00be 40F20003 		movw	r3, #:lower16:NAND_PAGE_SIZE
 2010 00c2 C0F20003 		movt	r3, #:upper16:NAND_PAGE_SIZE
 2011 00c6 1B68     		ldr	r3, [r3]
 2012 00c8 002B     		cmp	r3, #0
 2013 00ca 02DA     		bge	.L68
 2014 00cc 40F2FF3C 		movw	ip, #1023
 2015 00d0 6344     		add	r3, r3, ip
 2016              	.L68:
 2017 00d2 9B12     		asrs	r3, r3, #10
 2018 00d4 1A00     		movs	r2, r3
 2019              		.loc 1 432 24
 2020 00d6 40F20003 		movw	r3, #:lower16:spl_cycle_page_count
 2021 00da C0F20003 		movt	r3, #:upper16:spl_cycle_page_count
 2022 00de 1A60     		str	r2, [r3]
 433:../src/drivers/packet_process/Process_Packet.c ****   spl_cycle_block_count = nand_block_size/NAND_PAGE_SIZE;
 2023              		.loc 1 433 42
 2024 00e0 40F20003 		movw	r3, #:lower16:nand_block_size
 2025 00e4 C0F20003 		movt	r3, #:upper16:nand_block_size
 2026 00e8 1A68     		ldr	r2, [r3]
 2027 00ea 40F20003 		movw	r3, #:lower16:NAND_PAGE_SIZE
 2028 00ee C0F20003 		movt	r3, #:upper16:NAND_PAGE_SIZE
 2029 00f2 1B68     		ldr	r3, [r3]
 2030 00f4 92FBF3F2 		sdiv	r2, r2, r3
 2031              		.loc 1 433 25
 2032 00f8 40F20003 		movw	r3, #:lower16:spl_cycle_block_count
 2033 00fc C0F20003 		movt	r3, #:upper16:spl_cycle_block_count
 2034 0100 1A60     		str	r2, [r3]
 2035              	.LBB2:
 434:../src/drivers/packet_process/Process_Packet.c **** 
 435:../src/drivers/packet_process/Process_Packet.c ****   for(uint8_t i = 0; i < 2; i++)
 2036              		.loc 1 435 15
 2037 0102 FB1D     		adds	r3, r7, #7
 2038 0104 0022     		movs	r2, #0
 2039 0106 1A70     		strb	r2, [r3]
 2040              		.loc 1 435 3
 2041 0108 1EE0     		b	.L69
 2042              	.L70:
 436:../src/drivers/packet_process/Process_Packet.c ****   {
 437:../src/drivers/packet_process/Process_Packet.c ****       Address.Block = i;
 2043              		.loc 1 437 21 discriminator 3
 2044 010a FB1D     		adds	r3, r7, #7
 2045 010c 1B78     		ldrb	r3, [r3]
 2046 010e 9AB2     		uxth	r2, r3
 2047 0110 3B00     		movs	r3, r7
 2048 0112 1A80     		strh	r2, [r3]
 438:../src/drivers/packet_process/Process_Packet.c ****       s_spinand_spec_info_ptr->spinnad_operation->spinand_check_blockstatus(Address, &spl_handle.bl
 2049              		.loc 1 438 30 discriminator 3
 2050 0114 40F20003 		movw	r3, #:lower16:s_spinand_spec_info_ptr
 2051 0118 C0F20003 		movt	r3, #:upper16:s_spinand_spec_info_ptr
 2052 011c 1B68     		ldr	r3, [r3]
 2053 011e 9B68     		ldr	r3, [r3, #8]
 2054              		.loc 1 438 49 discriminator 3
 2055 0120 DC6A     		ldr	r4, [r3, #44]
 2056              		.loc 1 438 107 discriminator 3
 2057 0122 FB1D     		adds	r3, r7, #7
 2058 0124 1B78     		ldrb	r3, [r3]
 2059              		.loc 1 438 7 discriminator 3
 2060 0126 0333     		adds	r3, r3, #3
 2061 0128 FF33     		adds	r3, r3, #255
 2062 012a 9A00     		lsls	r2, r3, #2
 2063 012c 40F20003 		movw	r3, #:lower16:spl_handle
 2064 0130 C0F20003 		movt	r3, #:upper16:spl_handle
 2065 0134 D218     		adds	r2, r2, r3
 2066 0136 3B00     		movs	r3, r7
 2067 0138 1868     		ldr	r0, [r3]
 2068 013a 5968     		ldr	r1, [r3, #4]
 2069 013c A047     		blx	r4
 2070              	.LVL5:
 435:../src/drivers/packet_process/Process_Packet.c ****   {
 2071              		.loc 1 435 30 discriminator 3
 2072 013e FB1D     		adds	r3, r7, #7
 2073 0140 1A78     		ldrb	r2, [r3]
 2074 0142 FB1D     		adds	r3, r7, #7
 2075 0144 0132     		adds	r2, r2, #1
 2076 0146 1A70     		strb	r2, [r3]
 2077              	.L69:
 435:../src/drivers/packet_process/Process_Packet.c ****   {
 2078              		.loc 1 435 3 discriminator 1
 2079 0148 FB1D     		adds	r3, r7, #7
 2080 014a 1B78     		ldrb	r3, [r3]
 2081 014c 012B     		cmp	r3, #1
 2082 014e DCD9     		bls	.L70
 2083              	.LBE2:
 439:../src/drivers/packet_process/Process_Packet.c ****   }
 440:../src/drivers/packet_process/Process_Packet.c **** 
 441:../src/drivers/packet_process/Process_Packet.c ****   if(spl_handle.blockArea[0].BlockStatus==0xFFFF)
 2084              		.loc 1 441 29
 2085 0150 40F20003 		movw	r3, #:lower16:spl_handle
 2086 0154 C0F20003 		movt	r3, #:upper16:spl_handle
 2087 0158 40F20842 		movw	r2, #1032
 2088 015c 9B5A     		ldrh	r3, [r3, r2]
 2089              		.loc 1 441 5
 2090 015e 4FF6FF72 		movw	r2, #65535
 2091 0162 9342     		cmp	r3, r2
 2092 0164 08D1     		bne	.L71
 442:../src/drivers/packet_process/Process_Packet.c ****   {
 443:../src/drivers/packet_process/Process_Packet.c ****     spl_handle.SPL_ADDR.Block=SPL_BLOCK_ID;
 2093              		.loc 1 443 30
 2094 0166 40F20003 		movw	r3, #:lower16:spl_handle
 2095 016a C0F20003 		movt	r3, #:upper16:spl_handle
 2096 016e 40F21042 		movw	r2, #1040
 2097 0172 0021     		movs	r1, #0
 2098 0174 9952     		strh	r1, [r3, r2]
 2099 0176 1DE0     		b	.L72
 2100              	.L71:
 444:../src/drivers/packet_process/Process_Packet.c ****   }
 445:../src/drivers/packet_process/Process_Packet.c ****   else if(spl_handle.blockArea[1].BlockStatus==0xFFFF)
 2101              		.loc 1 445 34
 2102 0178 40F20003 		movw	r3, #:lower16:spl_handle
 2103 017c C0F20003 		movt	r3, #:upper16:spl_handle
 2104 0180 40F20C42 		movw	r2, #1036
 2105 0184 9B5A     		ldrh	r3, [r3, r2]
 2106              		.loc 1 445 10
 2107 0186 4FF6FF72 		movw	r2, #65535
 2108 018a 9342     		cmp	r3, r2
 2109 018c 0DD1     		bne	.L73
 446:../src/drivers/packet_process/Process_Packet.c ****   {
 447:../src/drivers/packet_process/Process_Packet.c ****     spl_handle.SPL_ADDR.Block=spl_bakcup_block_id;
 2110              		.loc 1 447 30
 2111 018e 40F20003 		movw	r3, #:lower16:spl_bakcup_block_id
 2112 0192 C0F20003 		movt	r3, #:upper16:spl_bakcup_block_id
 2113 0196 1B68     		ldr	r3, [r3]
 2114 0198 99B2     		uxth	r1, r3
 2115 019a 40F20003 		movw	r3, #:lower16:spl_handle
 2116 019e C0F20003 		movt	r3, #:upper16:spl_handle
 2117 01a2 40F21042 		movw	r2, #1040
 2118 01a6 9952     		strh	r1, [r3, r2]
 2119 01a8 04E0     		b	.L72
 2120              	.L73:
 448:../src/drivers/packet_process/Process_Packet.c ****   }
 449:../src/drivers/packet_process/Process_Packet.c ****   else
 450:../src/drivers/packet_process/Process_Packet.c ****   {
 451:../src/drivers/packet_process/Process_Packet.c ****     check_failed_process(READ_NANDFLASH_BLOCK1_ERROR);
 2121              		.loc 1 451 5
 2122 01aa 8820     		movs	r0, #136
 2123 01ac FFF7FEFF 		bl	check_failed_process
 452:../src/drivers/packet_process/Process_Packet.c ****     return READ_NANDFLASH_BLOCK1_ERROR;
 2124              		.loc 1 452 12
 2125 01b0 8823     		movs	r3, #136
 2126 01b2 74E0     		b	.L74
 2127              	.L72:
 453:../src/drivers/packet_process/Process_Packet.c ****   }
 454:../src/drivers/packet_process/Process_Packet.c **** 
 455:../src/drivers/packet_process/Process_Packet.c ****   printf("NAND_PAGE_SIZE:%x, spl_bakcup_block_id:%d, spl_page_num:%d\n", NAND_PAGE_SIZE, spl_bakcup
 2128              		.loc 1 455 3
 2129 01b4 40F20003 		movw	r3, #:lower16:NAND_PAGE_SIZE
 2130 01b8 C0F20003 		movt	r3, #:upper16:NAND_PAGE_SIZE
 2131 01bc 1968     		ldr	r1, [r3]
 2132 01be 40F20003 		movw	r3, #:lower16:spl_bakcup_block_id
 2133 01c2 C0F20003 		movt	r3, #:upper16:spl_bakcup_block_id
 2134 01c6 1A68     		ldr	r2, [r3]
 2135 01c8 40F20003 		movw	r3, #:lower16:spl_page_num
 2136 01cc C0F20003 		movt	r3, #:upper16:spl_page_num
 2137 01d0 1B68     		ldr	r3, [r3]
 2138 01d2 40F20000 		movw	r0, #:lower16:.LC17
 2139 01d6 C0F20000 		movt	r0, #:upper16:.LC17
 2140 01da FFF7FEFF 		bl	printf
 456:../src/drivers/packet_process/Process_Packet.c ****   printf("spl_cycle_page_count:%d, spl_cycle_block_count:%d\n", spl_cycle_page_count, spl_cycle_blo
 2141              		.loc 1 456 3
 2142 01de 40F20003 		movw	r3, #:lower16:spl_cycle_page_count
 2143 01e2 C0F20003 		movt	r3, #:upper16:spl_cycle_page_count
 2144 01e6 1968     		ldr	r1, [r3]
 2145 01e8 40F20003 		movw	r3, #:lower16:spl_cycle_block_count
 2146 01ec C0F20003 		movt	r3, #:upper16:spl_cycle_block_count
 2147 01f0 1A68     		ldr	r2, [r3]
 2148 01f2 40F20003 		movw	r3, #:lower16:.LC18
 2149 01f6 C0F20003 		movt	r3, #:upper16:.LC18
 2150 01fa 1800     		movs	r0, r3
 2151 01fc FFF7FEFF 		bl	printf
 457:../src/drivers/packet_process/Process_Packet.c **** 
 458:../src/drivers/packet_process/Process_Packet.c ****   spl_handle.SPL_ADDR.Page = SPL_START_PAGE_ID;
 2152              		.loc 1 458 28
 2153 0200 40F20003 		movw	r3, #:lower16:spl_handle
 2154 0204 C0F20003 		movt	r3, #:upper16:spl_handle
 2155 0208 40F21242 		movw	r2, #1042
 2156 020c 0021     		movs	r1, #0
 2157 020e 9952     		strh	r1, [r3, r2]
 459:../src/drivers/packet_process/Process_Packet.c ****   spl_handle.SPL_ADDR.Area = 0;
 2158              		.loc 1 459 28
 2159 0210 40F20003 		movw	r3, #:lower16:spl_handle
 2160 0214 C0F20003 		movt	r3, #:upper16:spl_handle
 2161 0218 40F21442 		movw	r2, #1044
 2162 021c 0021     		movs	r1, #0
 2163 021e 9952     		strh	r1, [r3, r2]
 460:../src/drivers/packet_process/Process_Packet.c ****   spl_handle.SPL_Temp = spl_handle.SPL_Buffer;
 2164              		.loc 1 460 23
 2165 0220 40F20003 		movw	r3, #:lower16:spl_handle
 2166 0224 C0F20003 		movt	r3, #:upper16:spl_handle
 2167 0228 40F20041 		movw	r1, #1024
 2168 022c 40F20002 		movw	r2, #:lower16:spl_handle
 2169 0230 C0F20002 		movt	r2, #:upper16:spl_handle
 2170 0234 5A50     		str	r2, [r3, r1]
 461:../src/drivers/packet_process/Process_Packet.c ****   spl_handle.SPL_Size = 0;
 2171              		.loc 1 461 23
 2172 0236 40F20003 		movw	r3, #:lower16:spl_handle
 2173 023a C0F20003 		movt	r3, #:upper16:spl_handle
 2174 023e 40F20442 		movw	r2, #1028
 2175 0242 0021     		movs	r1, #0
 2176 0244 9950     		str	r1, [r3, r2]
 462:../src/drivers/packet_process/Process_Packet.c ****   memset(spl_handle.SPL_Temp, 0, SPL_PACKET_SIZE);
 2177              		.loc 1 462 20
 2178 0246 40F20003 		movw	r3, #:lower16:spl_handle
 2179 024a C0F20003 		movt	r3, #:upper16:spl_handle
 2180 024e 40F20042 		movw	r2, #1024
 2181 0252 9B58     		ldr	r3, [r3, r2]
 2182              		.loc 1 462 3
 2183 0254 40F20042 		movw	r2, #1024
 2184 0258 0021     		movs	r1, #0
 2185 025a 1800     		movs	r0, r3
 2186 025c FFF7FEFF 		bl	memset
 463:../src/drivers/packet_process/Process_Packet.c **** 
 464:../src/drivers/packet_process/Process_Packet.c ****   printf("spl_handle.SPL_ADDR.Block:0x%x, spl_handle.SPL_ADDR.Page:0x%x, spl_handle.SPL_ADDR.Area:0
 2187              		.loc 1 464 127
 2188 0260 40F20003 		movw	r3, #:lower16:spl_handle
 2189 0264 C0F20003 		movt	r3, #:upper16:spl_handle
 2190 0268 40F21042 		movw	r2, #1040
 2191 026c 9B5A     		ldrh	r3, [r3, r2]
 2192              		.loc 1 464 3
 2193 026e 1900     		movs	r1, r3
 2194              		.loc 1 464 154
 2195 0270 40F20003 		movw	r3, #:lower16:spl_handle
 2196 0274 C0F20003 		movt	r3, #:upper16:spl_handle
 2197 0278 40F21242 		movw	r2, #1042
 2198 027c 9B5A     		ldrh	r3, [r3, r2]
 2199              		.loc 1 464 3
 2200 027e 1C00     		movs	r4, r3
 2201              		.loc 1 464 180
 2202 0280 40F20003 		movw	r3, #:lower16:spl_handle
 2203 0284 C0F20003 		movt	r3, #:upper16:spl_handle
 2204 0288 40F21442 		movw	r2, #1044
 2205 028c 9B5A     		ldrh	r3, [r3, r2]
 2206              		.loc 1 464 3
 2207 028e 40F20000 		movw	r0, #:lower16:.LC19
 2208 0292 C0F20000 		movt	r0, #:upper16:.LC19
 2209 0296 2200     		movs	r2, r4
 2210 0298 FFF7FEFF 		bl	printf
 465:../src/drivers/packet_process/Process_Packet.c **** 
 466:../src/drivers/packet_process/Process_Packet.c ****   return NAND_OK;
 2211              		.loc 1 466 10
 2212 029c 0023     		movs	r3, #0
 2213              	.L74:
 467:../src/drivers/packet_process/Process_Packet.c **** }
 2214              		.loc 1 467 1 discriminator 1
 2215 029e 1800     		movs	r0, r3
 2216 02a0 BD46     		mov	sp, r7
 2217 02a2 03B0     		add	sp, sp, #12
 2218              		@ sp needed
 2219 02a4 90BD     		pop	{r4, r7, pc}
 2220              		.cfi_endproc
 2221              	.LFE74:
 2223              		.section	.text.Timer_handler_Clear,"ax",%progbits
 2224              		.align	1
 2225              		.global	Timer_handler_Clear
 2226              		.syntax unified
 2227              		.code	16
 2228              		.thumb_func
 2229              		.fpu softvfp
 2231              	Timer_handler_Clear:
 2232              	.LFB75:
 468:../src/drivers/packet_process/Process_Packet.c **** 
 469:../src/drivers/packet_process/Process_Packet.c **** void Timer_handler_Clear(void)
 470:../src/drivers/packet_process/Process_Packet.c **** {
 2233              		.loc 1 470 1
 2234              		.cfi_startproc
 2235              		@ args = 0, pretend = 0, frame = 0
 2236              		@ frame_needed = 1, uses_anonymous_args = 0
 2237 0000 80B5     		push	{r7, lr}
 2238              		.cfi_def_cfa_offset 8
 2239              		.cfi_offset 7, -8
 2240              		.cfi_offset 14, -4
 2241 0002 00AF     		add	r7, sp, #0
 2242              		.cfi_def_cfa_register 7
 471:../src/drivers/packet_process/Process_Packet.c ****   memset(&timer_handle, 0, sizeof(send_timer_t));
 2243              		.loc 1 471 3
 2244 0004 40F20003 		movw	r3, #:lower16:timer_handle
 2245 0008 C0F20003 		movt	r3, #:upper16:timer_handle
 2246 000c 0C22     		movs	r2, #12
 2247 000e 0021     		movs	r1, #0
 2248 0010 1800     		movs	r0, r3
 2249 0012 FFF7FEFF 		bl	memset
 472:../src/drivers/packet_process/Process_Packet.c **** }
 2250              		.loc 1 472 1
 2251 0016 C046     		nop
 2252 0018 BD46     		mov	sp, r7
 2253              		@ sp needed
 2254 001a 80BD     		pop	{r7, pc}
 2255              		.cfi_endproc
 2256              	.LFE75:
 2258              		.section	.text.Timer_handler_Start,"ax",%progbits
 2259              		.align	1
 2260              		.global	Timer_handler_Start
 2261              		.syntax unified
 2262              		.code	16
 2263              		.thumb_func
 2264              		.fpu softvfp
 2266              	Timer_handler_Start:
 2267              	.LFB76:
 473:../src/drivers/packet_process/Process_Packet.c **** 
 474:../src/drivers/packet_process/Process_Packet.c **** void Timer_handler_Start(int times)
 475:../src/drivers/packet_process/Process_Packet.c **** {
 2268              		.loc 1 475 1
 2269              		.cfi_startproc
 2270              		@ args = 0, pretend = 0, frame = 8
 2271              		@ frame_needed = 1, uses_anonymous_args = 0
 2272 0000 80B5     		push	{r7, lr}
 2273              		.cfi_def_cfa_offset 8
 2274              		.cfi_offset 7, -8
 2275              		.cfi_offset 14, -4
 2276 0002 82B0     		sub	sp, sp, #8
 2277              		.cfi_def_cfa_offset 16
 2278 0004 00AF     		add	r7, sp, #0
 2279              		.cfi_def_cfa_register 7
 2280 0006 7860     		str	r0, [r7, #4]
 476:../src/drivers/packet_process/Process_Packet.c ****   memset(&timer_handle, 0, sizeof(send_timer_t));
 2281              		.loc 1 476 3
 2282 0008 40F20003 		movw	r3, #:lower16:timer_handle
 2283 000c C0F20003 		movt	r3, #:upper16:timer_handle
 2284 0010 0C22     		movs	r2, #12
 2285 0012 0021     		movs	r1, #0
 2286 0014 1800     		movs	r0, r3
 2287 0016 FFF7FEFF 		bl	memset
 477:../src/drivers/packet_process/Process_Packet.c ****   timer_handle.Timer_Start_Flag = 1;
 2288              		.loc 1 477 33
 2289 001a 40F20003 		movw	r3, #:lower16:timer_handle
 2290 001e C0F20003 		movt	r3, #:upper16:timer_handle
 2291 0022 0122     		movs	r2, #1
 2292 0024 1A70     		strb	r2, [r3]
 478:../src/drivers/packet_process/Process_Packet.c ****   timer_handle.timeout_time = timer_handle.Timer_Count + times;
 2293              		.loc 1 478 43
 2294 0026 40F20003 		movw	r3, #:lower16:timer_handle
 2295 002a C0F20003 		movt	r3, #:upper16:timer_handle
 2296 002e 5A68     		ldr	r2, [r3, #4]
 2297              		.loc 1 478 56
 2298 0030 7B68     		ldr	r3, [r7, #4]
 2299 0032 D218     		adds	r2, r2, r3
 2300              		.loc 1 478 29
 2301 0034 40F20003 		movw	r3, #:lower16:timer_handle
 2302 0038 C0F20003 		movt	r3, #:upper16:timer_handle
 2303 003c 9A60     		str	r2, [r3, #8]
 479:../src/drivers/packet_process/Process_Packet.c **** }
 2304              		.loc 1 479 1
 2305 003e C046     		nop
 2306 0040 BD46     		mov	sp, r7
 2307 0042 02B0     		add	sp, sp, #8
 2308              		@ sp needed
 2309 0044 80BD     		pop	{r7, pc}
 2310              		.cfi_endproc
 2311              	.LFE76:
 2313              		.section	.rodata
 2314 02b6 0000     		.align	2
 2315              	.LC20:
 2316 02b8 65636320 		.ascii	"ecc error!\000"
 2316      6572726F 
 2316      722100
 2317 02c3 00       		.align	2
 2318              	.LC21:
 2319 02c4 6E616E64 		.ascii	"nand flash read error, ret = %d\012\000"
 2319      20666C61 
 2319      73682072 
 2319      65616420 
 2319      6572726F 
 2320              		.section	.text.SPL_GetNandFlashData,"ax",%progbits
 2321              		.align	1
 2322              		.global	SPL_GetNandFlashData
 2323              		.syntax unified
 2324              		.code	16
 2325              		.thumb_func
 2326              		.fpu softvfp
 2328              	SPL_GetNandFlashData:
 2329              	.LFB77:
 480:../src/drivers/packet_process/Process_Packet.c **** 
 481:../src/drivers/packet_process/Process_Packet.c **** int SPL_GetNandFlashData(int length)
 482:../src/drivers/packet_process/Process_Packet.c **** {
 2330              		.loc 1 482 1
 2331              		.cfi_startproc
 2332              		@ args = 0, pretend = 0, frame = 16
 2333              		@ frame_needed = 1, uses_anonymous_args = 0
 2334 0000 90B5     		push	{r4, r7, lr}
 2335              		.cfi_def_cfa_offset 12
 2336              		.cfi_offset 4, -12
 2337              		.cfi_offset 7, -8
 2338              		.cfi_offset 14, -4
 2339 0002 85B0     		sub	sp, sp, #20
 2340              		.cfi_def_cfa_offset 32
 2341 0004 00AF     		add	r7, sp, #0
 2342              		.cfi_def_cfa_register 7
 2343 0006 7860     		str	r0, [r7, #4]
 483:../src/drivers/packet_process/Process_Packet.c ****   int ret = 0;
 2344              		.loc 1 483 7
 2345 0008 0023     		movs	r3, #0
 2346 000a FB60     		str	r3, [r7, #12]
 484:../src/drivers/packet_process/Process_Packet.c ****   static int cnt = 0;
 485:../src/drivers/packet_process/Process_Packet.c ****   static int start = 0;
 486:../src/drivers/packet_process/Process_Packet.c ****   if (spl_handle.SPL_ADDR.Page > spl_page_num)
 2347              		.loc 1 486 26
 2348 000c 40F20003 		movw	r3, #:lower16:spl_handle
 2349 0010 C0F20003 		movt	r3, #:upper16:spl_handle
 2350 0014 40F21242 		movw	r2, #1042
 2351 0018 9B5A     		ldrh	r3, [r3, r2]
 2352 001a 1A00     		movs	r2, r3
 2353              		.loc 1 486 32
 2354 001c 40F20003 		movw	r3, #:lower16:spl_page_num
 2355 0020 C0F20003 		movt	r3, #:upper16:spl_page_num
 2356 0024 1B68     		ldr	r3, [r3]
 2357              		.loc 1 486 6
 2358 0026 9A42     		cmp	r2, r3
 2359 0028 01DD     		ble	.L78
 487:../src/drivers/packet_process/Process_Packet.c ****   {
 488:../src/drivers/packet_process/Process_Packet.c ****     return READ_NANDFLASH_PAGE_LIMIT_ERROR;
 2360              		.loc 1 488 12
 2361 002a 8923     		movs	r3, #137
 2362 002c 31E2     		b	.L79
 2363              	.L78:
 489:../src/drivers/packet_process/Process_Packet.c ****   }
 490:../src/drivers/packet_process/Process_Packet.c **** 
 491:../src/drivers/packet_process/Process_Packet.c ****   spl_handle.SPL_ADDR.Area = cnt * length;
 2364              		.loc 1 491 28
 2365 002e 40F20003 		movw	r3, #:lower16:cnt.7731
 2366 0032 C0F20003 		movt	r3, #:upper16:cnt.7731
 2367 0036 1B68     		ldr	r3, [r3]
 2368 0038 9BB2     		uxth	r3, r3
 2369 003a 7A68     		ldr	r2, [r7, #4]
 2370 003c 92B2     		uxth	r2, r2
 2371 003e 5343     		muls	r3, r2
 2372 0040 99B2     		uxth	r1, r3
 2373 0042 40F20003 		movw	r3, #:lower16:spl_handle
 2374 0046 C0F20003 		movt	r3, #:upper16:spl_handle
 2375 004a 40F21442 		movw	r2, #1044
 2376 004e 9952     		strh	r1, [r3, r2]
 492:../src/drivers/packet_process/Process_Packet.c **** #ifdef DEBUG_DATA
 493:../src/drivers/packet_process/Process_Packet.c ****   printf("spl_handle.SPL_ADDR.Block:0x%x, spl_handle.SPL_ADDR.Page:0x%x, spl_handle.SPL_ADDR.Area:0
 494:../src/drivers/packet_process/Process_Packet.c **** #endif
 495:../src/drivers/packet_process/Process_Packet.c ****   ret = NANDFLASH_Read(spl_handle.SPL_ADDR,spl_handle.SPL_Buffer,length);
 2377              		.loc 1 495 9
 2378 0050 7B68     		ldr	r3, [r7, #4]
 2379 0052 9BB2     		uxth	r3, r3
 2380 0054 40F20002 		movw	r2, #:lower16:spl_handle
 2381 0058 C0F20002 		movt	r2, #:upper16:spl_handle
 2382 005c 40F20001 		movw	r1, #:lower16:spl_handle
 2383 0060 C0F20001 		movt	r1, #:upper16:spl_handle
 2384 0064 40F21044 		movw	r4, #1040
 2385 0068 0859     		ldr	r0, [r1, r4]
 2386 006a 0919     		adds	r1, r1, r4
 2387 006c 4968     		ldr	r1, [r1, #4]
 2388 006e FFF7FEFF 		bl	NANDFLASH_Read
 2389 0072 0300     		movs	r3, r0
 2390              		.loc 1 495 7
 2391 0074 FB60     		str	r3, [r7, #12]
 496:../src/drivers/packet_process/Process_Packet.c ****   cnt++;
 2392              		.loc 1 496 6
 2393 0076 40F20003 		movw	r3, #:lower16:cnt.7731
 2394 007a C0F20003 		movt	r3, #:upper16:cnt.7731
 2395 007e 1B68     		ldr	r3, [r3]
 2396 0080 5A1C     		adds	r2, r3, #1
 2397 0082 40F20003 		movw	r3, #:lower16:cnt.7731
 2398 0086 C0F20003 		movt	r3, #:upper16:cnt.7731
 2399 008a 1A60     		str	r2, [r3]
 497:../src/drivers/packet_process/Process_Packet.c ****   if((ret==READ_NANDFLASH_ECC_ERROR && spl_handle.blockArea[0].BlockStatus==0xFFFF && spl_handle.bl
 2400              		.loc 1 497 5
 2401 008c FB68     		ldr	r3, [r7, #12]
 2402 008e 9A2B     		cmp	r3, #154
 2403 0090 00D0     		beq	.LCB1809
 2404 0092 72E1     		b	.L80	@long jump
 2405              	.LCB1809:
 2406              		.loc 1 497 63 discriminator 1
 2407 0094 40F20003 		movw	r3, #:lower16:spl_handle
 2408 0098 C0F20003 		movt	r3, #:upper16:spl_handle
 2409 009c 40F20842 		movw	r2, #1032
 2410 00a0 9B5A     		ldrh	r3, [r3, r2]
 2411              		.loc 1 497 37 discriminator 1
 2412 00a2 4FF6FF72 		movw	r2, #65535
 2413 00a6 9342     		cmp	r3, r2
 2414 00a8 00D0     		beq	.LCB1816
 2415 00aa 66E1     		b	.L80	@long jump
 2416              	.LCB1816:
 2417              		.loc 1 497 110 discriminator 2
 2418 00ac 40F20003 		movw	r3, #:lower16:spl_handle
 2419 00b0 C0F20003 		movt	r3, #:upper16:spl_handle
 2420 00b4 40F20C42 		movw	r2, #1036
 2421 00b8 9B5A     		ldrh	r3, [r3, r2]
 2422              		.loc 1 497 84 discriminator 2
 2423 00ba 4FF6FF72 		movw	r2, #65535
 2424 00be 9342     		cmp	r3, r2
 2425 00c0 00D0     		beq	.LCB1823
 2426 00c2 5AE1     		b	.L80	@long jump
 2427              	.LCB1823:
 498:../src/drivers/packet_process/Process_Packet.c ****   {
 499:../src/drivers/packet_process/Process_Packet.c ****     printf("ecc error!\n");
 2428              		.loc 1 499 5
 2429 00c4 40F20003 		movw	r3, #:lower16:.LC20
 2430 00c8 C0F20003 		movt	r3, #:upper16:.LC20
 2431 00cc 1800     		movs	r0, r3
 2432 00ce FFF7FEFF 		bl	puts
 500:../src/drivers/packet_process/Process_Packet.c ****     if (NAND_PAGE_SIZE == 0x800) {
 2433              		.loc 1 500 24
 2434 00d2 40F20003 		movw	r3, #:lower16:NAND_PAGE_SIZE
 2435 00d6 C0F20003 		movt	r3, #:upper16:NAND_PAGE_SIZE
 2436 00da 1B68     		ldr	r3, [r3]
 2437              		.loc 1 500 8
 2438 00dc 40F60002 		movw	r2, #2048
 2439 00e0 9342     		cmp	r3, r2
 2440 00e2 00D0     		beq	.LCB1833
 2441 00e4 D8E0     		b	.L81	@long jump
 2442              	.LCB1833:
 501:../src/drivers/packet_process/Process_Packet.c ****       if (spl_handle.SPL_ADDR.Block == SPL_BLOCK_ID) {
 2443              		.loc 1 501 30
 2444 00e6 40F20003 		movw	r3, #:lower16:spl_handle
 2445 00ea C0F20003 		movt	r3, #:upper16:spl_handle
 2446 00ee 40F21042 		movw	r2, #1040
 2447 00f2 9B5A     		ldrh	r3, [r3, r2]
 2448              		.loc 1 501 10
 2449 00f4 43BB     		cbnz	r3, .L82
 502:../src/drivers/packet_process/Process_Packet.c ****         spl_handle.SPL_ADDR.Block = spl_bakcup_block_id;
 2450              		.loc 1 502 35
 2451 00f6 40F20003 		movw	r3, #:lower16:spl_bakcup_block_id
 2452 00fa C0F20003 		movt	r3, #:upper16:spl_bakcup_block_id
 2453 00fe 1B68     		ldr	r3, [r3]
 2454 0100 99B2     		uxth	r1, r3
 2455 0102 40F20003 		movw	r3, #:lower16:spl_handle
 2456 0106 C0F20003 		movt	r3, #:upper16:spl_handle
 2457 010a 40F21042 		movw	r2, #1040
 2458 010e 9952     		strh	r1, [r3, r2]
 503:../src/drivers/packet_process/Process_Packet.c ****         ret = NANDFLASH_Read(spl_handle.SPL_ADDR,spl_handle.SPL_Buffer,length);  //read blcok1
 2459              		.loc 1 503 15
 2460 0110 7B68     		ldr	r3, [r7, #4]
 2461 0112 9BB2     		uxth	r3, r3
 2462 0114 40F20002 		movw	r2, #:lower16:spl_handle
 2463 0118 C0F20002 		movt	r2, #:upper16:spl_handle
 2464 011c 40F20001 		movw	r1, #:lower16:spl_handle
 2465 0120 C0F20001 		movt	r1, #:upper16:spl_handle
 2466 0124 40F21044 		movw	r4, #1040
 2467 0128 0859     		ldr	r0, [r1, r4]
 2468 012a 0919     		adds	r1, r1, r4
 2469 012c 4968     		ldr	r1, [r1, #4]
 2470 012e FFF7FEFF 		bl	NANDFLASH_Read
 2471 0132 0300     		movs	r3, r0
 2472              		.loc 1 503 13
 2473 0134 FB60     		str	r3, [r7, #12]
 504:../src/drivers/packet_process/Process_Packet.c ****         spl_handle.SPL_ADDR.Block = SPL_BLOCK_ID;
 2474              		.loc 1 504 35
 2475 0136 40F20003 		movw	r3, #:lower16:spl_handle
 2476 013a C0F20003 		movt	r3, #:upper16:spl_handle
 2477 013e 40F21042 		movw	r2, #1040
 2478 0142 0021     		movs	r1, #0
 2479 0144 9952     		strh	r1, [r3, r2]
 2480 0146 18E1     		b	.L80
 2481              	.L82:
 505:../src/drivers/packet_process/Process_Packet.c ****       } else if (spl_handle.SPL_ADDR.Block == spl_bakcup_block_id) {
 2482              		.loc 1 505 37
 2483 0148 40F20003 		movw	r3, #:lower16:spl_handle
 2484 014c C0F20003 		movt	r3, #:upper16:spl_handle
 2485 0150 40F21042 		movw	r2, #1040
 2486 0154 9B5A     		ldrh	r3, [r3, r2]
 2487 0156 1A00     		movs	r2, r3
 2488              		.loc 1 505 44
 2489 0158 40F20003 		movw	r3, #:lower16:spl_bakcup_block_id
 2490 015c C0F20003 		movt	r3, #:upper16:spl_bakcup_block_id
 2491 0160 1B68     		ldr	r3, [r3]
 2492              		.loc 1 505 17
 2493 0162 9A42     		cmp	r2, r3
 2494 0164 28D1     		bne	.L83
 506:../src/drivers/packet_process/Process_Packet.c ****         spl_handle.SPL_ADDR.Block = SPL_BLOCK_ID;
 2495              		.loc 1 506 35
 2496 0166 40F20003 		movw	r3, #:lower16:spl_handle
 2497 016a C0F20003 		movt	r3, #:upper16:spl_handle
 2498 016e 40F21042 		movw	r2, #1040
 2499 0172 0021     		movs	r1, #0
 2500 0174 9952     		strh	r1, [r3, r2]
 507:../src/drivers/packet_process/Process_Packet.c ****         ret = NANDFLASH_Read(spl_handle.SPL_ADDR,spl_handle.SPL_Buffer,length);
 2501              		.loc 1 507 15
 2502 0176 7B68     		ldr	r3, [r7, #4]
 2503 0178 9BB2     		uxth	r3, r3
 2504 017a 40F20002 		movw	r2, #:lower16:spl_handle
 2505 017e C0F20002 		movt	r2, #:upper16:spl_handle
 2506 0182 40F20001 		movw	r1, #:lower16:spl_handle
 2507 0186 C0F20001 		movt	r1, #:upper16:spl_handle
 2508 018a 40F21044 		movw	r4, #1040
 2509 018e 0859     		ldr	r0, [r1, r4]
 2510 0190 0919     		adds	r1, r1, r4
 2511 0192 4968     		ldr	r1, [r1, #4]
 2512 0194 FFF7FEFF 		bl	NANDFLASH_Read
 2513 0198 0300     		movs	r3, r0
 2514              		.loc 1 507 13
 2515 019a FB60     		str	r3, [r7, #12]
 508:../src/drivers/packet_process/Process_Packet.c ****         spl_handle.SPL_ADDR.Block = spl_bakcup_block_id;
 2516              		.loc 1 508 35
 2517 019c 40F20003 		movw	r3, #:lower16:spl_bakcup_block_id
 2518 01a0 C0F20003 		movt	r3, #:upper16:spl_bakcup_block_id
 2519 01a4 1B68     		ldr	r3, [r3]
 2520 01a6 99B2     		uxth	r1, r3
 2521 01a8 40F20003 		movw	r3, #:lower16:spl_handle
 2522 01ac C0F20003 		movt	r3, #:upper16:spl_handle
 2523 01b0 40F21042 		movw	r2, #1040
 2524 01b4 9952     		strh	r1, [r3, r2]
 2525 01b6 E0E0     		b	.L80
 2526              	.L83:
 509:../src/drivers/packet_process/Process_Packet.c ****       } else if (spl_handle.SPL_ADDR.Block == SPL_BLOCK_ID+1) {
 2527              		.loc 1 509 37
 2528 01b8 40F20003 		movw	r3, #:lower16:spl_handle
 2529 01bc C0F20003 		movt	r3, #:upper16:spl_handle
 2530 01c0 40F21042 		movw	r2, #1040
 2531 01c4 9B5A     		ldrh	r3, [r3, r2]
 2532              		.loc 1 509 17
 2533 01c6 012B     		cmp	r3, #1
 2534 01c8 2AD1     		bne	.L84
 510:../src/drivers/packet_process/Process_Packet.c ****         spl_handle.SPL_ADDR.Block = spl_bakcup_block_id+1;
 2535              		.loc 1 510 56
 2536 01ca 40F20003 		movw	r3, #:lower16:spl_bakcup_block_id
 2537 01ce C0F20003 		movt	r3, #:upper16:spl_bakcup_block_id
 2538 01d2 1B68     		ldr	r3, [r3]
 2539 01d4 9BB2     		uxth	r3, r3
 2540 01d6 0133     		adds	r3, r3, #1
 2541 01d8 99B2     		uxth	r1, r3
 2542              		.loc 1 510 35
 2543 01da 40F20003 		movw	r3, #:lower16:spl_handle
 2544 01de C0F20003 		movt	r3, #:upper16:spl_handle
 2545 01e2 40F21042 		movw	r2, #1040
 2546 01e6 9952     		strh	r1, [r3, r2]
 511:../src/drivers/packet_process/Process_Packet.c ****         ret = NANDFLASH_Read(spl_handle.SPL_ADDR,spl_handle.SPL_Buffer,length);
 2547              		.loc 1 511 15
 2548 01e8 7B68     		ldr	r3, [r7, #4]
 2549 01ea 9BB2     		uxth	r3, r3
 2550 01ec 40F20002 		movw	r2, #:lower16:spl_handle
 2551 01f0 C0F20002 		movt	r2, #:upper16:spl_handle
 2552 01f4 40F20001 		movw	r1, #:lower16:spl_handle
 2553 01f8 C0F20001 		movt	r1, #:upper16:spl_handle
 2554 01fc 40F21044 		movw	r4, #1040
 2555 0200 0859     		ldr	r0, [r1, r4]
 2556 0202 0919     		adds	r1, r1, r4
 2557 0204 4968     		ldr	r1, [r1, #4]
 2558 0206 FFF7FEFF 		bl	NANDFLASH_Read
 2559 020a 0300     		movs	r3, r0
 2560              		.loc 1 511 13
 2561 020c FB60     		str	r3, [r7, #12]
 512:../src/drivers/packet_process/Process_Packet.c ****         spl_handle.SPL_ADDR.Block = SPL_BLOCK_ID+1;
 2562              		.loc 1 512 35
 2563 020e 40F20003 		movw	r3, #:lower16:spl_handle
 2564 0212 C0F20003 		movt	r3, #:upper16:spl_handle
 2565 0216 40F21042 		movw	r2, #1040
 2566 021a 0121     		movs	r1, #1
 2567 021c 9952     		strh	r1, [r3, r2]
 2568 021e ACE0     		b	.L80
 2569              	.L84:
 513:../src/drivers/packet_process/Process_Packet.c ****       } else if (spl_handle.SPL_ADDR.Block==spl_bakcup_block_id+1) {
 2570              		.loc 1 513 37
 2571 0220 40F20003 		movw	r3, #:lower16:spl_handle
 2572 0224 C0F20003 		movt	r3, #:upper16:spl_handle
 2573 0228 40F21042 		movw	r2, #1040
 2574 022c 9B5A     		ldrh	r3, [r3, r2]
 2575 022e 1A00     		movs	r2, r3
 2576              		.loc 1 513 64
 2577 0230 40F20003 		movw	r3, #:lower16:spl_bakcup_block_id
 2578 0234 C0F20003 		movt	r3, #:upper16:spl_bakcup_block_id
 2579 0238 1B68     		ldr	r3, [r3]
 2580 023a 0133     		adds	r3, r3, #1
 2581              		.loc 1 513 17
 2582 023c 9A42     		cmp	r2, r3
 2583 023e 00D0     		beq	.LCB1958
 2584 0240 9BE0     		b	.L80	@long jump
 2585              	.LCB1958:
 514:../src/drivers/packet_process/Process_Packet.c ****         spl_handle.SPL_ADDR.Block = SPL_BLOCK_ID+1;
 2586              		.loc 1 514 35
 2587 0242 40F20003 		movw	r3, #:lower16:spl_handle
 2588 0246 C0F20003 		movt	r3, #:upper16:spl_handle
 2589 024a 40F21042 		movw	r2, #1040
 2590 024e 0121     		movs	r1, #1
 2591 0250 9952     		strh	r1, [r3, r2]
 515:../src/drivers/packet_process/Process_Packet.c ****         ret = NANDFLASH_Read(spl_handle.SPL_ADDR,spl_handle.SPL_Buffer,length);
 2592              		.loc 1 515 15
 2593 0252 7B68     		ldr	r3, [r7, #4]
 2594 0254 9BB2     		uxth	r3, r3
 2595 0256 40F20002 		movw	r2, #:lower16:spl_handle
 2596 025a C0F20002 		movt	r2, #:upper16:spl_handle
 2597 025e 40F20001 		movw	r1, #:lower16:spl_handle
 2598 0262 C0F20001 		movt	r1, #:upper16:spl_handle
 2599 0266 40F21044 		movw	r4, #1040
 2600 026a 0859     		ldr	r0, [r1, r4]
 2601 026c 0919     		adds	r1, r1, r4
 2602 026e 4968     		ldr	r1, [r1, #4]
 2603 0270 FFF7FEFF 		bl	NANDFLASH_Read
 2604 0274 0300     		movs	r3, r0
 2605              		.loc 1 515 13
 2606 0276 FB60     		str	r3, [r7, #12]
 516:../src/drivers/packet_process/Process_Packet.c ****         spl_handle.SPL_ADDR.Block = spl_bakcup_block_id+1;
 2607              		.loc 1 516 56
 2608 0278 40F20003 		movw	r3, #:lower16:spl_bakcup_block_id
 2609 027c C0F20003 		movt	r3, #:upper16:spl_bakcup_block_id
 2610 0280 1B68     		ldr	r3, [r3]
 2611 0282 9BB2     		uxth	r3, r3
 2612 0284 0133     		adds	r3, r3, #1
 2613 0286 99B2     		uxth	r1, r3
 2614              		.loc 1 516 35
 2615 0288 40F20003 		movw	r3, #:lower16:spl_handle
 2616 028c C0F20003 		movt	r3, #:upper16:spl_handle
 2617 0290 40F21042 		movw	r2, #1040
 2618 0294 9952     		strh	r1, [r3, r2]
 2619 0296 70E0     		b	.L80
 2620              	.L81:
 517:../src/drivers/packet_process/Process_Packet.c ****       }
 518:../src/drivers/packet_process/Process_Packet.c ****     } else if (NAND_PAGE_SIZE == 0x1000) {
 2621              		.loc 1 518 31
 2622 0298 40F20003 		movw	r3, #:lower16:NAND_PAGE_SIZE
 2623 029c C0F20003 		movt	r3, #:upper16:NAND_PAGE_SIZE
 2624 02a0 1B68     		ldr	r3, [r3]
 2625              		.loc 1 518 15
 2626 02a2 41F20002 		movw	r2, #4096
 2627 02a6 9342     		cmp	r3, r2
 2628 02a8 67D1     		bne	.L80
 519:../src/drivers/packet_process/Process_Packet.c ****       if (spl_handle.SPL_ADDR.Block == SPL_BLOCK_ID) {
 2629              		.loc 1 519 30
 2630 02aa 40F20003 		movw	r3, #:lower16:spl_handle
 2631 02ae C0F20003 		movt	r3, #:upper16:spl_handle
 2632 02b2 40F21042 		movw	r2, #1040
 2633 02b6 9B5A     		ldrh	r3, [r3, r2]
 2634              		.loc 1 519 10
 2635 02b8 43BB     		cbnz	r3, .L85
 520:../src/drivers/packet_process/Process_Packet.c ****         spl_handle.SPL_ADDR.Block = spl_bakcup_block_id;
 2636              		.loc 1 520 35
 2637 02ba 40F20003 		movw	r3, #:lower16:spl_bakcup_block_id
 2638 02be C0F20003 		movt	r3, #:upper16:spl_bakcup_block_id
 2639 02c2 1B68     		ldr	r3, [r3]
 2640 02c4 99B2     		uxth	r1, r3
 2641 02c6 40F20003 		movw	r3, #:lower16:spl_handle
 2642 02ca C0F20003 		movt	r3, #:upper16:spl_handle
 2643 02ce 40F21042 		movw	r2, #1040
 2644 02d2 9952     		strh	r1, [r3, r2]
 521:../src/drivers/packet_process/Process_Packet.c ****         ret = NANDFLASH_Read(spl_handle.SPL_ADDR,spl_handle.SPL_Buffer,length);  //read blcok1
 2645              		.loc 1 521 15
 2646 02d4 7B68     		ldr	r3, [r7, #4]
 2647 02d6 9BB2     		uxth	r3, r3
 2648 02d8 40F20002 		movw	r2, #:lower16:spl_handle
 2649 02dc C0F20002 		movt	r2, #:upper16:spl_handle
 2650 02e0 40F20001 		movw	r1, #:lower16:spl_handle
 2651 02e4 C0F20001 		movt	r1, #:upper16:spl_handle
 2652 02e8 40F21044 		movw	r4, #1040
 2653 02ec 0859     		ldr	r0, [r1, r4]
 2654 02ee 0919     		adds	r1, r1, r4
 2655 02f0 4968     		ldr	r1, [r1, #4]
 2656 02f2 FFF7FEFF 		bl	NANDFLASH_Read
 2657 02f6 0300     		movs	r3, r0
 2658              		.loc 1 521 13
 2659 02f8 FB60     		str	r3, [r7, #12]
 522:../src/drivers/packet_process/Process_Packet.c ****         spl_handle.SPL_ADDR.Block = SPL_BLOCK_ID;
 2660              		.loc 1 522 35
 2661 02fa 40F20003 		movw	r3, #:lower16:spl_handle
 2662 02fe C0F20003 		movt	r3, #:upper16:spl_handle
 2663 0302 40F21042 		movw	r2, #1040
 2664 0306 0021     		movs	r1, #0
 2665 0308 9952     		strh	r1, [r3, r2]
 2666 030a 36E0     		b	.L80
 2667              	.L85:
 523:../src/drivers/packet_process/Process_Packet.c ****       } else if (spl_handle.SPL_ADDR.Block==spl_bakcup_block_id) {
 2668              		.loc 1 523 37
 2669 030c 40F20003 		movw	r3, #:lower16:spl_handle
 2670 0310 C0F20003 		movt	r3, #:upper16:spl_handle
 2671 0314 40F21042 		movw	r2, #1040
 2672 0318 9B5A     		ldrh	r3, [r3, r2]
 2673 031a 1A00     		movs	r2, r3
 2674              		.loc 1 523 43
 2675 031c 40F20003 		movw	r3, #:lower16:spl_bakcup_block_id
 2676 0320 C0F20003 		movt	r3, #:upper16:spl_bakcup_block_id
 2677 0324 1B68     		ldr	r3, [r3]
 2678              		.loc 1 523 17
 2679 0326 9A42     		cmp	r2, r3
 2680 0328 27D1     		bne	.L80
 524:../src/drivers/packet_process/Process_Packet.c ****         spl_handle.SPL_ADDR.Block = SPL_BLOCK_ID;
 2681              		.loc 1 524 35
 2682 032a 40F20003 		movw	r3, #:lower16:spl_handle
 2683 032e C0F20003 		movt	r3, #:upper16:spl_handle
 2684 0332 40F21042 		movw	r2, #1040
 2685 0336 0021     		movs	r1, #0
 2686 0338 9952     		strh	r1, [r3, r2]
 525:../src/drivers/packet_process/Process_Packet.c ****         ret = NANDFLASH_Read(spl_handle.SPL_ADDR,spl_handle.SPL_Buffer,length);
 2687              		.loc 1 525 15
 2688 033a 7B68     		ldr	r3, [r7, #4]
 2689 033c 9BB2     		uxth	r3, r3
 2690 033e 40F20002 		movw	r2, #:lower16:spl_handle
 2691 0342 C0F20002 		movt	r2, #:upper16:spl_handle
 2692 0346 40F20001 		movw	r1, #:lower16:spl_handle
 2693 034a C0F20001 		movt	r1, #:upper16:spl_handle
 2694 034e 40F21044 		movw	r4, #1040
 2695 0352 0859     		ldr	r0, [r1, r4]
 2696 0354 0919     		adds	r1, r1, r4
 2697 0356 4968     		ldr	r1, [r1, #4]
 2698 0358 FFF7FEFF 		bl	NANDFLASH_Read
 2699 035c 0300     		movs	r3, r0
 2700              		.loc 1 525 13
 2701 035e FB60     		str	r3, [r7, #12]
 526:../src/drivers/packet_process/Process_Packet.c ****         spl_handle.SPL_ADDR.Block = spl_bakcup_block_id;
 2702              		.loc 1 526 35
 2703 0360 40F20003 		movw	r3, #:lower16:spl_bakcup_block_id
 2704 0364 C0F20003 		movt	r3, #:upper16:spl_bakcup_block_id
 2705 0368 1B68     		ldr	r3, [r3]
 2706 036a 99B2     		uxth	r1, r3
 2707 036c 40F20003 		movw	r3, #:lower16:spl_handle
 2708 0370 C0F20003 		movt	r3, #:upper16:spl_handle
 2709 0374 40F21042 		movw	r2, #1040
 2710 0378 9952     		strh	r1, [r3, r2]
 2711              	.L80:
 527:../src/drivers/packet_process/Process_Packet.c ****       }
 528:../src/drivers/packet_process/Process_Packet.c ****     }
 529:../src/drivers/packet_process/Process_Packet.c ****   }
 530:../src/drivers/packet_process/Process_Packet.c **** 
 531:../src/drivers/packet_process/Process_Packet.c ****   if (ret != 0) {
 2712              		.loc 1 531 6
 2713 037a FB68     		ldr	r3, [r7, #12]
 2714 037c 53B1     		cbz	r3, .L86
 532:../src/drivers/packet_process/Process_Packet.c ****     printf("nand flash read error, ret = %d\n", ret);
 2715              		.loc 1 532 5
 2716 037e FA68     		ldr	r2, [r7, #12]
 2717 0380 40F20003 		movw	r3, #:lower16:.LC21
 2718 0384 C0F20003 		movt	r3, #:upper16:.LC21
 2719 0388 1100     		movs	r1, r2
 2720 038a 1800     		movs	r0, r3
 2721 038c FFF7FEFF 		bl	printf
 533:../src/drivers/packet_process/Process_Packet.c ****     return ret;
 2722              		.loc 1 533 12
 2723 0390 FB68     		ldr	r3, [r7, #12]
 2724 0392 7EE0     		b	.L79
 2725              	.L86:
 534:../src/drivers/packet_process/Process_Packet.c ****   }
 535:../src/drivers/packet_process/Process_Packet.c **** 
 536:../src/drivers/packet_process/Process_Packet.c ****   //for loop read
 537:../src/drivers/packet_process/Process_Packet.c ****   if (start >= (spl_cycle_page_count-1)) {
 2726              		.loc 1 537 37
 2727 0394 40F20003 		movw	r3, #:lower16:spl_cycle_page_count
 2728 0398 C0F20003 		movt	r3, #:upper16:spl_cycle_page_count
 2729 039c 1B68     		ldr	r3, [r3]
 2730 039e 5A1E     		subs	r2, r3, #1
 2731              		.loc 1 537 13
 2732 03a0 40F20003 		movw	r3, #:lower16:start.7732
 2733 03a4 C0F20003 		movt	r3, #:upper16:start.7732
 2734 03a8 1B68     		ldr	r3, [r3]
 2735              		.loc 1 537 6
 2736 03aa 9A42     		cmp	r2, r3
 2737 03ac 65DC     		bgt	.L87
 538:../src/drivers/packet_process/Process_Packet.c ****     if ((cnt % spl_cycle_page_count) == 0) {
 2738              		.loc 1 538 14
 2739 03ae 40F20003 		movw	r3, #:lower16:cnt.7731
 2740 03b2 C0F20003 		movt	r3, #:upper16:cnt.7731
 2741 03b6 1A68     		ldr	r2, [r3]
 2742 03b8 40F20003 		movw	r3, #:lower16:spl_cycle_page_count
 2743 03bc C0F20003 		movt	r3, #:upper16:spl_cycle_page_count
 2744 03c0 1B68     		ldr	r3, [r3]
 2745 03c2 92FBF3F1 		sdiv	r1, r2, r3
 2746 03c6 4B43     		muls	r3, r1
 2747 03c8 D31A     		subs	r3, r2, r3
 2748              		.loc 1 538 8
 2749 03ca EBB9     		cbnz	r3, .L88
 539:../src/drivers/packet_process/Process_Packet.c ****       cnt = 0;
 2750              		.loc 1 539 11
 2751 03cc 40F20003 		movw	r3, #:lower16:cnt.7731
 2752 03d0 C0F20003 		movt	r3, #:upper16:cnt.7731
 2753 03d4 0022     		movs	r2, #0
 2754 03d6 1A60     		str	r2, [r3]
 540:../src/drivers/packet_process/Process_Packet.c ****       spl_handle.SPL_ADDR.Page++;
 2755              		.loc 1 540 26
 2756 03d8 40F20003 		movw	r3, #:lower16:spl_handle
 2757 03dc C0F20003 		movt	r3, #:upper16:spl_handle
 2758 03e0 40F21242 		movw	r2, #1042
 2759 03e4 9B5A     		ldrh	r3, [r3, r2]
 2760              		.loc 1 540 31
 2761 03e6 0133     		adds	r3, r3, #1
 2762 03e8 99B2     		uxth	r1, r3
 2763 03ea 40F20003 		movw	r3, #:lower16:spl_handle
 2764 03ee C0F20003 		movt	r3, #:upper16:spl_handle
 2765 03f2 40F21242 		movw	r2, #1042
 2766 03f6 9952     		strh	r1, [r3, r2]
 541:../src/drivers/packet_process/Process_Packet.c ****       spl_handle.SPL_ADDR.Area = 0;
 2767              		.loc 1 541 32
 2768 03f8 40F20003 		movw	r3, #:lower16:spl_handle
 2769 03fc C0F20003 		movt	r3, #:upper16:spl_handle
 2770 0400 40F21442 		movw	r2, #1044
 2771 0404 0021     		movs	r1, #0
 2772 0406 9952     		strh	r1, [r3, r2]
 2773              	.L88:
 542:../src/drivers/packet_process/Process_Packet.c ****     }
 543:../src/drivers/packet_process/Process_Packet.c ****     if ((spl_handle.SPL_ADDR.Page % spl_cycle_block_count) == 0) {
 2774              		.loc 1 543 29
 2775 0408 40F20003 		movw	r3, #:lower16:spl_handle
 2776 040c C0F20003 		movt	r3, #:upper16:spl_handle
 2777 0410 40F21242 		movw	r2, #1042
 2778 0414 9B5A     		ldrh	r3, [r3, r2]
 2779 0416 1A00     		movs	r2, r3
 2780              		.loc 1 543 35
 2781 0418 40F20003 		movw	r3, #:lower16:spl_cycle_block_count
 2782 041c C0F20003 		movt	r3, #:upper16:spl_cycle_block_count
 2783 0420 1B68     		ldr	r3, [r3]
 2784 0422 92FBF3F1 		sdiv	r1, r2, r3
 2785 0426 4B43     		muls	r3, r1
 2786 0428 D31A     		subs	r3, r2, r3
 2787              		.loc 1 543 8
 2788 042a 8BBB     		cbnz	r3, .L89
 544:../src/drivers/packet_process/Process_Packet.c ****       spl_handle.SPL_ADDR.Page=0;
 2789              		.loc 1 544 31
 2790 042c 40F20003 		movw	r3, #:lower16:spl_handle
 2791 0430 C0F20003 		movt	r3, #:upper16:spl_handle
 2792 0434 40F21242 		movw	r2, #1042
 2793 0438 0021     		movs	r1, #0
 2794 043a 9952     		strh	r1, [r3, r2]
 545:../src/drivers/packet_process/Process_Packet.c ****       spl_handle.SPL_ADDR.Area=0;
 2795              		.loc 1 545 31
 2796 043c 40F20003 		movw	r3, #:lower16:spl_handle
 2797 0440 C0F20003 		movt	r3, #:upper16:spl_handle
 2798 0444 40F21442 		movw	r2, #1044
 2799 0448 0021     		movs	r1, #0
 2800 044a 9952     		strh	r1, [r3, r2]
 546:../src/drivers/packet_process/Process_Packet.c ****       spl_handle.SPL_ADDR.Block++;
 2801              		.loc 1 546 26
 2802 044c 40F20003 		movw	r3, #:lower16:spl_handle
 2803 0450 C0F20003 		movt	r3, #:upper16:spl_handle
 2804 0454 40F21042 		movw	r2, #1040
 2805 0458 9B5A     		ldrh	r3, [r3, r2]
 2806              		.loc 1 546 32
 2807 045a 0133     		adds	r3, r3, #1
 2808 045c 99B2     		uxth	r1, r3
 2809 045e 40F20003 		movw	r3, #:lower16:spl_handle
 2810 0462 C0F20003 		movt	r3, #:upper16:spl_handle
 2811 0466 40F21042 		movw	r2, #1040
 2812 046a 9952     		strh	r1, [r3, r2]
 547:../src/drivers/packet_process/Process_Packet.c ****       start = 0;
 2813              		.loc 1 547 13
 2814 046c 40F20003 		movw	r3, #:lower16:start.7732
 2815 0470 C0F20003 		movt	r3, #:upper16:start.7732
 2816 0474 0022     		movs	r2, #0
 2817 0476 1A60     		str	r2, [r3]
 2818 0478 0AE0     		b	.L89
 2819              	.L87:
 548:../src/drivers/packet_process/Process_Packet.c ****     }
 549:../src/drivers/packet_process/Process_Packet.c ****   } else {
 550:../src/drivers/packet_process/Process_Packet.c ****     start++;
 2820              		.loc 1 550 10
 2821 047a 40F20003 		movw	r3, #:lower16:start.7732
 2822 047e C0F20003 		movt	r3, #:upper16:start.7732
 2823 0482 1B68     		ldr	r3, [r3]
 2824 0484 5A1C     		adds	r2, r3, #1
 2825 0486 40F20003 		movw	r3, #:lower16:start.7732
 2826 048a C0F20003 		movt	r3, #:upper16:start.7732
 2827 048e 1A60     		str	r2, [r3]
 2828              	.L89:
 551:../src/drivers/packet_process/Process_Packet.c ****   }
 552:../src/drivers/packet_process/Process_Packet.c ****   return ret;
 2829              		.loc 1 552 10
 2830 0490 FB68     		ldr	r3, [r7, #12]
 2831              	.L79:
 553:../src/drivers/packet_process/Process_Packet.c **** }
 2832              		.loc 1 553 1
 2833 0492 1800     		movs	r0, r3
 2834 0494 BD46     		mov	sp, r7
 2835 0496 05B0     		add	sp, sp, #20
 2836              		@ sp needed
 2837 0498 90BD     		pop	{r4, r7, pc}
 2838              		.cfi_endproc
 2839              	.LFE77:
 2841              		.section	.rodata
 2842 02e5 000000   		.align	2
 2843              	.LC22:
 2844 02e8 63686563 		.ascii	"check main spl magic error\000"
 2844      6B206D61 
 2844      696E2073 
 2844      706C206D 
 2844      61676963 
 2845 0303 00       		.align	2
 2846              	.LC23:
 2847 0304 63686563 		.ascii	"check bak spl magic error\000"
 2847      6B206261 
 2847      6B207370 
 2847      6C206D61 
 2847      67696320 
 2848 031e 0000     		.align	2
 2849              	.LC24:
 2850 0320 62616B00 		.ascii	"bak\000"
 2851              		.align	2
 2852              	.LC25:
 2853 0324 6D61696E 		.ascii	"main\000"
 2853      00
 2854 0329 000000   		.align	2
 2855              	.LC26:
 2856 032c 75736520 		.ascii	"use %s spl for boot\012\000"
 2856      25732073 
 2856      706C2066 
 2856      6F722062 
 2856      6F6F740A 
 2857              		.section	.text.check_spl_magic,"ax",%progbits
 2858              		.align	1
 2859              		.global	check_spl_magic
 2860              		.syntax unified
 2861              		.code	16
 2862              		.thumb_func
 2863              		.fpu softvfp
 2865              	check_spl_magic:
 2866              	.LFB78:
 554:../src/drivers/packet_process/Process_Packet.c **** 
 555:../src/drivers/packet_process/Process_Packet.c **** int check_spl_magic(void)
 556:../src/drivers/packet_process/Process_Packet.c **** {
 2867              		.loc 1 556 1
 2868              		.cfi_startproc
 2869              		@ args = 0, pretend = 0, frame = 8
 2870              		@ frame_needed = 1, uses_anonymous_args = 0
 2871 0000 90B5     		push	{r4, r7, lr}
 2872              		.cfi_def_cfa_offset 12
 2873              		.cfi_offset 4, -12
 2874              		.cfi_offset 7, -8
 2875              		.cfi_offset 14, -4
 2876 0002 83B0     		sub	sp, sp, #12
 2877              		.cfi_def_cfa_offset 24
 2878 0004 00AF     		add	r7, sp, #0
 2879              		.cfi_def_cfa_register 7
 557:../src/drivers/packet_process/Process_Packet.c ****   uint8_t spl_buffer[8] = {0};
 2880              		.loc 1 557 11
 2881 0006 3B00     		movs	r3, r7
 2882 0008 0022     		movs	r2, #0
 2883 000a 1A60     		str	r2, [r3]
 2884 000c 0022     		movs	r2, #0
 2885 000e 5A60     		str	r2, [r3, #4]
 558:../src/drivers/packet_process/Process_Packet.c **** 
 559:../src/drivers/packet_process/Process_Packet.c ****   NANDFLASH_Read(spl_handle.SPL_ADDR, spl_buffer,4);
 2886              		.loc 1 559 3
 2887 0010 3A00     		movs	r2, r7
 2888 0012 40F20001 		movw	r1, #:lower16:spl_handle
 2889 0016 C0F20001 		movt	r1, #:upper16:spl_handle
 2890 001a 40F21044 		movw	r4, #1040
 2891 001e 0423     		movs	r3, #4
 2892 0020 0859     		ldr	r0, [r1, r4]
 2893 0022 0919     		adds	r1, r1, r4
 2894 0024 4968     		ldr	r1, [r1, #4]
 2895 0026 FFF7FEFF 		bl	NANDFLASH_Read
 560:../src/drivers/packet_process/Process_Packet.c ****   if(spl_buffer[0] != 0x44||spl_buffer[1] != 0x48||spl_buffer[2] != 0x54||spl_buffer[3] != 0x42){
 2896              		.loc 1 560 16
 2897 002a 3B00     		movs	r3, r7
 2898 002c 1B78     		ldrb	r3, [r3]
 2899              		.loc 1 560 5
 2900 002e 442B     		cmp	r3, #68
 2901 0030 0BD1     		bne	.L91
 2902              		.loc 1 560 39 discriminator 1
 2903 0032 3B00     		movs	r3, r7
 2904 0034 5B78     		ldrb	r3, [r3, #1]
 2905              		.loc 1 560 27 discriminator 1
 2906 0036 482B     		cmp	r3, #72
 2907 0038 07D1     		bne	.L91
 2908              		.loc 1 560 62 discriminator 2
 2909 003a 3B00     		movs	r3, r7
 2910 003c 9B78     		ldrb	r3, [r3, #2]
 2911              		.loc 1 560 50 discriminator 2
 2912 003e 542B     		cmp	r3, #84
 2913 0040 03D1     		bne	.L91
 2914              		.loc 1 560 85 discriminator 3
 2915 0042 3B00     		movs	r3, r7
 2916 0044 DB78     		ldrb	r3, [r3, #3]
 2917              		.loc 1 560 73 discriminator 3
 2918 0046 422B     		cmp	r3, #66
 2919 0048 53D0     		beq	.L92
 2920              	.L91:
 561:../src/drivers/packet_process/Process_Packet.c ****     printf("check main spl magic error\n");
 2921              		.loc 1 561 5
 2922 004a 40F20003 		movw	r3, #:lower16:.LC22
 2923 004e C0F20003 		movt	r3, #:upper16:.LC22
 2924 0052 1800     		movs	r0, r3
 2925 0054 FFF7FEFF 		bl	puts
 562:../src/drivers/packet_process/Process_Packet.c ****     spl_handle.SPL_ADDR.Block = spl_bakcup_block_id;
 2926              		.loc 1 562 31
 2927 0058 40F20003 		movw	r3, #:lower16:spl_bakcup_block_id
 2928 005c C0F20003 		movt	r3, #:upper16:spl_bakcup_block_id
 2929 0060 1B68     		ldr	r3, [r3]
 2930 0062 99B2     		uxth	r1, r3
 2931 0064 40F20003 		movw	r3, #:lower16:spl_handle
 2932 0068 C0F20003 		movt	r3, #:upper16:spl_handle
 2933 006c 40F21042 		movw	r2, #1040
 2934 0070 9952     		strh	r1, [r3, r2]
 563:../src/drivers/packet_process/Process_Packet.c ****     memset(spl_buffer,0,4);
 2935              		.loc 1 563 5
 2936 0072 3B00     		movs	r3, r7
 2937 0074 0422     		movs	r2, #4
 2938 0076 0021     		movs	r1, #0
 2939 0078 1800     		movs	r0, r3
 2940 007a FFF7FEFF 		bl	memset
 564:../src/drivers/packet_process/Process_Packet.c ****     NANDFLASH_Read(spl_handle.SPL_ADDR,spl_buffer,4);
 2941              		.loc 1 564 5
 2942 007e 3A00     		movs	r2, r7
 2943 0080 40F20001 		movw	r1, #:lower16:spl_handle
 2944 0084 C0F20001 		movt	r1, #:upper16:spl_handle
 2945 0088 40F21044 		movw	r4, #1040
 2946 008c 0423     		movs	r3, #4
 2947 008e 0859     		ldr	r0, [r1, r4]
 2948 0090 0919     		adds	r1, r1, r4
 2949 0092 4968     		ldr	r1, [r1, #4]
 2950 0094 FFF7FEFF 		bl	NANDFLASH_Read
 565:../src/drivers/packet_process/Process_Packet.c ****     if(spl_buffer[0] != 0x44 || spl_buffer[1] != 0x48 || spl_buffer[2] != 0x54 || spl_buffer[3] != 
 2951              		.loc 1 565 18
 2952 0098 3B00     		movs	r3, r7
 2953 009a 1B78     		ldrb	r3, [r3]
 2954              		.loc 1 565 7
 2955 009c 442B     		cmp	r3, #68
 2956 009e 0BD1     		bne	.L93
 2957              		.loc 1 565 43 discriminator 1
 2958 00a0 3B00     		movs	r3, r7
 2959 00a2 5B78     		ldrb	r3, [r3, #1]
 2960              		.loc 1 565 30 discriminator 1
 2961 00a4 482B     		cmp	r3, #72
 2962 00a6 07D1     		bne	.L93
 2963              		.loc 1 565 68 discriminator 2
 2964 00a8 3B00     		movs	r3, r7
 2965 00aa 9B78     		ldrb	r3, [r3, #2]
 2966              		.loc 1 565 55 discriminator 2
 2967 00ac 542B     		cmp	r3, #84
 2968 00ae 03D1     		bne	.L93
 2969              		.loc 1 565 93 discriminator 3
 2970 00b0 3B00     		movs	r3, r7
 2971 00b2 DB78     		ldrb	r3, [r3, #3]
 2972              		.loc 1 565 80 discriminator 3
 2973 00b4 422B     		cmp	r3, #66
 2974 00b6 13D0     		beq	.L94
 2975              	.L93:
 566:../src/drivers/packet_process/Process_Packet.c ****         global_sio_handle.pkt_state = PKT_ERROR;
 2976              		.loc 1 566 37
 2977 00b8 40F20003 		movw	r3, #:lower16:global_sio_handle
 2978 00bc C0F20003 		movt	r3, #:upper16:global_sio_handle
 2979 00c0 0422     		movs	r2, #4
 2980 00c2 1A71     		strb	r2, [r3, #4]
 567:../src/drivers/packet_process/Process_Packet.c ****         printf("check bak spl magic error\n");
 2981              		.loc 1 567 9
 2982 00c4 40F20003 		movw	r3, #:lower16:.LC23
 2983 00c8 C0F20003 		movt	r3, #:upper16:.LC23
 2984 00cc 1800     		movs	r0, r3
 2985 00ce FFF7FEFF 		bl	puts
 568:../src/drivers/packet_process/Process_Packet.c ****         Set_SPI_High_Resistance();
 2986              		.loc 1 568 9
 2987 00d2 FFF7FEFF 		bl	Set_SPI_High_Resistance
 569:../src/drivers/packet_process/Process_Packet.c ****         MCU_DeepSleepMode();
 2988              		.loc 1 569 9
 2989 00d6 FFF7FEFF 		bl	MCU_DeepSleepMode
 570:../src/drivers/packet_process/Process_Packet.c ****         return -1;
 2990              		.loc 1 570 16
 2991 00da 0123     		movs	r3, #1
 2992 00dc 5B42     		rsbs	r3, r3, #0
 2993 00de 2AE0     		b	.L99
 2994              	.L94:
 571:../src/drivers/packet_process/Process_Packet.c ****     } else {
 572:../src/drivers/packet_process/Process_Packet.c ****         spl_handle.SplBlock0_Flag = 1;
 2995              		.loc 1 572 35
 2996 00e0 40F20003 		movw	r3, #:lower16:spl_handle
 2997 00e4 C0F20003 		movt	r3, #:upper16:spl_handle
 2998 00e8 40F21842 		movw	r2, #1048
 2999 00ec 0121     		movs	r1, #1
 3000 00ee 9950     		str	r1, [r3, r2]
 565:../src/drivers/packet_process/Process_Packet.c ****         global_sio_handle.pkt_state = PKT_ERROR;
 3001              		.loc 1 565 7
 3002 00f0 07E0     		b	.L96
 3003              	.L92:
 573:../src/drivers/packet_process/Process_Packet.c ****     }
 574:../src/drivers/packet_process/Process_Packet.c ****   } else {
 575:../src/drivers/packet_process/Process_Packet.c ****     spl_handle.SplBlock0_Flag = 0;
 3004              		.loc 1 575 31
 3005 00f2 40F20003 		movw	r3, #:lower16:spl_handle
 3006 00f6 C0F20003 		movt	r3, #:upper16:spl_handle
 3007 00fa 40F21842 		movw	r2, #1048
 3008 00fe 0021     		movs	r1, #0
 3009 0100 9950     		str	r1, [r3, r2]
 3010              	.L96:
 576:../src/drivers/packet_process/Process_Packet.c ****   }
 577:../src/drivers/packet_process/Process_Packet.c ****   printf("use %s spl for boot\n", spl_handle.SplBlock0_Flag ? "bak" : "main");
 3011              		.loc 1 577 45
 3012 0102 40F20003 		movw	r3, #:lower16:spl_handle
 3013 0106 C0F20003 		movt	r3, #:upper16:spl_handle
 3014 010a 40F21842 		movw	r2, #1048
 3015 010e 9B58     		ldr	r3, [r3, r2]
 3016              		.loc 1 577 3
 3017 0110 23B1     		cbz	r3, .L97
 3018              		.loc 1 577 3 is_stmt 0 discriminator 1
 3019 0112 40F20003 		movw	r3, #:lower16:.LC24
 3020 0116 C0F20003 		movt	r3, #:upper16:.LC24
 3021 011a 03E0     		b	.L98
 3022              	.L97:
 3023              		.loc 1 577 3 discriminator 2
 3024 011c 40F20003 		movw	r3, #:lower16:.LC25
 3025 0120 C0F20003 		movt	r3, #:upper16:.LC25
 3026              	.L98:
 3027              		.loc 1 577 3 discriminator 4
 3028 0124 40F20002 		movw	r2, #:lower16:.LC26
 3029 0128 C0F20002 		movt	r2, #:upper16:.LC26
 3030 012c 1900     		movs	r1, r3
 3031 012e 1000     		movs	r0, r2
 3032 0130 FFF7FEFF 		bl	printf
 578:../src/drivers/packet_process/Process_Packet.c ****   // Set_SPI_High_Resistance();
 579:../src/drivers/packet_process/Process_Packet.c ****   return 0;
 3033              		.loc 1 579 10 is_stmt 1 discriminator 4
 3034 0134 0023     		movs	r3, #0
 3035              	.L99:
 580:../src/drivers/packet_process/Process_Packet.c **** }
 3036              		.loc 1 580 1 discriminator 1
 3037 0136 1800     		movs	r0, r3
 3038 0138 BD46     		mov	sp, r7
 3039 013a 03B0     		add	sp, sp, #12
 3040              		@ sp needed
 3041 013c 90BD     		pop	{r4, r7, pc}
 3042              		.cfi_endproc
 3043              	.LFE78:
 3045              		.section	.rodata
 3046 0341 000000   		.align	2
 3047              	.LC27:
 3048 0344 656E7465 		.ascii	"enter check_failed_process\000"
 3048      72206368 
 3048      65636B5F 
 3048      6661696C 
 3048      65645F70 
 3049              		.section	.text.check_failed_process,"ax",%progbits
 3050              		.align	1
 3051              		.global	check_failed_process
 3052              		.syntax unified
 3053              		.code	16
 3054              		.thumb_func
 3055              		.fpu softvfp
 3057              	check_failed_process:
 3058              	.LFB79:
 581:../src/drivers/packet_process/Process_Packet.c **** 
 582:../src/drivers/packet_process/Process_Packet.c **** void check_failed_process(unsigned short val)
 583:../src/drivers/packet_process/Process_Packet.c **** {
 3059              		.loc 1 583 1
 3060              		.cfi_startproc
 3061              		@ args = 0, pretend = 0, frame = 8
 3062              		@ frame_needed = 1, uses_anonymous_args = 0
 3063 0000 80B5     		push	{r7, lr}
 3064              		.cfi_def_cfa_offset 8
 3065              		.cfi_offset 7, -8
 3066              		.cfi_offset 14, -4
 3067 0002 82B0     		sub	sp, sp, #8
 3068              		.cfi_def_cfa_offset 16
 3069 0004 00AF     		add	r7, sp, #0
 3070              		.cfi_def_cfa_register 7
 3071 0006 0200     		movs	r2, r0
 3072 0008 BB1D     		adds	r3, r7, #6
 3073 000a 1A80     		strh	r2, [r3]
 584:../src/drivers/packet_process/Process_Packet.c ****   printf("enter check_failed_process");
 3074              		.loc 1 584 3
 3075 000c 40F20003 		movw	r3, #:lower16:.LC27
 3076 0010 C0F20003 		movt	r3, #:upper16:.LC27
 3077 0014 1800     		movs	r0, r3
 3078 0016 FFF7FEFF 		bl	printf
 585:../src/drivers/packet_process/Process_Packet.c ****   Send_Error_Code(val);
 3079              		.loc 1 585 3
 3080 001a BB1D     		adds	r3, r7, #6
 3081 001c 1B88     		ldrh	r3, [r3]
 3082 001e 1800     		movs	r0, r3
 3083 0020 FFF7FEFF 		bl	Send_Error_Code
 586:../src/drivers/packet_process/Process_Packet.c ****   Set_SPI_High_Resistance();
 3084              		.loc 1 586 3
 3085 0024 FFF7FEFF 		bl	Set_SPI_High_Resistance
 587:../src/drivers/packet_process/Process_Packet.c ****   MCU_Set_Soc_Pbint();
 3086              		.loc 1 587 3
 3087 0028 FFF7FEFF 		bl	MCU_Set_Soc_Pbint
 588:../src/drivers/packet_process/Process_Packet.c ****   if (val != CHECK_MAGIC_FAILED) {
 3088              		.loc 1 588 6
 3089 002c BB1D     		adds	r3, r7, #6
 3090 002e 1B88     		ldrh	r3, [r3]
 3091 0030 8C2B     		cmp	r3, #140
 3092 0032 0CD0     		beq	.L102
 589:../src/drivers/packet_process/Process_Packet.c ****     com_usart_change_baud(CONFIG_BAUDRATE);
 3093              		.loc 1 589 5
 3094 0034 E123     		movs	r3, #225
 3095 0036 5B02     		lsls	r3, r3, #9
 3096 0038 1800     		movs	r0, r3
 3097 003a FFF7FEFF 		bl	com_usart_change_baud
 590:../src/drivers/packet_process/Process_Packet.c ****     Set_SPI_High_Resistance();
 3098              		.loc 1 590 5
 3099 003e FFF7FEFF 		bl	Set_SPI_High_Resistance
 591:../src/drivers/packet_process/Process_Packet.c ****     sio_handle_init();
 3100              		.loc 1 591 5
 3101 0042 FFF7FEFF 		bl	sio_handle_init
 592:../src/drivers/packet_process/Process_Packet.c ****     Timer_handler_Start(PMIC_RESET_TIME);
 3102              		.loc 1 592 5
 3103 0046 41F64070 		movw	r0, #8000
 3104 004a FFF7FEFF 		bl	Timer_handler_Start
 3105              	.L102:
 593:../src/drivers/packet_process/Process_Packet.c ****   }
 594:../src/drivers/packet_process/Process_Packet.c **** }...
 3106              		.loc 1 594 1
 3107 004e C046     		nop
 3108 0050 BD46     		mov	sp, r7
 3109 0052 02B0     		add	sp, sp, #8
 3110              		@ sp needed
 3111 0054 80BD     		pop	{r7, pc}
 3112              		.cfi_endproc
 3113              	.LFE79:
 3115              		.section	.bss.start_num.7642,"aw",%nobits
 3118              	start_num.7642:
 3119 0000 00       		.space	1
 3120              		.section	.bss.cnt.7731,"aw",%nobits
 3121              		.align	2
 3124              	cnt.7731:
 3125 0000 00000000 		.space	4
 3126              		.section	.bss.start.7732,"aw",%nobits
 3127              		.align	2
 3130              	start.7732:
 3131 0000 00000000 		.space	4
 3132              		.text
 3133              	.Letext0:
 3134              		.file 2 "d:\\software\\gd32embeddedbuilder_v1.5.6_rel\\tools\\gnu tools arm embedded\\xpack-arm-no
 3135              		.file 3 "d:\\software\\gd32embeddedbuilder_v1.5.6_rel\\tools\\gnu tools arm embedded\\xpack-arm-no
 3136              		.file 4 "../Firmware/CMSIS/GD/GD32E23x/Include/gd32e23x.h"
 3137              		.file 5 "../Firmware/GD32E23x_standard_peripheral/Include/gd32e23x_dbg.h"
 3138              		.file 6 "../Firmware/GD32E23x_standard_peripheral/Include/gd32e23x_rcu.h"
 3139              		.file 7 "../Firmware/GD32E23x_standard_peripheral/Include/gd32e23x_usart.h"
 3140              		.file 8 "../Firmware/CMSIS/GD/GD32E23x/Include/system_gd32e23x.h"
 3141              		.file 9 "../inc/Spi_nand_driver.h"
 3142              		.file 10 "../inc/Process_Packet.h"
 3143              		.file 11 "d:\\software\\gd32embeddedbuilder_v1.5.6_rel\\tools\\gnu tools arm embedded\\xpack-arm-n
 3144              		.file 12 "d:\\software\\gd32embeddedbuilder_v1.5.6_rel\\tools\\gnu tools arm embedded\\xpack-arm-n
 3145              		.file 13 "d:\\software\\gd32embeddedbuilder_v1.5.6_rel\\tools\\gnu tools arm embedded\\xpack-arm-n
 3146              		.file 14 "d:\\software\\gd32embeddedbuilder_v1.5.6_rel\\tools\\gnu tools arm embedded\\xpack-arm-n
DEFINED SYMBOLS
                            *ABS*:00000000 Process_Packet.c
                            *COM*:00000020 global_sio_handle
                            *COM*:0000041c spl_handle
                            *COM*:0000000c timer_handle
                            *COM*:00000004 nand_block_size
                            *COM*:00000004 spl_cycle_page_count
                            *COM*:00000004 spl_cycle_block_count
                            *COM*:00000004 spl_bakcup_block_id
                            *COM*:00000004 spl_page_num
C:\Users\sen.he\AppData\Local\Temp\ccF9jq5a.s:28     .rodata.proc_tab:00000000 proc_tab
C:\Users\sen.he\AppData\Local\Temp\ccF9jq5a.s:25     .rodata.proc_tab:00000000 $d
C:\Users\sen.he\AppData\Local\Temp\ccF9jq5a.s:886    .text.Send_Connect_CMD:00000000 Send_Connect_CMD
C:\Users\sen.he\AppData\Local\Temp\ccF9jq5a.s:970    .text.Send_Start_CMD:00000000 Send_Start_CMD
C:\Users\sen.he\AppData\Local\Temp\ccF9jq5a.s:1251   .text.Send_Data_Midst_CMD:00000000 Send_Data_Midst_CMD
C:\Users\sen.he\AppData\Local\Temp\ccF9jq5a.s:1537   .text.Send_Data_End_CMD:00000000 Send_Data_End_CMD
C:\Users\sen.he\AppData\Local\Temp\ccF9jq5a.s:1614   .text.Send_Data_Exec_CMD:00000000 Send_Data_Exec_CMD
C:\Users\sen.he\AppData\Local\Temp\ccF9jq5a.s:1714   .text.Uart_Download_end:00000000 Uart_Download_end
C:\Users\sen.he\AppData\Local\Temp\ccF9jq5a.s:1443   .text.Send_Nand_ID_CMD:00000000 Send_Nand_ID_CMD
C:\Users\sen.he\AppData\Local\Temp\ccF9jq5a.s:787    .text.Change_Baud_CMD:00000000 Change_Baud_CMD
C:\Users\sen.he\AppData\Local\Temp\ccF9jq5a.s:40     .rodata:00000000 $d
C:\Users\sen.he\AppData\Local\Temp\ccF9jq5a.s:41     .rodata:00000000 .LC0
C:\Users\sen.he\AppData\Local\Temp\ccF9jq5a.s:44     .rodata:00000014 .LC1
C:\Users\sen.he\AppData\Local\Temp\ccF9jq5a.s:47     .rodata:00000034 .LC2
C:\Users\sen.he\AppData\Local\Temp\ccF9jq5a.s:50     .rodata:00000060 .LC3
C:\Users\sen.he\AppData\Local\Temp\ccF9jq5a.s:53     .text.Process_packets:00000000 $t
C:\Users\sen.he\AppData\Local\Temp\ccF9jq5a.s:61     .text.Process_packets:00000000 Process_packets
C:\Users\sen.he\AppData\Local\Temp\ccF9jq5a.s:3118   .bss.start_num.7642:00000000 start_num.7642
C:\Users\sen.he\AppData\Local\Temp\ccF9jq5a.s:551    .text.usart_send_data:00000000 $t
C:\Users\sen.he\AppData\Local\Temp\ccF9jq5a.s:558    .text.usart_send_data:00000000 usart_send_data
C:\Users\sen.he\AppData\Local\Temp\ccF9jq5a.s:715    .text.Send_Error_Code:00000000 $t
C:\Users\sen.he\AppData\Local\Temp\ccF9jq5a.s:722    .text.Send_Error_Code:00000000 Send_Error_Code
C:\Users\sen.he\AppData\Local\Temp\ccF9jq5a.s:777    .rodata:00000080 .LC4
C:\Users\sen.he\AppData\Local\Temp\ccF9jq5a.s:780    .text.Change_Baud_CMD:00000000 $t
C:\Users\sen.he\AppData\Local\Temp\ccF9jq5a.s:876    .rodata:00000098 .LC5
C:\Users\sen.he\AppData\Local\Temp\ccF9jq5a.s:879    .text.Send_Connect_CMD:00000000 $t
C:\Users\sen.he\AppData\Local\Temp\ccF9jq5a.s:953    .rodata:000000b0 .LC6
C:\Users\sen.he\AppData\Local\Temp\ccF9jq5a.s:956    .rodata:000000c8 .LC7
C:\Users\sen.he\AppData\Local\Temp\ccF9jq5a.s:960    .rodata:0000010c .LC8
C:\Users\sen.he\AppData\Local\Temp\ccF9jq5a.s:963    .text.Send_Start_CMD:00000000 $t
C:\Users\sen.he\AppData\Local\Temp\ccF9jq5a.s:1913   .text.nand_flash_init:00000000 nand_flash_init
C:\Users\sen.he\AppData\Local\Temp\ccF9jq5a.s:2865   .text.check_spl_magic:00000000 check_spl_magic
C:\Users\sen.he\AppData\Local\Temp\ccF9jq5a.s:2328   .text.SPL_GetNandFlashData:00000000 SPL_GetNandFlashData
C:\Users\sen.he\AppData\Local\Temp\ccF9jq5a.s:3057   .text.check_failed_process:00000000 check_failed_process
C:\Users\sen.he\AppData\Local\Temp\ccF9jq5a.s:1241   .rodata:00000128 .LC9
C:\Users\sen.he\AppData\Local\Temp\ccF9jq5a.s:1244   .text.Send_Data_Midst_CMD:00000000 $t
C:\Users\sen.he\AppData\Local\Temp\ccF9jq5a.s:1433   .rodata:0000013c .LC10
C:\Users\sen.he\AppData\Local\Temp\ccF9jq5a.s:1436   .text.Send_Nand_ID_CMD:00000000 $t
C:\Users\sen.he\AppData\Local\Temp\ccF9jq5a.s:1527   .rodata:00000154 .LC11
C:\Users\sen.he\AppData\Local\Temp\ccF9jq5a.s:1530   .text.Send_Data_End_CMD:00000000 $t
C:\Users\sen.he\AppData\Local\Temp\ccF9jq5a.s:1604   .rodata:0000016c .LC12
C:\Users\sen.he\AppData\Local\Temp\ccF9jq5a.s:1607   .text.Send_Data_Exec_CMD:00000000 $t
C:\Users\sen.he\AppData\Local\Temp\ccF9jq5a.s:1701   .rodata:00000188 .LC13
C:\Users\sen.he\AppData\Local\Temp\ccF9jq5a.s:1704   .rodata:000001a0 .LC14
C:\Users\sen.he\AppData\Local\Temp\ccF9jq5a.s:1707   .text.Uart_Download_end:00000000 $t
C:\Users\sen.he\AppData\Local\Temp\ccF9jq5a.s:1778   .text.mcu_enter_deepsleep:00000000 mcu_enter_deepsleep
C:\Users\sen.he\AppData\Local\Temp\ccF9jq5a.s:1765   .rodata:000001b8 .LC15
C:\Users\sen.he\AppData\Local\Temp\ccF9jq5a.s:1768   .rodata:000001d4 .LC16
C:\Users\sen.he\AppData\Local\Temp\ccF9jq5a.s:1771   .text.mcu_enter_deepsleep:00000000 $t
C:\Users\sen.he\AppData\Local\Temp\ccF9jq5a.s:2231   .text.Timer_handler_Clear:00000000 Timer_handler_Clear
C:\Users\sen.he\AppData\Local\Temp\ccF9jq5a.s:1894   .rodata:000001e8 .LC17
C:\Users\sen.he\AppData\Local\Temp\ccF9jq5a.s:1898   .rodata:00000224 .LC18
C:\Users\sen.he\AppData\Local\Temp\ccF9jq5a.s:1902   .rodata:00000258 .LC19
C:\Users\sen.he\AppData\Local\Temp\ccF9jq5a.s:1906   .text.nand_flash_init:00000000 $t
C:\Users\sen.he\AppData\Local\Temp\ccF9jq5a.s:2224   .text.Timer_handler_Clear:00000000 $t
C:\Users\sen.he\AppData\Local\Temp\ccF9jq5a.s:2259   .text.Timer_handler_Start:00000000 $t
C:\Users\sen.he\AppData\Local\Temp\ccF9jq5a.s:2266   .text.Timer_handler_Start:00000000 Timer_handler_Start
C:\Users\sen.he\AppData\Local\Temp\ccF9jq5a.s:2315   .rodata:000002b8 .LC20
C:\Users\sen.he\AppData\Local\Temp\ccF9jq5a.s:2318   .rodata:000002c4 .LC21
C:\Users\sen.he\AppData\Local\Temp\ccF9jq5a.s:2321   .text.SPL_GetNandFlashData:00000000 $t
C:\Users\sen.he\AppData\Local\Temp\ccF9jq5a.s:3124   .bss.cnt.7731:00000000 cnt.7731
C:\Users\sen.he\AppData\Local\Temp\ccF9jq5a.s:3130   .bss.start.7732:00000000 start.7732
C:\Users\sen.he\AppData\Local\Temp\ccF9jq5a.s:2843   .rodata:000002e8 .LC22
C:\Users\sen.he\AppData\Local\Temp\ccF9jq5a.s:2846   .rodata:00000304 .LC23
C:\Users\sen.he\AppData\Local\Temp\ccF9jq5a.s:2849   .rodata:00000320 .LC24
C:\Users\sen.he\AppData\Local\Temp\ccF9jq5a.s:2852   .rodata:00000324 .LC25
C:\Users\sen.he\AppData\Local\Temp\ccF9jq5a.s:2855   .rodata:0000032c .LC26
C:\Users\sen.he\AppData\Local\Temp\ccF9jq5a.s:2858   .text.check_spl_magic:00000000 $t
C:\Users\sen.he\AppData\Local\Temp\ccF9jq5a.s:3047   .rodata:00000344 .LC27
C:\Users\sen.he\AppData\Local\Temp\ccF9jq5a.s:3050   .text.check_failed_process:00000000 $t
C:\Users\sen.he\AppData\Local\Temp\ccF9jq5a.s:3119   .bss.start_num.7642:00000000 $d
C:\Users\sen.he\AppData\Local\Temp\ccF9jq5a.s:3121   .bss.cnt.7731:00000000 $d
C:\Users\sen.he\AppData\Local\Temp\ccF9jq5a.s:3127   .bss.start.7732:00000000 $d
                           .group:00000000 wm4.0.590463c46bf1d553a4d8081ecba6952e
                           .group:00000000 wm4.gd32e23x.h.39.0bf85d194b71a50de4fcad938c637dda
                           .group:00000000 wm4._newlib_version.h.4.9ba035841e762c3308916a0ce96032e7
                           .group:00000000 wm4.features.h.33.318b64d71e0957639cfb30f1db1f7ec8
                           .group:00000000 wm4._default_types.h.15.247e5cd201eca3442cbf5404108c4935
                           .group:00000000 wm4._intsup.h.10.cce27fed8484c08a33f522034c30d2b5
                           .group:00000000 wm4._stdint.h.10.c24fa3af3bc1706662bb5593a907e841
                           .group:00000000 wm4.stdint.h.23.d53047a68f4a85177f80b422d52785ed
                           .group:00000000 wm4.core_cm23.h.64.de3bc139a6604757cb96382033d22ea4
                           .group:00000000 wm4.cmsis_gcc.h.26.41038879cf168e2c536d47f29b7e8dd8
                           .group:00000000 wm4.core_cm23.h.125.de61c9c922e4fe53a01469e1afefe964
                           .group:00000000 wm4.system_gd32e23x.h.38.7a884860f7764c0ab5165a93f03201bb
                           .group:00000000 wm4.gd32e23x.h.163.9acf0d7337f9fe4e45533e128df527f9
                           .group:00000000 wm4.gd32e23x_adc.h.41.e37db1574230c817b545e8965349e4d7
                           .group:00000000 wm4.gd32e23x_crc.h.36.279adb768307700338e007c7ed677511
                           .group:00000000 wm4.gd32e23x_dbg.h.36.d33e52eaa928f5287aa06af215016669
                           .group:00000000 wm4.gd32e23x_dma.h.36.526a5bad10d356aae73db43b8b6c8ac1
                           .group:00000000 wm4.gd32e23x_exti.h.36.af0d6df8c0ce7b2677a9f89a98c409ce
                           .group:00000000 wm4.gd32e23x_fmc.h.36.75bde762cab332c240661c238a094712
                           .group:00000000 wm4.gd32e23x_gpio.h.36.795887d0586769fb622efbe77d569cda
                           .group:00000000 wm4.gd32e23x_syscfg.h.36.01ade19f7155772b744fa54349aa8666
                           .group:00000000 wm4.gd32e23x_i2c.h.36.e6cffa765f1652866ccb69e12f59470e
                           .group:00000000 wm4.gd32e23x_fwdgt.h.36.2fcc8574db554a4bd9e84c5cd0b7ab23
                           .group:00000000 wm4.gd32e23x_pmu.h.36.eca9453dd7794477bf31deebb1c6dd71
                           .group:00000000 wm4.gd32e23x_rcu.h.36.5275b85972d8917a1d7fb8903e56792a
                           .group:00000000 wm4.gd32e23x_rtc.h.36.83ced1869b0634048aca709e2e07b91d
                           .group:00000000 wm4.gd32e23x_spi.h.36.3f2a16ec9ce43b99360e154caa44fc36
                           .group:00000000 wm4.gd32e23x_timer.h.36.1a402a135f3e05d89798e4281e3b9d83
                           .group:00000000 wm4.gd32e23x_usart.h.36.c2b993b4a3fc79395d2c6452b270c65c
                           .group:00000000 wm4.gd32e23x_wwdgt.h.36.067f8fa16250ddb8196a2d3d5347a8d1
                           .group:00000000 wm4.gd32e23x_misc.h.36.02bcf8ea2494d3a2286a92cdad908103
                           .group:00000000 wm4.gd32e23x_cmp.h.36.0a60ec830a2d39bbe01854c1093a76e2
                           .group:00000000 wm4.gd32e235c_eval.h.36.7720dfbe8e4c2198d21e3451d7585c3f
                           .group:00000000 wm4.Spi_nand_driver.h.16.fadacb45494f178a00212993489e2bbe
                           .group:00000000 wm4.Process_Packet.h.8.92d52ee183c88b5fcc72ed15cd19860d
                           .group:00000000 wm4.newlib.h.8.2aecb9f3b2dc9d2e83d06d10f0c6ed3e
                           .group:00000000 wm4.ieeefp.h.77.d5685ba212d3ed6e914898d045f873e3
                           .group:00000000 wm4.config.h.220.6cac6a9685cfce5e83c17784171638d9
                           .group:00000000 wm4._ansi.h.31.de524f58584151836e90d8620a16f8e8
                           .group:00000000 wm4.stdio.h.31.7c0e28c411445f3f9c5b11accf882760
                           .group:00000000 wm4.stddef.h.181.c3f52a3b0f4c288bddb5dda1562858e2
                           .group:00000000 wm4.cdefs.h.49.6260d97adb8d27534cbdc0f868b8ea87
                           .group:00000000 wm4.stddef.h.39.b727a6c3269d9d6ef9fc646b721a8287
                           .group:00000000 wm4.stdarg.h.34.3a23a216c0c293b3d2ea2e89281481e6
                           .group:00000000 wm4.lock.h.2.1461d1fff82dffe8bfddc23307f6484f
                           .group:00000000 wm4._types.h.125.5cf8a495f1f7ef36777ad868a1e32068
                           .group:00000000 wm4.stddef.h.155.3588ebfdd1e8c7ede80509bb9c3b8009
                           .group:00000000 wm4._types.h.184.03611d4f6b5bec9997bcf4279eceba07
                           .group:00000000 wm4.reent.h.17.90c2574d4acdcfce933db5cb09ff35fe
                           .group:00000000 wm4.types.h.40.e8c16e7ec36ba55f133d0616070e25fc
                           .group:00000000 wm4._endian.h.31.65a10590763c3dde1ac4a7f66d7d4891
                           .group:00000000 wm4.endian.h.9.49f3a4695c1b61e8a0808de3c4a106cb
                           .group:00000000 wm4._timeval.h.30.0e8bfd94e85db17dda3286ee81496fe6
                           .group:00000000 wm4.timespec.h.41.d855182eb0e690443ab8651bcedca6e1
                           .group:00000000 wm4.select.h.19.97ca6fd0c752a0f3b6719fd314d361e6
                           .group:00000000 wm4.types.h.69.ed3eae3cf73030a737515151ebcab7a1
                           .group:00000000 wm4.sched.h.22.c60982713a5c428609783c78f9c78d95
                           .group:00000000 wm4._pthreadtypes.h.36.fcee9961c35163dde6267ef772ad1972
                           .group:00000000 wm4.stdio.h.2.4aa87247282eca6c8f36f9de33d8df1a
                           .group:00000000 wm4.stdio.h.81.932d0c162786b883f622b8d05c120c78
                           .group:00000000 wm4.Uart_init.h.2.da12282bebdb301fd5c3429fcb6ef815
                           .group:00000000 wm4.GPIO_init.h.2.70d2fd93f0449ff26f951ad36501c55f
                           .group:00000000 wm4.sprd_config.h.2.e1b9cdb9e6995da0d190001c3ec656f4

UNDEFINED SYMBOLS
sio_handle_init
usart_interrupt_enable
crc_16_l_calc
puts
spinand_get_specinfo
s_spinand_spec_info_ptr
com_usart_change_baud
delay_1ms
memset
usart_put_char
ENDIAN_CONVERT_16
ENDIAN_CONVERT_32
memcpy
printf
spi_nand_id
Set_SPI_High_Resistance
gpio_input_bit_get
MCU_Set_Led_Down
rcu_usart_clock_config
com_usart_init
nvic_irq_enable
usart_wakeup_mode_config
usart_enable
usart_flag_get
usart_wakeup_enable
rcu_periph_clock_enable
pmu_to_deepsleepmode
NAND_PAGE_SIZE
NAND_PAGE_PER_BLK
NANDFLASH_Read
MCU_DeepSleepMode
MCU_Set_Soc_Pbint
