
Project.elf:     file format elf32-littlearm
Project.elf
architecture: armv8-m.base, flags 0x00000112:
EXEC_P, HAS_SYMS, D_PAGED
start address 0x08002695

Program Header:
    LOAD off    0x00010000 vaddr 0x08000000 paddr 0x08000000 align 2**16
         filesz 0x00005f44 memsz 0x00005f44 flags rwx
    LOAD off    0x00020000 vaddr 0x20000000 paddr 0x08005f44 align 2**16
         filesz 0x0000023c memsz 0x000010d8 flags rw-
    LOAD off    0x000210d8 vaddr 0x200010d8 paddr 0x08006180 align 2**16
         filesz 0x00000000 memsz 0x00000c00 flags rw-
private flags = 5000200: [Version5 EABI] [soft-float ABI]

Sections:
Idx Name            Size      VMA       LMA       File off  Algn  Flags
  0 .vectors        000000cc  08000000  08000000  00010000  2**0  CONTENTS, ALLOC, LOAD, READONLY, DATA
  1 .text           000056ec  080000cc  080000cc  000100cc  2**2  CONTENTS, ALLOC, LOAD, READONLY, CODE
  2 .rodata         00000784  080057b8  080057b8  000157b8  2**2  CONTENTS, ALLOC, LOAD, READONLY, DATA
  3 .ARM.attributes 0000002c  08005f3c  08005f3c  0002023c  2**0  CONTENTS, READONLY
  4 .init_array     00000004  08005f3c  08005f3c  00015f3c  2**2  CONTENTS, ALLOC, LOAD, DATA
  5 .fini_array     00000004  08005f40  08005f40  00015f40  2**2  CONTENTS, ALLOC, LOAD, DATA
  6 .data           0000023c  20000000  08005f44  00020000  2**2  CONTENTS, ALLOC, LOAD, DATA
  7 .bss            00000e9c  2000023c  08006180  0002023c  2**2  ALLOC
  8 .heap_stack     00000c00  200010d8  08006180  000210d8  2**0  ALLOC
  9 .debug_info     000138df  00000000  00000000  00020268  2**0  CONTENTS, READONLY, DEBUGGING
 10 .debug_abbrev   00003b6b  00000000  00000000  00033b47  2**0  CONTENTS, READONLY, DEBUGGING
 11 .debug_aranges  00000d88  00000000  00000000  000376b8  2**3  CONTENTS, READONLY, DEBUGGING
 12 .debug_ranges   00000c20  00000000  00000000  00038440  2**3  CONTENTS, READONLY, DEBUGGING
 13 .debug_macro    0000dc7c  00000000  00000000  00039060  2**0  CONTENTS, READONLY, DEBUGGING
 14 .debug_line     0000dfec  00000000  00000000  00046cdc  2**0  CONTENTS, READONLY, DEBUGGING
 15 .debug_str      0002698f  00000000  00000000  00054cc8  2**0  CONTENTS, READONLY, DEBUGGING
 16 .comment        00000066  00000000  00000000  0007b657  2**0  CONTENTS, READONLY
 17 .debug_frame    00003644  00000000  00000000  0007b6c0  2**2  CONTENTS, READONLY, DEBUGGING
 18 .debug_loc      0000056b  00000000  00000000  0007ed04  2**0  CONTENTS, READONLY, DEBUGGING
SYMBOL TABLE:
08000000 l    d  .vectors	00000000 .vectors
080000cc l    d  .text	00000000 .text
080057b8 l    d  .rodata	00000000 .rodata
08005f3c l    d  .ARM.attributes	00000000 .ARM.attributes
08005f3c l    d  .init_array	00000000 .init_array
08005f40 l    d  .fini_array	00000000 .fini_array
20000000 l    d  .data	00000000 .data
2000023c l    d  .bss	00000000 .bss
200010d8 l    d  .heap_stack	00000000 .heap_stack
00000000 l    d  .debug_info	00000000 .debug_info
00000000 l    d  .debug_abbrev	00000000 .debug_abbrev
00000000 l    d  .debug_aranges	00000000 .debug_aranges
00000000 l    d  .debug_ranges	00000000 .debug_ranges
00000000 l    d  .debug_macro	00000000 .debug_macro
00000000 l    d  .debug_line	00000000 .debug_line
00000000 l    d  .debug_str	00000000 .debug_str
00000000 l    d  .comment	00000000 .comment
00000000 l    d  .debug_frame	00000000 .debug_frame
00000000 l    d  .debug_loc	00000000 .debug_loc
00000000 l    df *ABS*	00000000 ./gcc_startup/startup_gd32e23x.o
080026a4 l       .text	00000000 LoopCopyDataInit
0800269c l       .text	00000000 CopyDataInit
080026b8 l       .text	00000000 LoopFillZerobss
080026b2 l       .text	00000000 FillZerobss
080026ca l       .text	00000000 LoopForever
080026e4 l       .text	00000000 Infinite_Loop
00000000 l    df *ABS*	00000000 _thumb1_case_shi.o
00000000 l    df *ABS*	00000000 crtstuff.c
080057a0 l     O .text	00000000 __EH_FRAME_BEGIN__
080000e0 l     F .text	00000000 __do_global_dtors_aux
2000023c l     O .bss	00000000 completed.8911
08005f40 l     O .fini_array	00000000 __do_global_dtors_aux_fini_array_entry
0800010c l     F .text	00000000 frame_dummy
20000240 l     O .bss	00000000 object.8916
08005f3c l     O .init_array	00000000 __frame_dummy_init_array_entry
00000000 l    df *ABS*	00000000 systick.c
08000130 l     F .text	000000ee __NVIC_SetPriority
0800021e l     F .text	00000054 SysTick_Config
20000258 l     O .bss	00000004 delay
00000000 l    df *ABS*	00000000 main.c
2000025c l     O .bss	00000004 initialized.7595
00000000 l    df *ABS*	00000000 gd32e23x_it.c
00000000 l    df *ABS*	00000000 gd32e235c_eval.c
08005b18 l     O .rodata	00000014 GPIO_PORT
08005b2c l     O .rodata	00000014 GPIO_PIN
08005b40 l     O .rodata	0000000a GPIO_CLK
00000000 l    df *ABS*	00000000 Uart_init.c
00000000 l    df *ABS*	00000000 timer.c
00000000 l    df *ABS*	00000000 Spl_stdio.c
00000000 l    df *ABS*	00000000 Spi_nand_driver.c
080010d8 l     F .text	0000004a spi_nand_cs_sel
20000008 l     O .data	00000104 s_apinand_cfg_tab
08001272 l     F .text	00000086 spi_nand_read_id
00000000 l    df *ABS*	00000000 GD5F1GQ4xExxG.c
08001572 l     F .text	0000004a spi_nand_cs_sel
00000000 l    df *ABS*	00000000 FORESEE_F35UQB004G.c
00000000 l    df *ABS*	00000000 ESMTF50D1G41MYB.c
080018f6 l     F .text	00000032 spi_nand_continue_read_disable
08001928 l     F .text	00000032 spi_nand_continue_read_enable
0800195a l     F .text	00000018 esmt_spi_nand_config
08001972 l     F .text	0000000e esmt_spi_nand_recovery
08001980 l     F .text	0000004e esmt_spi_nand_check_ecc
00000000 l    df *ABS*	00000000 DS35X2GA.c
080019ce l     F .text	0000004a spi_nand_cs_sel
00000000 l    df *ABS*	00000000 lcd_display.c
08005b4c l     O .rodata	0000000c __func__.7519
00000000 l    df *ABS*	00000000 gd32e235c_lcd_eval.c
08001b00 l     F .text	0000005a spi_write_byte
08001b5a l     F .text	00000120 spi1_init
08001c7a l     F .text	00000034 lcd_write_index
08001cae l     F .text	00000034 lcd_write_data
08001ce2 l     F .text	0000002e lcd_write_data_16bit
08001d10 l     F .text	0000002e lcd_reset
00000000 l    df *ABS*	00000000 GPIO_init.c
20000269 l     O .bss	00000001 key_pressed
2000026c l     O .bss	00000004 key_press_start_time
20000270 l     O .bss	00000001 key_long_press_detected
20000271 l     O .bss	00000001 key_shot_press_detected
20000272 l     O .bss	00000001 detection_window_active
20000274 l     O .bss	00000004 system_boot_start_time
00000000 l    df *ABS*	00000000 deepsleep.c
00000000 l    df *ABS*	00000000 gd32e23x_usart.c
00000000 l    df *ABS*	00000000 gd32e23x_syscfg.c
00000000 l    df *ABS*	00000000 gd32e23x_spi.c
00000000 l    df *ABS*	00000000 gd32e23x_rcu.c
00000000 l    df *ABS*	00000000 gd32e23x_pmu.c
00000000 l    df *ABS*	00000000 gd32e23x_misc.c
08003486 l     F .text	00000042 __NVIC_EnableIRQ
080034c8 l     F .text	00000050 __NVIC_DisableIRQ
08003518 l     F .text	000000ee __NVIC_SetPriority
00000000 l    df *ABS*	00000000 gd32e23x_gpio.c
00000000 l    df *ABS*	00000000 system_gd32e23x.c
08003930 l     F .text	00000030 _soft_delay_
08003b42 l     F .text	000001d8 system_clock_72m_irc8m
00000000 l    df *ABS*	00000000 syscalls.c
200001d4 l     O .data	00000004 curbrk.6120
00000000 l    df *ABS*	00000000 Process_Packet.c
08003e58 l     F .text	00000060 usart_send_data
20000278 l     O .bss	00000004 cnt.7644
2000027c l     O .bss	00000004 start.7645
20000280 l     O .bss	00000001 start_num.7565
00000000 l    df *ABS*	00000000 init.c
00000000 l    df *ABS*	00000000 printf.c
00000000 l    df *ABS*	00000000 putchar.c
00000000 l    df *ABS*	00000000 puts.c
00000000 l    df *ABS*	00000000 wbuf.c
00000000 l    df *ABS*	00000000 wsetup.c
00000000 l    df *ABS*	00000000 fflush.c
00000000 l    df *ABS*	00000000 findfp.c
08004b84 l     F .text	00000048 std
00000000 l    df *ABS*	00000000 fwalk.c
00000000 l    df *ABS*	00000000 lock.c
00000000 l    df *ABS*	00000000 makebuf.c
00000000 l    df *ABS*	00000000 nano-mallocr.c
00000000 l    df *ABS*	00000000 nano-mallocr.c
00000000 l    df *ABS*	00000000 nano-vfprintf.c
08004fa8 l     F .text	0000002a __sfputc_r
00000000 l    df *ABS*	00000000 nano-vfprintf_i.c
00000000 l    df *ABS*	00000000 putc.c
00000000 l    df *ABS*	00000000 sbrkr.c
00000000 l    df *ABS*	00000000 stdio.c
00000000 l    df *ABS*	00000000 writer.c
00000000 l    df *ABS*	00000000 closer.c
00000000 l    df *ABS*	00000000 fstatr.c
00000000 l    df *ABS*	00000000 isattyr.c
00000000 l    df *ABS*	00000000 lseekr.c
00000000 l    df *ABS*	00000000 memchr-stub.c
00000000 l    df *ABS*	00000000 mlock.c
00000000 l    df *ABS*	00000000 readr.c
00000000 l    df *ABS*	00000000 d:/software/gd32embeddedbuilder_v1.5.6_rel/tools/gnu tools arm embedded/xpack-arm-none-eabi-gcc/9.2.1-1.1/bin/../lib/gcc/arm-none-eabi/9.2.1/thumb/v8-m.base/nofp/crti.o
00000000 l    df *ABS*	00000000 d:/software/gd32embeddedbuilder_v1.5.6_rel/tools/gnu tools arm embedded/xpack-arm-none-eabi-gcc/9.2.1-1.1/bin/../lib/gcc/arm-none-eabi/9.2.1/thumb/v8-m.base/nofp/crtn.o
00000000 l    df *ABS*	00000000 impure.c
200001dc l     O .data	00000060 impure_data
00000000 l    df *ABS*	00000000 reent.c
00000000 l    df *ABS*	00000000 
08005f40 l       .init_array	00000000 __init_array_end
08005f3c l       .ARM.attributes	00000000 __preinit_array_end
08005f3c l       .init_array	00000000 __init_array_start
08005f3c l       .ARM.attributes	00000000 __preinit_array_start
08004758 g     F .text	00000024 putchar
08005700 g     F .text	00000020 _isatty_r
080028e0 g     F .text	0000002a usart_transmit_config
0800477c g     F .text	000000dc _puts_r
080026e4  w    F .text	00000002 TIMER2_IRQHandler
0800254e g     F .text	00000018 MCU_Reset_Soc_Pbint
08005720 g     F .text	00000024 _lseek_r
080026e4  w    F .text	00000002 TIMER5_IRQHandler
080026e4  w    F .text	00000002 LVD_IRQHandler
08000000 g       .vectors	000000cc __gVectors
08003692 g     F .text	000000b0 gpio_mode_set
0800363e g     F .text	00000020 nvic_irq_disable
20000c6c g     O .bss	0000000c timer_handle
08004728 g     F .text	00000030 printf
200010cc g     O .bss	00000001 __lock___atexit_recursive_mutex
080029ac g     F .text	0000001c usart_wakeup_enable
08005660 g     F .text	0000002c __sseek
08004c48 g     F .text	00000070 __sinit
0800486c g     F .text	000000a4 __swbuf_r
080006c0 g     F .text	00000006 HardFault_Handler
08004bdc g     F .text	0000002c __sfmoreglue
08001730 g     F .text	0000001c spi_nand_write_enable
0800576c g     F .text	00000010 __malloc_unlock
080006d2 g     F .text	00000110 SysTick_Handler
080002d4 g     F .text	0000002c delay_decrement
200010cd g     O .bss	00000001 __lock___arc4random_mutex
08005f44 g       *ABS*	00000000 _sidata
08002536 g     F .text	00000018 MCU_Set_Soc_Pbint
080026e4  w    F .text	00000002 TIMER15_IRQHandler
080006cc g     F .text	00000006 PendSV_Handler
080006aa g     F .text	00000016 NMI_Handler
08005f3c g       .rodata	00000000 __exidx_end
08003f5c g     F .text	00000044 Send_Data_Exec_CMD
08002844 g     F .text	0000003c usart_word_length_set
080014c0 g     F .text	000000b2 NANDFLASH_Read
080056dc g     F .text	00000024 _fstat_r
200010c8 g     O .bss	00000004 errno
08003080 g     F .text	00000380 rcu_clock_freq_get
080057b8 g       .text	00000000 _etext
08002482 g     F .text	0000006a is_long_key_or_nokey_press_power
2000023c g       .bss	00000000 _sbss
00000800 g       *ABS*	00000000 __stack_size
0800250c g     F .text	0000002a MCU_DeepSleepMode
080025b0 g     F .text	000000e4 mcu_enter_deepsleep
08000e6a g     F .text	00000092 hexdump
08002934 g     F .text	0000003c usart_oversample_config
080023a0 g     F .text	000000e2 check_key_press_during_boot
0800235c g     F .text	00000044 init_key_detection
08001044 g     F .text	00000046 memcpy
080028c4 g     F .text	0000001c usart_enable
08004bcc g     F .text	00000010 _cleanup_r
0800174c g     F .text	00000038 spi_nand_enable_ecc
080026e4  w    F .text	00000002 I2C0_EV_IRQHandler
080037f2 g     F .text	0000001a gpio_bit_set
08004858 g     F .text	00000014 puts
080016ba g     F .text	00000076 spi_nand_read2cache
200001d0 g     O .data	00000004 SystemCoreClock
08000b94 g     F .text	0000008a sio_handle_init
080026e4  w    F .text	00000002 ADC_CMP_IRQHandler
08002aa0 g     F .text	00000044 usart_interrupt_enable
08002ff0 g     F .text	0000004e rcu_periph_reset_disable
08003dda g     F .text	0000001c _fstat
08002c04 g     F .text	00000138 spi_init
08002a10 g     F .text	00000022 usart_receive_fifo_enable
08004404 g     F .text	0000003c check_failed_process
2000023c g       .bss	00000000 __bss_start__
08003606 g     F .text	00000038 nvic_irq_enable
08001aa4 g     F .text	0000005c lcd_display
20000000 g       .data	00000000 _sdata
080026e4  w    F .text	00000002 SPI1_IRQHandler
080055e0 g     F .text	00000020 _sbrk_r
080026e4  w    F .text	00000002 TAMPER_IRQHandler
2000013c g     O .data	00000030 g_spinand_foresee
0800577c g     F .text	00000024 _read_r
08002b90 g     F .text	00000050 usart_interrupt_flag_clear
080026e4  w    F .text	00000002 DMA_Channel3_4_IRQHandler
0800205c g     F .text	000000b8 lcd_set_region
08002808 g     F .text	0000003c usart_parity_config
200014d8 g       .heap_stack	00000000 _heap_end
080026e4  w    F .text	00000002 TIMER14_IRQHandler
08005f3c g       .rodata	00000000 __exidx_start
200010ce g     O .bss	00000001 __lock___env_recursive_mutex
08003df6 g     F .text	00000012 _isatty
200010cf g     O .bss	00000001 __lock___sinit_recursive_mutex
08005ea4 g     O .rodata	00000004 _global_impure_ptr
080046d8 g     F .text	00000050 __libc_init_array
080026e4  w    F .text	00000002 TIMER16_IRQHandler
20000000 g     O .data	00000004 NAND_PAGE_SIZE
08002576 g     F .text	00000016 MCU_Detect_Key_Pressed
080026e4  w    F .text	00000002 EXTI2_3_IRQHandler
08003d1a g     F .text	00000072 _sbrk
08004618 g     F .text	000000c0 Send_Start_CMD
08004174 g     F .text	00000020 Send_Error_Code
080026e4  w    F .text	00000002 I2C0_ER_IRQHandler
0800298e g     F .text	0000001e usart_data_receive
08003742 g     F .text	000000b0 gpio_output_options_set
080057a0 g     F .text	00000000 _init
080029c8 g     F .text	00000048 usart_wakeup_mode_config
080026e4  w    F .text	00000002 RTC_IRQHandler
08002d74 g     F .text	0000005e spi_i2s_data_transmit
200010d8 g       .bss	00000000 _ebss
08002694  w    F .text	00000038 Reset_Handler
08000d6e g     F .text	00000066 com_usart_change_baud
08004440 g     F .text	00000094 Send_Data_Midst_CMD
080018c4 g     F .text	00000032 foresee_spi_nand_check_ecc
08005e7c g     O .rodata	00000028 proc_tab
200010d0 g     O .bss	00000001 __lock___malloc_recursive_mutex
20000260 g     O .bss	00000004 s_spinand_spec_info_ptr
0800220a g     F .text	000000ec com_gpio_init
08005550 g     F .text	00000090 _putc_r
08000efc g     F .text	00000096 crc_16_l_calc
08004018 g     F .text	0000015c Process_packets
08000aba g     F .text	000000a0 gd_eval_led_init
080002a6 g     F .text	0000002e delay_1ms
08000e24 g     F .text	00000046 Timer_handler_Start
0800290a g     F .text	0000002a usart_receive_config
080007e2 g     F .text	000002d8 USART0_IRQHandler
00000400 g       *ABS*	00000000 __heap_size
08005ea8 g     O .rodata	00000020 __sf_fake_stderr
080026e4  w    F .text	00000002 TIMER13_IRQHandler
080026e4  w    F .text	00000002 I2C1_EV_IRQHandler
08004d88 g     F .text	00000002 __retarget_lock_release_recursive
080000cc g       .vectors	00000000 __Vectors_Size
08004fd2 g     F .text	00000024 __sfputs_r
0800380c g     F .text	0000001a gpio_bit_reset
08004c08 g     F .text	00000010 __sfp_lock_acquire
08005744 g     F .text	00000016 memchr
08001122 g     F .text	000000c8 spi_nandflash_init
200010d8 g       .bss	00000000 __bss_end__
08004e5c g     F .text	00000094 _free_r
080026e4  w    F .text	00000002 EXTI4_15_IRQHandler
080000cc g     F .text	00000014 .hidden __gnu_thumb1_case_shi
08000668 g     F .text	00000042 __io_putchar
20001cd8 g       .heap_stack	00000000 _sp
08002880 g     F .text	00000044 usart_stop_bit_set
20000004 g     O .data	00000004 NAND_PAGE_PER_BLK
080026e4 g       .text	00000002 Default_Handler
08002f5c g     F .text	0000004a rcu_periph_clock_enable
08000c1e g     F .text	000000a8 com_usart_init
08002b2c g     F .text	00000062 usart_interrupt_flag_get
08003e08 g     F .text	00000016 _lseek
080024ec g     F .text	00000020 Set_SPI_High_Resistance
0800258c g     F .text	00000024 MCU_Detect_Soc_bootup
08002566 g     F .text	00000010 MCU_Set_Led_Down
2000016c g     O .data	00000030 g_spinand_esmt
080026e4  w    F .text	00000002 WWDGT_IRQHandler
08001a18 g     F .text	0000008c ds_spi_nand_read_from_cache
08000fc8 g     F .text	00000038 ENDIAN_CONVERT_32
20000c78 g     O .bss	00000004 spl_page_num
080056bc g     F .text	00000020 _close_r
08002d3c g     F .text	0000001c spi_enable
080026e4  w    F .text	00000002 TIMER0_BRK_UP_TRG_COM_IRQHandler
0800108a g     F .text	0000004e memcmp
080026e4  w    F .text	00000002 EXTI0_1_IRQHandler
08004910 g     F .text	000000e8 __swsetup_r
080012f8 g     F .text	000001c8 spinand_get_specinfo
2000028c g     O .bss	000000f0 recv_data_buffer_array
08004cb8 g     F .text	0000008c __sfp
08002738 g     F .text	000000ce usart_baudrate_set
0800303e g     F .text	00000040 rcu_usart_clock_config
08004c38 g     F .text	00000010 __sinit_lock_release
08000272 g     F .text	00000034 systick_config
08005600 g     F .text	00000028 __sread
20000c7c g     O .bss	0000041c spl_handle
080011ea g     F .text	0000006c spi_nand_rw_byte
08003b34 g     F .text	0000000e system_clock_config
08001256 g     F .text	0000001c spi_nand_reset
0800575c g     F .text	00000010 __malloc_lock
08004b0c g     F .text	00000078 _fflush_r
08002114 g     F .text	000000f6 lcd_draw_image
08003fec g     F .text	0000002c Uart_Download_end
08005ec8 g     O .rodata	00000020 __sf_fake_stdin
08002be0 g     F .text	00000024 syscfg_flag_get
08001784 g     F .text	00000038 spi_nand_disable_ecc
08004d86 g     F .text	00000002 __retarget_lock_acquire_recursive
08001646 g     F .text	00000074 spi_nand_read_from_cache
080022f6 g     F .text	00000066 com1_gpio_init
08001000 g     F .text	00000044 memset
08002970 g     F .text	0000001e usart_data_transmit
08002dd2 g     F .text	00000050 spi_i2s_data_receive
08001d3e g     F .text	0000031e lcd_init
08000300 g     F .text	00000368 main
08004d84 g     F .text	00000002 __retarget_lock_init_recursive
080006c6 g     F .text	00000006 SVC_Handler
080026e4  w    F .text	00000002 DMA_Channel1_2_IRQHandler
0800568c g     F .text	0000000c __sclose
08003fa0 g     F .text	0000004c Change_Baud_CMD
08004ef0 g     F .text	000000b8 _malloc_r
200001cc g     O .data	00000004 logo_buffer
08000e08 g     F .text	0000001c Timer_handler_Clear
080017f6 g     F .text	0000006e spi_nand_erase_blk
08001864 g     F .text	00000014 spi_nand_config
08003960 g     F .text	000001d4 SystemInit
080015fc g     F .text	0000004a spi_nand_get_feature
080057ac g     F .text	00000000 _fini
08004728 g     F .text	00000030 iprintf
080026e6 g     F .text	00000052 usart_deinit
08000b5a g     F .text	0000003a gd_eval_led_off
08005698 g     F .text	00000024 _write_r
0800525c g     F .text	000000dc _printf_common
200001d8 g     O .data	00000004 _impure_ptr
08002fa6 g     F .text	0000004a rcu_periph_reset_enable
20001098 g     O .bss	00000004 spl_cycle_block_count
080049f8 g     F .text	00000114 __sflush_r
08002ae4 g     F .text	00000048 usart_interrupt_disable
08003826 g     F .text	00000024 gpio_input_bit_get
08003400 g     F .text	00000086 pmu_to_deepsleepmode
080026e4  w    F .text	00000002 RCU_IRQHandler
080044d4 g     F .text	00000144 nand_flash_init
080026e4  w    F .text	00000002 TIMER0_Channel_IRQHandler
08004d8c g     F .text	00000050 __swhatbuf_r
080000cc g       .vectors	00000000 __Vectors_End
08003d8c g     F .text	0000003a _write
2000023c g       .data	00000000 _edata
08000cc6 g     F .text	000000a8 com1_usart_init
080026e4  w    F .text	00000002 SPI0_IRQHandler
200010d8 g       .bss	00000000 _end
08003ee8 g     F .text	00000044 Send_Nand_ID_CMD
2000109c g     O .bss	00000020 global_sio_handle
200010d1 g     O .bss	00000001 __lock___at_quick_exit_mutex
08005628 g     F .text	00000038 __swrite
08004ff8 g     F .text	00000264 _vfiprintf_r
08004d44 g     F .text	00000040 _fwalk_reent
2000019c g     O .data	00000030 g_spinand_ds
08002e22 g     F .text	0000013a spi_i2s_flag_get
08004c18 g     F .text	00000010 __sfp_lock_release
080017bc g     F .text	0000003a spi_nand_check_ecc
2000037c g     O .bss	00000800 send_data_buffer_array
08005ee8 g     O .rodata	00000020 __sf_fake_stdout
08002d58 g     F .text	0000001c spi_disable
08004194 g     F .text	00000194 SPL_GetNandFlashData
080026e4  w    F .text	00000002 DMA_Channel0_IRQHandler
08003e1e g     F .text	0000003a _read
08001878 g     F .text	0000004c spi_nand_check_blk_sts
08003f2c g     F .text	00000030 Send_Data_End_CMD
080026e4  w    F .text	00000002 USART1_IRQHandler
200010d2 g     O .bss	00000001 __lock___dd_hash_mutex
08004ddc g     F .text	00000080 __smakebuf_r
08002a32 g     F .text	0000003e usart_flag_get
200010d3 g     O .bss	00000001 __lock___tz_mutex
2000010c g     O .data	00000030 g_spinand_gd
08005338 g     F .text	00000218 _printf_i
0800384a g     F .text	000000e6 gpio_af_set
20000288 g     O .bss	00000004 __malloc_sbrk_start
200010bc g     O .bss	00000004 nand_block_size
080026e4  w    F .text	00000002 I2C1_ER_IRQHandler
08000dd4 g     F .text	00000034 usart_put_char
080026e4  w    F .text	00000002 FMC_IRQHandler
20000284 g     O .bss	00000004 __malloc_free_list
200010c0 g     O .bss	00000004 spl_bakcup_block_id
20000264 g     O .bss	00000005 spi_nand_id
08004ff8 g     F .text	00000264 _vfprintf_r
20000b7c g     O .bss	000000f0 handle_data_buffer_array
0800365e g     F .text	00000034 nvic_vector_table_set
08003eb8 g     F .text	00000030 Send_Connect_CMD
200010c4 g     O .bss	00000004 spl_cycle_page_count
08000f92 g     F .text	00000034 ENDIAN_CONVERT_16
08002a70 g     F .text	00000030 usart_flag_clear
08004328 g     F .text	000000dc check_spl_magic
200010d4 g     O .bss	00000001 __lock___sfp_recursive_mutex
08003dc6 g     F .text	00000014 _close
08004c28 g     F .text	00000010 __sinit_lock_acquire
080015bc g     F .text	00000040 spi_nand_set_feature



Disassembly of section .text:

080000cc <__gnu_thumb1_case_shi>:
__gnu_thumb1_case_shi():
 80000cc:	b403      	push	{r0, r1}
 80000ce:	4671      	mov	r1, lr
 80000d0:	0849      	lsrs	r1, r1, #1
 80000d2:	0040      	lsls	r0, r0, #1
 80000d4:	0049      	lsls	r1, r1, #1
 80000d6:	5e09      	ldrsh	r1, [r1, r0]
 80000d8:	0049      	lsls	r1, r1, #1
 80000da:	448e      	add	lr, r1
 80000dc:	bc03      	pop	{r0, r1}
 80000de:	4770      	bx	lr

080000e0 <__do_global_dtors_aux>:
__do_global_dtors_aux():
 80000e0:	b510      	push	{r4, lr}
 80000e2:	f240 243c 	movw	r4, #572	; 0x23c
 80000e6:	f2c2 0400 	movt	r4, #8192	; 0x2000
 80000ea:	7823      	ldrb	r3, [r4, #0]
 80000ec:	b963      	cbnz	r3, 8000108 <__do_global_dtors_aux+0x28>
 80000ee:	f240 0300 	movw	r3, #0
 80000f2:	f2c0 0300 	movt	r3, #0
 80000f6:	b12b      	cbz	r3, 8000104 <__do_global_dtors_aux+0x24>
 80000f8:	f245 70a0 	movw	r0, #22432	; 0x57a0
 80000fc:	f6c0 0000 	movt	r0, #2048	; 0x800
 8000100:	e000      	b.n	8000104 <__do_global_dtors_aux+0x24>
 8000102:	bf00      	nop
 8000104:	2301      	movs	r3, #1
 8000106:	7023      	strb	r3, [r4, #0]
 8000108:	bd10      	pop	{r4, pc}
 800010a:	46c0      	nop			; (mov r8, r8)

0800010c <frame_dummy>:
frame_dummy():
 800010c:	f240 0300 	movw	r3, #0
 8000110:	f2c0 0300 	movt	r3, #0
 8000114:	b510      	push	{r4, lr}
 8000116:	b14b      	cbz	r3, 800012c <frame_dummy+0x20>
 8000118:	f240 2140 	movw	r1, #576	; 0x240
 800011c:	f245 70a0 	movw	r0, #22432	; 0x57a0
 8000120:	f2c2 0100 	movt	r1, #8192	; 0x2000
 8000124:	f6c0 0000 	movt	r0, #2048	; 0x800
 8000128:	e000      	b.n	800012c <frame_dummy+0x20>
 800012a:	bf00      	nop
 800012c:	bd10      	pop	{r4, pc}
 800012e:	46c0      	nop			; (mov r8, r8)

08000130 <__NVIC_SetPriority>:
__NVIC_SetPriority():
\\TJAND17\sen.he\project\unc_linux_rls_25d\source\bsp\mcu\GD\GD ARM MCU Debug/../Firmware/CMSIS/core_cm23.h:1458
  \param [in]      IRQn  Interrupt number.
  \param [in]  priority  Priority to set.
  \note    The priority cannot be set for every processor exception.
 */
__STATIC_INLINE void __NVIC_SetPriority(IRQn_Type IRQn, uint32_t priority)
{
 8000130:	b590      	push	{r4, r7, lr}
 8000132:	b083      	sub	sp, #12
 8000134:	af00      	add	r7, sp, #0
 8000136:	0002      	movs	r2, r0
 8000138:	6039      	str	r1, [r7, #0]
 800013a:	1dfb      	adds	r3, r7, #7
 800013c:	701a      	strb	r2, [r3, #0]
\\TJAND17\sen.he\project\unc_linux_rls_25d\source\bsp\mcu\GD\GD ARM MCU Debug/../Firmware/CMSIS/core_cm23.h:1459
  if ((int32_t)(IRQn) >= 0)
 800013e:	1dfb      	adds	r3, r7, #7
 8000140:	781b      	ldrb	r3, [r3, #0]
 8000142:	2b7f      	cmp	r3, #127	; 0x7f
 8000144:	d82f      	bhi.n	80001a6 <__NVIC_SetPriority+0x76>
\\TJAND17\sen.he\project\unc_linux_rls_25d\source\bsp\mcu\GD\GD ARM MCU Debug/../Firmware/CMSIS/core_cm23.h:1461
  {
    NVIC->IPR[_IP_IDX(IRQn)]  = ((uint32_t)(NVIC->IPR[_IP_IDX(IRQn)]  & ~(0xFFUL << _BIT_SHIFT(IRQn))) |
 8000146:	f24e 1300 	movw	r3, #57600	; 0xe100
 800014a:	f2ce 0300 	movt	r3, #57344	; 0xe000
 800014e:	1dfa      	adds	r2, r7, #7
 8000150:	7812      	ldrb	r2, [r2, #0]
 8000152:	b252      	sxtb	r2, r2
 8000154:	0892      	lsrs	r2, r2, #2
 8000156:	32c0      	adds	r2, #192	; 0xc0
 8000158:	0092      	lsls	r2, r2, #2
 800015a:	58d3      	ldr	r3, [r2, r3]
 800015c:	1dfa      	adds	r2, r7, #7
 800015e:	7812      	ldrb	r2, [r2, #0]
 8000160:	0011      	movs	r1, r2
 8000162:	2203      	movs	r2, #3
 8000164:	400a      	ands	r2, r1
 8000166:	00d2      	lsls	r2, r2, #3
 8000168:	21ff      	movs	r1, #255	; 0xff
 800016a:	4091      	lsls	r1, r2
 800016c:	000a      	movs	r2, r1
 800016e:	43d2      	mvns	r2, r2
 8000170:	401a      	ands	r2, r3
 8000172:	0010      	movs	r0, r2
\\TJAND17\sen.he\project\unc_linux_rls_25d\source\bsp\mcu\GD\GD ARM MCU Debug/../Firmware/CMSIS/core_cm23.h:1462
       (((priority << (8U - __NVIC_PRIO_BITS)) & (uint32_t)0xFFUL) << _BIT_SHIFT(IRQn)));
 8000174:	683b      	ldr	r3, [r7, #0]
 8000176:	019b      	lsls	r3, r3, #6
 8000178:	22ff      	movs	r2, #255	; 0xff
 800017a:	401a      	ands	r2, r3
 800017c:	1dfb      	adds	r3, r7, #7
 800017e:	781b      	ldrb	r3, [r3, #0]
 8000180:	0019      	movs	r1, r3
 8000182:	2303      	movs	r3, #3
 8000184:	400b      	ands	r3, r1
 8000186:	00db      	lsls	r3, r3, #3
 8000188:	409a      	lsls	r2, r3
 800018a:	0011      	movs	r1, r2
\\TJAND17\sen.he\project\unc_linux_rls_25d\source\bsp\mcu\GD\GD ARM MCU Debug/../Firmware/CMSIS/core_cm23.h:1461
    NVIC->IPR[_IP_IDX(IRQn)]  = ((uint32_t)(NVIC->IPR[_IP_IDX(IRQn)]  & ~(0xFFUL << _BIT_SHIFT(IRQn))) |
 800018c:	f24e 1300 	movw	r3, #57600	; 0xe100
 8000190:	f2ce 0300 	movt	r3, #57344	; 0xe000
 8000194:	1dfa      	adds	r2, r7, #7
 8000196:	7812      	ldrb	r2, [r2, #0]
 8000198:	b252      	sxtb	r2, r2
 800019a:	0892      	lsrs	r2, r2, #2
 800019c:	4301      	orrs	r1, r0
 800019e:	32c0      	adds	r2, #192	; 0xc0
 80001a0:	0092      	lsls	r2, r2, #2
 80001a2:	50d1      	str	r1, [r2, r3]
\\TJAND17\sen.he\project\unc_linux_rls_25d\source\bsp\mcu\GD\GD ARM MCU Debug/../Firmware/CMSIS/core_cm23.h:1469
  else
  {
    SCB->SHPR[_SHP_IDX(IRQn)] = ((uint32_t)(SCB->SHPR[_SHP_IDX(IRQn)] & ~(0xFFUL << _BIT_SHIFT(IRQn))) |
       (((priority << (8U - __NVIC_PRIO_BITS)) & (uint32_t)0xFFUL) << _BIT_SHIFT(IRQn)));
  }
}
 80001a4:	e037      	b.n	8000216 <__NVIC_SetPriority+0xe6>
\\TJAND17\sen.he\project\unc_linux_rls_25d\source\bsp\mcu\GD\GD ARM MCU Debug/../Firmware/CMSIS/core_cm23.h:1466
    SCB->SHPR[_SHP_IDX(IRQn)] = ((uint32_t)(SCB->SHPR[_SHP_IDX(IRQn)] & ~(0xFFUL << _BIT_SHIFT(IRQn))) |
 80001a6:	f64e 5300 	movw	r3, #60672	; 0xed00
 80001aa:	f2ce 0300 	movt	r3, #57344	; 0xe000
 80001ae:	1dfa      	adds	r2, r7, #7
 80001b0:	7812      	ldrb	r2, [r2, #0]
 80001b2:	0011      	movs	r1, r2
 80001b4:	220f      	movs	r2, #15
 80001b6:	400a      	ands	r2, r1
 80001b8:	3a08      	subs	r2, #8
 80001ba:	0892      	lsrs	r2, r2, #2
 80001bc:	3206      	adds	r2, #6
 80001be:	0092      	lsls	r2, r2, #2
 80001c0:	189b      	adds	r3, r3, r2
 80001c2:	3304      	adds	r3, #4
 80001c4:	681b      	ldr	r3, [r3, #0]
 80001c6:	1dfa      	adds	r2, r7, #7
 80001c8:	7812      	ldrb	r2, [r2, #0]
 80001ca:	0011      	movs	r1, r2
 80001cc:	2203      	movs	r2, #3
 80001ce:	400a      	ands	r2, r1
 80001d0:	00d2      	lsls	r2, r2, #3
 80001d2:	21ff      	movs	r1, #255	; 0xff
 80001d4:	4091      	lsls	r1, r2
 80001d6:	000a      	movs	r2, r1
 80001d8:	43d2      	mvns	r2, r2
 80001da:	401a      	ands	r2, r3
 80001dc:	0010      	movs	r0, r2
\\TJAND17\sen.he\project\unc_linux_rls_25d\source\bsp\mcu\GD\GD ARM MCU Debug/../Firmware/CMSIS/core_cm23.h:1467
       (((priority << (8U - __NVIC_PRIO_BITS)) & (uint32_t)0xFFUL) << _BIT_SHIFT(IRQn)));
 80001de:	683b      	ldr	r3, [r7, #0]
 80001e0:	019b      	lsls	r3, r3, #6
 80001e2:	22ff      	movs	r2, #255	; 0xff
 80001e4:	401a      	ands	r2, r3
 80001e6:	1dfb      	adds	r3, r7, #7
 80001e8:	781b      	ldrb	r3, [r3, #0]
 80001ea:	0019      	movs	r1, r3
 80001ec:	2303      	movs	r3, #3
 80001ee:	400b      	ands	r3, r1
 80001f0:	00db      	lsls	r3, r3, #3
 80001f2:	409a      	lsls	r2, r3
\\TJAND17\sen.he\project\unc_linux_rls_25d\source\bsp\mcu\GD\GD ARM MCU Debug/../Firmware/CMSIS/core_cm23.h:1466
    SCB->SHPR[_SHP_IDX(IRQn)] = ((uint32_t)(SCB->SHPR[_SHP_IDX(IRQn)] & ~(0xFFUL << _BIT_SHIFT(IRQn))) |
 80001f4:	f64e 5300 	movw	r3, #60672	; 0xed00
 80001f8:	f2ce 0300 	movt	r3, #57344	; 0xe000
 80001fc:	1df9      	adds	r1, r7, #7
 80001fe:	7809      	ldrb	r1, [r1, #0]
 8000200:	000c      	movs	r4, r1
 8000202:	210f      	movs	r1, #15
 8000204:	4021      	ands	r1, r4
 8000206:	3908      	subs	r1, #8
 8000208:	0889      	lsrs	r1, r1, #2
 800020a:	4302      	orrs	r2, r0
 800020c:	3106      	adds	r1, #6
 800020e:	0089      	lsls	r1, r1, #2
 8000210:	185b      	adds	r3, r3, r1
 8000212:	3304      	adds	r3, #4
 8000214:	601a      	str	r2, [r3, #0]
\\TJAND17\sen.he\project\unc_linux_rls_25d\source\bsp\mcu\GD\GD ARM MCU Debug/../Firmware/CMSIS/core_cm23.h:1469
}
 8000216:	46c0      	nop			; (mov r8, r8)
 8000218:	46bd      	mov	sp, r7
 800021a:	b003      	add	sp, #12
 800021c:	bd90      	pop	{r4, r7, pc}

0800021e <SysTick_Config>:
SysTick_Config():
\\TJAND17\sen.he\project\unc_linux_rls_25d\source\bsp\mcu\GD\GD ARM MCU Debug/../Firmware/CMSIS/core_cm23.h:1807
  \note    When the variable <b>__Vendor_SysTickConfig</b> is set to 1, then the
           function <b>SysTick_Config</b> is not included. In this case, the file <b><i>device</i>.h</b>
           must contain a vendor-specific implementation of this function.
 */
__STATIC_INLINE uint32_t SysTick_Config(uint32_t ticks)
{
 800021e:	b580      	push	{r7, lr}
 8000220:	b082      	sub	sp, #8
 8000222:	af00      	add	r7, sp, #0
 8000224:	6078      	str	r0, [r7, #4]
\\TJAND17\sen.he\project\unc_linux_rls_25d\source\bsp\mcu\GD\GD ARM MCU Debug/../Firmware/CMSIS/core_cm23.h:1808
  if ((ticks - 1UL) > SysTick_LOAD_RELOAD_Msk)
 8000226:	687b      	ldr	r3, [r7, #4]
 8000228:	1e5a      	subs	r2, r3, #1
 800022a:	2380      	movs	r3, #128	; 0x80
 800022c:	045b      	lsls	r3, r3, #17
 800022e:	429a      	cmp	r2, r3
 8000230:	d301      	bcc.n	8000236 <SysTick_Config+0x18>
\\TJAND17\sen.he\project\unc_linux_rls_25d\source\bsp\mcu\GD\GD ARM MCU Debug/../Firmware/CMSIS/core_cm23.h:1810
  {
    return (1UL);                                                   /* Reload value impossible */
 8000232:	2301      	movs	r3, #1
 8000234:	e019      	b.n	800026a <SysTick_Config+0x4c>
\\TJAND17\sen.he\project\unc_linux_rls_25d\source\bsp\mcu\GD\GD ARM MCU Debug/../Firmware/CMSIS/core_cm23.h:1813
  }

  SysTick->LOAD  = (uint32_t)(ticks - 1UL);                         /* set reload register */
 8000236:	f24e 0310 	movw	r3, #57360	; 0xe010
 800023a:	f2ce 0300 	movt	r3, #57344	; 0xe000
 800023e:	687a      	ldr	r2, [r7, #4]
 8000240:	3a01      	subs	r2, #1
 8000242:	605a      	str	r2, [r3, #4]
\\TJAND17\sen.he\project\unc_linux_rls_25d\source\bsp\mcu\GD\GD ARM MCU Debug/../Firmware/CMSIS/core_cm23.h:1814
  NVIC_SetPriority (SysTick_IRQn, (1UL << __NVIC_PRIO_BITS) - 1UL); /* set Priority for Systick Interrupt */
 8000244:	2301      	movs	r3, #1
 8000246:	425b      	negs	r3, r3
 8000248:	2103      	movs	r1, #3
 800024a:	0018      	movs	r0, r3
 800024c:	f7ff ff70 	bl	8000130 <__NVIC_SetPriority>
\\TJAND17\sen.he\project\unc_linux_rls_25d\source\bsp\mcu\GD\GD ARM MCU Debug/../Firmware/CMSIS/core_cm23.h:1815
  SysTick->VAL   = 0UL;                                             /* Load the SysTick Counter Value */
 8000250:	f24e 0310 	movw	r3, #57360	; 0xe010
 8000254:	f2ce 0300 	movt	r3, #57344	; 0xe000
 8000258:	2200      	movs	r2, #0
 800025a:	609a      	str	r2, [r3, #8]
\\TJAND17\sen.he\project\unc_linux_rls_25d\source\bsp\mcu\GD\GD ARM MCU Debug/../Firmware/CMSIS/core_cm23.h:1816
  SysTick->CTRL  = SysTick_CTRL_CLKSOURCE_Msk |
 800025c:	f24e 0310 	movw	r3, #57360	; 0xe010
 8000260:	f2ce 0300 	movt	r3, #57344	; 0xe000
 8000264:	2207      	movs	r2, #7
 8000266:	601a      	str	r2, [r3, #0]
\\TJAND17\sen.he\project\unc_linux_rls_25d\source\bsp\mcu\GD\GD ARM MCU Debug/../Firmware/CMSIS/core_cm23.h:1819
                   SysTick_CTRL_TICKINT_Msk   |
                   SysTick_CTRL_ENABLE_Msk;                         /* Enable SysTick IRQ and SysTick Timer */
  return (0UL);                                                     /* Function successful */
 8000268:	2300      	movs	r3, #0
\\TJAND17\sen.he\project\unc_linux_rls_25d\source\bsp\mcu\GD\GD ARM MCU Debug/../Firmware/CMSIS/core_cm23.h:1820
}
 800026a:	0018      	movs	r0, r3
 800026c:	46bd      	mov	sp, r7
 800026e:	b002      	add	sp, #8
 8000270:	bd80      	pop	{r7, pc}

08000272 <systick_config>:
systick_config():
\\TJAND17\sen.he\project\unc_linux_rls_25d\source\bsp\mcu\GD\GD ARM MCU Debug/../src/systick.c:47
    \param[in]  none
    \param[out] none
    \retval     none
*/
void systick_config(void)
{
 8000272:	b580      	push	{r7, lr}
 8000274:	af00      	add	r7, sp, #0
\\TJAND17\sen.he\project\unc_linux_rls_25d\source\bsp\mcu\GD\GD ARM MCU Debug/../src/systick.c:49
    /* setup systick timer for 1000Hz interrupts */
    if(SysTick_Config(SystemCoreClock / 1000U)) {
 8000276:	f240 13d0 	movw	r3, #464	; 0x1d0
 800027a:	f2c2 0300 	movt	r3, #8192	; 0x2000
 800027e:	681b      	ldr	r3, [r3, #0]
 8000280:	f240 32e8 	movw	r2, #1000	; 0x3e8
 8000284:	fbb3 f3f2 	udiv	r3, r3, r2
 8000288:	0018      	movs	r0, r3
 800028a:	f7ff ffc8 	bl	800021e <SysTick_Config>
 800028e:	0003      	movs	r3, r0
 8000290:	b103      	cbz	r3, 8000294 <systick_config+0x22>
\\TJAND17\sen.he\project\unc_linux_rls_25d\source\bsp\mcu\GD\GD ARM MCU Debug/../src/systick.c:51 (discriminator 1)
        /* capture error */
        while(1) {
 8000292:	e7fe      	b.n	8000292 <systick_config+0x20>
\\TJAND17\sen.he\project\unc_linux_rls_25d\source\bsp\mcu\GD\GD ARM MCU Debug/../src/systick.c:55
        }
    }
    /* configure the systick handler priority */
    NVIC_SetPriority(SysTick_IRQn, 0x00U);
 8000294:	2301      	movs	r3, #1
 8000296:	425b      	negs	r3, r3
 8000298:	2100      	movs	r1, #0
 800029a:	0018      	movs	r0, r3
 800029c:	f7ff ff48 	bl	8000130 <__NVIC_SetPriority>
\\TJAND17\sen.he\project\unc_linux_rls_25d\source\bsp\mcu\GD\GD ARM MCU Debug/../src/systick.c:56
}
 80002a0:	46c0      	nop			; (mov r8, r8)
 80002a2:	46bd      	mov	sp, r7
 80002a4:	bd80      	pop	{r7, pc}

080002a6 <delay_1ms>:
delay_1ms():
\\TJAND17\sen.he\project\unc_linux_rls_25d\source\bsp\mcu\GD\GD ARM MCU Debug/../src/systick.c:65
    \param[in]  count: count in milliseconds
    \param[out] none
    \retval     none
*/
void delay_1ms(uint32_t count)
{
 80002a6:	b580      	push	{r7, lr}
 80002a8:	b082      	sub	sp, #8
 80002aa:	af00      	add	r7, sp, #0
 80002ac:	6078      	str	r0, [r7, #4]
\\TJAND17\sen.he\project\unc_linux_rls_25d\source\bsp\mcu\GD\GD ARM MCU Debug/../src/systick.c:66
    delay = count;
 80002ae:	f240 2358 	movw	r3, #600	; 0x258
 80002b2:	f2c2 0300 	movt	r3, #8192	; 0x2000
 80002b6:	687a      	ldr	r2, [r7, #4]
 80002b8:	601a      	str	r2, [r3, #0]
\\TJAND17\sen.he\project\unc_linux_rls_25d\source\bsp\mcu\GD\GD ARM MCU Debug/../src/systick.c:68

    while(0U != delay) {
 80002ba:	46c0      	nop			; (mov r8, r8)
\\TJAND17\sen.he\project\unc_linux_rls_25d\source\bsp\mcu\GD\GD ARM MCU Debug/../src/systick.c:68 (discriminator 1)
 80002bc:	f240 2358 	movw	r3, #600	; 0x258
 80002c0:	f2c2 0300 	movt	r3, #8192	; 0x2000
 80002c4:	681b      	ldr	r3, [r3, #0]
 80002c6:	2b00      	cmp	r3, #0
 80002c8:	d1f8      	bne.n	80002bc <delay_1ms+0x16>
\\TJAND17\sen.he\project\unc_linux_rls_25d\source\bsp\mcu\GD\GD ARM MCU Debug/../src/systick.c:70
    }
}
 80002ca:	46c0      	nop			; (mov r8, r8)
 80002cc:	46c0      	nop			; (mov r8, r8)
 80002ce:	46bd      	mov	sp, r7
 80002d0:	b002      	add	sp, #8
 80002d2:	bd80      	pop	{r7, pc}

080002d4 <delay_decrement>:
delay_decrement():
\\TJAND17\sen.he\project\unc_linux_rls_25d\source\bsp\mcu\GD\GD ARM MCU Debug/../src/systick.c:79
    \param[in]  none
    \param[out] none
    \retval     none
*/
void delay_decrement(void)
{
 80002d4:	b580      	push	{r7, lr}
 80002d6:	af00      	add	r7, sp, #0
\\TJAND17\sen.he\project\unc_linux_rls_25d\source\bsp\mcu\GD\GD ARM MCU Debug/../src/systick.c:80
    if(0U != delay) {
 80002d8:	f240 2358 	movw	r3, #600	; 0x258
 80002dc:	f2c2 0300 	movt	r3, #8192	; 0x2000
 80002e0:	681b      	ldr	r3, [r3, #0]
 80002e2:	b153      	cbz	r3, 80002fa <delay_decrement+0x26>
\\TJAND17\sen.he\project\unc_linux_rls_25d\source\bsp\mcu\GD\GD ARM MCU Debug/../src/systick.c:81
        delay--;
 80002e4:	f240 2358 	movw	r3, #600	; 0x258
 80002e8:	f2c2 0300 	movt	r3, #8192	; 0x2000
 80002ec:	681b      	ldr	r3, [r3, #0]
 80002ee:	1e5a      	subs	r2, r3, #1
 80002f0:	f240 2358 	movw	r3, #600	; 0x258
 80002f4:	f2c2 0300 	movt	r3, #8192	; 0x2000
 80002f8:	601a      	str	r2, [r3, #0]
\\TJAND17\sen.he\project\unc_linux_rls_25d\source\bsp\mcu\GD\GD ARM MCU Debug/../src/systick.c:83
    }
}
 80002fa:	46c0      	nop			; (mov r8, r8)
 80002fc:	46bd      	mov	sp, r7
 80002fe:	bd80      	pop	{r7, pc}

08000300 <main>:
main():
\\TJAND17\sen.he\project\unc_linux_rls_25d\source\bsp\mcu\GD\GD ARM MCU Debug/../src/main.c:37
    \param[out] none
    \retval     none
*/

int main(void)
{
 8000300:	b580      	push	{r7, lr}
 8000302:	b082      	sub	sp, #8
 8000304:	af00      	add	r7, sp, #0
\\TJAND17\sen.he\project\unc_linux_rls_25d\source\bsp\mcu\GD\GD ARM MCU Debug/../src/main.c:38
    uint32_t last_print_time = 0, current_time = 0;
 8000306:	2300      	movs	r3, #0
 8000308:	607b      	str	r3, [r7, #4]
 800030a:	2300      	movs	r3, #0
 800030c:	603b      	str	r3, [r7, #0]
\\TJAND17\sen.he\project\unc_linux_rls_25d\source\bsp\mcu\GD\GD ARM MCU Debug/../src/main.c:42
    static int initialized = 0;

wakeup:
    systick_config();
 800030e:	f7ff ffb0 	bl	8000272 <systick_config>
\\TJAND17\sen.he\project\unc_linux_rls_25d\source\bsp\mcu\GD\GD ARM MCU Debug/../src/main.c:45

    /* initilize the com */
    com_gpio_init();
 8000312:	f001 ff7a 	bl	800220a <com_gpio_init>
\\TJAND17\sen.he\project\unc_linux_rls_25d\source\bsp\mcu\GD\GD ARM MCU Debug/../src/main.c:46
    com_usart_init(CONFIG_BAUDRATE);
 8000316:	23e1      	movs	r3, #225	; 0xe1
 8000318:	025b      	lsls	r3, r3, #9
 800031a:	0018      	movs	r0, r3
 800031c:	f000 fc7f 	bl	8000c1e <com_usart_init>
\\TJAND17\sen.he\project\unc_linux_rls_25d\source\bsp\mcu\GD\GD ARM MCU Debug/../src/main.c:47
    com1_gpio_init();
 8000320:	f001 ffe9 	bl	80022f6 <com1_gpio_init>
\\TJAND17\sen.he\project\unc_linux_rls_25d\source\bsp\mcu\GD\GD ARM MCU Debug/../src/main.c:49
#ifdef UART_SPEED_UP
    com1_usart_init(CONFIG_BAUDRATE_SPEEDUP);
 8000324:	23e1      	movs	r3, #225	; 0xe1
 8000326:	031b      	lsls	r3, r3, #12
 8000328:	0018      	movs	r0, r3
 800032a:	f000 fccc 	bl	8000cc6 <com1_usart_init>
\\TJAND17\sen.he\project\unc_linux_rls_25d\source\bsp\mcu\GD\GD ARM MCU Debug/../src/main.c:50
    printf("mcu wakeup: %d, change baudrate to 921600!\n", (global_sio_handle.sio_state == BSL_UART_WAKEUP_FLAG) ? 1 : 0);
 800032e:	f241 039c 	movw	r3, #4252	; 0x109c
 8000332:	f2c2 0300 	movt	r3, #8192	; 0x2000
 8000336:	681b      	ldr	r3, [r3, #0]
 8000338:	3b85      	subs	r3, #133	; 0x85
 800033a:	425a      	negs	r2, r3
 800033c:	4153      	adcs	r3, r2
 800033e:	b2db      	uxtb	r3, r3
 8000340:	001a      	movs	r2, r3
 8000342:	f245 73b8 	movw	r3, #22456	; 0x57b8
 8000346:	f6c0 0300 	movt	r3, #2048	; 0x800
 800034a:	0011      	movs	r1, r2
 800034c:	0018      	movs	r0, r3
 800034e:	f004 f9eb 	bl	8004728 <iprintf>
\\TJAND17\sen.he\project\unc_linux_rls_25d\source\bsp\mcu\GD\GD ARM MCU Debug/../src/main.c:56
#else
    com1_usart_init(CONFIG_BAUDRATE);
    printf("mcu wakeup: %d, use baudrate 115200 as default!\n", (global_sio_handle.sio_state == BSL_UART_WAKEUP_FLAG) ? 1 : 0);
#endif

    printf("Firmware built on: %s %s!\n", __DATE__, __TIME__);
 8000352:	f245 72e4 	movw	r2, #22500	; 0x57e4
 8000356:	f6c0 0200 	movt	r2, #2048	; 0x800
 800035a:	f245 71f0 	movw	r1, #22512	; 0x57f0
 800035e:	f6c0 0100 	movt	r1, #2048	; 0x800
 8000362:	f245 73fc 	movw	r3, #22524	; 0x57fc
 8000366:	f6c0 0300 	movt	r3, #2048	; 0x800
 800036a:	0018      	movs	r0, r3
 800036c:	f004 f9dc 	bl	8004728 <iprintf>
\\TJAND17\sen.he\project\unc_linux_rls_25d\source\bsp\mcu\GD\GD ARM MCU Debug/../src/main.c:58

    gd_eval_led_init(LED5);
 8000370:	2004      	movs	r0, #4
 8000372:	f000 fba2 	bl	8000aba <gd_eval_led_init>
\\TJAND17\sen.he\project\unc_linux_rls_25d\source\bsp\mcu\GD\GD ARM MCU Debug/../src/main.c:60

    nvic_irq_enable(USART0_IRQn, 0);
 8000376:	2100      	movs	r1, #0
 8000378:	201b      	movs	r0, #27
 800037a:	f003 f944 	bl	8003606 <nvic_irq_enable>
\\TJAND17\sen.he\project\unc_linux_rls_25d\source\bsp\mcu\GD\GD ARM MCU Debug/../src/main.c:61
    nvic_irq_enable(USART1_IRQn, 0);
 800037e:	2100      	movs	r1, #0
 8000380:	201c      	movs	r0, #28
 8000382:	f003 f940 	bl	8003606 <nvic_irq_enable>
\\TJAND17\sen.he\project\unc_linux_rls_25d\source\bsp\mcu\GD\GD ARM MCU Debug/../src/main.c:64
    // nvic_irq_disable(SysTick_IRQn);

    sio_handle_init();
 8000386:	f000 fc05 	bl	8000b94 <sio_handle_init>
\\TJAND17\sen.he\project\unc_linux_rls_25d\source\bsp\mcu\GD\GD ARM MCU Debug/../src/main.c:65
    init_key_detection();
 800038a:	f001 ffe7 	bl	800235c <init_key_detection>
\\TJAND17\sen.he\project\unc_linux_rls_25d\source\bsp\mcu\GD\GD ARM MCU Debug/../src/main.c:67

    printf("uart stat:0x%x\n", USART_STAT(USART0));
 800038e:	f643 031c 	movw	r3, #14364	; 0x381c
 8000392:	f2c4 0301 	movt	r3, #16385	; 0x4001
 8000396:	681a      	ldr	r2, [r3, #0]
 8000398:	f645 0318 	movw	r3, #22552	; 0x5818
 800039c:	f6c0 0300 	movt	r3, #2048	; 0x800
 80003a0:	0011      	movs	r1, r2
 80003a2:	0018      	movs	r0, r3
 80003a4:	f004 f9c0 	bl	8004728 <iprintf>
\\TJAND17\sen.he\project\unc_linux_rls_25d\source\bsp\mcu\GD\GD ARM MCU Debug/../src/main.c:68
    usart_interrupt_enable(USART0, USART_INT_RBNE);
 80003a8:	f643 0300 	movw	r3, #14336	; 0x3800
 80003ac:	f2c4 0301 	movt	r3, #16385	; 0x4001
 80003b0:	2105      	movs	r1, #5
 80003b2:	0018      	movs	r0, r3
 80003b4:	f002 fb74 	bl	8002aa0 <usart_interrupt_enable>
\\TJAND17\sen.he\project\unc_linux_rls_25d\source\bsp\mcu\GD\GD ARM MCU Debug/../src/main.c:69
    usart_interrupt_enable(USART0, USART_INT_IDLE);
 80003b8:	f643 0300 	movw	r3, #14336	; 0x3800
 80003bc:	f2c4 0301 	movt	r3, #16385	; 0x4001
 80003c0:	2104      	movs	r1, #4
 80003c2:	0018      	movs	r0, r3
 80003c4:	f002 fb6c 	bl	8002aa0 <usart_interrupt_enable>
\\TJAND17\sen.he\project\unc_linux_rls_25d\source\bsp\mcu\GD\GD ARM MCU Debug/../src/main.c:70
    usart_interrupt_enable(USART0, USART_INT_ERR);
 80003c8:	f643 0300 	movw	r3, #14336	; 0x3800
 80003cc:	f2c4 0301 	movt	r3, #16385	; 0x4001
 80003d0:	f240 2100 	movw	r1, #512	; 0x200
 80003d4:	0018      	movs	r0, r3
 80003d6:	f002 fb63 	bl	8002aa0 <usart_interrupt_enable>
\\TJAND17\sen.he\project\unc_linux_rls_25d\source\bsp\mcu\GD\GD ARM MCU Debug/../src/main.c:71
    usart_interrupt_enable(USART0, USART_INT_AM);
 80003da:	f643 0300 	movw	r3, #14336	; 0x3800
 80003de:	f2c4 0301 	movt	r3, #16385	; 0x4001
 80003e2:	210e      	movs	r1, #14
 80003e4:	0018      	movs	r0, r3
 80003e6:	f002 fb5b 	bl	8002aa0 <usart_interrupt_enable>
\\TJAND17\sen.he\project\unc_linux_rls_25d\source\bsp\mcu\GD\GD ARM MCU Debug/../src/main.c:72
    usart_interrupt_enable(USART0, USART_INT_PERR);
 80003ea:	f643 0300 	movw	r3, #14336	; 0x3800
 80003ee:	f2c4 0301 	movt	r3, #16385	; 0x4001
 80003f2:	2108      	movs	r1, #8
 80003f4:	0018      	movs	r0, r3
 80003f6:	f002 fb53 	bl	8002aa0 <usart_interrupt_enable>
\\TJAND17\sen.he\project\unc_linux_rls_25d\source\bsp\mcu\GD\GD ARM MCU Debug/../src/main.c:73
    usart_receive_fifo_enable(USART0);
 80003fa:	f643 0300 	movw	r3, #14336	; 0x3800
 80003fe:	f2c4 0301 	movt	r3, #16385	; 0x4001
 8000402:	0018      	movs	r0, r3
 8000404:	f002 fb04 	bl	8002a10 <usart_receive_fifo_enable>
\\TJAND17\sen.he\project\unc_linux_rls_25d\source\bsp\mcu\GD\GD ARM MCU Debug/../src/main.c:75

    Timer_handler_Start(START_TIMEOUT_TIME);
 8000408:	f241 7070 	movw	r0, #6000	; 0x1770
 800040c:	f000 fd0a 	bl	8000e24 <Timer_handler_Start>
\\TJAND17\sen.he\project\unc_linux_rls_25d\source\bsp\mcu\GD\GD ARM MCU Debug/../src/main.c:78
    while(1)
    {
        if (!initialized && is_long_key_or_nokey_press_power()) {
 8000410:	f240 235c 	movw	r3, #604	; 0x25c
 8000414:	f2c2 0300 	movt	r3, #8192	; 0x2000
 8000418:	681b      	ldr	r3, [r3, #0]
 800041a:	b96b      	cbnz	r3, 8000438 <main+0x138>
\\TJAND17\sen.he\project\unc_linux_rls_25d\source\bsp\mcu\GD\GD ARM MCU Debug/../src/main.c:78 (discriminator 1)
 800041c:	f002 f831 	bl	8002482 <is_long_key_or_nokey_press_power>
 8000420:	0003      	movs	r3, r0
 8000422:	b14b      	cbz	r3, 8000438 <main+0x138>
\\TJAND17\sen.he\project\unc_linux_rls_25d\source\bsp\mcu\GD\GD ARM MCU Debug/../src/main.c:80
#ifdef MCU_SUPPORT_LCD_DISPLAY
            lcd_display();
 8000424:	f001 fb3e 	bl	8001aa4 <lcd_display>
\\TJAND17\sen.he\project\unc_linux_rls_25d\source\bsp\mcu\GD\GD ARM MCU Debug/../src/main.c:85
#else
            // set led/backlight
            MCU_Set_Led_Up();
#endif
            MCU_Detect_Key_Pressed();
 8000428:	f002 f8a5 	bl	8002576 <MCU_Detect_Key_Pressed>
\\TJAND17\sen.he\project\unc_linux_rls_25d\source\bsp\mcu\GD\GD ARM MCU Debug/../src/main.c:86
            initialized = 1;
 800042c:	f240 235c 	movw	r3, #604	; 0x25c
 8000430:	f2c2 0300 	movt	r3, #8192	; 0x2000
 8000434:	2201      	movs	r2, #1
 8000436:	601a      	str	r2, [r3, #0]
\\TJAND17\sen.he\project\unc_linux_rls_25d\source\bsp\mcu\GD\GD ARM MCU Debug/../src/main.c:88
        }
        Process_packets();
 8000438:	f003 fdee 	bl	8004018 <Process_packets>
\\TJAND17\sen.he\project\unc_linux_rls_25d\source\bsp\mcu\GD\GD ARM MCU Debug/../src/main.c:89
        if (global_sio_handle.sio_state == BSL_START_FLAG) {
 800043c:	f241 039c 	movw	r3, #4252	; 0x109c
 8000440:	f2c2 0300 	movt	r3, #8192	; 0x2000
 8000444:	681b      	ldr	r3, [r3, #0]
 8000446:	2b82      	cmp	r3, #130	; 0x82
 8000448:	d13e      	bne.n	80004c8 <main+0x1c8>
\\TJAND17\sen.he\project\unc_linux_rls_25d\source\bsp\mcu\GD\GD ARM MCU Debug/../src/main.c:90
            printf("1 send 0x7e!\n");
 800044a:	f645 0328 	movw	r3, #22568	; 0x5828
 800044e:	f6c0 0300 	movt	r3, #2048	; 0x800
 8000452:	0018      	movs	r0, r3
 8000454:	f004 fa00 	bl	8004858 <puts>
\\TJAND17\sen.he\project\unc_linux_rls_25d\source\bsp\mcu\GD\GD ARM MCU Debug/../src/main.c:91
            usart_put_char(USART0,PKT_HDLC_FLAG);
 8000458:	f643 0300 	movw	r3, #14336	; 0x3800
 800045c:	f2c4 0301 	movt	r3, #16385	; 0x4001
 8000460:	217e      	movs	r1, #126	; 0x7e
 8000462:	0018      	movs	r0, r3
 8000464:	f000 fcb6 	bl	8000dd4 <usart_put_char>
\\TJAND17\sen.he\project\unc_linux_rls_25d\source\bsp\mcu\GD\GD ARM MCU Debug/../src/main.c:92
            delay_1ms(1);
 8000468:	2001      	movs	r0, #1
 800046a:	f7ff ff1c 	bl	80002a6 <delay_1ms>
\\TJAND17\sen.he\project\unc_linux_rls_25d\source\bsp\mcu\GD\GD ARM MCU Debug/../src/main.c:93
            usart_put_char(USART0,PKT_HDLC_FLAG);
 800046e:	f643 0300 	movw	r3, #14336	; 0x3800
 8000472:	f2c4 0301 	movt	r3, #16385	; 0x4001
 8000476:	217e      	movs	r1, #126	; 0x7e
 8000478:	0018      	movs	r0, r3
 800047a:	f000 fcab 	bl	8000dd4 <usart_put_char>
\\TJAND17\sen.he\project\unc_linux_rls_25d\source\bsp\mcu\GD\GD ARM MCU Debug/../src/main.c:94
            delay_1ms(1);
 800047e:	2001      	movs	r0, #1
 8000480:	f7ff ff11 	bl	80002a6 <delay_1ms>
\\TJAND17\sen.he\project\unc_linux_rls_25d\source\bsp\mcu\GD\GD ARM MCU Debug/../src/main.c:95
            usart_put_char(USART0,PKT_HDLC_FLAG);
 8000484:	f643 0300 	movw	r3, #14336	; 0x3800
 8000488:	f2c4 0301 	movt	r3, #16385	; 0x4001
 800048c:	217e      	movs	r1, #126	; 0x7e
 800048e:	0018      	movs	r0, r3
 8000490:	f000 fca0 	bl	8000dd4 <usart_put_char>
\\TJAND17\sen.he\project\unc_linux_rls_25d\source\bsp\mcu\GD\GD ARM MCU Debug/../src/main.c:96
            delay_1ms(1);
 8000494:	2001      	movs	r0, #1
 8000496:	f7ff ff06 	bl	80002a6 <delay_1ms>
\\TJAND17\sen.he\project\unc_linux_rls_25d\source\bsp\mcu\GD\GD ARM MCU Debug/../src/main.c:97
            usart_put_char(USART0,PKT_HDLC_FLAG);
 800049a:	f643 0300 	movw	r3, #14336	; 0x3800
 800049e:	f2c4 0301 	movt	r3, #16385	; 0x4001
 80004a2:	217e      	movs	r1, #126	; 0x7e
 80004a4:	0018      	movs	r0, r3
 80004a6:	f000 fc95 	bl	8000dd4 <usart_put_char>
\\TJAND17\sen.he\project\unc_linux_rls_25d\source\bsp\mcu\GD\GD ARM MCU Debug/../src/main.c:98
            delay_1ms(1);
 80004aa:	2001      	movs	r0, #1
 80004ac:	f7ff fefb 	bl	80002a6 <delay_1ms>
\\TJAND17\sen.he\project\unc_linux_rls_25d\source\bsp\mcu\GD\GD ARM MCU Debug/../src/main.c:99
            usart_put_char(USART0,PKT_HDLC_FLAG);
 80004b0:	f643 0300 	movw	r3, #14336	; 0x3800
 80004b4:	f2c4 0301 	movt	r3, #16385	; 0x4001
 80004b8:	217e      	movs	r1, #126	; 0x7e
 80004ba:	0018      	movs	r0, r3
 80004bc:	f000 fc8a 	bl	8000dd4 <usart_put_char>
\\TJAND17\sen.he\project\unc_linux_rls_25d\source\bsp\mcu\GD\GD ARM MCU Debug/../src/main.c:100
            delay_1ms(1);
 80004c0:	2001      	movs	r0, #1
 80004c2:	f7ff fef0 	bl	80002a6 <delay_1ms>
 80004c6:	e7a3      	b.n	8000410 <main+0x110>
\\TJAND17\sen.he\project\unc_linux_rls_25d\source\bsp\mcu\GD\GD ARM MCU Debug/../src/main.c:101
        } else if(global_sio_handle.sio_state == BSL_UART_ENUM_FLAG) {
 80004c8:	f241 039c 	movw	r3, #4252	; 0x109c
 80004cc:	f2c2 0300 	movt	r3, #8192	; 0x2000
 80004d0:	681b      	ldr	r3, [r3, #0]
 80004d2:	2b83      	cmp	r3, #131	; 0x83
 80004d4:	d000      	beq.n	80004d8 <main+0x1d8>
 80004d6:	e08e      	b.n	80005f6 <main+0x2f6>
\\TJAND17\sen.he\project\unc_linux_rls_25d\source\bsp\mcu\GD\GD ARM MCU Debug/../src/main.c:102
            if (global_sio_handle.buf_ptr[0]==PKT_HDLC_START) {
 80004d8:	f241 039c 	movw	r3, #4252	; 0x109c
 80004dc:	f2c2 0300 	movt	r3, #8192	; 0x2000
 80004e0:	695b      	ldr	r3, [r3, #20]
 80004e2:	781b      	ldrb	r3, [r3, #0]
 80004e4:	2b55      	cmp	r3, #85	; 0x55
 80004e6:	d16c      	bne.n	80005c2 <main+0x2c2>
\\TJAND17\sen.he\project\unc_linux_rls_25d\source\bsp\mcu\GD\GD ARM MCU Debug/../src/main.c:103
                printf("2 receive 0x55!global_sio_handle.buf_size:0x%x, global_sio_handle.data_size:0x%x\n", global_sio_handle.buf_size, global_sio_handle.data_size);
 80004e8:	f241 039c 	movw	r3, #4252	; 0x109c
 80004ec:	f2c2 0300 	movt	r3, #8192	; 0x2000
 80004f0:	68d9      	ldr	r1, [r3, #12]
 80004f2:	f241 039c 	movw	r3, #4252	; 0x109c
 80004f6:	f2c2 0300 	movt	r3, #8192	; 0x2000
 80004fa:	691a      	ldr	r2, [r3, #16]
 80004fc:	f645 0338 	movw	r3, #22584	; 0x5838
 8000500:	f6c0 0300 	movt	r3, #2048	; 0x800
 8000504:	0018      	movs	r0, r3
 8000506:	f004 f90f 	bl	8004728 <iprintf>
\\TJAND17\sen.he\project\unc_linux_rls_25d\source\bsp\mcu\GD\GD ARM MCU Debug/../src/main.c:104
                memset(global_sio_handle.buf_ptr, 0, global_sio_handle.buf_size);
 800050a:	f241 039c 	movw	r3, #4252	; 0x109c
 800050e:	f2c2 0300 	movt	r3, #8192	; 0x2000
 8000512:	6958      	ldr	r0, [r3, #20]
 8000514:	f241 039c 	movw	r3, #4252	; 0x109c
 8000518:	f2c2 0300 	movt	r3, #8192	; 0x2000
 800051c:	68db      	ldr	r3, [r3, #12]
 800051e:	001a      	movs	r2, r3
 8000520:	2100      	movs	r1, #0
 8000522:	f000 fd6d 	bl	8001000 <memset>
\\TJAND17\sen.he\project\unc_linux_rls_25d\source\bsp\mcu\GD\GD ARM MCU Debug/../src/main.c:105
                global_sio_handle.buf_size=0;
 8000526:	f241 039c 	movw	r3, #4252	; 0x109c
 800052a:	f2c2 0300 	movt	r3, #8192	; 0x2000
 800052e:	2200      	movs	r2, #0
 8000530:	60da      	str	r2, [r3, #12]
\\TJAND17\sen.he\project\unc_linux_rls_25d\source\bsp\mcu\GD\GD ARM MCU Debug/../src/main.c:106
                global_sio_handle.data_size=0;
 8000532:	f241 039c 	movw	r3, #4252	; 0x109c
 8000536:	f2c2 0300 	movt	r3, #8192	; 0x2000
 800053a:	2200      	movs	r2, #0
 800053c:	611a      	str	r2, [r3, #16]
\\TJAND17\sen.he\project\unc_linux_rls_25d\source\bsp\mcu\GD\GD ARM MCU Debug/../src/main.c:107
                global_sio_handle.pkt_state=PKT_NONE;
 800053e:	f241 039c 	movw	r3, #4252	; 0x109c
 8000542:	f2c2 0300 	movt	r3, #8192	; 0x2000
 8000546:	2200      	movs	r2, #0
 8000548:	711a      	strb	r2, [r3, #4]
\\TJAND17\sen.he\project\unc_linux_rls_25d\source\bsp\mcu\GD\GD ARM MCU Debug/../src/main.c:109
                // global_sio_handle.read_ptr = global_sio_handle.buf_ptr;
                usart_interrupt_enable(USART0, USART_INT_RBNE);
 800054a:	f643 0300 	movw	r3, #14336	; 0x3800
 800054e:	f2c4 0301 	movt	r3, #16385	; 0x4001
 8000552:	2105      	movs	r1, #5
 8000554:	0018      	movs	r0, r3
 8000556:	f002 faa3 	bl	8002aa0 <usart_interrupt_enable>
\\TJAND17\sen.he\project\unc_linux_rls_25d\source\bsp\mcu\GD\GD ARM MCU Debug/../src/main.c:110
                usart_interrupt_enable(USART0, USART_INT_IDLE);
 800055a:	f643 0300 	movw	r3, #14336	; 0x3800
 800055e:	f2c4 0301 	movt	r3, #16385	; 0x4001
 8000562:	2104      	movs	r1, #4
 8000564:	0018      	movs	r0, r3
 8000566:	f002 fa9b 	bl	8002aa0 <usart_interrupt_enable>
\\TJAND17\sen.he\project\unc_linux_rls_25d\source\bsp\mcu\GD\GD ARM MCU Debug/../src/main.c:112

                usart_put_char(USART0,PKT_HDLC_FLAG);
 800056a:	f643 0300 	movw	r3, #14336	; 0x3800
 800056e:	f2c4 0301 	movt	r3, #16385	; 0x4001
 8000572:	217e      	movs	r1, #126	; 0x7e
 8000574:	0018      	movs	r0, r3
 8000576:	f000 fc2d 	bl	8000dd4 <usart_put_char>
\\TJAND17\sen.he\project\unc_linux_rls_25d\source\bsp\mcu\GD\GD ARM MCU Debug/../src/main.c:113
                delay_1ms(1);
 800057a:	2001      	movs	r0, #1
 800057c:	f7ff fe93 	bl	80002a6 <delay_1ms>
\\TJAND17\sen.he\project\unc_linux_rls_25d\source\bsp\mcu\GD\GD ARM MCU Debug/../src/main.c:114
                usart_put_char(USART0,PKT_HDLC_FLAG);
 8000580:	f643 0300 	movw	r3, #14336	; 0x3800
 8000584:	f2c4 0301 	movt	r3, #16385	; 0x4001
 8000588:	217e      	movs	r1, #126	; 0x7e
 800058a:	0018      	movs	r0, r3
 800058c:	f000 fc22 	bl	8000dd4 <usart_put_char>
\\TJAND17\sen.he\project\unc_linux_rls_25d\source\bsp\mcu\GD\GD ARM MCU Debug/../src/main.c:115
                delay_1ms(1);
 8000590:	2001      	movs	r0, #1
 8000592:	f7ff fe88 	bl	80002a6 <delay_1ms>
\\TJAND17\sen.he\project\unc_linux_rls_25d\source\bsp\mcu\GD\GD ARM MCU Debug/../src/main.c:116
                usart_put_char(USART0,PKT_HDLC_FLAG);
 8000596:	f643 0300 	movw	r3, #14336	; 0x3800
 800059a:	f2c4 0301 	movt	r3, #16385	; 0x4001
 800059e:	217e      	movs	r1, #126	; 0x7e
 80005a0:	0018      	movs	r0, r3
 80005a2:	f000 fc17 	bl	8000dd4 <usart_put_char>
\\TJAND17\sen.he\project\unc_linux_rls_25d\source\bsp\mcu\GD\GD ARM MCU Debug/../src/main.c:117
                delay_1ms(1);
 80005a6:	2001      	movs	r0, #1
 80005a8:	f7ff fe7d 	bl	80002a6 <delay_1ms>
\\TJAND17\sen.he\project\unc_linux_rls_25d\source\bsp\mcu\GD\GD ARM MCU Debug/../src/main.c:119

                global_sio_handle.sio_state = BSL_UART_RECIVE_FLAG;
 80005ac:	f241 039c 	movw	r3, #4252	; 0x109c
 80005b0:	f2c2 0300 	movt	r3, #8192	; 0x2000
 80005b4:	2284      	movs	r2, #132	; 0x84
 80005b6:	601a      	str	r2, [r3, #0]
\\TJAND17\sen.he\project\unc_linux_rls_25d\source\bsp\mcu\GD\GD ARM MCU Debug/../src/main.c:120
                Timer_handler_Start(TRANS_TIMEOUT_TIME);
 80005b8:	f64e 2060 	movw	r0, #60000	; 0xea60
 80005bc:	f000 fc32 	bl	8000e24 <Timer_handler_Start>
 80005c0:	e726      	b.n	8000410 <main+0x110>
\\TJAND17\sen.he\project\unc_linux_rls_25d\source\bsp\mcu\GD\GD ARM MCU Debug/../src/main.c:122
            } else {
                current_time = timer_handle.Timer_Count;
 80005c2:	f640 436c 	movw	r3, #3180	; 0xc6c
 80005c6:	f2c2 0300 	movt	r3, #8192	; 0x2000
 80005ca:	685b      	ldr	r3, [r3, #4]
 80005cc:	603b      	str	r3, [r7, #0]
\\TJAND17\sen.he\project\unc_linux_rls_25d\source\bsp\mcu\GD\GD ARM MCU Debug/../src/main.c:123
                if (last_print_time == 0 || current_time - last_print_time >= 1000) {
 80005ce:	687b      	ldr	r3, [r7, #4]
 80005d0:	b13b      	cbz	r3, 80005e2 <main+0x2e2>
\\TJAND17\sen.he\project\unc_linux_rls_25d\source\bsp\mcu\GD\GD ARM MCU Debug/../src/main.c:123 (discriminator 1)
 80005d2:	683a      	ldr	r2, [r7, #0]
 80005d4:	687b      	ldr	r3, [r7, #4]
 80005d6:	1ad3      	subs	r3, r2, r3
 80005d8:	f240 32e7 	movw	r2, #999	; 0x3e7
 80005dc:	4293      	cmp	r3, r2
 80005de:	d800      	bhi.n	80005e2 <main+0x2e2>
 80005e0:	e716      	b.n	8000410 <main+0x110>
\\TJAND17\sen.he\project\unc_linux_rls_25d\source\bsp\mcu\GD\GD ARM MCU Debug/../src/main.c:124
                    printf("wait for soc romcode uart enum\n");
 80005e2:	f645 038c 	movw	r3, #22668	; 0x588c
 80005e6:	f6c0 0300 	movt	r3, #2048	; 0x800
 80005ea:	0018      	movs	r0, r3
 80005ec:	f004 f934 	bl	8004858 <puts>
\\TJAND17\sen.he\project\unc_linux_rls_25d\source\bsp\mcu\GD\GD ARM MCU Debug/../src/main.c:125
                    last_print_time = current_time;
 80005f0:	683b      	ldr	r3, [r7, #0]
 80005f2:	607b      	str	r3, [r7, #4]
 80005f4:	e70c      	b.n	8000410 <main+0x110>
\\TJAND17\sen.he\project\unc_linux_rls_25d\source\bsp\mcu\GD\GD ARM MCU Debug/../src/main.c:128
                }
            }
        } else if(global_sio_handle.sio_state == BSL_UART_WAKEUP_FLAG) {
 80005f6:	f241 039c 	movw	r3, #4252	; 0x109c
 80005fa:	f2c2 0300 	movt	r3, #8192	; 0x2000
 80005fe:	681b      	ldr	r3, [r3, #0]
 8000600:	2b85      	cmp	r3, #133	; 0x85
 8000602:	d112      	bne.n	800062a <main+0x32a>
\\TJAND17\sen.he\project\unc_linux_rls_25d\source\bsp\mcu\GD\GD ARM MCU Debug/../src/main.c:129
            printf("mcu wakeup success\n");
 8000604:	f645 03ac 	movw	r3, #22700	; 0x58ac
 8000608:	f6c0 0300 	movt	r3, #2048	; 0x800
 800060c:	0018      	movs	r0, r3
 800060e:	f004 f923 	bl	8004858 <puts>
\\TJAND17\sen.he\project\unc_linux_rls_25d\source\bsp\mcu\GD\GD ARM MCU Debug/../src/main.c:130
            system_clock_config();
 8000612:	f003 fa8f 	bl	8003b34 <system_clock_config>
\\TJAND17\sen.he\project\unc_linux_rls_25d\source\bsp\mcu\GD\GD ARM MCU Debug/../src/main.c:131
            rcu_usart_clock_config(RCU_USART0SRC_CKAPB2);
 8000616:	2000      	movs	r0, #0
 8000618:	f002 fd11 	bl	800303e <rcu_usart_clock_config>
\\TJAND17\sen.he\project\unc_linux_rls_25d\source\bsp\mcu\GD\GD ARM MCU Debug/../src/main.c:132
            initialized = 0;
 800061c:	f240 235c 	movw	r3, #604	; 0x25c
 8000620:	f2c2 0300 	movt	r3, #8192	; 0x2000
 8000624:	2200      	movs	r2, #0
 8000626:	601a      	str	r2, [r3, #0]
\\TJAND17\sen.he\project\unc_linux_rls_25d\source\bsp\mcu\GD\GD ARM MCU Debug/../src/main.c:133
            goto wakeup;
 8000628:	e671      	b.n	800030e <main+0xe>
\\TJAND17\sen.he\project\unc_linux_rls_25d\source\bsp\mcu\GD\GD ARM MCU Debug/../src/main.c:134
        } else if (global_sio_handle.sio_state == SPL_TRANSPORT_TIMEOUT) {
 800062a:	f241 039c 	movw	r3, #4252	; 0x109c
 800062e:	f2c2 0300 	movt	r3, #8192	; 0x2000
 8000632:	681b      	ldr	r3, [r3, #0]
 8000634:	2b86      	cmp	r3, #134	; 0x86
 8000636:	d000      	beq.n	800063a <main+0x33a>
 8000638:	e6ea      	b.n	8000410 <main+0x110>
\\TJAND17\sen.he\project\unc_linux_rls_25d\source\bsp\mcu\GD\GD ARM MCU Debug/../src/main.c:136
            /* reset soc for retry */
            printf("SPL_TRANSPORT_TIMEOUT, reset soc\n");
 800063a:	f645 03c0 	movw	r3, #22720	; 0x58c0
 800063e:	f6c0 0300 	movt	r3, #2048	; 0x800
 8000642:	0018      	movs	r0, r3
 8000644:	f004 f908 	bl	8004858 <puts>
\\TJAND17\sen.he\project\unc_linux_rls_25d\source\bsp\mcu\GD\GD ARM MCU Debug/../src/main.c:137
            MCU_Set_Soc_Pbint();
 8000648:	f001 ff75 	bl	8002536 <MCU_Set_Soc_Pbint>
\\TJAND17\sen.he\project\unc_linux_rls_25d\source\bsp\mcu\GD\GD ARM MCU Debug/../src/main.c:138
            com_usart_change_baud(CONFIG_BAUDRATE);
 800064c:	23e1      	movs	r3, #225	; 0xe1
 800064e:	025b      	lsls	r3, r3, #9
 8000650:	0018      	movs	r0, r3
 8000652:	f000 fb8c 	bl	8000d6e <com_usart_change_baud>
\\TJAND17\sen.he\project\unc_linux_rls_25d\source\bsp\mcu\GD\GD ARM MCU Debug/../src/main.c:139
            Set_SPI_High_Resistance();
 8000656:	f001 ff49 	bl	80024ec <Set_SPI_High_Resistance>
\\TJAND17\sen.he\project\unc_linux_rls_25d\source\bsp\mcu\GD\GD ARM MCU Debug/../src/main.c:140
            sio_handle_init();
 800065a:	f000 fa9b 	bl	8000b94 <sio_handle_init>
\\TJAND17\sen.he\project\unc_linux_rls_25d\source\bsp\mcu\GD\GD ARM MCU Debug/../src/main.c:141
            Timer_handler_Start(PMIC_RESET_TIME);
 800065e:	f641 7040 	movw	r0, #8000	; 0x1f40
 8000662:	f000 fbdf 	bl	8000e24 <Timer_handler_Start>
\\TJAND17\sen.he\project\unc_linux_rls_25d\source\bsp\mcu\GD\GD ARM MCU Debug/../src/main.c:78
        if (!initialized && is_long_key_or_nokey_press_power()) {
 8000666:	e6d3      	b.n	8000410 <main+0x110>

08000668 <__io_putchar>:
__io_putchar():
\\TJAND17\sen.he\project\unc_linux_rls_25d\source\bsp\mcu\GD\GD ARM MCU Debug/../src/main.c:149
}

#ifdef GD_ECLIPSE_GCC
/* retarget the C library printf function to the USART, in Eclipse GCC environment */
int __io_putchar(int ch)
{
 8000668:	b580      	push	{r7, lr}
 800066a:	b082      	sub	sp, #8
 800066c:	af00      	add	r7, sp, #0
 800066e:	6078      	str	r0, [r7, #4]
\\TJAND17\sen.he\project\unc_linux_rls_25d\source\bsp\mcu\GD\GD ARM MCU Debug/../src/main.c:150
    usart_data_transmit(USART1, (uint8_t) ch);
 8000670:	687b      	ldr	r3, [r7, #4]
 8000672:	b2db      	uxtb	r3, r3
 8000674:	001a      	movs	r2, r3
 8000676:	f244 4300 	movw	r3, #17408	; 0x4400
 800067a:	f2c4 0300 	movt	r3, #16384	; 0x4000
 800067e:	0011      	movs	r1, r2
 8000680:	0018      	movs	r0, r3
 8000682:	f002 f975 	bl	8002970 <usart_data_transmit>
\\TJAND17\sen.he\project\unc_linux_rls_25d\source\bsp\mcu\GD\GD ARM MCU Debug/../src/main.c:151
    while(RESET == usart_flag_get(USART1, USART_FLAG_TBE));
 8000686:	46c0      	nop			; (mov r8, r8)
\\TJAND17\sen.he\project\unc_linux_rls_25d\source\bsp\mcu\GD\GD ARM MCU Debug/../src/main.c:151 (discriminator 1)
 8000688:	f244 4300 	movw	r3, #17408	; 0x4400
 800068c:	f2c4 0300 	movt	r3, #16384	; 0x4000
 8000690:	f240 7107 	movw	r1, #1799	; 0x707
 8000694:	0018      	movs	r0, r3
 8000696:	f002 f9cc 	bl	8002a32 <usart_flag_get>
 800069a:	0003      	movs	r3, r0
 800069c:	2b00      	cmp	r3, #0
 800069e:	d0f3      	beq.n	8000688 <__io_putchar+0x20>
\\TJAND17\sen.he\project\unc_linux_rls_25d\source\bsp\mcu\GD\GD ARM MCU Debug/../src/main.c:152
    return ch;
 80006a0:	687b      	ldr	r3, [r7, #4]
\\TJAND17\sen.he\project\unc_linux_rls_25d\source\bsp\mcu\GD\GD ARM MCU Debug/../src/main.c:153
}
 80006a2:	0018      	movs	r0, r3
 80006a4:	46bd      	mov	sp, r7
 80006a6:	b002      	add	sp, #8
 80006a8:	bd80      	pop	{r7, pc}

080006aa <NMI_Handler>:
NMI_Handler():
\\TJAND17\sen.he\project\unc_linux_rls_25d\source\bsp\mcu\GD\GD ARM MCU Debug/../src/gd32e23x_it.c:53
    \param[in]  none
    \param[out] none
    \retval     none
*/
void NMI_Handler(void)
{
 80006aa:	b580      	push	{r7, lr}
 80006ac:	af00      	add	r7, sp, #0
\\TJAND17\sen.he\project\unc_linux_rls_25d\source\bsp\mcu\GD\GD ARM MCU Debug/../src/gd32e23x_it.c:54
    if(SET == syscfg_flag_get(SYSCFG_SRAM_PCEF)) {
 80006ae:	f240 1000 	movw	r0, #256	; 0x100
 80006b2:	f002 fa95 	bl	8002be0 <syscfg_flag_get>
 80006b6:	0003      	movs	r3, r0
 80006b8:	2b01      	cmp	r3, #1
 80006ba:	d100      	bne.n	80006be <NMI_Handler+0x14>
\\TJAND17\sen.he\project\unc_linux_rls_25d\source\bsp\mcu\GD\GD ARM MCU Debug/../src/gd32e23x_it.c:55 (discriminator 1)
        SRAM_PARITY_CHECK_ERROR_HANDLE("SRAM parity check error error\r\n");
 80006bc:	e7fe      	b.n	80006bc <NMI_Handler+0x12>
\\TJAND17\sen.he\project\unc_linux_rls_25d\source\bsp\mcu\GD\GD ARM MCU Debug/../src/gd32e23x_it.c:59 (discriminator 2)
    } else {
        /* if NMI exception occurs, go to infinite loop */
        /* HXTAL clock monitor NMI error or NMI pin error */
        while(1) {
 80006be:	e7fe      	b.n	80006be <NMI_Handler+0x14>

080006c0 <HardFault_Handler>:
HardFault_Handler():
\\TJAND17\sen.he\project\unc_linux_rls_25d\source\bsp\mcu\GD\GD ARM MCU Debug/../src/gd32e23x_it.c:71
    \param[in]  none
    \param[out] none
    \retval     none
*/
void HardFault_Handler(void)
{
 80006c0:	b580      	push	{r7, lr}
 80006c2:	af00      	add	r7, sp, #0
\\TJAND17\sen.he\project\unc_linux_rls_25d\source\bsp\mcu\GD\GD ARM MCU Debug/../src/gd32e23x_it.c:73 (discriminator 1)
    /* if Hard Fault exception occurs, go to infinite loop */
    while(1) {
 80006c4:	e7fe      	b.n	80006c4 <HardFault_Handler+0x4>

080006c6 <SVC_Handler>:
SVC_Handler():
\\TJAND17\sen.he\project\unc_linux_rls_25d\source\bsp\mcu\GD\GD ARM MCU Debug/../src/gd32e23x_it.c:84
    \param[in]  none
    \param[out] none
    \retval     none
*/
void SVC_Handler(void)
{
 80006c6:	b580      	push	{r7, lr}
 80006c8:	af00      	add	r7, sp, #0
\\TJAND17\sen.he\project\unc_linux_rls_25d\source\bsp\mcu\GD\GD ARM MCU Debug/../src/gd32e23x_it.c:86 (discriminator 1)
    /* if SVC exception occurs, go to infinite loop */
    while(1) {
 80006ca:	e7fe      	b.n	80006ca <SVC_Handler+0x4>

080006cc <PendSV_Handler>:
PendSV_Handler():
\\TJAND17\sen.he\project\unc_linux_rls_25d\source\bsp\mcu\GD\GD ARM MCU Debug/../src/gd32e23x_it.c:97
    \param[in]  none
    \param[out] none
    \retval     none
*/
void PendSV_Handler(void)
{
 80006cc:	b580      	push	{r7, lr}
 80006ce:	af00      	add	r7, sp, #0
\\TJAND17\sen.he\project\unc_linux_rls_25d\source\bsp\mcu\GD\GD ARM MCU Debug/../src/gd32e23x_it.c:99 (discriminator 1)
    /* if PendSV exception occurs, go to infinite loop */
    while(1) {
 80006d0:	e7fe      	b.n	80006d0 <PendSV_Handler+0x4>

080006d2 <SysTick_Handler>:
SysTick_Handler():
\\TJAND17\sen.he\project\unc_linux_rls_25d\source\bsp\mcu\GD\GD ARM MCU Debug/../src/gd32e23x_it.c:110
    \param[in]  none
    \param[out] none
    \retval     none
*/
void SysTick_Handler(void)
{
 80006d2:	b580      	push	{r7, lr}
 80006d4:	af00      	add	r7, sp, #0
\\TJAND17\sen.he\project\unc_linux_rls_25d\source\bsp\mcu\GD\GD ARM MCU Debug/../src/gd32e23x_it.c:111
    delay_decrement();
 80006d6:	f7ff fdfd 	bl	80002d4 <delay_decrement>
\\TJAND17\sen.he\project\unc_linux_rls_25d\source\bsp\mcu\GD\GD ARM MCU Debug/../src/gd32e23x_it.c:112
    timer_handle.Timer_Count++;
 80006da:	f640 436c 	movw	r3, #3180	; 0xc6c
 80006de:	f2c2 0300 	movt	r3, #8192	; 0x2000
 80006e2:	685b      	ldr	r3, [r3, #4]
 80006e4:	1c5a      	adds	r2, r3, #1
 80006e6:	f640 436c 	movw	r3, #3180	; 0xc6c
 80006ea:	f2c2 0300 	movt	r3, #8192	; 0x2000
 80006ee:	605a      	str	r2, [r3, #4]
\\TJAND17\sen.he\project\unc_linux_rls_25d\source\bsp\mcu\GD\GD ARM MCU Debug/../src/gd32e23x_it.c:113
    check_key_press_during_boot();
 80006f0:	f001 fe56 	bl	80023a0 <check_key_press_during_boot>
\\TJAND17\sen.he\project\unc_linux_rls_25d\source\bsp\mcu\GD\GD ARM MCU Debug/../src/gd32e23x_it.c:115

    if (timer_handle.Timer_Start_Flag) {
 80006f4:	f640 436c 	movw	r3, #3180	; 0xc6c
 80006f8:	f2c2 0300 	movt	r3, #8192	; 0x2000
 80006fc:	781b      	ldrb	r3, [r3, #0]
 80006fe:	2b00      	cmp	r3, #0
 8000700:	d06c      	beq.n	80007dc <SysTick_Handler+0x10a>
\\TJAND17\sen.he\project\unc_linux_rls_25d\source\bsp\mcu\GD\GD ARM MCU Debug/../src/gd32e23x_it.c:116
       if (timer_handle.Timer_Count >= timer_handle.timeout_time) {
 8000702:	f640 436c 	movw	r3, #3180	; 0xc6c
 8000706:	f2c2 0300 	movt	r3, #8192	; 0x2000
 800070a:	685a      	ldr	r2, [r3, #4]
 800070c:	f640 436c 	movw	r3, #3180	; 0xc6c
 8000710:	f2c2 0300 	movt	r3, #8192	; 0x2000
 8000714:	689b      	ldr	r3, [r3, #8]
 8000716:	429a      	cmp	r2, r3
 8000718:	db60      	blt.n	80007dc <SysTick_Handler+0x10a>
\\TJAND17\sen.he\project\unc_linux_rls_25d\source\bsp\mcu\GD\GD ARM MCU Debug/../src/gd32e23x_it.c:117
            if (global_sio_handle.sio_state == BSL_UART_ENUM_FLAG) {
 800071a:	f241 039c 	movw	r3, #4252	; 0x109c
 800071e:	f2c2 0300 	movt	r3, #8192	; 0x2000
 8000722:	681b      	ldr	r3, [r3, #0]
 8000724:	2b83      	cmp	r3, #131	; 0x83
 8000726:	d107      	bne.n	8000738 <SysTick_Handler+0x66>
\\TJAND17\sen.he\project\unc_linux_rls_25d\source\bsp\mcu\GD\GD ARM MCU Debug/../src/gd32e23x_it.c:118
                printf("romcode enum timeout, mcu ready to enter deepsleep\n");
 8000728:	f645 03e4 	movw	r3, #22756	; 0x58e4
 800072c:	f6c0 0300 	movt	r3, #2048	; 0x800
 8000730:	0018      	movs	r0, r3
 8000732:	f004 f891 	bl	8004858 <puts>
 8000736:	e04b      	b.n	80007d0 <SysTick_Handler+0xfe>
\\TJAND17\sen.he\project\unc_linux_rls_25d\source\bsp\mcu\GD\GD ARM MCU Debug/../src/gd32e23x_it.c:121
                // mcu_enter_deepsleep();
            } else {
                printf("timer tick reset\n");
 8000738:	f645 1318 	movw	r3, #22808	; 0x5918
 800073c:	f6c0 0300 	movt	r3, #2048	; 0x800
 8000740:	0018      	movs	r0, r3
 8000742:	f004 f889 	bl	8004858 <puts>
\\TJAND17\sen.he\project\unc_linux_rls_25d\source\bsp\mcu\GD\GD ARM MCU Debug/../src/gd32e23x_it.c:122
                printf("global_sio_handle.sio_state:0x%x\n",global_sio_handle.sio_state);
 8000746:	f241 039c 	movw	r3, #4252	; 0x109c
 800074a:	f2c2 0300 	movt	r3, #8192	; 0x2000
 800074e:	681a      	ldr	r2, [r3, #0]
 8000750:	f645 132c 	movw	r3, #22828	; 0x592c
 8000754:	f6c0 0300 	movt	r3, #2048	; 0x800
 8000758:	0011      	movs	r1, r2
 800075a:	0018      	movs	r0, r3
 800075c:	f003 ffe4 	bl	8004728 <iprintf>
\\TJAND17\sen.he\project\unc_linux_rls_25d\source\bsp\mcu\GD\GD ARM MCU Debug/../src/gd32e23x_it.c:123
                printf("global_sio_handle.pkt_state:0x%x\n", global_sio_handle.pkt_state);
 8000760:	f241 039c 	movw	r3, #4252	; 0x109c
 8000764:	f2c2 0300 	movt	r3, #8192	; 0x2000
 8000768:	791b      	ldrb	r3, [r3, #4]
 800076a:	001a      	movs	r2, r3
 800076c:	f645 1350 	movw	r3, #22864	; 0x5950
 8000770:	f6c0 0300 	movt	r3, #2048	; 0x800
 8000774:	0011      	movs	r1, r2
 8000776:	0018      	movs	r0, r3
 8000778:	f003 ffd6 	bl	8004728 <iprintf>
\\TJAND17\sen.he\project\unc_linux_rls_25d\source\bsp\mcu\GD\GD ARM MCU Debug/../src/gd32e23x_it.c:124
                printf("global_sio_handle.data_size:0x%x\n", global_sio_handle.data_size);
 800077c:	f241 039c 	movw	r3, #4252	; 0x109c
 8000780:	f2c2 0300 	movt	r3, #8192	; 0x2000
 8000784:	691a      	ldr	r2, [r3, #16]
 8000786:	f645 1374 	movw	r3, #22900	; 0x5974
 800078a:	f6c0 0300 	movt	r3, #2048	; 0x800
 800078e:	0011      	movs	r1, r2
 8000790:	0018      	movs	r0, r3
 8000792:	f003 ffc9 	bl	8004728 <iprintf>
\\TJAND17\sen.he\project\unc_linux_rls_25d\source\bsp\mcu\GD\GD ARM MCU Debug/../src/gd32e23x_it.c:125
                printf("global_sio_handle.read_ptr buf\n");
 8000796:	f645 1398 	movw	r3, #22936	; 0x5998
 800079a:	f6c0 0300 	movt	r3, #2048	; 0x800
 800079e:	0018      	movs	r0, r3
 80007a0:	f004 f85a 	bl	8004858 <puts>
\\TJAND17\sen.he\project\unc_linux_rls_25d\source\bsp\mcu\GD\GD ARM MCU Debug/../src/gd32e23x_it.c:126
                hexdump(global_sio_handle.read_ptr, global_sio_handle.data_size);
 80007a4:	f241 039c 	movw	r3, #4252	; 0x109c
 80007a8:	f2c2 0300 	movt	r3, #8192	; 0x2000
 80007ac:	69da      	ldr	r2, [r3, #28]
 80007ae:	f241 039c 	movw	r3, #4252	; 0x109c
 80007b2:	f2c2 0300 	movt	r3, #8192	; 0x2000
 80007b6:	691b      	ldr	r3, [r3, #16]
 80007b8:	0019      	movs	r1, r3
 80007ba:	0010      	movs	r0, r2
 80007bc:	f000 fb55 	bl	8000e6a <hexdump>
\\TJAND17\sen.he\project\unc_linux_rls_25d\source\bsp\mcu\GD\GD ARM MCU Debug/../src/gd32e23x_it.c:127
                global_sio_handle.sio_state = SPL_TRANSPORT_TIMEOUT;
 80007c0:	f241 039c 	movw	r3, #4252	; 0x109c
 80007c4:	f2c2 0300 	movt	r3, #8192	; 0x2000
 80007c8:	2286      	movs	r2, #134	; 0x86
 80007ca:	601a      	str	r2, [r3, #0]
\\TJAND17\sen.he\project\unc_linux_rls_25d\source\bsp\mcu\GD\GD ARM MCU Debug/../src/gd32e23x_it.c:128
                MCU_Reset_Soc_Pbint();
 80007cc:	f001 febf 	bl	800254e <MCU_Reset_Soc_Pbint>
\\TJAND17\sen.he\project\unc_linux_rls_25d\source\bsp\mcu\GD\GD ARM MCU Debug/../src/gd32e23x_it.c:130
            }
            timer_handle.Timer_Start_Flag = 0;
 80007d0:	f640 436c 	movw	r3, #3180	; 0xc6c
 80007d4:	f2c2 0300 	movt	r3, #8192	; 0x2000
 80007d8:	2200      	movs	r2, #0
 80007da:	701a      	strb	r2, [r3, #0]
\\TJAND17\sen.he\project\unc_linux_rls_25d\source\bsp\mcu\GD\GD ARM MCU Debug/../src/gd32e23x_it.c:133
       }
    }
}
 80007dc:	46c0      	nop			; (mov r8, r8)
 80007de:	46bd      	mov	sp, r7
 80007e0:	bd80      	pop	{r7, pc}

080007e2 <USART0_IRQHandler>:
USART0_IRQHandler():
\\TJAND17\sen.he\project\unc_linux_rls_25d\source\bsp\mcu\GD\GD ARM MCU Debug/../src/gd32e23x_it.c:136

void USART0_IRQHandler(void)
{
 80007e2:	b590      	push	{r4, r7, lr}
 80007e4:	b083      	sub	sp, #12
 80007e6:	af00      	add	r7, sp, #0
\\TJAND17\sen.he\project\unc_linux_rls_25d\source\bsp\mcu\GD\GD ARM MCU Debug/../src/gd32e23x_it.c:137
    uint16_t ch=0;
 80007e8:	1dbb      	adds	r3, r7, #6
 80007ea:	2200      	movs	r2, #0
 80007ec:	801a      	strh	r2, [r3, #0]
\\TJAND17\sen.he\project\unc_linux_rls_25d\source\bsp\mcu\GD\GD ARM MCU Debug/../src/gd32e23x_it.c:140
    // uint8_t cnt=0;

    if(RESET != usart_interrupt_flag_get(EVAL_COM, USART_INT_FLAG_RBNE)) {
 80007ee:	2205      	movs	r2, #5
 80007f0:	f2c0 7205 	movt	r2, #1797	; 0x705
 80007f4:	f643 0300 	movw	r3, #14336	; 0x3800
 80007f8:	f2c4 0301 	movt	r3, #16385	; 0x4001
 80007fc:	0011      	movs	r1, r2
 80007fe:	0018      	movs	r0, r3
 8000800:	f002 f994 	bl	8002b2c <usart_interrupt_flag_get>
 8000804:	0003      	movs	r3, r0
 8000806:	b35b      	cbz	r3, 8000860 <USART0_IRQHandler+0x7e>
\\TJAND17\sen.he\project\unc_linux_rls_25d\source\bsp\mcu\GD\GD ARM MCU Debug/../src/gd32e23x_it.c:143
        /* receive data */
        // cnt=usart_receive_fifo_counter_number(EVAL_COM);
        ch=usart_data_receive(EVAL_COM);
 8000808:	1dbc      	adds	r4, r7, #6
 800080a:	f643 0300 	movw	r3, #14336	; 0x3800
 800080e:	f2c4 0301 	movt	r3, #16385	; 0x4001
 8000812:	0018      	movs	r0, r3
 8000814:	f002 f8bb 	bl	800298e <usart_data_receive>
 8000818:	0003      	movs	r3, r0
 800081a:	8023      	strh	r3, [r4, #0]
\\TJAND17\sen.he\project\unc_linux_rls_25d\source\bsp\mcu\GD\GD ARM MCU Debug/../src/gd32e23x_it.c:144
        usart_interrupt_flag_clear(EVAL_COM, USART_INT_FLAG_RBNE);
 800081c:	2205      	movs	r2, #5
 800081e:	f2c0 7205 	movt	r2, #1797	; 0x705
 8000822:	f643 0300 	movw	r3, #14336	; 0x3800
 8000826:	f2c4 0301 	movt	r3, #16385	; 0x4001
 800082a:	0011      	movs	r1, r2
 800082c:	0018      	movs	r0, r3
 800082e:	f002 f9af 	bl	8002b90 <usart_interrupt_flag_clear>
\\TJAND17\sen.he\project\unc_linux_rls_25d\source\bsp\mcu\GD\GD ARM MCU Debug/../src/gd32e23x_it.c:145
        global_sio_handle.read_ptr[global_sio_handle.data_size++] = ch;
 8000832:	f241 039c 	movw	r3, #4252	; 0x109c
 8000836:	f2c2 0300 	movt	r3, #8192	; 0x2000
 800083a:	69d9      	ldr	r1, [r3, #28]
 800083c:	f241 039c 	movw	r3, #4252	; 0x109c
 8000840:	f2c2 0300 	movt	r3, #8192	; 0x2000
 8000844:	691a      	ldr	r2, [r3, #16]
 8000846:	1c50      	adds	r0, r2, #1
 8000848:	f241 039c 	movw	r3, #4252	; 0x109c
 800084c:	f2c2 0300 	movt	r3, #8192	; 0x2000
 8000850:	6118      	str	r0, [r3, #16]
 8000852:	0013      	movs	r3, r2
 8000854:	18cb      	adds	r3, r1, r3
 8000856:	1dba      	adds	r2, r7, #6
 8000858:	8812      	ldrh	r2, [r2, #0]
 800085a:	b2d2      	uxtb	r2, r2
 800085c:	701a      	strb	r2, [r3, #0]
\\TJAND17\sen.he\project\unc_linux_rls_25d\source\bsp\mcu\GD\GD ARM MCU Debug/../src/gd32e23x_it.c:182
        usart_interrupt_flag_clear(EVAL_COM, USART_INT_FLAG_ERR_FERR);
    } else if(RESET != usart_interrupt_flag_get(EVAL_COM, USART_INT_FLAG_RFF)) {
        // printf("14\n");
        usart_interrupt_flag_clear(EVAL_COM, USART_INT_FLAG_RFF);
    }
}
 800085e:	e128      	b.n	8000ab2 <USART0_IRQHandler+0x2d0>
\\TJAND17\sen.he\project\unc_linux_rls_25d\source\bsp\mcu\GD\GD ARM MCU Debug/../src/gd32e23x_it.c:146
    } else if(RESET != usart_interrupt_flag_get(EVAL_COM, USART_INT_FLAG_IDLE)) {
 8000860:	2204      	movs	r2, #4
 8000862:	f2c0 7204 	movt	r2, #1796	; 0x704
 8000866:	f643 0300 	movw	r3, #14336	; 0x3800
 800086a:	f2c4 0301 	movt	r3, #16385	; 0x4001
 800086e:	0011      	movs	r1, r2
 8000870:	0018      	movs	r0, r3
 8000872:	f002 f95b 	bl	8002b2c <usart_interrupt_flag_get>
 8000876:	0003      	movs	r3, r0
 8000878:	b34b      	cbz	r3, 80008ce <USART0_IRQHandler+0xec>
\\TJAND17\sen.he\project\unc_linux_rls_25d\source\bsp\mcu\GD\GD ARM MCU Debug/../src/gd32e23x_it.c:147
       usart_interrupt_flag_clear(EVAL_COM,USART_INT_FLAG_IDLE);
 800087a:	2204      	movs	r2, #4
 800087c:	f2c0 7204 	movt	r2, #1796	; 0x704
 8000880:	f643 0300 	movw	r3, #14336	; 0x3800
 8000884:	f2c4 0301 	movt	r3, #16385	; 0x4001
 8000888:	0011      	movs	r1, r2
 800088a:	0018      	movs	r0, r3
 800088c:	f002 f980 	bl	8002b90 <usart_interrupt_flag_clear>
\\TJAND17\sen.he\project\unc_linux_rls_25d\source\bsp\mcu\GD\GD ARM MCU Debug/../src/gd32e23x_it.c:148
       if(global_sio_handle.pkt_state == PKT_RECV) {
 8000890:	f241 039c 	movw	r3, #4252	; 0x109c
 8000894:	f2c2 0300 	movt	r3, #8192	; 0x2000
 8000898:	791b      	ldrb	r3, [r3, #4]
 800089a:	2b03      	cmp	r3, #3
 800089c:	d000      	beq.n	80008a0 <USART0_IRQHandler+0xbe>
 800089e:	e108      	b.n	8000ab2 <USART0_IRQHandler+0x2d0>
\\TJAND17\sen.he\project\unc_linux_rls_25d\source\bsp\mcu\GD\GD ARM MCU Debug/../src/gd32e23x_it.c:149
          global_sio_handle.sio_state = BSL_UART_RECIVE_FLAG;
 80008a0:	f241 039c 	movw	r3, #4252	; 0x109c
 80008a4:	f2c2 0300 	movt	r3, #8192	; 0x2000
 80008a8:	2284      	movs	r2, #132	; 0x84
 80008aa:	601a      	str	r2, [r3, #0]
\\TJAND17\sen.he\project\unc_linux_rls_25d\source\bsp\mcu\GD\GD ARM MCU Debug/../src/gd32e23x_it.c:150
          usart_interrupt_disable(EVAL_COM, USART_INT_IDLE);
 80008ac:	f643 0300 	movw	r3, #14336	; 0x3800
 80008b0:	f2c4 0301 	movt	r3, #16385	; 0x4001
 80008b4:	2104      	movs	r1, #4
 80008b6:	0018      	movs	r0, r3
 80008b8:	f002 f914 	bl	8002ae4 <usart_interrupt_disable>
\\TJAND17\sen.he\project\unc_linux_rls_25d\source\bsp\mcu\GD\GD ARM MCU Debug/../src/gd32e23x_it.c:151
          usart_interrupt_disable(EVAL_COM, USART_INT_RBNE);
 80008bc:	f643 0300 	movw	r3, #14336	; 0x3800
 80008c0:	f2c4 0301 	movt	r3, #16385	; 0x4001
 80008c4:	2105      	movs	r1, #5
 80008c6:	0018      	movs	r0, r3
 80008c8:	f002 f90c 	bl	8002ae4 <usart_interrupt_disable>
\\TJAND17\sen.he\project\unc_linux_rls_25d\source\bsp\mcu\GD\GD ARM MCU Debug/../src/gd32e23x_it.c:182
}
 80008cc:	e0f1      	b.n	8000ab2 <USART0_IRQHandler+0x2d0>
\\TJAND17\sen.he\project\unc_linux_rls_25d\source\bsp\mcu\GD\GD ARM MCU Debug/../src/gd32e23x_it.c:153
    } else if(RESET != usart_interrupt_flag_get(EVAL_COM, USART_INT_FLAG_WU)) {
 80008ce:	f240 2216 	movw	r2, #534	; 0x216
 80008d2:	f2c0 7214 	movt	r2, #1812	; 0x714
 80008d6:	f643 0300 	movw	r3, #14336	; 0x3800
 80008da:	f2c4 0301 	movt	r3, #16385	; 0x4001
 80008de:	0011      	movs	r1, r2
 80008e0:	0018      	movs	r0, r3
 80008e2:	f002 f923 	bl	8002b2c <usart_interrupt_flag_get>
 80008e6:	0003      	movs	r3, r0
 80008e8:	b1db      	cbz	r3, 8000922 <USART0_IRQHandler+0x140>
\\TJAND17\sen.he\project\unc_linux_rls_25d\source\bsp\mcu\GD\GD ARM MCU Debug/../src/gd32e23x_it.c:155
        usart_interrupt_flag_clear(EVAL_COM, USART_INT_FLAG_WU);
 80008ea:	f240 2216 	movw	r2, #534	; 0x216
 80008ee:	f2c0 7214 	movt	r2, #1812	; 0x714
 80008f2:	f643 0300 	movw	r3, #14336	; 0x3800
 80008f6:	f2c4 0301 	movt	r3, #16385	; 0x4001
 80008fa:	0011      	movs	r1, r2
 80008fc:	0018      	movs	r0, r3
 80008fe:	f002 f947 	bl	8002b90 <usart_interrupt_flag_clear>
\\TJAND17\sen.he\project\unc_linux_rls_25d\source\bsp\mcu\GD\GD ARM MCU Debug/../src/gd32e23x_it.c:156
        usart_flag_clear(EVAL_COM, USART_FLAG_WU);
 8000902:	f643 0300 	movw	r3, #14336	; 0x3800
 8000906:	f2c4 0301 	movt	r3, #16385	; 0x4001
 800090a:	f240 7114 	movw	r1, #1812	; 0x714
 800090e:	0018      	movs	r0, r3
 8000910:	f002 f8ae 	bl	8002a70 <usart_flag_clear>
\\TJAND17\sen.he\project\unc_linux_rls_25d\source\bsp\mcu\GD\GD ARM MCU Debug/../src/gd32e23x_it.c:157
        global_sio_handle.sio_state = BSL_UART_WAKEUP_FLAG;
 8000914:	f241 039c 	movw	r3, #4252	; 0x109c
 8000918:	f2c2 0300 	movt	r3, #8192	; 0x2000
 800091c:	2285      	movs	r2, #133	; 0x85
 800091e:	601a      	str	r2, [r3, #0]
\\TJAND17\sen.he\project\unc_linux_rls_25d\source\bsp\mcu\GD\GD ARM MCU Debug/../src/gd32e23x_it.c:182
}
 8000920:	e0c7      	b.n	8000ab2 <USART0_IRQHandler+0x2d0>
\\TJAND17\sen.he\project\unc_linux_rls_25d\source\bsp\mcu\GD\GD ARM MCU Debug/../src/gd32e23x_it.c:158
    } else if(RESET != usart_interrupt_flag_get(EVAL_COM, USART_INT_FLAG_AM)) {
 8000922:	220e      	movs	r2, #14
 8000924:	f2c0 7211 	movt	r2, #1809	; 0x711
 8000928:	f643 0300 	movw	r3, #14336	; 0x3800
 800092c:	f2c4 0301 	movt	r3, #16385	; 0x4001
 8000930:	0011      	movs	r1, r2
 8000932:	0018      	movs	r0, r3
 8000934:	f002 f8fa 	bl	8002b2c <usart_interrupt_flag_get>
 8000938:	0003      	movs	r3, r0
 800093a:	b15b      	cbz	r3, 8000954 <USART0_IRQHandler+0x172>
\\TJAND17\sen.he\project\unc_linux_rls_25d\source\bsp\mcu\GD\GD ARM MCU Debug/../src/gd32e23x_it.c:160
        usart_interrupt_flag_clear(EVAL_COM, USART_INT_FLAG_AM);
 800093c:	220e      	movs	r2, #14
 800093e:	f2c0 7211 	movt	r2, #1809	; 0x711
 8000942:	f643 0300 	movw	r3, #14336	; 0x3800
 8000946:	f2c4 0301 	movt	r3, #16385	; 0x4001
 800094a:	0011      	movs	r1, r2
 800094c:	0018      	movs	r0, r3
 800094e:	f002 f91f 	bl	8002b90 <usart_interrupt_flag_clear>
\\TJAND17\sen.he\project\unc_linux_rls_25d\source\bsp\mcu\GD\GD ARM MCU Debug/../src/gd32e23x_it.c:182
}
 8000952:	e0ae      	b.n	8000ab2 <USART0_IRQHandler+0x2d0>
\\TJAND17\sen.he\project\unc_linux_rls_25d\source\bsp\mcu\GD\GD ARM MCU Debug/../src/gd32e23x_it.c:161
    } else if(RESET != usart_interrupt_flag_get(EVAL_COM, USART_INT_FLAG_PERR)) {
 8000954:	2208      	movs	r2, #8
 8000956:	f2c0 7200 	movt	r2, #1792	; 0x700
 800095a:	f643 0300 	movw	r3, #14336	; 0x3800
 800095e:	f2c4 0301 	movt	r3, #16385	; 0x4001
 8000962:	0011      	movs	r1, r2
 8000964:	0018      	movs	r0, r3
 8000966:	f002 f8e1 	bl	8002b2c <usart_interrupt_flag_get>
 800096a:	0003      	movs	r3, r0
 800096c:	b15b      	cbz	r3, 8000986 <USART0_IRQHandler+0x1a4>
\\TJAND17\sen.he\project\unc_linux_rls_25d\source\bsp\mcu\GD\GD ARM MCU Debug/../src/gd32e23x_it.c:163
        usart_interrupt_flag_clear(EVAL_COM, USART_INT_FLAG_PERR);
 800096e:	2208      	movs	r2, #8
 8000970:	f2c0 7200 	movt	r2, #1792	; 0x700
 8000974:	f643 0300 	movw	r3, #14336	; 0x3800
 8000978:	f2c4 0301 	movt	r3, #16385	; 0x4001
 800097c:	0011      	movs	r1, r2
 800097e:	0018      	movs	r0, r3
 8000980:	f002 f906 	bl	8002b90 <usart_interrupt_flag_clear>
\\TJAND17\sen.he\project\unc_linux_rls_25d\source\bsp\mcu\GD\GD ARM MCU Debug/../src/gd32e23x_it.c:182
}
 8000984:	e095      	b.n	8000ab2 <USART0_IRQHandler+0x2d0>
\\TJAND17\sen.he\project\unc_linux_rls_25d\source\bsp\mcu\GD\GD ARM MCU Debug/../src/gd32e23x_it.c:164
    } else if(RESET != usart_interrupt_flag_get(EVAL_COM, USART_INT_FLAG_RBNE_ORERR)) {
 8000986:	2205      	movs	r2, #5
 8000988:	f2c0 7203 	movt	r2, #1795	; 0x703
 800098c:	f643 0300 	movw	r3, #14336	; 0x3800
 8000990:	f2c4 0301 	movt	r3, #16385	; 0x4001
 8000994:	0011      	movs	r1, r2
 8000996:	0018      	movs	r0, r3
 8000998:	f002 f8c8 	bl	8002b2c <usart_interrupt_flag_get>
 800099c:	0003      	movs	r3, r0
 800099e:	b15b      	cbz	r3, 80009b8 <USART0_IRQHandler+0x1d6>
\\TJAND17\sen.he\project\unc_linux_rls_25d\source\bsp\mcu\GD\GD ARM MCU Debug/../src/gd32e23x_it.c:166
        usart_interrupt_flag_clear(EVAL_COM, USART_INT_FLAG_RBNE_ORERR);
 80009a0:	2205      	movs	r2, #5
 80009a2:	f2c0 7203 	movt	r2, #1795	; 0x703
 80009a6:	f643 0300 	movw	r3, #14336	; 0x3800
 80009aa:	f2c4 0301 	movt	r3, #16385	; 0x4001
 80009ae:	0011      	movs	r1, r2
 80009b0:	0018      	movs	r0, r3
 80009b2:	f002 f8ed 	bl	8002b90 <usart_interrupt_flag_clear>
\\TJAND17\sen.he\project\unc_linux_rls_25d\source\bsp\mcu\GD\GD ARM MCU Debug/../src/gd32e23x_it.c:182
}
 80009b6:	e07c      	b.n	8000ab2 <USART0_IRQHandler+0x2d0>
\\TJAND17\sen.he\project\unc_linux_rls_25d\source\bsp\mcu\GD\GD ARM MCU Debug/../src/gd32e23x_it.c:167
    } else if(RESET != usart_interrupt_flag_get(EVAL_COM, USART_INT_FLAG_ERR_NERR)) {
 80009b8:	f240 2200 	movw	r2, #512	; 0x200
 80009bc:	f2c0 7202 	movt	r2, #1794	; 0x702
 80009c0:	f643 0300 	movw	r3, #14336	; 0x3800
 80009c4:	f2c4 0301 	movt	r3, #16385	; 0x4001
 80009c8:	0011      	movs	r1, r2
 80009ca:	0018      	movs	r0, r3
 80009cc:	f002 f8ae 	bl	8002b2c <usart_interrupt_flag_get>
 80009d0:	0003      	movs	r3, r0
 80009d2:	b163      	cbz	r3, 80009ee <USART0_IRQHandler+0x20c>
\\TJAND17\sen.he\project\unc_linux_rls_25d\source\bsp\mcu\GD\GD ARM MCU Debug/../src/gd32e23x_it.c:169
        usart_interrupt_flag_clear(EVAL_COM, USART_INT_FLAG_ERR_NERR);
 80009d4:	f240 2200 	movw	r2, #512	; 0x200
 80009d8:	f2c0 7202 	movt	r2, #1794	; 0x702
 80009dc:	f643 0300 	movw	r3, #14336	; 0x3800
 80009e0:	f2c4 0301 	movt	r3, #16385	; 0x4001
 80009e4:	0011      	movs	r1, r2
 80009e6:	0018      	movs	r0, r3
 80009e8:	f002 f8d2 	bl	8002b90 <usart_interrupt_flag_clear>
\\TJAND17\sen.he\project\unc_linux_rls_25d\source\bsp\mcu\GD\GD ARM MCU Debug/../src/gd32e23x_it.c:182
}
 80009ec:	e061      	b.n	8000ab2 <USART0_IRQHandler+0x2d0>
\\TJAND17\sen.he\project\unc_linux_rls_25d\source\bsp\mcu\GD\GD ARM MCU Debug/../src/gd32e23x_it.c:170
    } else if(RESET != usart_interrupt_flag_get(EVAL_COM, USART_INT_FLAG_ERR_ORERR)) {
 80009ee:	f240 2200 	movw	r2, #512	; 0x200
 80009f2:	f2c0 7203 	movt	r2, #1795	; 0x703
 80009f6:	f643 0300 	movw	r3, #14336	; 0x3800
 80009fa:	f2c4 0301 	movt	r3, #16385	; 0x4001
 80009fe:	0011      	movs	r1, r2
 8000a00:	0018      	movs	r0, r3
 8000a02:	f002 f893 	bl	8002b2c <usart_interrupt_flag_get>
 8000a06:	0003      	movs	r3, r0
 8000a08:	b1f3      	cbz	r3, 8000a48 <USART0_IRQHandler+0x266>
\\TJAND17\sen.he\project\unc_linux_rls_25d\source\bsp\mcu\GD\GD ARM MCU Debug/../src/gd32e23x_it.c:172
        usart_interrupt_flag_clear(EVAL_COM, USART_INT_FLAG_ERR_ORERR);
 8000a0a:	f240 2200 	movw	r2, #512	; 0x200
 8000a0e:	f2c0 7203 	movt	r2, #1795	; 0x703
 8000a12:	f643 0300 	movw	r3, #14336	; 0x3800
 8000a16:	f2c4 0301 	movt	r3, #16385	; 0x4001
 8000a1a:	0011      	movs	r1, r2
 8000a1c:	0018      	movs	r0, r3
 8000a1e:	f002 f8b7 	bl	8002b90 <usart_interrupt_flag_clear>
\\TJAND17\sen.he\project\unc_linux_rls_25d\source\bsp\mcu\GD\GD ARM MCU Debug/../src/gd32e23x_it.c:173
        usart_data_receive(EVAL_COM);
 8000a22:	f643 0300 	movw	r3, #14336	; 0x3800
 8000a26:	f2c4 0301 	movt	r3, #16385	; 0x4001
 8000a2a:	0018      	movs	r0, r3
 8000a2c:	f001 ffaf 	bl	800298e <usart_data_receive>
\\TJAND17\sen.he\project\unc_linux_rls_25d\source\bsp\mcu\GD\GD ARM MCU Debug/../src/gd32e23x_it.c:174
        usart_interrupt_flag_clear(EVAL_COM,USART_INT_FLAG_RBNE);
 8000a30:	2205      	movs	r2, #5
 8000a32:	f2c0 7205 	movt	r2, #1797	; 0x705
 8000a36:	f643 0300 	movw	r3, #14336	; 0x3800
 8000a3a:	f2c4 0301 	movt	r3, #16385	; 0x4001
 8000a3e:	0011      	movs	r1, r2
 8000a40:	0018      	movs	r0, r3
 8000a42:	f002 f8a5 	bl	8002b90 <usart_interrupt_flag_clear>
\\TJAND17\sen.he\project\unc_linux_rls_25d\source\bsp\mcu\GD\GD ARM MCU Debug/../src/gd32e23x_it.c:182
}
 8000a46:	e034      	b.n	8000ab2 <USART0_IRQHandler+0x2d0>
\\TJAND17\sen.he\project\unc_linux_rls_25d\source\bsp\mcu\GD\GD ARM MCU Debug/../src/gd32e23x_it.c:175
    } else if(RESET != usart_interrupt_flag_get(EVAL_COM, USART_INT_FLAG_ERR_FERR)) {
 8000a48:	f240 2200 	movw	r2, #512	; 0x200
 8000a4c:	f2c0 7201 	movt	r2, #1793	; 0x701
 8000a50:	f643 0300 	movw	r3, #14336	; 0x3800
 8000a54:	f2c4 0301 	movt	r3, #16385	; 0x4001
 8000a58:	0011      	movs	r1, r2
 8000a5a:	0018      	movs	r0, r3
 8000a5c:	f002 f866 	bl	8002b2c <usart_interrupt_flag_get>
 8000a60:	0003      	movs	r3, r0
 8000a62:	b163      	cbz	r3, 8000a7e <USART0_IRQHandler+0x29c>
\\TJAND17\sen.he\project\unc_linux_rls_25d\source\bsp\mcu\GD\GD ARM MCU Debug/../src/gd32e23x_it.c:177
        usart_interrupt_flag_clear(EVAL_COM, USART_INT_FLAG_ERR_FERR);
 8000a64:	f240 2200 	movw	r2, #512	; 0x200
 8000a68:	f2c0 7201 	movt	r2, #1793	; 0x701
 8000a6c:	f643 0300 	movw	r3, #14336	; 0x3800
 8000a70:	f2c4 0301 	movt	r3, #16385	; 0x4001
 8000a74:	0011      	movs	r1, r2
 8000a76:	0018      	movs	r0, r3
 8000a78:	f002 f88a 	bl	8002b90 <usart_interrupt_flag_clear>
\\TJAND17\sen.he\project\unc_linux_rls_25d\source\bsp\mcu\GD\GD ARM MCU Debug/../src/gd32e23x_it.c:182
}
 8000a7c:	e019      	b.n	8000ab2 <USART0_IRQHandler+0x2d0>
\\TJAND17\sen.he\project\unc_linux_rls_25d\source\bsp\mcu\GD\GD ARM MCU Debug/../src/gd32e23x_it.c:178
    } else if(RESET != usart_interrupt_flag_get(EVAL_COM, USART_INT_FLAG_RFF)) {
 8000a7e:	f243 4209 	movw	r2, #13321	; 0x3409
 8000a82:	f2c3 420f 	movt	r2, #13327	; 0x340f
 8000a86:	f643 0300 	movw	r3, #14336	; 0x3800
 8000a8a:	f2c4 0301 	movt	r3, #16385	; 0x4001
 8000a8e:	0011      	movs	r1, r2
 8000a90:	0018      	movs	r0, r3
 8000a92:	f002 f84b 	bl	8002b2c <usart_interrupt_flag_get>
 8000a96:	0003      	movs	r3, r0
 8000a98:	b15b      	cbz	r3, 8000ab2 <USART0_IRQHandler+0x2d0>
\\TJAND17\sen.he\project\unc_linux_rls_25d\source\bsp\mcu\GD\GD ARM MCU Debug/../src/gd32e23x_it.c:180
        usart_interrupt_flag_clear(EVAL_COM, USART_INT_FLAG_RFF);
 8000a9a:	f243 4209 	movw	r2, #13321	; 0x3409
 8000a9e:	f2c3 420f 	movt	r2, #13327	; 0x340f
 8000aa2:	f643 0300 	movw	r3, #14336	; 0x3800
 8000aa6:	f2c4 0301 	movt	r3, #16385	; 0x4001
 8000aaa:	0011      	movs	r1, r2
 8000aac:	0018      	movs	r0, r3
 8000aae:	f002 f86f 	bl	8002b90 <usart_interrupt_flag_clear>
\\TJAND17\sen.he\project\unc_linux_rls_25d\source\bsp\mcu\GD\GD ARM MCU Debug/../src/gd32e23x_it.c:182
}
 8000ab2:	46c0      	nop			; (mov r8, r8)
 8000ab4:	46bd      	mov	sp, r7
 8000ab6:	b003      	add	sp, #12
 8000ab8:	bd90      	pop	{r4, r7, pc}

08000aba <gd_eval_led_init>:
gd_eval_led_init():
\\TJAND17\sen.he\project\unc_linux_rls_25d\source\bsp\mcu\GD\GD ARM MCU Debug/../src/gd32e235c_eval.c:106
      \arg        LED4
    \param[out] none
    \retval     none
*/
void gd_eval_led_init(led_typedef_enum lednum)
{
 8000aba:	b580      	push	{r7, lr}
 8000abc:	b082      	sub	sp, #8
 8000abe:	af00      	add	r7, sp, #0
 8000ac0:	0002      	movs	r2, r0
 8000ac2:	1dfb      	adds	r3, r7, #7
 8000ac4:	701a      	strb	r2, [r3, #0]
\\TJAND17\sen.he\project\unc_linux_rls_25d\source\bsp\mcu\GD\GD ARM MCU Debug/../src/gd32e235c_eval.c:108
    /* enable the led clock */
    rcu_periph_clock_enable(GPIO_CLK[lednum]);
 8000ac6:	1dfb      	adds	r3, r7, #7
 8000ac8:	781a      	ldrb	r2, [r3, #0]
 8000aca:	f645 3340 	movw	r3, #23360	; 0x5b40
 8000ace:	f6c0 0300 	movt	r3, #2048	; 0x800
 8000ad2:	0052      	lsls	r2, r2, #1
 8000ad4:	5ad3      	ldrh	r3, [r2, r3]
 8000ad6:	0018      	movs	r0, r3
 8000ad8:	f002 fa40 	bl	8002f5c <rcu_periph_clock_enable>
\\TJAND17\sen.he\project\unc_linux_rls_25d\source\bsp\mcu\GD\GD ARM MCU Debug/../src/gd32e235c_eval.c:110
    /* configure led GPIO port */
    gpio_mode_set(GPIO_PORT[lednum], GPIO_MODE_OUTPUT, GPIO_PUPD_NONE, GPIO_PIN[lednum]);
 8000adc:	1dfb      	adds	r3, r7, #7
 8000ade:	781a      	ldrb	r2, [r3, #0]
 8000ae0:	f645 3318 	movw	r3, #23320	; 0x5b18
 8000ae4:	f6c0 0300 	movt	r3, #2048	; 0x800
 8000ae8:	0092      	lsls	r2, r2, #2
 8000aea:	58d0      	ldr	r0, [r2, r3]
 8000aec:	1dfb      	adds	r3, r7, #7
 8000aee:	781a      	ldrb	r2, [r3, #0]
 8000af0:	f645 332c 	movw	r3, #23340	; 0x5b2c
 8000af4:	f6c0 0300 	movt	r3, #2048	; 0x800
 8000af8:	0092      	lsls	r2, r2, #2
 8000afa:	58d3      	ldr	r3, [r2, r3]
 8000afc:	2200      	movs	r2, #0
 8000afe:	2101      	movs	r1, #1
 8000b00:	f002 fdc7 	bl	8003692 <gpio_mode_set>
\\TJAND17\sen.he\project\unc_linux_rls_25d\source\bsp\mcu\GD\GD ARM MCU Debug/../src/gd32e235c_eval.c:111
    gpio_output_options_set(GPIO_PORT[lednum], GPIO_OTYPE_PP, GPIO_OSPEED_50MHZ, GPIO_PIN[lednum]);
 8000b04:	1dfb      	adds	r3, r7, #7
 8000b06:	781a      	ldrb	r2, [r3, #0]
 8000b08:	f645 3318 	movw	r3, #23320	; 0x5b18
 8000b0c:	f6c0 0300 	movt	r3, #2048	; 0x800
 8000b10:	0092      	lsls	r2, r2, #2
 8000b12:	58d0      	ldr	r0, [r2, r3]
 8000b14:	1dfb      	adds	r3, r7, #7
 8000b16:	781a      	ldrb	r2, [r3, #0]
 8000b18:	f645 332c 	movw	r3, #23340	; 0x5b2c
 8000b1c:	f6c0 0300 	movt	r3, #2048	; 0x800
 8000b20:	0092      	lsls	r2, r2, #2
 8000b22:	58d3      	ldr	r3, [r2, r3]
 8000b24:	2203      	movs	r2, #3
 8000b26:	2100      	movs	r1, #0
 8000b28:	f002 fe0b 	bl	8003742 <gpio_output_options_set>
\\TJAND17\sen.he\project\unc_linux_rls_25d\source\bsp\mcu\GD\GD ARM MCU Debug/../src/gd32e235c_eval.c:113

    GPIO_BC(GPIO_PORT[lednum]) = GPIO_PIN[lednum];
 8000b2c:	1dfb      	adds	r3, r7, #7
 8000b2e:	7819      	ldrb	r1, [r3, #0]
 8000b30:	1dfb      	adds	r3, r7, #7
 8000b32:	781a      	ldrb	r2, [r3, #0]
 8000b34:	f645 3318 	movw	r3, #23320	; 0x5b18
 8000b38:	f6c0 0300 	movt	r3, #2048	; 0x800
 8000b3c:	0092      	lsls	r2, r2, #2
 8000b3e:	58d3      	ldr	r3, [r2, r3]
 8000b40:	3328      	adds	r3, #40	; 0x28
 8000b42:	001a      	movs	r2, r3
 8000b44:	f645 332c 	movw	r3, #23340	; 0x5b2c
 8000b48:	f6c0 0300 	movt	r3, #2048	; 0x800
 8000b4c:	0089      	lsls	r1, r1, #2
 8000b4e:	58cb      	ldr	r3, [r1, r3]
 8000b50:	6013      	str	r3, [r2, #0]
\\TJAND17\sen.he\project\unc_linux_rls_25d\source\bsp\mcu\GD\GD ARM MCU Debug/../src/gd32e235c_eval.c:114
}
 8000b52:	46c0      	nop			; (mov r8, r8)
 8000b54:	46bd      	mov	sp, r7
 8000b56:	b002      	add	sp, #8
 8000b58:	bd80      	pop	{r7, pc}

08000b5a <gd_eval_led_off>:
gd_eval_led_off():
\\TJAND17\sen.he\project\unc_linux_rls_25d\source\bsp\mcu\GD\GD ARM MCU Debug/../src/gd32e235c_eval.c:142
      \arg        LED4
    \param[out] none
    \retval     none
*/
void gd_eval_led_off(led_typedef_enum lednum)
{
 8000b5a:	b580      	push	{r7, lr}
 8000b5c:	b082      	sub	sp, #8
 8000b5e:	af00      	add	r7, sp, #0
 8000b60:	0002      	movs	r2, r0
 8000b62:	1dfb      	adds	r3, r7, #7
 8000b64:	701a      	strb	r2, [r3, #0]
\\TJAND17\sen.he\project\unc_linux_rls_25d\source\bsp\mcu\GD\GD ARM MCU Debug/../src/gd32e235c_eval.c:143
    GPIO_BC(GPIO_PORT[lednum]) = GPIO_PIN[lednum];
 8000b66:	1dfb      	adds	r3, r7, #7
 8000b68:	7819      	ldrb	r1, [r3, #0]
 8000b6a:	1dfb      	adds	r3, r7, #7
 8000b6c:	781a      	ldrb	r2, [r3, #0]
 8000b6e:	f645 3318 	movw	r3, #23320	; 0x5b18
 8000b72:	f6c0 0300 	movt	r3, #2048	; 0x800
 8000b76:	0092      	lsls	r2, r2, #2
 8000b78:	58d3      	ldr	r3, [r2, r3]
 8000b7a:	3328      	adds	r3, #40	; 0x28
 8000b7c:	001a      	movs	r2, r3
 8000b7e:	f645 332c 	movw	r3, #23340	; 0x5b2c
 8000b82:	f6c0 0300 	movt	r3, #2048	; 0x800
 8000b86:	0089      	lsls	r1, r1, #2
 8000b88:	58cb      	ldr	r3, [r1, r3]
 8000b8a:	6013      	str	r3, [r2, #0]
\\TJAND17\sen.he\project\unc_linux_rls_25d\source\bsp\mcu\GD\GD ARM MCU Debug/../src/gd32e235c_eval.c:144
}
 8000b8c:	46c0      	nop			; (mov r8, r8)
 8000b8e:	46bd      	mov	sp, r7
 8000b90:	b002      	add	sp, #8
 8000b92:	bd80      	pop	{r7, pc}

08000b94 <sio_handle_init>:
sio_handle_init():
\\TJAND17\sen.he\project\unc_linux_rls_25d\source\bsp\mcu\GD\GD ARM MCU Debug/../src/drivers/uart/Uart_init.c:13
unsigned int    recv_data_buffer_array[PKT_RECIVE_LIMIT >> 2];
unsigned int    handle_data_buffer_array[PKT_RECIVE_LIMIT >> 2];
unsigned int    send_data_buffer_array[PKT_SEND_LIMIT >> 2];

void sio_handle_init(void)
{
 8000b94:	b580      	push	{r7, lr}
 8000b96:	af00      	add	r7, sp, #0
\\TJAND17\sen.he\project\unc_linux_rls_25d\source\bsp\mcu\GD\GD ARM MCU Debug/../src/drivers/uart/Uart_init.c:14
    global_sio_handle.pkt_state = PKT_NONE;
 8000b98:	f241 039c 	movw	r3, #4252	; 0x109c
 8000b9c:	f2c2 0300 	movt	r3, #8192	; 0x2000
 8000ba0:	2200      	movs	r2, #0
 8000ba2:	711a      	strb	r2, [r3, #4]
\\TJAND17\sen.he\project\unc_linux_rls_25d\source\bsp\mcu\GD\GD ARM MCU Debug/../src/drivers/uart/Uart_init.c:15
    global_sio_handle.sio_state = BSL_UART_ENUM_FLAG;
 8000ba4:	f241 039c 	movw	r3, #4252	; 0x109c
 8000ba8:	f2c2 0300 	movt	r3, #8192	; 0x2000
 8000bac:	2283      	movs	r2, #131	; 0x83
 8000bae:	601a      	str	r2, [r3, #0]
\\TJAND17\sen.he\project\unc_linux_rls_25d\source\bsp\mcu\GD\GD ARM MCU Debug/../src/drivers/uart/Uart_init.c:16
    global_sio_handle.buf_size = 0;
 8000bb0:	f241 039c 	movw	r3, #4252	; 0x109c
 8000bb4:	f2c2 0300 	movt	r3, #8192	; 0x2000
 8000bb8:	2200      	movs	r2, #0
 8000bba:	60da      	str	r2, [r3, #12]
\\TJAND17\sen.he\project\unc_linux_rls_25d\source\bsp\mcu\GD\GD ARM MCU Debug/../src/drivers/uart/Uart_init.c:17
    global_sio_handle.data_size = 0;
 8000bbc:	f241 039c 	movw	r3, #4252	; 0x109c
 8000bc0:	f2c2 0300 	movt	r3, #8192	; 0x2000
 8000bc4:	2200      	movs	r2, #0
 8000bc6:	611a      	str	r2, [r3, #16]
\\TJAND17\sen.he\project\unc_linux_rls_25d\source\bsp\mcu\GD\GD ARM MCU Debug/../src/drivers/uart/Uart_init.c:18
    global_sio_handle.buf_ptr = (unsigned char *)handle_data_buffer_array;   // 256 byte
 8000bc8:	f241 039c 	movw	r3, #4252	; 0x109c
 8000bcc:	f2c2 0300 	movt	r3, #8192	; 0x2000
 8000bd0:	f640 327c 	movw	r2, #2940	; 0xb7c
 8000bd4:	f2c2 0200 	movt	r2, #8192	; 0x2000
 8000bd8:	615a      	str	r2, [r3, #20]
\\TJAND17\sen.he\project\unc_linux_rls_25d\source\bsp\mcu\GD\GD ARM MCU Debug/../src/drivers/uart/Uart_init.c:19
    global_sio_handle.write_ptr = (unsigned char *)send_data_buffer_array;  // 1024 byte
 8000bda:	f241 039c 	movw	r3, #4252	; 0x109c
 8000bde:	f2c2 0300 	movt	r3, #8192	; 0x2000
 8000be2:	f240 327c 	movw	r2, #892	; 0x37c
 8000be6:	f2c2 0200 	movt	r2, #8192	; 0x2000
 8000bea:	619a      	str	r2, [r3, #24]
\\TJAND17\sen.he\project\unc_linux_rls_25d\source\bsp\mcu\GD\GD ARM MCU Debug/../src/drivers/uart/Uart_init.c:20
    global_sio_handle.read_ptr = (unsigned char *)recv_data_buffer_array;
 8000bec:	f241 039c 	movw	r3, #4252	; 0x109c
 8000bf0:	f2c2 0300 	movt	r3, #8192	; 0x2000
 8000bf4:	f240 228c 	movw	r2, #652	; 0x28c
 8000bf8:	f2c2 0200 	movt	r2, #8192	; 0x2000
 8000bfc:	61da      	str	r2, [r3, #28]
\\TJAND17\sen.he\project\unc_linux_rls_25d\source\bsp\mcu\GD\GD ARM MCU Debug/../src/drivers/uart/Uart_init.c:21
    global_sio_handle.pkt_type = BSL_PKT_TYPE_MAX;
 8000bfe:	f241 039c 	movw	r3, #4252	; 0x109c
 8000c02:	f2c2 0300 	movt	r3, #8192	; 0x2000
 8000c06:	2201      	movs	r2, #1
 8000c08:	4252      	negs	r2, r2
 8000c0a:	80da      	strh	r2, [r3, #6]
\\TJAND17\sen.he\project\unc_linux_rls_25d\source\bsp\mcu\GD\GD ARM MCU Debug/../src/drivers/uart/Uart_init.c:22
    global_sio_handle.pkt_count = 0;
 8000c0c:	f241 039c 	movw	r3, #4252	; 0x109c
 8000c10:	f2c2 0300 	movt	r3, #8192	; 0x2000
 8000c14:	2200      	movs	r2, #0
 8000c16:	609a      	str	r2, [r3, #8]
\\TJAND17\sen.he\project\unc_linux_rls_25d\source\bsp\mcu\GD\GD ARM MCU Debug/../src/drivers/uart/Uart_init.c:23
}
 8000c18:	46c0      	nop			; (mov r8, r8)
 8000c1a:	46bd      	mov	sp, r7
 8000c1c:	bd80      	pop	{r7, pc}

08000c1e <com_usart_init>:
com_usart_init():
\\TJAND17\sen.he\project\unc_linux_rls_25d\source\bsp\mcu\GD\GD ARM MCU Debug/../src/drivers/uart/Uart_init.c:31
    \param[in]  none
    \param[out] none
    \retval     none
*/
void com_usart_init(uint32_t baudval)
{
 8000c1e:	b580      	push	{r7, lr}
 8000c20:	b082      	sub	sp, #8
 8000c22:	af00      	add	r7, sp, #0
 8000c24:	6078      	str	r0, [r7, #4]
\\TJAND17\sen.he\project\unc_linux_rls_25d\source\bsp\mcu\GD\GD ARM MCU Debug/../src/drivers/uart/Uart_init.c:33
    /* enable USART clock */
    rcu_periph_clock_enable(RCU_USART0);
 8000c26:	f240 600e 	movw	r0, #1550	; 0x60e
 8000c2a:	f002 f997 	bl	8002f5c <rcu_periph_clock_enable>
\\TJAND17\sen.he\project\unc_linux_rls_25d\source\bsp\mcu\GD\GD ARM MCU Debug/../src/drivers/uart/Uart_init.c:36

    /* USART configure */
    usart_deinit(USART0);
 8000c2e:	f643 0300 	movw	r3, #14336	; 0x3800
 8000c32:	f2c4 0301 	movt	r3, #16385	; 0x4001
 8000c36:	0018      	movs	r0, r3
 8000c38:	f001 fd55 	bl	80026e6 <usart_deinit>
\\TJAND17\sen.he\project\unc_linux_rls_25d\source\bsp\mcu\GD\GD ARM MCU Debug/../src/drivers/uart/Uart_init.c:37
    usart_word_length_set(USART0, USART_WL_8BIT);
 8000c3c:	f643 0300 	movw	r3, #14336	; 0x3800
 8000c40:	f2c4 0301 	movt	r3, #16385	; 0x4001
 8000c44:	2100      	movs	r1, #0
 8000c46:	0018      	movs	r0, r3
 8000c48:	f001 fdfc 	bl	8002844 <usart_word_length_set>
\\TJAND17\sen.he\project\unc_linux_rls_25d\source\bsp\mcu\GD\GD ARM MCU Debug/../src/drivers/uart/Uart_init.c:38
    usart_stop_bit_set(USART0, USART_STB_1BIT);
 8000c4c:	f643 0300 	movw	r3, #14336	; 0x3800
 8000c50:	f2c4 0301 	movt	r3, #16385	; 0x4001
 8000c54:	2100      	movs	r1, #0
 8000c56:	0018      	movs	r0, r3
 8000c58:	f001 fe12 	bl	8002880 <usart_stop_bit_set>
\\TJAND17\sen.he\project\unc_linux_rls_25d\source\bsp\mcu\GD\GD ARM MCU Debug/../src/drivers/uart/Uart_init.c:39
    usart_parity_config(USART0, USART_PM_NONE);
 8000c5c:	f643 0300 	movw	r3, #14336	; 0x3800
 8000c60:	f2c4 0301 	movt	r3, #16385	; 0x4001
 8000c64:	2100      	movs	r1, #0
 8000c66:	0018      	movs	r0, r3
 8000c68:	f001 fdce 	bl	8002808 <usart_parity_config>
\\TJAND17\sen.he\project\unc_linux_rls_25d\source\bsp\mcu\GD\GD ARM MCU Debug/../src/drivers/uart/Uart_init.c:40
    usart_oversample_config(USART0, USART_OVSMOD_8);
 8000c6c:	f643 0300 	movw	r3, #14336	; 0x3800
 8000c70:	f2c4 0301 	movt	r3, #16385	; 0x4001
 8000c74:	f248 0100 	movw	r1, #32768	; 0x8000
 8000c78:	0018      	movs	r0, r3
 8000c7a:	f001 fe5b 	bl	8002934 <usart_oversample_config>
\\TJAND17\sen.he\project\unc_linux_rls_25d\source\bsp\mcu\GD\GD ARM MCU Debug/../src/drivers/uart/Uart_init.c:41
    usart_baudrate_set(USART0, baudval);
 8000c7e:	687a      	ldr	r2, [r7, #4]
 8000c80:	f643 0300 	movw	r3, #14336	; 0x3800
 8000c84:	f2c4 0301 	movt	r3, #16385	; 0x4001
 8000c88:	0011      	movs	r1, r2
 8000c8a:	0018      	movs	r0, r3
 8000c8c:	f001 fd54 	bl	8002738 <usart_baudrate_set>
\\TJAND17\sen.he\project\unc_linux_rls_25d\source\bsp\mcu\GD\GD ARM MCU Debug/../src/drivers/uart/Uart_init.c:42
    usart_receive_config(USART0, USART_RECEIVE_ENABLE);
 8000c90:	f643 0300 	movw	r3, #14336	; 0x3800
 8000c94:	f2c4 0301 	movt	r3, #16385	; 0x4001
 8000c98:	2104      	movs	r1, #4
 8000c9a:	0018      	movs	r0, r3
 8000c9c:	f001 fe35 	bl	800290a <usart_receive_config>
\\TJAND17\sen.he\project\unc_linux_rls_25d\source\bsp\mcu\GD\GD ARM MCU Debug/../src/drivers/uart/Uart_init.c:43
    usart_transmit_config(USART0, USART_TRANSMIT_ENABLE);
 8000ca0:	f643 0300 	movw	r3, #14336	; 0x3800
 8000ca4:	f2c4 0301 	movt	r3, #16385	; 0x4001
 8000ca8:	2108      	movs	r1, #8
 8000caa:	0018      	movs	r0, r3
 8000cac:	f001 fe18 	bl	80028e0 <usart_transmit_config>
\\TJAND17\sen.he\project\unc_linux_rls_25d\source\bsp\mcu\GD\GD ARM MCU Debug/../src/drivers/uart/Uart_init.c:45

    usart_enable(USART0);
 8000cb0:	f643 0300 	movw	r3, #14336	; 0x3800
 8000cb4:	f2c4 0301 	movt	r3, #16385	; 0x4001
 8000cb8:	0018      	movs	r0, r3
 8000cba:	f001 fe03 	bl	80028c4 <usart_enable>
\\TJAND17\sen.he\project\unc_linux_rls_25d\source\bsp\mcu\GD\GD ARM MCU Debug/../src/drivers/uart/Uart_init.c:46
}
 8000cbe:	46c0      	nop			; (mov r8, r8)
 8000cc0:	46bd      	mov	sp, r7
 8000cc2:	b002      	add	sp, #8
 8000cc4:	bd80      	pop	{r7, pc}

08000cc6 <com1_usart_init>:
com1_usart_init():
\\TJAND17\sen.he\project\unc_linux_rls_25d\source\bsp\mcu\GD\GD ARM MCU Debug/../src/drivers/uart/Uart_init.c:55
    \param[in]  none
    \param[out] none
    \retval     none
*/
void com1_usart_init(uint32_t baudval)
{	
 8000cc6:	b580      	push	{r7, lr}
 8000cc8:	b082      	sub	sp, #8
 8000cca:	af00      	add	r7, sp, #0
 8000ccc:	6078      	str	r0, [r7, #4]
\\TJAND17\sen.he\project\unc_linux_rls_25d\source\bsp\mcu\GD\GD ARM MCU Debug/../src/drivers/uart/Uart_init.c:57
    /* enable USART clock */
    rcu_periph_clock_enable(RCU_USART1);
 8000cce:	f240 7011 	movw	r0, #1809	; 0x711
 8000cd2:	f002 f943 	bl	8002f5c <rcu_periph_clock_enable>
\\TJAND17\sen.he\project\unc_linux_rls_25d\source\bsp\mcu\GD\GD ARM MCU Debug/../src/drivers/uart/Uart_init.c:60

    /* USART configure */
    usart_deinit(USART1);
 8000cd6:	f244 4300 	movw	r3, #17408	; 0x4400
 8000cda:	f2c4 0300 	movt	r3, #16384	; 0x4000
 8000cde:	0018      	movs	r0, r3
 8000ce0:	f001 fd01 	bl	80026e6 <usart_deinit>
\\TJAND17\sen.he\project\unc_linux_rls_25d\source\bsp\mcu\GD\GD ARM MCU Debug/../src/drivers/uart/Uart_init.c:61
    usart_word_length_set(USART1, USART_WL_8BIT);
 8000ce4:	f244 4300 	movw	r3, #17408	; 0x4400
 8000ce8:	f2c4 0300 	movt	r3, #16384	; 0x4000
 8000cec:	2100      	movs	r1, #0
 8000cee:	0018      	movs	r0, r3
 8000cf0:	f001 fda8 	bl	8002844 <usart_word_length_set>
\\TJAND17\sen.he\project\unc_linux_rls_25d\source\bsp\mcu\GD\GD ARM MCU Debug/../src/drivers/uart/Uart_init.c:62
    usart_stop_bit_set(USART1, USART_STB_1BIT);
 8000cf4:	f244 4300 	movw	r3, #17408	; 0x4400
 8000cf8:	f2c4 0300 	movt	r3, #16384	; 0x4000
 8000cfc:	2100      	movs	r1, #0
 8000cfe:	0018      	movs	r0, r3
 8000d00:	f001 fdbe 	bl	8002880 <usart_stop_bit_set>
\\TJAND17\sen.he\project\unc_linux_rls_25d\source\bsp\mcu\GD\GD ARM MCU Debug/../src/drivers/uart/Uart_init.c:63
    usart_parity_config(USART1, USART_PM_NONE);
 8000d04:	f244 4300 	movw	r3, #17408	; 0x4400
 8000d08:	f2c4 0300 	movt	r3, #16384	; 0x4000
 8000d0c:	2100      	movs	r1, #0
 8000d0e:	0018      	movs	r0, r3
 8000d10:	f001 fd7a 	bl	8002808 <usart_parity_config>
\\TJAND17\sen.he\project\unc_linux_rls_25d\source\bsp\mcu\GD\GD ARM MCU Debug/../src/drivers/uart/Uart_init.c:64
    usart_oversample_config(USART1, USART_OVSMOD_8);
 8000d14:	f244 4300 	movw	r3, #17408	; 0x4400
 8000d18:	f2c4 0300 	movt	r3, #16384	; 0x4000
 8000d1c:	f248 0100 	movw	r1, #32768	; 0x8000
 8000d20:	0018      	movs	r0, r3
 8000d22:	f001 fe07 	bl	8002934 <usart_oversample_config>
\\TJAND17\sen.he\project\unc_linux_rls_25d\source\bsp\mcu\GD\GD ARM MCU Debug/../src/drivers/uart/Uart_init.c:65
    usart_baudrate_set(USART1, baudval);
 8000d26:	687a      	ldr	r2, [r7, #4]
 8000d28:	f244 4300 	movw	r3, #17408	; 0x4400
 8000d2c:	f2c4 0300 	movt	r3, #16384	; 0x4000
 8000d30:	0011      	movs	r1, r2
 8000d32:	0018      	movs	r0, r3
 8000d34:	f001 fd00 	bl	8002738 <usart_baudrate_set>
\\TJAND17\sen.he\project\unc_linux_rls_25d\source\bsp\mcu\GD\GD ARM MCU Debug/../src/drivers/uart/Uart_init.c:66
    usart_receive_config(USART1, USART_RECEIVE_ENABLE);
 8000d38:	f244 4300 	movw	r3, #17408	; 0x4400
 8000d3c:	f2c4 0300 	movt	r3, #16384	; 0x4000
 8000d40:	2104      	movs	r1, #4
 8000d42:	0018      	movs	r0, r3
 8000d44:	f001 fde1 	bl	800290a <usart_receive_config>
\\TJAND17\sen.he\project\unc_linux_rls_25d\source\bsp\mcu\GD\GD ARM MCU Debug/../src/drivers/uart/Uart_init.c:67
    usart_transmit_config(USART1, USART_TRANSMIT_ENABLE);
 8000d48:	f244 4300 	movw	r3, #17408	; 0x4400
 8000d4c:	f2c4 0300 	movt	r3, #16384	; 0x4000
 8000d50:	2108      	movs	r1, #8
 8000d52:	0018      	movs	r0, r3
 8000d54:	f001 fdc4 	bl	80028e0 <usart_transmit_config>
\\TJAND17\sen.he\project\unc_linux_rls_25d\source\bsp\mcu\GD\GD ARM MCU Debug/../src/drivers/uart/Uart_init.c:69

    usart_enable(USART1);
 8000d58:	f244 4300 	movw	r3, #17408	; 0x4400
 8000d5c:	f2c4 0300 	movt	r3, #16384	; 0x4000
 8000d60:	0018      	movs	r0, r3
 8000d62:	f001 fdaf 	bl	80028c4 <usart_enable>
\\TJAND17\sen.he\project\unc_linux_rls_25d\source\bsp\mcu\GD\GD ARM MCU Debug/../src/drivers/uart/Uart_init.c:70
}
 8000d66:	46c0      	nop			; (mov r8, r8)
 8000d68:	46bd      	mov	sp, r7
 8000d6a:	b002      	add	sp, #8
 8000d6c:	bd80      	pop	{r7, pc}

08000d6e <com_usart_change_baud>:
com_usart_change_baud():
\\TJAND17\sen.he\project\unc_linux_rls_25d\source\bsp\mcu\GD\GD ARM MCU Debug/../src/drivers/uart/Uart_init.c:73

void com_usart_change_baud(uint32_t baudval)
{
 8000d6e:	b580      	push	{r7, lr}
 8000d70:	b082      	sub	sp, #8
 8000d72:	af00      	add	r7, sp, #0
 8000d74:	6078      	str	r0, [r7, #4]
\\TJAND17\sen.he\project\unc_linux_rls_25d\source\bsp\mcu\GD\GD ARM MCU Debug/../src/drivers/uart/Uart_init.c:74
    nvic_irq_disable(USART0_IRQn);
 8000d76:	201b      	movs	r0, #27
 8000d78:	f002 fc61 	bl	800363e <nvic_irq_disable>
\\TJAND17\sen.he\project\unc_linux_rls_25d\source\bsp\mcu\GD\GD ARM MCU Debug/../src/drivers/uart/Uart_init.c:75
    usart_interrupt_disable(USART0, USART_INT_RBNE);
 8000d7c:	f643 0300 	movw	r3, #14336	; 0x3800
 8000d80:	f2c4 0301 	movt	r3, #16385	; 0x4001
 8000d84:	2105      	movs	r1, #5
 8000d86:	0018      	movs	r0, r3
 8000d88:	f001 feac 	bl	8002ae4 <usart_interrupt_disable>
\\TJAND17\sen.he\project\unc_linux_rls_25d\source\bsp\mcu\GD\GD ARM MCU Debug/../src/drivers/uart/Uart_init.c:76
    usart_interrupt_disable(USART0, USART_INT_IDLE);
 8000d8c:	f643 0300 	movw	r3, #14336	; 0x3800
 8000d90:	f2c4 0301 	movt	r3, #16385	; 0x4001
 8000d94:	2104      	movs	r1, #4
 8000d96:	0018      	movs	r0, r3
 8000d98:	f001 fea4 	bl	8002ae4 <usart_interrupt_disable>
\\TJAND17\sen.he\project\unc_linux_rls_25d\source\bsp\mcu\GD\GD ARM MCU Debug/../src/drivers/uart/Uart_init.c:77
    com_usart_init(baudval);
 8000d9c:	687b      	ldr	r3, [r7, #4]
 8000d9e:	0018      	movs	r0, r3
 8000da0:	f7ff ff3d 	bl	8000c1e <com_usart_init>
\\TJAND17\sen.he\project\unc_linux_rls_25d\source\bsp\mcu\GD\GD ARM MCU Debug/../src/drivers/uart/Uart_init.c:78
    nvic_irq_enable(USART0_IRQn, 0);
 8000da4:	2100      	movs	r1, #0
 8000da6:	201b      	movs	r0, #27
 8000da8:	f002 fc2d 	bl	8003606 <nvic_irq_enable>
\\TJAND17\sen.he\project\unc_linux_rls_25d\source\bsp\mcu\GD\GD ARM MCU Debug/../src/drivers/uart/Uart_init.c:79
    usart_interrupt_enable(USART0, USART_INT_RBNE);
 8000dac:	f643 0300 	movw	r3, #14336	; 0x3800
 8000db0:	f2c4 0301 	movt	r3, #16385	; 0x4001
 8000db4:	2105      	movs	r1, #5
 8000db6:	0018      	movs	r0, r3
 8000db8:	f001 fe72 	bl	8002aa0 <usart_interrupt_enable>
\\TJAND17\sen.he\project\unc_linux_rls_25d\source\bsp\mcu\GD\GD ARM MCU Debug/../src/drivers/uart/Uart_init.c:80
    usart_interrupt_enable(USART0, USART_INT_IDLE);
 8000dbc:	f643 0300 	movw	r3, #14336	; 0x3800
 8000dc0:	f2c4 0301 	movt	r3, #16385	; 0x4001
 8000dc4:	2104      	movs	r1, #4
 8000dc6:	0018      	movs	r0, r3
 8000dc8:	f001 fe6a 	bl	8002aa0 <usart_interrupt_enable>
\\TJAND17\sen.he\project\unc_linux_rls_25d\source\bsp\mcu\GD\GD ARM MCU Debug/../src/drivers/uart/Uart_init.c:81
}
 8000dcc:	46c0      	nop			; (mov r8, r8)
 8000dce:	46bd      	mov	sp, r7
 8000dd0:	b002      	add	sp, #8
 8000dd2:	bd80      	pop	{r7, pc}

08000dd4 <usart_put_char>:
usart_put_char():
\\TJAND17\sen.he\project\unc_linux_rls_25d\source\bsp\mcu\GD\GD ARM MCU Debug/../src/drivers/uart/Uart_init.c:84

void usart_put_char(uint32_t usart_periph, uint32_t data)
{
 8000dd4:	b580      	push	{r7, lr}
 8000dd6:	b082      	sub	sp, #8
 8000dd8:	af00      	add	r7, sp, #0
 8000dda:	6078      	str	r0, [r7, #4]
 8000ddc:	6039      	str	r1, [r7, #0]
\\TJAND17\sen.he\project\unc_linux_rls_25d\source\bsp\mcu\GD\GD ARM MCU Debug/../src/drivers/uart/Uart_init.c:85
  usart_data_transmit(usart_periph,data); 
 8000dde:	683a      	ldr	r2, [r7, #0]
 8000de0:	687b      	ldr	r3, [r7, #4]
 8000de2:	0011      	movs	r1, r2
 8000de4:	0018      	movs	r0, r3
 8000de6:	f001 fdc3 	bl	8002970 <usart_data_transmit>
\\TJAND17\sen.he\project\unc_linux_rls_25d\source\bsp\mcu\GD\GD ARM MCU Debug/../src/drivers/uart/Uart_init.c:86
  while (RESET == usart_flag_get(usart_periph, USART_FLAG_TBE));
 8000dea:	46c0      	nop			; (mov r8, r8)
\\TJAND17\sen.he\project\unc_linux_rls_25d\source\bsp\mcu\GD\GD ARM MCU Debug/../src/drivers/uart/Uart_init.c:86 (discriminator 1)
 8000dec:	687b      	ldr	r3, [r7, #4]
 8000dee:	f240 7107 	movw	r1, #1799	; 0x707
 8000df2:	0018      	movs	r0, r3
 8000df4:	f001 fe1d 	bl	8002a32 <usart_flag_get>
 8000df8:	0003      	movs	r3, r0
 8000dfa:	2b00      	cmp	r3, #0
 8000dfc:	d0f6      	beq.n	8000dec <usart_put_char+0x18>
\\TJAND17\sen.he\project\unc_linux_rls_25d\source\bsp\mcu\GD\GD ARM MCU Debug/../src/drivers/uart/Uart_init.c:87
 8000dfe:	46c0      	nop			; (mov r8, r8)
 8000e00:	46c0      	nop			; (mov r8, r8)
 8000e02:	46bd      	mov	sp, r7
 8000e04:	b002      	add	sp, #8
 8000e06:	bd80      	pop	{r7, pc}

08000e08 <Timer_handler_Clear>:
Timer_handler_Clear():
\\TJAND17\sen.he\project\unc_linux_rls_25d\source\bsp\mcu\GD\GD ARM MCU Debug/../src/drivers/timer/timer.c:5
#include <Process_Packet.h>
#include <timer.h>

void Timer_handler_Clear(void)
{
 8000e08:	b580      	push	{r7, lr}
 8000e0a:	af00      	add	r7, sp, #0
\\TJAND17\sen.he\project\unc_linux_rls_25d\source\bsp\mcu\GD\GD ARM MCU Debug/../src/drivers/timer/timer.c:6
  memset(&timer_handle, 0, sizeof(send_timer_t));
 8000e0c:	f640 436c 	movw	r3, #3180	; 0xc6c
 8000e10:	f2c2 0300 	movt	r3, #8192	; 0x2000
 8000e14:	220c      	movs	r2, #12
 8000e16:	2100      	movs	r1, #0
 8000e18:	0018      	movs	r0, r3
 8000e1a:	f000 f8f1 	bl	8001000 <memset>
\\TJAND17\sen.he\project\unc_linux_rls_25d\source\bsp\mcu\GD\GD ARM MCU Debug/../src/drivers/timer/timer.c:7
}
 8000e1e:	46c0      	nop			; (mov r8, r8)
 8000e20:	46bd      	mov	sp, r7
 8000e22:	bd80      	pop	{r7, pc}

08000e24 <Timer_handler_Start>:
Timer_handler_Start():
\\TJAND17\sen.he\project\unc_linux_rls_25d\source\bsp\mcu\GD\GD ARM MCU Debug/../src/drivers/timer/timer.c:10

void Timer_handler_Start(int times)
{
 8000e24:	b580      	push	{r7, lr}
 8000e26:	b082      	sub	sp, #8
 8000e28:	af00      	add	r7, sp, #0
 8000e2a:	6078      	str	r0, [r7, #4]
\\TJAND17\sen.he\project\unc_linux_rls_25d\source\bsp\mcu\GD\GD ARM MCU Debug/../src/drivers/timer/timer.c:11
  memset(&timer_handle, 0, sizeof(send_timer_t));
 8000e2c:	f640 436c 	movw	r3, #3180	; 0xc6c
 8000e30:	f2c2 0300 	movt	r3, #8192	; 0x2000
 8000e34:	220c      	movs	r2, #12
 8000e36:	2100      	movs	r1, #0
 8000e38:	0018      	movs	r0, r3
 8000e3a:	f000 f8e1 	bl	8001000 <memset>
\\TJAND17\sen.he\project\unc_linux_rls_25d\source\bsp\mcu\GD\GD ARM MCU Debug/../src/drivers/timer/timer.c:12
  timer_handle.Timer_Start_Flag = 1;
 8000e3e:	f640 436c 	movw	r3, #3180	; 0xc6c
 8000e42:	f2c2 0300 	movt	r3, #8192	; 0x2000
 8000e46:	2201      	movs	r2, #1
 8000e48:	701a      	strb	r2, [r3, #0]
\\TJAND17\sen.he\project\unc_linux_rls_25d\source\bsp\mcu\GD\GD ARM MCU Debug/../src/drivers/timer/timer.c:13
  timer_handle.timeout_time = timer_handle.Timer_Count + times;
 8000e4a:	f640 436c 	movw	r3, #3180	; 0xc6c
 8000e4e:	f2c2 0300 	movt	r3, #8192	; 0x2000
 8000e52:	685a      	ldr	r2, [r3, #4]
 8000e54:	687b      	ldr	r3, [r7, #4]
 8000e56:	18d2      	adds	r2, r2, r3
 8000e58:	f640 436c 	movw	r3, #3180	; 0xc6c
 8000e5c:	f2c2 0300 	movt	r3, #8192	; 0x2000
 8000e60:	609a      	str	r2, [r3, #8]
\\TJAND17\sen.he\project\unc_linux_rls_25d\source\bsp\mcu\GD\GD ARM MCU Debug/../src/drivers/timer/timer.c:14
 8000e62:	46c0      	nop			; (mov r8, r8)
 8000e64:	46bd      	mov	sp, r7
 8000e66:	b002      	add	sp, #8
 8000e68:	bd80      	pop	{r7, pc}

08000e6a <hexdump>:
hexdump():
\\TJAND17\sen.he\project\unc_linux_rls_25d\source\bsp\mcu\GD\GD ARM MCU Debug/../src/drivers/packet_process/Spl_stdio.c:10
#define CRC_16_L_POLYNOMIAL     0x8000
#define CRC_16_L_SEED           0x80
#define CRC_16_L_OK             0x00

void hexdump(unsigned char *data, int len)
{
 8000e6a:	b580      	push	{r7, lr}
 8000e6c:	b086      	sub	sp, #24
 8000e6e:	af00      	add	r7, sp, #0
 8000e70:	6078      	str	r0, [r7, #4]
 8000e72:	6039      	str	r1, [r7, #0]
\\TJAND17\sen.he\project\unc_linux_rls_25d\source\bsp\mcu\GD\GD ARM MCU Debug/../src/drivers/packet_process/Spl_stdio.c:12
  int i, j;
  int num = len/16 + 1;
 8000e74:	683b      	ldr	r3, [r7, #0]
 8000e76:	2b00      	cmp	r3, #0
 8000e78:	da00      	bge.n	8000e7c <hexdump+0x12>
 8000e7a:	330f      	adds	r3, #15
 8000e7c:	111b      	asrs	r3, r3, #4
 8000e7e:	3301      	adds	r3, #1
 8000e80:	60fb      	str	r3, [r7, #12]
\\TJAND17\sen.he\project\unc_linux_rls_25d\source\bsp\mcu\GD\GD ARM MCU Debug/../src/drivers/packet_process/Spl_stdio.c:14

  printf("dump 0x%x bytes\n", len);
 8000e82:	683a      	ldr	r2, [r7, #0]
 8000e84:	f645 13b8 	movw	r3, #22968	; 0x59b8
 8000e88:	f6c0 0300 	movt	r3, #2048	; 0x800
 8000e8c:	0011      	movs	r1, r2
 8000e8e:	0018      	movs	r0, r3
 8000e90:	f003 fc4a 	bl	8004728 <iprintf>
\\TJAND17\sen.he\project\unc_linux_rls_25d\source\bsp\mcu\GD\GD ARM MCU Debug/../src/drivers/packet_process/Spl_stdio.c:15
  for (i = 0; i < num; i++) {
 8000e94:	2300      	movs	r3, #0
 8000e96:	617b      	str	r3, [r7, #20]
 8000e98:	e023      	b.n	8000ee2 <hexdump+0x78>
\\TJAND17\sen.he\project\unc_linux_rls_25d\source\bsp\mcu\GD\GD ARM MCU Debug/../src/drivers/packet_process/Spl_stdio.c:16
    for (j = 0; j < 16; j++) {
 8000e9a:	2300      	movs	r3, #0
 8000e9c:	613b      	str	r3, [r7, #16]
 8000e9e:	e01a      	b.n	8000ed6 <hexdump+0x6c>
\\TJAND17\sen.he\project\unc_linux_rls_25d\source\bsp\mcu\GD\GD ARM MCU Debug/../src/drivers/packet_process/Spl_stdio.c:17
      if (i * 16 + j >= len)
 8000ea0:	697b      	ldr	r3, [r7, #20]
 8000ea2:	011a      	lsls	r2, r3, #4
 8000ea4:	693b      	ldr	r3, [r7, #16]
 8000ea6:	18d3      	adds	r3, r2, r3
 8000ea8:	683a      	ldr	r2, [r7, #0]
 8000eaa:	429a      	cmp	r2, r3
 8000eac:	dd1e      	ble.n	8000eec <hexdump+0x82>
\\TJAND17\sen.he\project\unc_linux_rls_25d\source\bsp\mcu\GD\GD ARM MCU Debug/../src/drivers/packet_process/Spl_stdio.c:19 (discriminator 2)
        goto end;
      printf("%02x ", data[i*16 + j]);
 8000eae:	697b      	ldr	r3, [r7, #20]
 8000eb0:	011a      	lsls	r2, r3, #4
 8000eb2:	693b      	ldr	r3, [r7, #16]
 8000eb4:	18d3      	adds	r3, r2, r3
 8000eb6:	001a      	movs	r2, r3
 8000eb8:	687b      	ldr	r3, [r7, #4]
 8000eba:	189b      	adds	r3, r3, r2
 8000ebc:	781b      	ldrb	r3, [r3, #0]
 8000ebe:	001a      	movs	r2, r3
 8000ec0:	f645 13cc 	movw	r3, #22988	; 0x59cc
 8000ec4:	f6c0 0300 	movt	r3, #2048	; 0x800
 8000ec8:	0011      	movs	r1, r2
 8000eca:	0018      	movs	r0, r3
 8000ecc:	f003 fc2c 	bl	8004728 <iprintf>
\\TJAND17\sen.he\project\unc_linux_rls_25d\source\bsp\mcu\GD\GD ARM MCU Debug/../src/drivers/packet_process/Spl_stdio.c:16 (discriminator 2)
    for (j = 0; j < 16; j++) {
 8000ed0:	693b      	ldr	r3, [r7, #16]
 8000ed2:	3301      	adds	r3, #1
 8000ed4:	613b      	str	r3, [r7, #16]
\\TJAND17\sen.he\project\unc_linux_rls_25d\source\bsp\mcu\GD\GD ARM MCU Debug/../src/drivers/packet_process/Spl_stdio.c:16 (discriminator 1)
 8000ed6:	693b      	ldr	r3, [r7, #16]
 8000ed8:	2b0f      	cmp	r3, #15
 8000eda:	dde1      	ble.n	8000ea0 <hexdump+0x36>
\\TJAND17\sen.he\project\unc_linux_rls_25d\source\bsp\mcu\GD\GD ARM MCU Debug/../src/drivers/packet_process/Spl_stdio.c:15 (discriminator 2)
  for (i = 0; i < num; i++) {
 8000edc:	697b      	ldr	r3, [r7, #20]
 8000ede:	3301      	adds	r3, #1
 8000ee0:	617b      	str	r3, [r7, #20]
\\TJAND17\sen.he\project\unc_linux_rls_25d\source\bsp\mcu\GD\GD ARM MCU Debug/../src/drivers/packet_process/Spl_stdio.c:15 (discriminator 1)
 8000ee2:	697a      	ldr	r2, [r7, #20]
 8000ee4:	68fb      	ldr	r3, [r7, #12]
 8000ee6:	429a      	cmp	r2, r3
 8000ee8:	dbd7      	blt.n	8000e9a <hexdump+0x30>
\\TJAND17\sen.he\project\unc_linux_rls_25d\source\bsp\mcu\GD\GD ARM MCU Debug/../src/drivers/packet_process/Spl_stdio.c:23
    }

  }
end:
 8000eea:	e000      	b.n	8000eee <hexdump+0x84>
\\TJAND17\sen.he\project\unc_linux_rls_25d\source\bsp\mcu\GD\GD ARM MCU Debug/../src/drivers/packet_process/Spl_stdio.c:18
        goto end;
 8000eec:	46c0      	nop			; (mov r8, r8)
\\TJAND17\sen.he\project\unc_linux_rls_25d\source\bsp\mcu\GD\GD ARM MCU Debug/../src/drivers/packet_process/Spl_stdio.c:24
  printf("\n");
 8000eee:	200a      	movs	r0, #10
 8000ef0:	f003 fc32 	bl	8004758 <putchar>
\\TJAND17\sen.he\project\unc_linux_rls_25d\source\bsp\mcu\GD\GD ARM MCU Debug/../src/drivers/packet_process/Spl_stdio.c:25
}
 8000ef4:	46c0      	nop			; (mov r8, r8)
 8000ef6:	46bd      	mov	sp, r7
 8000ef8:	b006      	add	sp, #24
 8000efa:	bd80      	pop	{r7, pc}

08000efc <crc_16_l_calc>:
crc_16_l_calc():
\\TJAND17\sen.he\project\unc_linux_rls_25d\source\bsp\mcu\GD\GD ARM MCU Debug/../src/drivers/packet_process/Spl_stdio.c:28

unsigned int crc_16_l_calc(unsigned char *buf_ptr,unsigned int len)
{
 8000efc:	b580      	push	{r7, lr}
 8000efe:	b084      	sub	sp, #16
 8000f00:	af00      	add	r7, sp, #0
 8000f02:	6078      	str	r0, [r7, #4]
 8000f04:	6039      	str	r1, [r7, #0]
\\TJAND17\sen.he\project\unc_linux_rls_25d\source\bsp\mcu\GD\GD ARM MCU Debug/../src/drivers/packet_process/Spl_stdio.c:29
    unsigned int i=0;
 8000f06:	2300      	movs	r3, #0
 8000f08:	60fb      	str	r3, [r7, #12]
\\TJAND17\sen.he\project\unc_linux_rls_25d\source\bsp\mcu\GD\GD ARM MCU Debug/../src/drivers/packet_process/Spl_stdio.c:30
    unsigned short crc = 0;
 8000f0a:	230a      	movs	r3, #10
 8000f0c:	18fb      	adds	r3, r7, r3
 8000f0e:	2200      	movs	r2, #0
 8000f10:	801a      	strh	r2, [r3, #0]
\\TJAND17\sen.he\project\unc_linux_rls_25d\source\bsp\mcu\GD\GD ARM MCU Debug/../src/drivers/packet_process/Spl_stdio.c:32
    
    while ((len--)!=0)
 8000f12:	e032      	b.n	8000f7a <crc_16_l_calc+0x7e>
\\TJAND17\sen.he\project\unc_linux_rls_25d\source\bsp\mcu\GD\GD ARM MCU Debug/../src/drivers/packet_process/Spl_stdio.c:34
    {
        for(i = CRC_16_L_SEED; i !=0 ; i = i>>1)
 8000f14:	2380      	movs	r3, #128	; 0x80
 8000f16:	60fb      	str	r3, [r7, #12]
 8000f18:	e029      	b.n	8000f6e <crc_16_l_calc+0x72>
\\TJAND17\sen.he\project\unc_linux_rls_25d\source\bsp\mcu\GD\GD ARM MCU Debug/../src/drivers/packet_process/Spl_stdio.c:36
        {
           if((crc & CRC_16_L_POLYNOMIAL) !=0 )
 8000f1a:	210a      	movs	r1, #10
 8000f1c:	187b      	adds	r3, r7, r1
 8000f1e:	2200      	movs	r2, #0
 8000f20:	5e9b      	ldrsh	r3, [r3, r2]
 8000f22:	2b00      	cmp	r3, #0
 8000f24:	da0c      	bge.n	8000f40 <crc_16_l_calc+0x44>
\\TJAND17\sen.he\project\unc_linux_rls_25d\source\bsp\mcu\GD\GD ARM MCU Debug/../src/drivers/packet_process/Spl_stdio.c:38
           {
               crc = crc << 1 ;
 8000f26:	187a      	adds	r2, r7, r1
 8000f28:	187b      	adds	r3, r7, r1
 8000f2a:	881b      	ldrh	r3, [r3, #0]
 8000f2c:	18db      	adds	r3, r3, r3
 8000f2e:	8013      	strh	r3, [r2, #0]
\\TJAND17\sen.he\project\unc_linux_rls_25d\source\bsp\mcu\GD\GD ARM MCU Debug/../src/drivers/packet_process/Spl_stdio.c:39
               crc = crc ^ CRC_16_POLYNOMIAL;
 8000f30:	187b      	adds	r3, r7, r1
 8000f32:	187a      	adds	r2, r7, r1
 8000f34:	8812      	ldrh	r2, [r2, #0]
 8000f36:	f241 0121 	movw	r1, #4129	; 0x1021
 8000f3a:	404a      	eors	r2, r1
 8000f3c:	801a      	strh	r2, [r3, #0]
 8000f3e:	e005      	b.n	8000f4c <crc_16_l_calc+0x50>
\\TJAND17\sen.he\project\unc_linux_rls_25d\source\bsp\mcu\GD\GD ARM MCU Debug/../src/drivers/packet_process/Spl_stdio.c:43
           }
           else
           {
               crc = crc << 1 ;
 8000f40:	230a      	movs	r3, #10
 8000f42:	18fa      	adds	r2, r7, r3
 8000f44:	18fb      	adds	r3, r7, r3
 8000f46:	881b      	ldrh	r3, [r3, #0]
 8000f48:	18db      	adds	r3, r3, r3
 8000f4a:	8013      	strh	r3, [r2, #0]
\\TJAND17\sen.he\project\unc_linux_rls_25d\source\bsp\mcu\GD\GD ARM MCU Debug/../src/drivers/packet_process/Spl_stdio.c:46
           } 
        
           if((((unsigned char)(*buf_ptr)) & i) != 0 )
 8000f4c:	687b      	ldr	r3, [r7, #4]
 8000f4e:	781b      	ldrb	r3, [r3, #0]
 8000f50:	001a      	movs	r2, r3
 8000f52:	68fb      	ldr	r3, [r7, #12]
 8000f54:	4013      	ands	r3, r2
 8000f56:	b13b      	cbz	r3, 8000f68 <crc_16_l_calc+0x6c>
\\TJAND17\sen.he\project\unc_linux_rls_25d\source\bsp\mcu\GD\GD ARM MCU Debug/../src/drivers/packet_process/Spl_stdio.c:48
           {
              crc = crc ^ CRC_16_POLYNOMIAL;
 8000f58:	220a      	movs	r2, #10
 8000f5a:	18bb      	adds	r3, r7, r2
 8000f5c:	18ba      	adds	r2, r7, r2
 8000f5e:	8812      	ldrh	r2, [r2, #0]
 8000f60:	f241 0121 	movw	r1, #4129	; 0x1021
 8000f64:	404a      	eors	r2, r1
 8000f66:	801a      	strh	r2, [r3, #0]
\\TJAND17\sen.he\project\unc_linux_rls_25d\source\bsp\mcu\GD\GD ARM MCU Debug/../src/drivers/packet_process/Spl_stdio.c:34 (discriminator 2)
        for(i = CRC_16_L_SEED; i !=0 ; i = i>>1)
 8000f68:	68fb      	ldr	r3, [r7, #12]
 8000f6a:	085b      	lsrs	r3, r3, #1
 8000f6c:	60fb      	str	r3, [r7, #12]
\\TJAND17\sen.he\project\unc_linux_rls_25d\source\bsp\mcu\GD\GD ARM MCU Debug/../src/drivers/packet_process/Spl_stdio.c:34 (discriminator 1)
 8000f6e:	68fb      	ldr	r3, [r7, #12]
 8000f70:	2b00      	cmp	r3, #0
 8000f72:	d1d2      	bne.n	8000f1a <crc_16_l_calc+0x1e>
\\TJAND17\sen.he\project\unc_linux_rls_25d\source\bsp\mcu\GD\GD ARM MCU Debug/../src/drivers/packet_process/Spl_stdio.c:51
           }
        }
        buf_ptr++;
 8000f74:	687b      	ldr	r3, [r7, #4]
 8000f76:	3301      	adds	r3, #1
 8000f78:	607b      	str	r3, [r7, #4]
\\TJAND17\sen.he\project\unc_linux_rls_25d\source\bsp\mcu\GD\GD ARM MCU Debug/../src/drivers/packet_process/Spl_stdio.c:32
    while ((len--)!=0)
 8000f7a:	683b      	ldr	r3, [r7, #0]
 8000f7c:	1e5a      	subs	r2, r3, #1
 8000f7e:	603a      	str	r2, [r7, #0]
 8000f80:	2b00      	cmp	r3, #0
 8000f82:	d1c7      	bne.n	8000f14 <crc_16_l_calc+0x18>
\\TJAND17\sen.he\project\unc_linux_rls_25d\source\bsp\mcu\GD\GD ARM MCU Debug/../src/drivers/packet_process/Spl_stdio.c:54
    }
    
    return (crc);
 8000f84:	230a      	movs	r3, #10
 8000f86:	18fb      	adds	r3, r7, r3
 8000f88:	881b      	ldrh	r3, [r3, #0]
\\TJAND17\sen.he\project\unc_linux_rls_25d\source\bsp\mcu\GD\GD ARM MCU Debug/../src/drivers/packet_process/Spl_stdio.c:55
}
 8000f8a:	0018      	movs	r0, r3
 8000f8c:	46bd      	mov	sp, r7
 8000f8e:	b004      	add	sp, #16
 8000f90:	bd80      	pop	{r7, pc}

08000f92 <ENDIAN_CONVERT_16>:
ENDIAN_CONVERT_16():
\\TJAND17\sen.he\project\unc_linux_rls_25d\source\bsp\mcu\GD\GD ARM MCU Debug/../src/drivers/packet_process/Spl_stdio.c:59


unsigned short ENDIAN_CONVERT_16(unsigned short x)
{
 8000f92:	b580      	push	{r7, lr}
 8000f94:	b084      	sub	sp, #16
 8000f96:	af00      	add	r7, sp, #0
 8000f98:	0002      	movs	r2, r0
 8000f9a:	1dbb      	adds	r3, r7, #6
 8000f9c:	801a      	strh	r2, [r3, #0]
\\TJAND17\sen.he\project\unc_linux_rls_25d\source\bsp\mcu\GD\GD ARM MCU Debug/../src/drivers/packet_process/Spl_stdio.c:61
	unsigned short i;
	i= (((x & 0xFF) << 8) | ((x & 0xFF00 ) >> 8));
 8000f9e:	1dbb      	adds	r3, r7, #6
 8000fa0:	881b      	ldrh	r3, [r3, #0]
 8000fa2:	021b      	lsls	r3, r3, #8
 8000fa4:	b21a      	sxth	r2, r3
 8000fa6:	1dbb      	adds	r3, r7, #6
 8000fa8:	881b      	ldrh	r3, [r3, #0]
 8000faa:	0a1b      	lsrs	r3, r3, #8
 8000fac:	b29b      	uxth	r3, r3
 8000fae:	b21b      	sxth	r3, r3
 8000fb0:	4313      	orrs	r3, r2
 8000fb2:	b21a      	sxth	r2, r3
 8000fb4:	210e      	movs	r1, #14
 8000fb6:	187b      	adds	r3, r7, r1
 8000fb8:	801a      	strh	r2, [r3, #0]
\\TJAND17\sen.he\project\unc_linux_rls_25d\source\bsp\mcu\GD\GD ARM MCU Debug/../src/drivers/packet_process/Spl_stdio.c:62
	return i;
 8000fba:	187b      	adds	r3, r7, r1
 8000fbc:	881b      	ldrh	r3, [r3, #0]
\\TJAND17\sen.he\project\unc_linux_rls_25d\source\bsp\mcu\GD\GD ARM MCU Debug/../src/drivers/packet_process/Spl_stdio.c:63
}
 8000fbe:	0018      	movs	r0, r3
 8000fc0:	46bd      	mov	sp, r7
 8000fc2:	b004      	add	sp, #16
 8000fc4:	bd80      	pop	{r7, pc}
	...

08000fc8 <ENDIAN_CONVERT_32>:
ENDIAN_CONVERT_32():
\\TJAND17\sen.he\project\unc_linux_rls_25d\source\bsp\mcu\GD\GD ARM MCU Debug/../src/drivers/packet_process/Spl_stdio.c:66

 unsigned int ENDIAN_CONVERT_32(unsigned int x)
{
 8000fc8:	b580      	push	{r7, lr}
 8000fca:	b084      	sub	sp, #16
 8000fcc:	af00      	add	r7, sp, #0
 8000fce:	6078      	str	r0, [r7, #4]
\\TJAND17\sen.he\project\unc_linux_rls_25d\source\bsp\mcu\GD\GD ARM MCU Debug/../src/drivers/packet_process/Spl_stdio.c:68
	unsigned int i,j;
	i=x^((x<<16)|(x>>16));
 8000fd0:	687b      	ldr	r3, [r7, #4]
 8000fd2:	2210      	movs	r2, #16
 8000fd4:	41d3      	rors	r3, r2
 8000fd6:	687a      	ldr	r2, [r7, #4]
 8000fd8:	4053      	eors	r3, r2
 8000fda:	60fb      	str	r3, [r7, #12]
\\TJAND17\sen.he\project\unc_linux_rls_25d\source\bsp\mcu\GD\GD ARM MCU Debug/../src/drivers/packet_process/Spl_stdio.c:69
	i=i&0xff00ffff;
 8000fdc:	68fb      	ldr	r3, [r7, #12]
 8000fde:	4a07      	ldr	r2, [pc, #28]	; (8000ffc <ENDIAN_CONVERT_32+0x34>)
 8000fe0:	4013      	ands	r3, r2
 8000fe2:	60fb      	str	r3, [r7, #12]
\\TJAND17\sen.he\project\unc_linux_rls_25d\source\bsp\mcu\GD\GD ARM MCU Debug/../src/drivers/packet_process/Spl_stdio.c:70
	j=(x<<24)|(x>>8);
 8000fe4:	687b      	ldr	r3, [r7, #4]
 8000fe6:	2208      	movs	r2, #8
 8000fe8:	41d3      	rors	r3, r2
 8000fea:	60bb      	str	r3, [r7, #8]
\\TJAND17\sen.he\project\unc_linux_rls_25d\source\bsp\mcu\GD\GD ARM MCU Debug/../src/drivers/packet_process/Spl_stdio.c:71
	return j^(i>>8);
 8000fec:	68fb      	ldr	r3, [r7, #12]
 8000fee:	0a1a      	lsrs	r2, r3, #8
 8000ff0:	68bb      	ldr	r3, [r7, #8]
 8000ff2:	4053      	eors	r3, r2
\\TJAND17\sen.he\project\unc_linux_rls_25d\source\bsp\mcu\GD\GD ARM MCU Debug/../src/drivers/packet_process/Spl_stdio.c:72
}
 8000ff4:	0018      	movs	r0, r3
 8000ff6:	46bd      	mov	sp, r7
 8000ff8:	b004      	add	sp, #16
 8000ffa:	bd80      	pop	{r7, pc}
 8000ffc:	ff00ffff 	.word	0xff00ffff

08001000 <memset>:
memset():
\\TJAND17\sen.he\project\unc_linux_rls_25d\source\bsp\mcu\GD\GD ARM MCU Debug/../src/drivers/packet_process/Spl_stdio.c:75

void *memset( void *pvDest, uint8_t iValue, int ulBytes )
{
 8001000:	b580      	push	{r7, lr}
 8001002:	b086      	sub	sp, #24
 8001004:	af00      	add	r7, sp, #0
 8001006:	60f8      	str	r0, [r7, #12]
 8001008:	607a      	str	r2, [r7, #4]
 800100a:	230b      	movs	r3, #11
 800100c:	18fb      	adds	r3, r7, r3
 800100e:	1c0a      	adds	r2, r1, #0
 8001010:	701a      	strb	r2, [r3, #0]
\\TJAND17\sen.he\project\unc_linux_rls_25d\source\bsp\mcu\GD\GD ARM MCU Debug/../src/drivers/packet_process/Spl_stdio.c:76
	unsigned char *pcDest = ( unsigned char * ) pvDest;
 8001012:	68fb      	ldr	r3, [r7, #12]
 8001014:	617b      	str	r3, [r7, #20]
\\TJAND17\sen.he\project\unc_linux_rls_25d\source\bsp\mcu\GD\GD ARM MCU Debug/../src/drivers/packet_process/Spl_stdio.c:79
	int x;

	for( x = 0; x < ulBytes; x++ )
 8001016:	2300      	movs	r3, #0
 8001018:	613b      	str	r3, [r7, #16]
 800101a:	e00a      	b.n	8001032 <memset+0x32>
\\TJAND17\sen.he\project\unc_linux_rls_25d\source\bsp\mcu\GD\GD ARM MCU Debug/../src/drivers/packet_process/Spl_stdio.c:81 (discriminator 3)
	{
		*pcDest = ( unsigned char ) iValue;
 800101c:	697b      	ldr	r3, [r7, #20]
 800101e:	220b      	movs	r2, #11
 8001020:	18ba      	adds	r2, r7, r2
 8001022:	7812      	ldrb	r2, [r2, #0]
 8001024:	701a      	strb	r2, [r3, #0]
\\TJAND17\sen.he\project\unc_linux_rls_25d\source\bsp\mcu\GD\GD ARM MCU Debug/../src/drivers/packet_process/Spl_stdio.c:82 (discriminator 3)
		pcDest++;
 8001026:	697b      	ldr	r3, [r7, #20]
 8001028:	3301      	adds	r3, #1
 800102a:	617b      	str	r3, [r7, #20]
\\TJAND17\sen.he\project\unc_linux_rls_25d\source\bsp\mcu\GD\GD ARM MCU Debug/../src/drivers/packet_process/Spl_stdio.c:79 (discriminator 3)
	for( x = 0; x < ulBytes; x++ )
 800102c:	693b      	ldr	r3, [r7, #16]
 800102e:	3301      	adds	r3, #1
 8001030:	613b      	str	r3, [r7, #16]
\\TJAND17\sen.he\project\unc_linux_rls_25d\source\bsp\mcu\GD\GD ARM MCU Debug/../src/drivers/packet_process/Spl_stdio.c:79 (discriminator 1)
 8001032:	693a      	ldr	r2, [r7, #16]
 8001034:	687b      	ldr	r3, [r7, #4]
 8001036:	429a      	cmp	r2, r3
 8001038:	dbf0      	blt.n	800101c <memset+0x1c>
\\TJAND17\sen.he\project\unc_linux_rls_25d\source\bsp\mcu\GD\GD ARM MCU Debug/../src/drivers/packet_process/Spl_stdio.c:85
	}

	return pvDest;
 800103a:	68fb      	ldr	r3, [r7, #12]
\\TJAND17\sen.he\project\unc_linux_rls_25d\source\bsp\mcu\GD\GD ARM MCU Debug/../src/drivers/packet_process/Spl_stdio.c:86
}
 800103c:	0018      	movs	r0, r3
 800103e:	46bd      	mov	sp, r7
 8001040:	b006      	add	sp, #24
 8001042:	bd80      	pop	{r7, pc}

08001044 <memcpy>:
memcpy():
\\TJAND17\sen.he\project\unc_linux_rls_25d\source\bsp\mcu\GD\GD ARM MCU Debug/../src/drivers/packet_process/Spl_stdio.c:89

void *memcpy( void *pvDest, const void *pvSource, uint32_t ulBytes )
{
 8001044:	b580      	push	{r7, lr}
 8001046:	b088      	sub	sp, #32
 8001048:	af00      	add	r7, sp, #0
 800104a:	60f8      	str	r0, [r7, #12]
 800104c:	60b9      	str	r1, [r7, #8]
 800104e:	607a      	str	r2, [r7, #4]
\\TJAND17\sen.he\project\unc_linux_rls_25d\source\bsp\mcu\GD\GD ARM MCU Debug/../src/drivers/packet_process/Spl_stdio.c:90
	unsigned char *pcDest = ( unsigned char * ) pvDest, *pcSource = ( unsigned char * ) pvSource;
 8001050:	68fb      	ldr	r3, [r7, #12]
 8001052:	61fb      	str	r3, [r7, #28]
 8001054:	68bb      	ldr	r3, [r7, #8]
 8001056:	61bb      	str	r3, [r7, #24]
\\TJAND17\sen.he\project\unc_linux_rls_25d\source\bsp\mcu\GD\GD ARM MCU Debug/../src/drivers/packet_process/Spl_stdio.c:93
	uint32_t x;

	for( x = 0; x < ulBytes; x++ )
 8001058:	2300      	movs	r3, #0
 800105a:	617b      	str	r3, [r7, #20]
 800105c:	e00c      	b.n	8001078 <memcpy+0x34>
\\TJAND17\sen.he\project\unc_linux_rls_25d\source\bsp\mcu\GD\GD ARM MCU Debug/../src/drivers/packet_process/Spl_stdio.c:95 (discriminator 3)
	{
		*pcDest = *pcSource;
 800105e:	69bb      	ldr	r3, [r7, #24]
 8001060:	781a      	ldrb	r2, [r3, #0]
 8001062:	69fb      	ldr	r3, [r7, #28]
 8001064:	701a      	strb	r2, [r3, #0]
\\TJAND17\sen.he\project\unc_linux_rls_25d\source\bsp\mcu\GD\GD ARM MCU Debug/../src/drivers/packet_process/Spl_stdio.c:96 (discriminator 3)
		pcDest++;
 8001066:	69fb      	ldr	r3, [r7, #28]
 8001068:	3301      	adds	r3, #1
 800106a:	61fb      	str	r3, [r7, #28]
\\TJAND17\sen.he\project\unc_linux_rls_25d\source\bsp\mcu\GD\GD ARM MCU Debug/../src/drivers/packet_process/Spl_stdio.c:97 (discriminator 3)
		pcSource++;
 800106c:	69bb      	ldr	r3, [r7, #24]
 800106e:	3301      	adds	r3, #1
 8001070:	61bb      	str	r3, [r7, #24]
\\TJAND17\sen.he\project\unc_linux_rls_25d\source\bsp\mcu\GD\GD ARM MCU Debug/../src/drivers/packet_process/Spl_stdio.c:93 (discriminator 3)
	for( x = 0; x < ulBytes; x++ )
 8001072:	697b      	ldr	r3, [r7, #20]
 8001074:	3301      	adds	r3, #1
 8001076:	617b      	str	r3, [r7, #20]
\\TJAND17\sen.he\project\unc_linux_rls_25d\source\bsp\mcu\GD\GD ARM MCU Debug/../src/drivers/packet_process/Spl_stdio.c:93 (discriminator 1)
 8001078:	697a      	ldr	r2, [r7, #20]
 800107a:	687b      	ldr	r3, [r7, #4]
 800107c:	429a      	cmp	r2, r3
 800107e:	d3ee      	bcc.n	800105e <memcpy+0x1a>
\\TJAND17\sen.he\project\unc_linux_rls_25d\source\bsp\mcu\GD\GD ARM MCU Debug/../src/drivers/packet_process/Spl_stdio.c:100
	}

	return pvDest;
 8001080:	68fb      	ldr	r3, [r7, #12]
\\TJAND17\sen.he\project\unc_linux_rls_25d\source\bsp\mcu\GD\GD ARM MCU Debug/../src/drivers/packet_process/Spl_stdio.c:101
}
 8001082:	0018      	movs	r0, r3
 8001084:	46bd      	mov	sp, r7
 8001086:	b008      	add	sp, #32
 8001088:	bd80      	pop	{r7, pc}

0800108a <memcmp>:
memcmp():
\\TJAND17\sen.he\project\unc_linux_rls_25d\source\bsp\mcu\GD\GD ARM MCU Debug/../src/drivers/packet_process/Spl_stdio.c:104
        
int memcmp( const void *pvMem1, const void *pvMem2, uint32_t ulBytes )
{
 800108a:	b580      	push	{r7, lr}
 800108c:	b088      	sub	sp, #32
 800108e:	af00      	add	r7, sp, #0
 8001090:	60f8      	str	r0, [r7, #12]
 8001092:	60b9      	str	r1, [r7, #8]
 8001094:	607a      	str	r2, [r7, #4]
\\TJAND17\sen.he\project\unc_linux_rls_25d\source\bsp\mcu\GD\GD ARM MCU Debug/../src/drivers/packet_process/Spl_stdio.c:105
	const unsigned char *pucMem1 = pvMem1, *pucMem2 = pvMem2;
 8001096:	68fb      	ldr	r3, [r7, #12]
 8001098:	61bb      	str	r3, [r7, #24]
 800109a:	68bb      	ldr	r3, [r7, #8]
 800109c:	617b      	str	r3, [r7, #20]
\\TJAND17\sen.he\project\unc_linux_rls_25d\source\bsp\mcu\GD\GD ARM MCU Debug/../src/drivers/packet_process/Spl_stdio.c:108
	uint32_t x;

    for( x = 0; x < ulBytes; x++ )
 800109e:	2300      	movs	r3, #0
 80010a0:	61fb      	str	r3, [r7, #28]
 80010a2:	e00c      	b.n	80010be <memcmp+0x34>
\\TJAND17\sen.he\project\unc_linux_rls_25d\source\bsp\mcu\GD\GD ARM MCU Debug/../src/drivers/packet_process/Spl_stdio.c:110
    {
        if( pucMem1[ x ] != pucMem2[ x ] )
 80010a4:	69ba      	ldr	r2, [r7, #24]
 80010a6:	69fb      	ldr	r3, [r7, #28]
 80010a8:	18d3      	adds	r3, r2, r3
 80010aa:	781a      	ldrb	r2, [r3, #0]
 80010ac:	6979      	ldr	r1, [r7, #20]
 80010ae:	69fb      	ldr	r3, [r7, #28]
 80010b0:	18cb      	adds	r3, r1, r3
 80010b2:	781b      	ldrb	r3, [r3, #0]
 80010b4:	429a      	cmp	r2, r3
 80010b6:	d107      	bne.n	80010c8 <memcmp+0x3e>
\\TJAND17\sen.he\project\unc_linux_rls_25d\source\bsp\mcu\GD\GD ARM MCU Debug/../src/drivers/packet_process/Spl_stdio.c:108 (discriminator 2)
    for( x = 0; x < ulBytes; x++ )
 80010b8:	69fb      	ldr	r3, [r7, #28]
 80010ba:	3301      	adds	r3, #1
 80010bc:	61fb      	str	r3, [r7, #28]
\\TJAND17\sen.he\project\unc_linux_rls_25d\source\bsp\mcu\GD\GD ARM MCU Debug/../src/drivers/packet_process/Spl_stdio.c:108 (discriminator 1)
 80010be:	69fa      	ldr	r2, [r7, #28]
 80010c0:	687b      	ldr	r3, [r7, #4]
 80010c2:	429a      	cmp	r2, r3
 80010c4:	d3ee      	bcc.n	80010a4 <memcmp+0x1a>
 80010c6:	e000      	b.n	80010ca <memcmp+0x40>
\\TJAND17\sen.he\project\unc_linux_rls_25d\source\bsp\mcu\GD\GD ARM MCU Debug/../src/drivers/packet_process/Spl_stdio.c:112
        {
            break;
 80010c8:	46c0      	nop			; (mov r8, r8)
\\TJAND17\sen.he\project\unc_linux_rls_25d\source\bsp\mcu\GD\GD ARM MCU Debug/../src/drivers/packet_process/Spl_stdio.c:116
        }
    }

    return ulBytes - x;
 80010ca:	687a      	ldr	r2, [r7, #4]
 80010cc:	69fb      	ldr	r3, [r7, #28]
 80010ce:	1ad3      	subs	r3, r2, r3
\\TJAND17\sen.he\project\unc_linux_rls_25d\source\bsp\mcu\GD\GD ARM MCU Debug/../src/drivers/packet_process/Spl_stdio.c:117
 80010d0:	0018      	movs	r0, r3
 80010d2:	46bd      	mov	sp, r7
 80010d4:	b008      	add	sp, #32
 80010d6:	bd80      	pop	{r7, pc}

080010d8 <spi_nand_cs_sel>:
spi_nand_cs_sel():
\\TJAND17\sen.he\project\unc_linux_rls_25d\source\bsp\mcu\GD\GD ARM MCU Debug/../inc/Spi_nand_driver.h:116
int spi_nandflash_init(uint32_t polarity_phase_clock);
uint8_t spi_nand_rw_byte(uint8_t byte);
#define true 1
#define false 0
static inline void spi_nand_cs_sel(uint8_t sel)
{
 80010d8:	b580      	push	{r7, lr}
 80010da:	b082      	sub	sp, #8
 80010dc:	af00      	add	r7, sp, #0
 80010de:	0002      	movs	r2, r0
 80010e0:	1dfb      	adds	r3, r7, #7
 80010e2:	701a      	strb	r2, [r3, #0]
\\TJAND17\sen.he\project\unc_linux_rls_25d\source\bsp\mcu\GD\GD ARM MCU Debug/../inc/Spi_nand_driver.h:117
	if (sel) {
 80010e4:	1dfb      	adds	r3, r7, #7
 80010e6:	781b      	ldrb	r3, [r3, #0]
 80010e8:	b133      	cbz	r3, 80010f8 <spi_nand_cs_sel+0x20>
\\TJAND17\sen.he\project\unc_linux_rls_25d\source\bsp\mcu\GD\GD ARM MCU Debug/../inc/Spi_nand_driver.h:118
		SPI_NANDFLASH_CS_LOW();
 80010ea:	2390      	movs	r3, #144	; 0x90
 80010ec:	05db      	lsls	r3, r3, #23
 80010ee:	2110      	movs	r1, #16
 80010f0:	0018      	movs	r0, r3
 80010f2:	f002 fb8b 	bl	800380c <gpio_bit_reset>
\\TJAND17\sen.he\project\unc_linux_rls_25d\source\bsp\mcu\GD\GD ARM MCU Debug/../inc/Spi_nand_driver.h:119
		return;
 80010f6:	e011      	b.n	800111c <spi_nand_cs_sel+0x44>
\\TJAND17\sen.he\project\unc_linux_rls_25d\source\bsp\mcu\GD\GD ARM MCU Debug/../inc/Spi_nand_driver.h:121
	}
	SPI_NANDFLASH_CS_HIGH();
 80010f8:	46c0      	nop			; (mov r8, r8)
\\TJAND17\sen.he\project\unc_linux_rls_25d\source\bsp\mcu\GD\GD ARM MCU Debug/../inc/Spi_nand_driver.h:121 (discriminator 1)
 80010fa:	f243 0300 	movw	r3, #12288	; 0x3000
 80010fe:	f2c4 0301 	movt	r3, #16385	; 0x4001
 8001102:	2180      	movs	r1, #128	; 0x80
 8001104:	0018      	movs	r0, r3
 8001106:	f001 fe8c 	bl	8002e22 <spi_i2s_flag_get>
 800110a:	0003      	movs	r3, r0
 800110c:	2b00      	cmp	r3, #0
 800110e:	d1f4      	bne.n	80010fa <spi_nand_cs_sel+0x22>
\\TJAND17\sen.he\project\unc_linux_rls_25d\source\bsp\mcu\GD\GD ARM MCU Debug/../inc/Spi_nand_driver.h:121 (discriminator 2)
 8001110:	2390      	movs	r3, #144	; 0x90
 8001112:	05db      	lsls	r3, r3, #23
 8001114:	2110      	movs	r1, #16
 8001116:	0018      	movs	r0, r3
 8001118:	f002 fb6b 	bl	80037f2 <gpio_bit_set>
\\TJAND17\sen.he\project\unc_linux_rls_25d\source\bsp\mcu\GD\GD ARM MCU Debug/../inc/Spi_nand_driver.h:122
}
 800111c:	46bd      	mov	sp, r7
 800111e:	b002      	add	sp, #8
 8001120:	bd80      	pop	{r7, pc}

08001122 <spi_nandflash_init>:
spi_nandflash_init():
\\TJAND17\sen.he\project\unc_linux_rls_25d\source\bsp\mcu\GD\GD ARM MCU Debug/../src/drivers/nand/Spi_nand_driver.c:71
 * @brief Initialize SPI NAND flash
 * @param polarity_phase_clock SPI clock polarity and phase settings
 * @return 0 on success, -1 on error
 */
int spi_nandflash_init(uint32_t polarity_phase_clock)
{
 8001122:	b580      	push	{r7, lr}
 8001124:	b08a      	sub	sp, #40	; 0x28
 8001126:	af00      	add	r7, sp, #0
 8001128:	6078      	str	r0, [r7, #4]
\\TJAND17\sen.he\project\unc_linux_rls_25d\source\bsp\mcu\GD\GD ARM MCU Debug/../src/drivers/nand/Spi_nand_driver.c:75
	spi_parameter_struct spi_init_struct;

	// Disable SPI first
	spi_disable(SPI0);
 800112a:	f243 0300 	movw	r3, #12288	; 0x3000
 800112e:	f2c4 0301 	movt	r3, #16385	; 0x4001
 8001132:	0018      	movs	r0, r3
 8001134:	f001 fe10 	bl	8002d58 <spi_disable>
\\TJAND17\sen.he\project\unc_linux_rls_25d\source\bsp\mcu\GD\GD ARM MCU Debug/../src/drivers/nand/Spi_nand_driver.c:78

	// Enable clocks
	rcu_periph_clock_enable(RCU_GPIOA);
 8001138:	f240 5011 	movw	r0, #1297	; 0x511
 800113c:	f001 ff0e 	bl	8002f5c <rcu_periph_clock_enable>
\\TJAND17\sen.he\project\unc_linux_rls_25d\source\bsp\mcu\GD\GD ARM MCU Debug/../src/drivers/nand/Spi_nand_driver.c:79
	rcu_periph_clock_enable(RCU_SPI0);
 8001140:	f240 600c 	movw	r0, #1548	; 0x60c
 8001144:	f001 ff0a 	bl	8002f5c <rcu_periph_clock_enable>
\\TJAND17\sen.he\project\unc_linux_rls_25d\source\bsp\mcu\GD\GD ARM MCU Debug/../src/drivers/nand/Spi_nand_driver.c:82

	// Configure GPIO pins for SPI
	gpio_af_set(GPIOA, GPIO_AF_0, GPIO_PIN_5 | GPIO_PIN_6 | GPIO_PIN_7);
 8001148:	2390      	movs	r3, #144	; 0x90
 800114a:	05db      	lsls	r3, r3, #23
 800114c:	22e0      	movs	r2, #224	; 0xe0
 800114e:	2100      	movs	r1, #0
 8001150:	0018      	movs	r0, r3
 8001152:	f002 fb7a 	bl	800384a <gpio_af_set>
\\TJAND17\sen.he\project\unc_linux_rls_25d\source\bsp\mcu\GD\GD ARM MCU Debug/../src/drivers/nand/Spi_nand_driver.c:83
	gpio_mode_set(GPIOA, GPIO_MODE_AF, GPIO_PUPD_NONE,
 8001156:	2390      	movs	r3, #144	; 0x90
 8001158:	05d8      	lsls	r0, r3, #23
 800115a:	23e0      	movs	r3, #224	; 0xe0
 800115c:	2200      	movs	r2, #0
 800115e:	2102      	movs	r1, #2
 8001160:	f002 fa97 	bl	8003692 <gpio_mode_set>
\\TJAND17\sen.he\project\unc_linux_rls_25d\source\bsp\mcu\GD\GD ARM MCU Debug/../src/drivers/nand/Spi_nand_driver.c:85
		      GPIO_PIN_5 | GPIO_PIN_6 | GPIO_PIN_7);
	gpio_output_options_set(GPIOA, GPIO_OTYPE_PP,
 8001164:	2390      	movs	r3, #144	; 0x90
 8001166:	05d8      	lsls	r0, r3, #23
 8001168:	23e0      	movs	r3, #224	; 0xe0
 800116a:	2203      	movs	r2, #3
 800116c:	2100      	movs	r1, #0
 800116e:	f002 fae8 	bl	8003742 <gpio_output_options_set>
\\TJAND17\sen.he\project\unc_linux_rls_25d\source\bsp\mcu\GD\GD ARM MCU Debug/../src/drivers/nand/Spi_nand_driver.c:89
				GPIO_OSPEED_50MHZ, GPIO_PIN_5 | GPIO_PIN_6 | GPIO_PIN_7);

	// Configure chip select pin
	gpio_mode_set(GPIOA, GPIO_MODE_OUTPUT, GPIO_PUPD_NONE, GPIO_PIN_4);
 8001172:	2390      	movs	r3, #144	; 0x90
 8001174:	05d8      	lsls	r0, r3, #23
 8001176:	2310      	movs	r3, #16
 8001178:	2200      	movs	r2, #0
 800117a:	2101      	movs	r1, #1
 800117c:	f002 fa89 	bl	8003692 <gpio_mode_set>
\\TJAND17\sen.he\project\unc_linux_rls_25d\source\bsp\mcu\GD\GD ARM MCU Debug/../src/drivers/nand/Spi_nand_driver.c:90
	gpio_output_options_set(GPIOA, GPIO_OTYPE_PP, GPIO_OSPEED_50MHZ, GPIO_PIN_4);
 8001180:	2390      	movs	r3, #144	; 0x90
 8001182:	05d8      	lsls	r0, r3, #23
 8001184:	2310      	movs	r3, #16
 8001186:	2203      	movs	r2, #3
 8001188:	2100      	movs	r1, #0
 800118a:	f002 fada 	bl	8003742 <gpio_output_options_set>
\\TJAND17\sen.he\project\unc_linux_rls_25d\source\bsp\mcu\GD\GD ARM MCU Debug/../src/drivers/nand/Spi_nand_driver.c:93

	// Configure SPI parameters
	spi_init_struct.trans_mode				= SPI_TRANSMODE_FULLDUPLEX;
 800118e:	210c      	movs	r1, #12
 8001190:	187b      	adds	r3, r7, r1
 8001192:	2200      	movs	r2, #0
 8001194:	605a      	str	r2, [r3, #4]
\\TJAND17\sen.he\project\unc_linux_rls_25d\source\bsp\mcu\GD\GD ARM MCU Debug/../src/drivers/nand/Spi_nand_driver.c:94
	spi_init_struct.device_mode				= SPI_MASTER;
 8001196:	187b      	adds	r3, r7, r1
 8001198:	f240 1204 	movw	r2, #260	; 0x104
 800119c:	601a      	str	r2, [r3, #0]
\\TJAND17\sen.he\project\unc_linux_rls_25d\source\bsp\mcu\GD\GD ARM MCU Debug/../src/drivers/nand/Spi_nand_driver.c:95
	spi_init_struct.frame_size				= SPI_FRAMESIZE_8BIT;
 800119e:	187b      	adds	r3, r7, r1
 80011a0:	f240 7200 	movw	r2, #1792	; 0x700
 80011a4:	609a      	str	r2, [r3, #8]
\\TJAND17\sen.he\project\unc_linux_rls_25d\source\bsp\mcu\GD\GD ARM MCU Debug/../src/drivers/nand/Spi_nand_driver.c:96
	spi_init_struct.clock_polarity_phase			= polarity_phase_clock;
 80011a6:	187b      	adds	r3, r7, r1
 80011a8:	687a      	ldr	r2, [r7, #4]
 80011aa:	615a      	str	r2, [r3, #20]
\\TJAND17\sen.he\project\unc_linux_rls_25d\source\bsp\mcu\GD\GD ARM MCU Debug/../src/drivers/nand/Spi_nand_driver.c:97
	spi_init_struct.nss					= SPI_NSS_SOFT;
 80011ac:	187b      	adds	r3, r7, r1
 80011ae:	f240 2200 	movw	r2, #512	; 0x200
 80011b2:	60da      	str	r2, [r3, #12]
\\TJAND17\sen.he\project\unc_linux_rls_25d\source\bsp\mcu\GD\GD ARM MCU Debug/../src/drivers/nand/Spi_nand_driver.c:98
	spi_init_struct.prescale				= SPI_PSC_4;
 80011b4:	187b      	adds	r3, r7, r1
 80011b6:	2208      	movs	r2, #8
 80011b8:	619a      	str	r2, [r3, #24]
\\TJAND17\sen.he\project\unc_linux_rls_25d\source\bsp\mcu\GD\GD ARM MCU Debug/../src/drivers/nand/Spi_nand_driver.c:99
	spi_init_struct.endian					= SPI_ENDIAN_MSB;
 80011ba:	187b      	adds	r3, r7, r1
 80011bc:	2200      	movs	r2, #0
 80011be:	611a      	str	r2, [r3, #16]
\\TJAND17\sen.he\project\unc_linux_rls_25d\source\bsp\mcu\GD\GD ARM MCU Debug/../src/drivers/nand/Spi_nand_driver.c:100
	spi_init(SPI0, &spi_init_struct);
 80011c0:	187a      	adds	r2, r7, r1
 80011c2:	f243 0300 	movw	r3, #12288	; 0x3000
 80011c6:	f2c4 0301 	movt	r3, #16385	; 0x4001
 80011ca:	0011      	movs	r1, r2
 80011cc:	0018      	movs	r0, r3
 80011ce:	f001 fd19 	bl	8002c04 <spi_init>
\\TJAND17\sen.he\project\unc_linux_rls_25d\source\bsp\mcu\GD\GD ARM MCU Debug/../src/drivers/nand/Spi_nand_driver.c:103

	// Enable SPI
	spi_enable(SPI0);
 80011d2:	f243 0300 	movw	r3, #12288	; 0x3000
 80011d6:	f2c4 0301 	movt	r3, #16385	; 0x4001
 80011da:	0018      	movs	r0, r3
 80011dc:	f001 fdae 	bl	8002d3c <spi_enable>
\\TJAND17\sen.he\project\unc_linux_rls_25d\source\bsp\mcu\GD\GD ARM MCU Debug/../src/drivers/nand/Spi_nand_driver.c:105

	return 0;
 80011e0:	2300      	movs	r3, #0
\\TJAND17\sen.he\project\unc_linux_rls_25d\source\bsp\mcu\GD\GD ARM MCU Debug/../src/drivers/nand/Spi_nand_driver.c:106
}
 80011e2:	0018      	movs	r0, r3
 80011e4:	46bd      	mov	sp, r7
 80011e6:	b00a      	add	sp, #40	; 0x28
 80011e8:	bd80      	pop	{r7, pc}

080011ea <spi_nand_rw_byte>:
spi_nand_rw_byte():
\\TJAND17\sen.he\project\unc_linux_rls_25d\source\bsp\mcu\GD\GD ARM MCU Debug/../src/drivers/nand/Spi_nand_driver.c:114
 * @brief Read/write a byte via SPI
 * @param byte Byte to transmit
 * @return Received byte
 */
uint8_t spi_nand_rw_byte(uint8_t byte)
{
 80011ea:	b580      	push	{r7, lr}
 80011ec:	b082      	sub	sp, #8
 80011ee:	af00      	add	r7, sp, #0
 80011f0:	0002      	movs	r2, r0
 80011f2:	1dfb      	adds	r3, r7, #7
 80011f4:	701a      	strb	r2, [r3, #0]
\\TJAND17\sen.he\project\unc_linux_rls_25d\source\bsp\mcu\GD\GD ARM MCU Debug/../src/drivers/nand/Spi_nand_driver.c:116
	// Wait for transmit buffer empty
	while(RESET == spi_i2s_flag_get(SPI0, SPI_FLAG_TBE));
 80011f6:	46c0      	nop			; (mov r8, r8)
\\TJAND17\sen.he\project\unc_linux_rls_25d\source\bsp\mcu\GD\GD ARM MCU Debug/../src/drivers/nand/Spi_nand_driver.c:116 (discriminator 1)
 80011f8:	f243 0300 	movw	r3, #12288	; 0x3000
 80011fc:	f2c4 0301 	movt	r3, #16385	; 0x4001
 8001200:	2102      	movs	r1, #2
 8001202:	0018      	movs	r0, r3
 8001204:	f001 fe0d 	bl	8002e22 <spi_i2s_flag_get>
 8001208:	0003      	movs	r3, r0
 800120a:	2b00      	cmp	r3, #0
 800120c:	d0f4      	beq.n	80011f8 <spi_nand_rw_byte+0xe>
\\TJAND17\sen.he\project\unc_linux_rls_25d\source\bsp\mcu\GD\GD ARM MCU Debug/../src/drivers/nand/Spi_nand_driver.c:119

	// Transmit byte
	spi_i2s_data_transmit(SPI0, byte);
 800120e:	1dfb      	adds	r3, r7, #7
 8001210:	781b      	ldrb	r3, [r3, #0]
 8001212:	b29a      	uxth	r2, r3
 8001214:	f243 0300 	movw	r3, #12288	; 0x3000
 8001218:	f2c4 0301 	movt	r3, #16385	; 0x4001
 800121c:	0011      	movs	r1, r2
 800121e:	0018      	movs	r0, r3
 8001220:	f001 fda8 	bl	8002d74 <spi_i2s_data_transmit>
\\TJAND17\sen.he\project\unc_linux_rls_25d\source\bsp\mcu\GD\GD ARM MCU Debug/../src/drivers/nand/Spi_nand_driver.c:122

	// Wait for receive buffer not empty
	while(RESET == spi_i2s_flag_get(SPI0, SPI_FLAG_RBNE));
 8001224:	46c0      	nop			; (mov r8, r8)
\\TJAND17\sen.he\project\unc_linux_rls_25d\source\bsp\mcu\GD\GD ARM MCU Debug/../src/drivers/nand/Spi_nand_driver.c:122 (discriminator 1)
 8001226:	f243 0300 	movw	r3, #12288	; 0x3000
 800122a:	f2c4 0301 	movt	r3, #16385	; 0x4001
 800122e:	2101      	movs	r1, #1
 8001230:	0018      	movs	r0, r3
 8001232:	f001 fdf6 	bl	8002e22 <spi_i2s_flag_get>
 8001236:	0003      	movs	r3, r0
 8001238:	2b00      	cmp	r3, #0
 800123a:	d0f4      	beq.n	8001226 <spi_nand_rw_byte+0x3c>
\\TJAND17\sen.he\project\unc_linux_rls_25d\source\bsp\mcu\GD\GD ARM MCU Debug/../src/drivers/nand/Spi_nand_driver.c:125

	// Return received byte
	return spi_i2s_data_receive(SPI0);
 800123c:	f243 0300 	movw	r3, #12288	; 0x3000
 8001240:	f2c4 0301 	movt	r3, #16385	; 0x4001
 8001244:	0018      	movs	r0, r3
 8001246:	f001 fdc4 	bl	8002dd2 <spi_i2s_data_receive>
 800124a:	0003      	movs	r3, r0
 800124c:	b2db      	uxtb	r3, r3
\\TJAND17\sen.he\project\unc_linux_rls_25d\source\bsp\mcu\GD\GD ARM MCU Debug/../src/drivers/nand/Spi_nand_driver.c:126
}
 800124e:	0018      	movs	r0, r3
 8001250:	46bd      	mov	sp, r7
 8001252:	b002      	add	sp, #8
 8001254:	bd80      	pop	{r7, pc}

08001256 <spi_nand_reset>:
spi_nand_reset():
\\TJAND17\sen.he\project\unc_linux_rls_25d\source\bsp\mcu\GD\GD ARM MCU Debug/../src/drivers/nand/Spi_nand_driver.c:132

/**
 * @brief Reset NAND flash device
 */
void spi_nand_reset(void)
{
 8001256:	b580      	push	{r7, lr}
 8001258:	af00      	add	r7, sp, #0
\\TJAND17\sen.he\project\unc_linux_rls_25d\source\bsp\mcu\GD\GD ARM MCU Debug/../src/drivers/nand/Spi_nand_driver.c:133
	spi_nand_cs_sel(true);
 800125a:	2001      	movs	r0, #1
 800125c:	f7ff ff3c 	bl	80010d8 <spi_nand_cs_sel>
\\TJAND17\sen.he\project\unc_linux_rls_25d\source\bsp\mcu\GD\GD ARM MCU Debug/../src/drivers/nand/Spi_nand_driver.c:135

	spi_nand_rw_byte(NAND_RESET);
 8001260:	20ff      	movs	r0, #255	; 0xff
 8001262:	f7ff ffc2 	bl	80011ea <spi_nand_rw_byte>
\\TJAND17\sen.he\project\unc_linux_rls_25d\source\bsp\mcu\GD\GD ARM MCU Debug/../src/drivers/nand/Spi_nand_driver.c:137

	spi_nand_cs_sel(false);
 8001266:	2000      	movs	r0, #0
 8001268:	f7ff ff36 	bl	80010d8 <spi_nand_cs_sel>
\\TJAND17\sen.he\project\unc_linux_rls_25d\source\bsp\mcu\GD\GD ARM MCU Debug/../src/drivers/nand/Spi_nand_driver.c:138
}
 800126c:	46c0      	nop			; (mov r8, r8)
 800126e:	46bd      	mov	sp, r7
 8001270:	bd80      	pop	{r7, pc}

08001272 <spi_nand_read_id>:
spi_nand_read_id():
\\TJAND17\sen.he\project\unc_linux_rls_25d\source\bsp\mcu\GD\GD ARM MCU Debug/../src/drivers/nand/Spi_nand_driver.c:144

/**
 * @brief Read NAND flash ID
 */
static void spi_nand_read_id(void)
{
 8001272:	b580      	push	{r7, lr}
 8001274:	af00      	add	r7, sp, #0
\\TJAND17\sen.he\project\unc_linux_rls_25d\source\bsp\mcu\GD\GD ARM MCU Debug/../src/drivers/nand/Spi_nand_driver.c:145
	spi_nand_cs_sel(true);
 8001276:	2001      	movs	r0, #1
 8001278:	f7ff ff2e 	bl	80010d8 <spi_nand_cs_sel>
\\TJAND17\sen.he\project\unc_linux_rls_25d\source\bsp\mcu\GD\GD ARM MCU Debug/../src/drivers/nand/Spi_nand_driver.c:148

	// Send read ID command
	spi_nand_rw_byte(NAND_READID);
 800127c:	209f      	movs	r0, #159	; 0x9f
 800127e:	f7ff ffb4 	bl	80011ea <spi_nand_rw_byte>
\\TJAND17\sen.he\project\unc_linux_rls_25d\source\bsp\mcu\GD\GD ARM MCU Debug/../src/drivers/nand/Spi_nand_driver.c:151

	// Send dummy byte
	spi_nand_rw_byte(DUMMY_BYTE);
 8001282:	20a5      	movs	r0, #165	; 0xa5
 8001284:	f7ff ffb1 	bl	80011ea <spi_nand_rw_byte>
\\TJAND17\sen.he\project\unc_linux_rls_25d\source\bsp\mcu\GD\GD ARM MCU Debug/../src/drivers/nand/Spi_nand_driver.c:154

	// Read 5 bytes of ID
	spi_nand_id[0] = spi_nand_rw_byte(DUMMY_BYTE);
 8001288:	20a5      	movs	r0, #165	; 0xa5
 800128a:	f7ff ffae 	bl	80011ea <spi_nand_rw_byte>
 800128e:	0003      	movs	r3, r0
 8001290:	001a      	movs	r2, r3
 8001292:	f240 2364 	movw	r3, #612	; 0x264
 8001296:	f2c2 0300 	movt	r3, #8192	; 0x2000
 800129a:	701a      	strb	r2, [r3, #0]
\\TJAND17\sen.he\project\unc_linux_rls_25d\source\bsp\mcu\GD\GD ARM MCU Debug/../src/drivers/nand/Spi_nand_driver.c:155
	spi_nand_id[1] = spi_nand_rw_byte(DUMMY_BYTE);
 800129c:	20a5      	movs	r0, #165	; 0xa5
 800129e:	f7ff ffa4 	bl	80011ea <spi_nand_rw_byte>
 80012a2:	0003      	movs	r3, r0
 80012a4:	001a      	movs	r2, r3
 80012a6:	f240 2364 	movw	r3, #612	; 0x264
 80012aa:	f2c2 0300 	movt	r3, #8192	; 0x2000
 80012ae:	705a      	strb	r2, [r3, #1]
\\TJAND17\sen.he\project\unc_linux_rls_25d\source\bsp\mcu\GD\GD ARM MCU Debug/../src/drivers/nand/Spi_nand_driver.c:156
	spi_nand_id[2] = spi_nand_rw_byte(DUMMY_BYTE);
 80012b0:	20a5      	movs	r0, #165	; 0xa5
 80012b2:	f7ff ff9a 	bl	80011ea <spi_nand_rw_byte>
 80012b6:	0003      	movs	r3, r0
 80012b8:	001a      	movs	r2, r3
 80012ba:	f240 2364 	movw	r3, #612	; 0x264
 80012be:	f2c2 0300 	movt	r3, #8192	; 0x2000
 80012c2:	709a      	strb	r2, [r3, #2]
\\TJAND17\sen.he\project\unc_linux_rls_25d\source\bsp\mcu\GD\GD ARM MCU Debug/../src/drivers/nand/Spi_nand_driver.c:157
	spi_nand_id[3] = spi_nand_rw_byte(DUMMY_BYTE);
 80012c4:	20a5      	movs	r0, #165	; 0xa5
 80012c6:	f7ff ff90 	bl	80011ea <spi_nand_rw_byte>
 80012ca:	0003      	movs	r3, r0
 80012cc:	001a      	movs	r2, r3
 80012ce:	f240 2364 	movw	r3, #612	; 0x264
 80012d2:	f2c2 0300 	movt	r3, #8192	; 0x2000
 80012d6:	70da      	strb	r2, [r3, #3]
\\TJAND17\sen.he\project\unc_linux_rls_25d\source\bsp\mcu\GD\GD ARM MCU Debug/../src/drivers/nand/Spi_nand_driver.c:158
	spi_nand_id[4] = spi_nand_rw_byte(DUMMY_BYTE);
 80012d8:	20a5      	movs	r0, #165	; 0xa5
 80012da:	f7ff ff86 	bl	80011ea <spi_nand_rw_byte>
 80012de:	0003      	movs	r3, r0
 80012e0:	001a      	movs	r2, r3
 80012e2:	f240 2364 	movw	r3, #612	; 0x264
 80012e6:	f2c2 0300 	movt	r3, #8192	; 0x2000
 80012ea:	711a      	strb	r2, [r3, #4]
\\TJAND17\sen.he\project\unc_linux_rls_25d\source\bsp\mcu\GD\GD ARM MCU Debug/../src/drivers/nand/Spi_nand_driver.c:160

	spi_nand_cs_sel(false);
 80012ec:	2000      	movs	r0, #0
 80012ee:	f7ff fef3 	bl	80010d8 <spi_nand_cs_sel>
\\TJAND17\sen.he\project\unc_linux_rls_25d\source\bsp\mcu\GD\GD ARM MCU Debug/../src/drivers/nand/Spi_nand_driver.c:161
}
 80012f2:	46c0      	nop			; (mov r8, r8)
 80012f4:	46bd      	mov	sp, r7
 80012f6:	bd80      	pop	{r7, pc}

080012f8 <spinand_get_specinfo>:
spinand_get_specinfo():
\\TJAND17\sen.he\project\unc_linux_rls_25d\source\bsp\mcu\GD\GD ARM MCU Debug/../src/drivers/nand/Spi_nand_driver.c:168
/**
 * @brief Detect and configure NAND flash device
 * @return Pointer to configuration info on success, NULL on failure
 */
SPINAND_CFG_INFO_T * spinand_get_specinfo(void)
{
 80012f8:	b5b0      	push	{r4, r5, r7, lr}
 80012fa:	b086      	sub	sp, #24
 80012fc:	af02      	add	r7, sp, #8
\\TJAND17\sen.he\project\unc_linux_rls_25d\source\bsp\mcu\GD\GD ARM MCU Debug/../src/drivers/nand/Spi_nand_driver.c:170
	uint8_t i, j;
	uint32_t spi_mode = 0;
 80012fe:	2300      	movs	r3, #0
 8001300:	60bb      	str	r3, [r7, #8]
\\TJAND17\sen.he\project\unc_linux_rls_25d\source\bsp\mcu\GD\GD ARM MCU Debug/../src/drivers/nand/Spi_nand_driver.c:171
	SPINAND_CFG_INFO_T *spinand_specinfo_ptr = NULL;
 8001302:	2300      	movs	r3, #0
 8001304:	607b      	str	r3, [r7, #4]
\\TJAND17\sen.he\project\unc_linux_rls_25d\source\bsp\mcu\GD\GD ARM MCU Debug/../src/drivers/nand/Spi_nand_driver.c:174

	// Try all possible SPI modes to detect the device
	for(j = 0; j < 4; j++) {
 8001306:	230e      	movs	r3, #14
 8001308:	18fb      	adds	r3, r7, r3
 800130a:	2200      	movs	r2, #0
 800130c:	701a      	strb	r2, [r3, #0]
 800130e:	e097      	b.n	8001440 <spinand_get_specinfo+0x148>
\\TJAND17\sen.he\project\unc_linux_rls_25d\source\bsp\mcu\GD\GD ARM MCU Debug/../src/drivers/nand/Spi_nand_driver.c:175
		switch(j) {
 8001310:	230e      	movs	r3, #14
 8001312:	18fb      	adds	r3, r7, r3
 8001314:	781b      	ldrb	r3, [r3, #0]
 8001316:	2b03      	cmp	r3, #3
 8001318:	d010      	beq.n	800133c <spinand_get_specinfo+0x44>
 800131a:	dc12      	bgt.n	8001342 <spinand_get_specinfo+0x4a>
 800131c:	2b02      	cmp	r3, #2
 800131e:	d00a      	beq.n	8001336 <spinand_get_specinfo+0x3e>
 8001320:	dc0f      	bgt.n	8001342 <spinand_get_specinfo+0x4a>
 8001322:	b113      	cbz	r3, 800132a <spinand_get_specinfo+0x32>
 8001324:	2b01      	cmp	r3, #1
 8001326:	d003      	beq.n	8001330 <spinand_get_specinfo+0x38>
\\TJAND17\sen.he\project\unc_linux_rls_25d\source\bsp\mcu\GD\GD ARM MCU Debug/../src/drivers/nand/Spi_nand_driver.c:189
			break;
		case 3:
			spi_mode = SPI_CK_PL_HIGH_PH_2EDGE;
			break;
		default:
			break;
 8001328:	e00b      	b.n	8001342 <spinand_get_specinfo+0x4a>
\\TJAND17\sen.he\project\unc_linux_rls_25d\source\bsp\mcu\GD\GD ARM MCU Debug/../src/drivers/nand/Spi_nand_driver.c:177
			spi_mode = SPI_CK_PL_LOW_PH_1EDGE;
 800132a:	2300      	movs	r3, #0
 800132c:	60bb      	str	r3, [r7, #8]
\\TJAND17\sen.he\project\unc_linux_rls_25d\source\bsp\mcu\GD\GD ARM MCU Debug/../src/drivers/nand/Spi_nand_driver.c:178
			break;
 800132e:	e009      	b.n	8001344 <spinand_get_specinfo+0x4c>
\\TJAND17\sen.he\project\unc_linux_rls_25d\source\bsp\mcu\GD\GD ARM MCU Debug/../src/drivers/nand/Spi_nand_driver.c:180
			spi_mode = SPI_CK_PL_HIGH_PH_1EDGE;
 8001330:	2302      	movs	r3, #2
 8001332:	60bb      	str	r3, [r7, #8]
\\TJAND17\sen.he\project\unc_linux_rls_25d\source\bsp\mcu\GD\GD ARM MCU Debug/../src/drivers/nand/Spi_nand_driver.c:181
			break;
 8001334:	e006      	b.n	8001344 <spinand_get_specinfo+0x4c>
\\TJAND17\sen.he\project\unc_linux_rls_25d\source\bsp\mcu\GD\GD ARM MCU Debug/../src/drivers/nand/Spi_nand_driver.c:183
			spi_mode = SPI_CK_PL_LOW_PH_2EDGE;
 8001336:	2301      	movs	r3, #1
 8001338:	60bb      	str	r3, [r7, #8]
\\TJAND17\sen.he\project\unc_linux_rls_25d\source\bsp\mcu\GD\GD ARM MCU Debug/../src/drivers/nand/Spi_nand_driver.c:184
			break;
 800133a:	e003      	b.n	8001344 <spinand_get_specinfo+0x4c>
\\TJAND17\sen.he\project\unc_linux_rls_25d\source\bsp\mcu\GD\GD ARM MCU Debug/../src/drivers/nand/Spi_nand_driver.c:186
			spi_mode = SPI_CK_PL_HIGH_PH_2EDGE;
 800133c:	2303      	movs	r3, #3
 800133e:	60bb      	str	r3, [r7, #8]
\\TJAND17\sen.he\project\unc_linux_rls_25d\source\bsp\mcu\GD\GD ARM MCU Debug/../src/drivers/nand/Spi_nand_driver.c:187
			break;
 8001340:	e000      	b.n	8001344 <spinand_get_specinfo+0x4c>
\\TJAND17\sen.he\project\unc_linux_rls_25d\source\bsp\mcu\GD\GD ARM MCU Debug/../src/drivers/nand/Spi_nand_driver.c:189
			break;
 8001342:	46c0      	nop			; (mov r8, r8)
\\TJAND17\sen.he\project\unc_linux_rls_25d\source\bsp\mcu\GD\GD ARM MCU Debug/../src/drivers/nand/Spi_nand_driver.c:193
		}

		// Initialize SPI with current mode
		if (spi_nandflash_init(spi_mode) != 0)
 8001344:	68bb      	ldr	r3, [r7, #8]
 8001346:	0018      	movs	r0, r3
 8001348:	f7ff feeb 	bl	8001122 <spi_nandflash_init>
 800134c:	0003      	movs	r3, r0
 800134e:	2b00      	cmp	r3, #0
 8001350:	d16f      	bne.n	8001432 <spinand_get_specinfo+0x13a>
\\TJAND17\sen.he\project\unc_linux_rls_25d\source\bsp\mcu\GD\GD ARM MCU Debug/../src/drivers/nand/Spi_nand_driver.c:196
			continue;

		spi_nand_reset();
 8001352:	f7ff ff80 	bl	8001256 <spi_nand_reset>
\\TJAND17\sen.he\project\unc_linux_rls_25d\source\bsp\mcu\GD\GD ARM MCU Debug/../src/drivers/nand/Spi_nand_driver.c:197
		spi_nand_read_id();
 8001356:	f7ff ff8c 	bl	8001272 <spi_nand_read_id>
\\TJAND17\sen.he\project\unc_linux_rls_25d\source\bsp\mcu\GD\GD ARM MCU Debug/../src/drivers/nand/Spi_nand_driver.c:200
		// Debug output
		printf("spi_nand_id: 0x%02x%02x%02x%02x%02x\n",
		       spi_nand_id[0], spi_nand_id[1], spi_nand_id[2],
 800135a:	f240 2364 	movw	r3, #612	; 0x264
 800135e:	f2c2 0300 	movt	r3, #8192	; 0x2000
 8001362:	781b      	ldrb	r3, [r3, #0]
\\TJAND17\sen.he\project\unc_linux_rls_25d\source\bsp\mcu\GD\GD ARM MCU Debug/../src/drivers/nand/Spi_nand_driver.c:199
		printf("spi_nand_id: 0x%02x%02x%02x%02x%02x\n",
 8001364:	0019      	movs	r1, r3
\\TJAND17\sen.he\project\unc_linux_rls_25d\source\bsp\mcu\GD\GD ARM MCU Debug/../src/drivers/nand/Spi_nand_driver.c:200
		       spi_nand_id[0], spi_nand_id[1], spi_nand_id[2],
 8001366:	f240 2364 	movw	r3, #612	; 0x264
 800136a:	f2c2 0300 	movt	r3, #8192	; 0x2000
 800136e:	785b      	ldrb	r3, [r3, #1]
\\TJAND17\sen.he\project\unc_linux_rls_25d\source\bsp\mcu\GD\GD ARM MCU Debug/../src/drivers/nand/Spi_nand_driver.c:199
		printf("spi_nand_id: 0x%02x%02x%02x%02x%02x\n",
 8001370:	001c      	movs	r4, r3
\\TJAND17\sen.he\project\unc_linux_rls_25d\source\bsp\mcu\GD\GD ARM MCU Debug/../src/drivers/nand/Spi_nand_driver.c:200
		       spi_nand_id[0], spi_nand_id[1], spi_nand_id[2],
 8001372:	f240 2364 	movw	r3, #612	; 0x264
 8001376:	f2c2 0300 	movt	r3, #8192	; 0x2000
 800137a:	789b      	ldrb	r3, [r3, #2]
\\TJAND17\sen.he\project\unc_linux_rls_25d\source\bsp\mcu\GD\GD ARM MCU Debug/../src/drivers/nand/Spi_nand_driver.c:199
		printf("spi_nand_id: 0x%02x%02x%02x%02x%02x\n",
 800137c:	001d      	movs	r5, r3
\\TJAND17\sen.he\project\unc_linux_rls_25d\source\bsp\mcu\GD\GD ARM MCU Debug/../src/drivers/nand/Spi_nand_driver.c:201
		       spi_nand_id[3], spi_nand_id[4]);
 800137e:	f240 2364 	movw	r3, #612	; 0x264
 8001382:	f2c2 0300 	movt	r3, #8192	; 0x2000
 8001386:	78db      	ldrb	r3, [r3, #3]
\\TJAND17\sen.he\project\unc_linux_rls_25d\source\bsp\mcu\GD\GD ARM MCU Debug/../src/drivers/nand/Spi_nand_driver.c:199
		printf("spi_nand_id: 0x%02x%02x%02x%02x%02x\n",
 8001388:	001a      	movs	r2, r3
\\TJAND17\sen.he\project\unc_linux_rls_25d\source\bsp\mcu\GD\GD ARM MCU Debug/../src/drivers/nand/Spi_nand_driver.c:201
		       spi_nand_id[3], spi_nand_id[4]);
 800138a:	f240 2364 	movw	r3, #612	; 0x264
 800138e:	f2c2 0300 	movt	r3, #8192	; 0x2000
 8001392:	791b      	ldrb	r3, [r3, #4]
\\TJAND17\sen.he\project\unc_linux_rls_25d\source\bsp\mcu\GD\GD ARM MCU Debug/../src/drivers/nand/Spi_nand_driver.c:199
		printf("spi_nand_id: 0x%02x%02x%02x%02x%02x\n",
 8001394:	f645 10d4 	movw	r0, #22996	; 0x59d4
 8001398:	f6c0 0000 	movt	r0, #2048	; 0x800
 800139c:	9301      	str	r3, [sp, #4]
 800139e:	9200      	str	r2, [sp, #0]
 80013a0:	002b      	movs	r3, r5
 80013a2:	0022      	movs	r2, r4
 80013a4:	f003 f9c0 	bl	8004728 <iprintf>
\\TJAND17\sen.he\project\unc_linux_rls_25d\source\bsp\mcu\GD\GD ARM MCU Debug/../src/drivers/nand/Spi_nand_driver.c:204

		// Search for matching device in configuration table
		for(i = 0; i < sizeof(s_apinand_cfg_tab) / sizeof(SPINAND_CFG_INFO_T); i++) {
 80013a8:	230f      	movs	r3, #15
 80013aa:	18fb      	adds	r3, r7, r3
 80013ac:	2200      	movs	r2, #0
 80013ae:	701a      	strb	r2, [r3, #0]
 80013b0:	e039      	b.n	8001426 <spinand_get_specinfo+0x12e>
\\TJAND17\sen.he\project\unc_linux_rls_25d\source\bsp\mcu\GD\GD ARM MCU Debug/../src/drivers/nand/Spi_nand_driver.c:206
			// Compare first 2 bytes of device ID
			if (memcmp(s_apinand_cfg_tab[i].dev_id, spi_nand_id, 2) == 0) {
 80013b2:	240f      	movs	r4, #15
 80013b4:	193b      	adds	r3, r7, r4
 80013b6:	781a      	ldrb	r2, [r3, #0]
 80013b8:	0013      	movs	r3, r2
 80013ba:	009b      	lsls	r3, r3, #2
 80013bc:	189b      	adds	r3, r3, r2
 80013be:	009b      	lsls	r3, r3, #2
 80013c0:	f240 0208 	movw	r2, #8
 80013c4:	f2c2 0200 	movt	r2, #8192	; 0x2000
 80013c8:	1898      	adds	r0, r3, r2
 80013ca:	f240 2364 	movw	r3, #612	; 0x264
 80013ce:	f2c2 0300 	movt	r3, #8192	; 0x2000
 80013d2:	2202      	movs	r2, #2
 80013d4:	0019      	movs	r1, r3
 80013d6:	f7ff fe58 	bl	800108a <memcmp>
 80013da:	0003      	movs	r3, r0
 80013dc:	b9eb      	cbnz	r3, 800141a <spinand_get_specinfo+0x122>
\\TJAND17\sen.he\project\unc_linux_rls_25d\source\bsp\mcu\GD\GD ARM MCU Debug/../src/drivers/nand/Spi_nand_driver.c:207
				spinand_specinfo_ptr = &s_apinand_cfg_tab[i];
 80013de:	193b      	adds	r3, r7, r4
 80013e0:	781a      	ldrb	r2, [r3, #0]
 80013e2:	0013      	movs	r3, r2
 80013e4:	009b      	lsls	r3, r3, #2
 80013e6:	189b      	adds	r3, r3, r2
 80013e8:	009b      	lsls	r3, r3, #2
 80013ea:	f240 0208 	movw	r2, #8
 80013ee:	f2c2 0200 	movt	r2, #8192	; 0x2000
 80013f2:	189b      	adds	r3, r3, r2
 80013f4:	607b      	str	r3, [r7, #4]
\\TJAND17\sen.he\project\unc_linux_rls_25d\source\bsp\mcu\GD\GD ARM MCU Debug/../src/drivers/nand/Spi_nand_driver.c:208
				NAND_PAGE_SIZE = spinand_specinfo_ptr->pagesize;
 80013f6:	687b      	ldr	r3, [r7, #4]
 80013f8:	68db      	ldr	r3, [r3, #12]
 80013fa:	001a      	movs	r2, r3
 80013fc:	f240 0300 	movw	r3, #0
 8001400:	f2c2 0300 	movt	r3, #8192	; 0x2000
 8001404:	601a      	str	r2, [r3, #0]
\\TJAND17\sen.he\project\unc_linux_rls_25d\source\bsp\mcu\GD\GD ARM MCU Debug/../src/drivers/nand/Spi_nand_driver.c:209
				NAND_PAGE_PER_BLK = spinand_specinfo_ptr->page_per_blk;
 8001406:	687b      	ldr	r3, [r7, #4]
 8001408:	691b      	ldr	r3, [r3, #16]
 800140a:	001a      	movs	r2, r3
 800140c:	f240 0304 	movw	r3, #4
 8001410:	f2c2 0300 	movt	r3, #8192	; 0x2000
 8001414:	601a      	str	r2, [r3, #0]
\\TJAND17\sen.he\project\unc_linux_rls_25d\source\bsp\mcu\GD\GD ARM MCU Debug/../src/drivers/nand/Spi_nand_driver.c:211

				return spinand_specinfo_ptr;
 8001416:	687b      	ldr	r3, [r7, #4]
 8001418:	e04b      	b.n	80014b2 <spinand_get_specinfo+0x1ba>
\\TJAND17\sen.he\project\unc_linux_rls_25d\source\bsp\mcu\GD\GD ARM MCU Debug/../src/drivers/nand/Spi_nand_driver.c:204 (discriminator 2)
		for(i = 0; i < sizeof(s_apinand_cfg_tab) / sizeof(SPINAND_CFG_INFO_T); i++) {
 800141a:	210f      	movs	r1, #15
 800141c:	187b      	adds	r3, r7, r1
 800141e:	781a      	ldrb	r2, [r3, #0]
 8001420:	187b      	adds	r3, r7, r1
 8001422:	3201      	adds	r2, #1
 8001424:	701a      	strb	r2, [r3, #0]
\\TJAND17\sen.he\project\unc_linux_rls_25d\source\bsp\mcu\GD\GD ARM MCU Debug/../src/drivers/nand/Spi_nand_driver.c:204 (discriminator 1)
 8001426:	230f      	movs	r3, #15
 8001428:	18fb      	adds	r3, r7, r3
 800142a:	781b      	ldrb	r3, [r3, #0]
 800142c:	2b0c      	cmp	r3, #12
 800142e:	d9c0      	bls.n	80013b2 <spinand_get_specinfo+0xba>
 8001430:	e000      	b.n	8001434 <spinand_get_specinfo+0x13c>
\\TJAND17\sen.he\project\unc_linux_rls_25d\source\bsp\mcu\GD\GD ARM MCU Debug/../src/drivers/nand/Spi_nand_driver.c:194
			continue;
 8001432:	46c0      	nop			; (mov r8, r8)
\\TJAND17\sen.he\project\unc_linux_rls_25d\source\bsp\mcu\GD\GD ARM MCU Debug/../src/drivers/nand/Spi_nand_driver.c:174 (discriminator 2)
	for(j = 0; j < 4; j++) {
 8001434:	210e      	movs	r1, #14
 8001436:	187b      	adds	r3, r7, r1
 8001438:	781a      	ldrb	r2, [r3, #0]
 800143a:	187b      	adds	r3, r7, r1
 800143c:	3201      	adds	r2, #1
 800143e:	701a      	strb	r2, [r3, #0]
\\TJAND17\sen.he\project\unc_linux_rls_25d\source\bsp\mcu\GD\GD ARM MCU Debug/../src/drivers/nand/Spi_nand_driver.c:174 (discriminator 1)
 8001440:	230e      	movs	r3, #14
 8001442:	18fb      	adds	r3, r7, r3
 8001444:	781b      	ldrb	r3, [r3, #0]
 8001446:	2b03      	cmp	r3, #3
 8001448:	d800      	bhi.n	800144c <spinand_get_specinfo+0x154>
 800144a:	e761      	b.n	8001310 <spinand_get_specinfo+0x18>
\\TJAND17\sen.he\project\unc_linux_rls_25d\source\bsp\mcu\GD\GD ARM MCU Debug/../src/drivers/nand/Spi_nand_driver.c:215
			}
		}
	}
	if (spi_nand_id[0]) {
 800144c:	f240 2364 	movw	r3, #612	; 0x264
 8001450:	f2c2 0300 	movt	r3, #8192	; 0x2000
 8001454:	781b      	ldrb	r3, [r3, #0]
 8001456:	b323      	cbz	r3, 80014a2 <spinand_get_specinfo+0x1aa>
\\TJAND17\sen.he\project\unc_linux_rls_25d\source\bsp\mcu\GD\GD ARM MCU Debug/../src/drivers/nand/Spi_nand_driver.c:216
		spinand_specinfo_ptr = &s_apinand_cfg_tab[8];//4k common parameter use [11]!
 8001458:	4b18      	ldr	r3, [pc, #96]	; (80014bc <spinand_get_specinfo+0x1c4>)
 800145a:	607b      	str	r3, [r7, #4]
\\TJAND17\sen.he\project\unc_linux_rls_25d\source\bsp\mcu\GD\GD ARM MCU Debug/../src/drivers/nand/Spi_nand_driver.c:217
		NAND_PAGE_SIZE = spinand_specinfo_ptr->pagesize;
 800145c:	687b      	ldr	r3, [r7, #4]
 800145e:	68db      	ldr	r3, [r3, #12]
 8001460:	001a      	movs	r2, r3
 8001462:	f240 0300 	movw	r3, #0
 8001466:	f2c2 0300 	movt	r3, #8192	; 0x2000
 800146a:	601a      	str	r2, [r3, #0]
\\TJAND17\sen.he\project\unc_linux_rls_25d\source\bsp\mcu\GD\GD ARM MCU Debug/../src/drivers/nand/Spi_nand_driver.c:218
		NAND_PAGE_PER_BLK = spinand_specinfo_ptr->page_per_blk;
 800146c:	687b      	ldr	r3, [r7, #4]
 800146e:	691b      	ldr	r3, [r3, #16]
 8001470:	001a      	movs	r2, r3
 8001472:	f240 0304 	movw	r3, #4
 8001476:	f2c2 0300 	movt	r3, #8192	; 0x2000
 800147a:	601a      	str	r2, [r3, #0]
\\TJAND17\sen.he\project\unc_linux_rls_25d\source\bsp\mcu\GD\GD ARM MCU Debug/../src/drivers/nand/Spi_nand_driver.c:219
		printf("no id match, use common nand driver, pg size %d, pg_per_blk %d!!\n",
 800147c:	f240 0300 	movw	r3, #0
 8001480:	f2c2 0300 	movt	r3, #8192	; 0x2000
 8001484:	6819      	ldr	r1, [r3, #0]
 8001486:	f240 0304 	movw	r3, #4
 800148a:	f2c2 0300 	movt	r3, #8192	; 0x2000
 800148e:	681a      	ldr	r2, [r3, #0]
 8001490:	f645 13fc 	movw	r3, #23036	; 0x59fc
 8001494:	f6c0 0300 	movt	r3, #2048	; 0x800
 8001498:	0018      	movs	r0, r3
 800149a:	f003 f945 	bl	8004728 <iprintf>
\\TJAND17\sen.he\project\unc_linux_rls_25d\source\bsp\mcu\GD\GD ARM MCU Debug/../src/drivers/nand/Spi_nand_driver.c:222
		       NAND_PAGE_SIZE, NAND_PAGE_PER_BLK);

		return spinand_specinfo_ptr;
 800149e:	687b      	ldr	r3, [r7, #4]
 80014a0:	e007      	b.n	80014b2 <spinand_get_specinfo+0x1ba>
\\TJAND17\sen.he\project\unc_linux_rls_25d\source\bsp\mcu\GD\GD ARM MCU Debug/../src/drivers/nand/Spi_nand_driver.c:225
	}

	printf("nand id is 0!!\n");
 80014a2:	f645 2340 	movw	r3, #23104	; 0x5a40
 80014a6:	f6c0 0300 	movt	r3, #2048	; 0x800
 80014aa:	0018      	movs	r0, r3
 80014ac:	f003 f9d4 	bl	8004858 <puts>
\\TJAND17\sen.he\project\unc_linux_rls_25d\source\bsp\mcu\GD\GD ARM MCU Debug/../src/drivers/nand/Spi_nand_driver.c:227

	return NULL;
 80014b0:	2300      	movs	r3, #0
\\TJAND17\sen.he\project\unc_linux_rls_25d\source\bsp\mcu\GD\GD ARM MCU Debug/../src/drivers/nand/Spi_nand_driver.c:228
}
 80014b2:	0018      	movs	r0, r3
 80014b4:	46bd      	mov	sp, r7
 80014b6:	b004      	add	sp, #16
 80014b8:	bdb0      	pop	{r4, r5, r7, pc}
 80014ba:	46c0      	nop			; (mov r8, r8)
 80014bc:	200000a8 	.word	0x200000a8

080014c0 <NANDFLASH_Read>:
NANDFLASH_Read():
\\TJAND17\sen.he\project\unc_linux_rls_25d\source\bsp\mcu\GD\GD ARM MCU Debug/../src/drivers/nand/Spi_nand_driver.c:238
 * @param Readbuff Buffer to store read data
 * @param Transfer_Length Number of bytes to read
 * @return NAND_OK on success, error code on failure
 */
uint16_t NANDFLASH_Read(NAND_ADDRESS add, uint8_t *Readbuff, uint16_t Transfer_Length)
{
 80014c0:	b590      	push	{r4, r7, lr}
 80014c2:	b085      	sub	sp, #20
 80014c4:	af00      	add	r7, sp, #0
 80014c6:	2408      	movs	r4, #8
 80014c8:	193c      	adds	r4, r7, r4
 80014ca:	6020      	str	r0, [r4, #0]
 80014cc:	6061      	str	r1, [r4, #4]
 80014ce:	607a      	str	r2, [r7, #4]
 80014d0:	001a      	movs	r2, r3
 80014d2:	1cbb      	adds	r3, r7, #2
 80014d4:	801a      	strh	r2, [r3, #0]
\\TJAND17\sen.he\project\unc_linux_rls_25d\source\bsp\mcu\GD\GD ARM MCU Debug/../src/drivers/nand/Spi_nand_driver.c:240
	// Validate input parameters
	if (s_spinand_spec_info_ptr == NULL || Readbuff == NULL)
 80014d6:	f240 2360 	movw	r3, #608	; 0x260
 80014da:	f2c2 0300 	movt	r3, #8192	; 0x2000
 80014de:	681b      	ldr	r3, [r3, #0]
 80014e0:	b10b      	cbz	r3, 80014e6 <NANDFLASH_Read+0x26>
\\TJAND17\sen.he\project\unc_linux_rls_25d\source\bsp\mcu\GD\GD ARM MCU Debug/../src/drivers/nand/Spi_nand_driver.c:240 (discriminator 1)
 80014e2:	687b      	ldr	r3, [r7, #4]
 80014e4:	b90b      	cbnz	r3, 80014ea <NANDFLASH_Read+0x2a>
\\TJAND17\sen.he\project\unc_linux_rls_25d\source\bsp\mcu\GD\GD ARM MCU Debug/../src/drivers/nand/Spi_nand_driver.c:241
		return NAND_FAIL;
 80014e6:	2301      	movs	r3, #1
 80014e8:	e03f      	b.n	800156a <NANDFLASH_Read+0xaa>
\\TJAND17\sen.he\project\unc_linux_rls_25d\source\bsp\mcu\GD\GD ARM MCU Debug/../src/drivers/nand/Spi_nand_driver.c:244

	// Enable ECC
	s_spinand_spec_info_ptr->spinnad_operation->spinand_eccenable();
 80014ea:	f240 2360 	movw	r3, #608	; 0x260
 80014ee:	f2c2 0300 	movt	r3, #8192	; 0x2000
 80014f2:	681b      	ldr	r3, [r3, #0]
 80014f4:	689b      	ldr	r3, [r3, #8]
 80014f6:	699b      	ldr	r3, [r3, #24]
 80014f8:	4798      	blx	r3
\\TJAND17\sen.he\project\unc_linux_rls_25d\source\bsp\mcu\GD\GD ARM MCU Debug/../src/drivers/nand/Spi_nand_driver.c:247

	// Check if read length is valid
	if (NAND_PAGE_SIZE - add.Area < Transfer_Length)
 80014fa:	f240 0300 	movw	r3, #0
 80014fe:	f2c2 0300 	movt	r3, #8192	; 0x2000
 8001502:	681b      	ldr	r3, [r3, #0]
 8001504:	2208      	movs	r2, #8
 8001506:	18ba      	adds	r2, r7, r2
 8001508:	8892      	ldrh	r2, [r2, #4]
 800150a:	1a9a      	subs	r2, r3, r2
 800150c:	1cbb      	adds	r3, r7, #2
 800150e:	881b      	ldrh	r3, [r3, #0]
 8001510:	429a      	cmp	r2, r3
 8001512:	da01      	bge.n	8001518 <NANDFLASH_Read+0x58>
\\TJAND17\sen.he\project\unc_linux_rls_25d\source\bsp\mcu\GD\GD ARM MCU Debug/../src/drivers/nand/Spi_nand_driver.c:248
		return NAND_FAIL;
 8001514:	2301      	movs	r3, #1
 8001516:	e028      	b.n	800156a <NANDFLASH_Read+0xaa>
\\TJAND17\sen.he\project\unc_linux_rls_25d\source\bsp\mcu\GD\GD ARM MCU Debug/../src/drivers/nand/Spi_nand_driver.c:251

	// Read data to cache
	s_spinand_spec_info_ptr->spinnad_operation->spinand_readtocatch(add);
 8001518:	f240 2360 	movw	r3, #608	; 0x260
 800151c:	f2c2 0300 	movt	r3, #8192	; 0x2000
 8001520:	681b      	ldr	r3, [r3, #0]
 8001522:	689b      	ldr	r3, [r3, #8]
 8001524:	68da      	ldr	r2, [r3, #12]
 8001526:	2308      	movs	r3, #8
 8001528:	18fb      	adds	r3, r7, r3
 800152a:	6818      	ldr	r0, [r3, #0]
 800152c:	6859      	ldr	r1, [r3, #4]
 800152e:	4790      	blx	r2
\\TJAND17\sen.he\project\unc_linux_rls_25d\source\bsp\mcu\GD\GD ARM MCU Debug/../src/drivers/nand/Spi_nand_driver.c:254

	// Check ECC status
	if (s_spinand_spec_info_ptr->spinnad_operation->spinand_checkecc() == NAND_FAIL)
 8001530:	f240 2360 	movw	r3, #608	; 0x260
 8001534:	f2c2 0300 	movt	r3, #8192	; 0x2000
 8001538:	681b      	ldr	r3, [r3, #0]
 800153a:	689b      	ldr	r3, [r3, #8]
 800153c:	6a1b      	ldr	r3, [r3, #32]
 800153e:	4798      	blx	r3
 8001540:	0003      	movs	r3, r0
 8001542:	2b01      	cmp	r3, #1
 8001544:	d101      	bne.n	800154a <NANDFLASH_Read+0x8a>
\\TJAND17\sen.he\project\unc_linux_rls_25d\source\bsp\mcu\GD\GD ARM MCU Debug/../src/drivers/nand/Spi_nand_driver.c:255
		return READ_NANDFLASH_ECC_ERROR;
 8001546:	239a      	movs	r3, #154	; 0x9a
 8001548:	e00f      	b.n	800156a <NANDFLASH_Read+0xaa>
\\TJAND17\sen.he\project\unc_linux_rls_25d\source\bsp\mcu\GD\GD ARM MCU Debug/../src/drivers/nand/Spi_nand_driver.c:258

	// Read data from cache
	s_spinand_spec_info_ptr->spinnad_operation->spinand_readfromcatch(Readbuff,
 800154a:	f240 2360 	movw	r3, #608	; 0x260
 800154e:	f2c2 0300 	movt	r3, #8192	; 0x2000
 8001552:	681b      	ldr	r3, [r3, #0]
 8001554:	689b      	ldr	r3, [r3, #8]
 8001556:	689c      	ldr	r4, [r3, #8]
 8001558:	1cbb      	adds	r3, r7, #2
 800155a:	881b      	ldrh	r3, [r3, #0]
 800155c:	2208      	movs	r2, #8
 800155e:	18ba      	adds	r2, r7, r2
 8001560:	6878      	ldr	r0, [r7, #4]
 8001562:	6811      	ldr	r1, [r2, #0]
 8001564:	6852      	ldr	r2, [r2, #4]
 8001566:	47a0      	blx	r4
\\TJAND17\sen.he\project\unc_linux_rls_25d\source\bsp\mcu\GD\GD ARM MCU Debug/../src/drivers/nand/Spi_nand_driver.c:261
									  add, Transfer_Length);

	return NAND_OK;
 8001568:	2300      	movs	r3, #0
\\TJAND17\sen.he\project\unc_linux_rls_25d\source\bsp\mcu\GD\GD ARM MCU Debug/../src/drivers/nand/Spi_nand_driver.c:262
}
 800156a:	0018      	movs	r0, r3
 800156c:	46bd      	mov	sp, r7
 800156e:	b005      	add	sp, #20
 8001570:	bd90      	pop	{r4, r7, pc}

08001572 <spi_nand_cs_sel>:
spi_nand_cs_sel():
\\TJAND17\sen.he\project\unc_linux_rls_25d\source\bsp\mcu\GD\GD ARM MCU Debug/../inc/Spi_nand_driver.h:116
{
 8001572:	b580      	push	{r7, lr}
 8001574:	b082      	sub	sp, #8
 8001576:	af00      	add	r7, sp, #0
 8001578:	0002      	movs	r2, r0
 800157a:	1dfb      	adds	r3, r7, #7
 800157c:	701a      	strb	r2, [r3, #0]
\\TJAND17\sen.he\project\unc_linux_rls_25d\source\bsp\mcu\GD\GD ARM MCU Debug/../inc/Spi_nand_driver.h:117
	if (sel) {
 800157e:	1dfb      	adds	r3, r7, #7
 8001580:	781b      	ldrb	r3, [r3, #0]
 8001582:	b133      	cbz	r3, 8001592 <spi_nand_cs_sel+0x20>
\\TJAND17\sen.he\project\unc_linux_rls_25d\source\bsp\mcu\GD\GD ARM MCU Debug/../inc/Spi_nand_driver.h:118
		SPI_NANDFLASH_CS_LOW();
 8001584:	2390      	movs	r3, #144	; 0x90
 8001586:	05db      	lsls	r3, r3, #23
 8001588:	2110      	movs	r1, #16
 800158a:	0018      	movs	r0, r3
 800158c:	f002 f93e 	bl	800380c <gpio_bit_reset>
\\TJAND17\sen.he\project\unc_linux_rls_25d\source\bsp\mcu\GD\GD ARM MCU Debug/../inc/Spi_nand_driver.h:119
		return;
 8001590:	e011      	b.n	80015b6 <spi_nand_cs_sel+0x44>
\\TJAND17\sen.he\project\unc_linux_rls_25d\source\bsp\mcu\GD\GD ARM MCU Debug/../inc/Spi_nand_driver.h:121
	SPI_NANDFLASH_CS_HIGH();
 8001592:	46c0      	nop			; (mov r8, r8)
\\TJAND17\sen.he\project\unc_linux_rls_25d\source\bsp\mcu\GD\GD ARM MCU Debug/../inc/Spi_nand_driver.h:121 (discriminator 1)
 8001594:	f243 0300 	movw	r3, #12288	; 0x3000
 8001598:	f2c4 0301 	movt	r3, #16385	; 0x4001
 800159c:	2180      	movs	r1, #128	; 0x80
 800159e:	0018      	movs	r0, r3
 80015a0:	f001 fc3f 	bl	8002e22 <spi_i2s_flag_get>
 80015a4:	0003      	movs	r3, r0
 80015a6:	2b00      	cmp	r3, #0
 80015a8:	d1f4      	bne.n	8001594 <spi_nand_cs_sel+0x22>
\\TJAND17\sen.he\project\unc_linux_rls_25d\source\bsp\mcu\GD\GD ARM MCU Debug/../inc/Spi_nand_driver.h:121 (discriminator 2)
 80015aa:	2390      	movs	r3, #144	; 0x90
 80015ac:	05db      	lsls	r3, r3, #23
 80015ae:	2110      	movs	r1, #16
 80015b0:	0018      	movs	r0, r3
 80015b2:	f002 f91e 	bl	80037f2 <gpio_bit_set>
\\TJAND17\sen.he\project\unc_linux_rls_25d\source\bsp\mcu\GD\GD ARM MCU Debug/../inc/Spi_nand_driver.h:122
}
 80015b6:	46bd      	mov	sp, r7
 80015b8:	b002      	add	sp, #8
 80015ba:	bd80      	pop	{r7, pc}

080015bc <spi_nand_set_feature>:
spi_nand_set_feature():
\\TJAND17\sen.he\project\unc_linux_rls_25d\source\bsp\mcu\GD\GD ARM MCU Debug/../src/drivers/nand/GD5F1GQ4xExxG.c:26
 * @brief Set NAND flash feature
 * @param regs feature address
 * @param data Data to write
 */
void spi_nand_set_feature(uint8_t regs, uint8_t data)
{
 80015bc:	b580      	push	{r7, lr}
 80015be:	b082      	sub	sp, #8
 80015c0:	af00      	add	r7, sp, #0
 80015c2:	0002      	movs	r2, r0
 80015c4:	1dfb      	adds	r3, r7, #7
 80015c6:	701a      	strb	r2, [r3, #0]
 80015c8:	1dbb      	adds	r3, r7, #6
 80015ca:	1c0a      	adds	r2, r1, #0
 80015cc:	701a      	strb	r2, [r3, #0]
\\TJAND17\sen.he\project\unc_linux_rls_25d\source\bsp\mcu\GD\GD ARM MCU Debug/../src/drivers/nand/GD5F1GQ4xExxG.c:27
	spi_nand_cs_sel(true);
 80015ce:	2001      	movs	r0, #1
 80015d0:	f7ff ffcf 	bl	8001572 <spi_nand_cs_sel>
\\TJAND17\sen.he\project\unc_linux_rls_25d\source\bsp\mcu\GD\GD ARM MCU Debug/../src/drivers/nand/GD5F1GQ4xExxG.c:29

	spi_nand_rw_byte(NAND_SETREGS);
 80015d4:	201f      	movs	r0, #31
 80015d6:	f7ff fe08 	bl	80011ea <spi_nand_rw_byte>
\\TJAND17\sen.he\project\unc_linux_rls_25d\source\bsp\mcu\GD\GD ARM MCU Debug/../src/drivers/nand/GD5F1GQ4xExxG.c:30
	spi_nand_rw_byte(regs);
 80015da:	1dfb      	adds	r3, r7, #7
 80015dc:	781b      	ldrb	r3, [r3, #0]
 80015de:	0018      	movs	r0, r3
 80015e0:	f7ff fe03 	bl	80011ea <spi_nand_rw_byte>
\\TJAND17\sen.he\project\unc_linux_rls_25d\source\bsp\mcu\GD\GD ARM MCU Debug/../src/drivers/nand/GD5F1GQ4xExxG.c:31
	spi_nand_rw_byte(data);
 80015e4:	1dbb      	adds	r3, r7, #6
 80015e6:	781b      	ldrb	r3, [r3, #0]
 80015e8:	0018      	movs	r0, r3
 80015ea:	f7ff fdfe 	bl	80011ea <spi_nand_rw_byte>
\\TJAND17\sen.he\project\unc_linux_rls_25d\source\bsp\mcu\GD\GD ARM MCU Debug/../src/drivers/nand/GD5F1GQ4xExxG.c:33

	spi_nand_cs_sel(false);
 80015ee:	2000      	movs	r0, #0
 80015f0:	f7ff ffbf 	bl	8001572 <spi_nand_cs_sel>
\\TJAND17\sen.he\project\unc_linux_rls_25d\source\bsp\mcu\GD\GD ARM MCU Debug/../src/drivers/nand/GD5F1GQ4xExxG.c:34
}
 80015f4:	46c0      	nop			; (mov r8, r8)
 80015f6:	46bd      	mov	sp, r7
 80015f8:	b002      	add	sp, #8
 80015fa:	bd80      	pop	{r7, pc}

080015fc <spi_nand_get_feature>:
spi_nand_get_feature():
\\TJAND17\sen.he\project\unc_linux_rls_25d\source\bsp\mcu\GD\GD ARM MCU Debug/../src/drivers/nand/GD5F1GQ4xExxG.c:42
 * @brief Get NAND flash feature value
 * @param regs feature address
 * @return feature value
 */
uint8_t spi_nand_get_feature(uint8_t regs)
{
 80015fc:	b5b0      	push	{r4, r5, r7, lr}
 80015fe:	b084      	sub	sp, #16
 8001600:	af00      	add	r7, sp, #0
 8001602:	0002      	movs	r2, r0
 8001604:	1dfb      	adds	r3, r7, #7
 8001606:	701a      	strb	r2, [r3, #0]
\\TJAND17\sen.he\project\unc_linux_rls_25d\source\bsp\mcu\GD\GD ARM MCU Debug/../src/drivers/nand/GD5F1GQ4xExxG.c:43
	uint8_t temp = 0;
 8001608:	240f      	movs	r4, #15
 800160a:	193b      	adds	r3, r7, r4
 800160c:	2200      	movs	r2, #0
 800160e:	701a      	strb	r2, [r3, #0]
\\TJAND17\sen.he\project\unc_linux_rls_25d\source\bsp\mcu\GD\GD ARM MCU Debug/../src/drivers/nand/GD5F1GQ4xExxG.c:45

	spi_nand_cs_sel(true);
 8001610:	2001      	movs	r0, #1
 8001612:	f7ff ffae 	bl	8001572 <spi_nand_cs_sel>
\\TJAND17\sen.he\project\unc_linux_rls_25d\source\bsp\mcu\GD\GD ARM MCU Debug/../src/drivers/nand/GD5F1GQ4xExxG.c:47

	spi_nand_rw_byte(NAND_GETREGS);
 8001616:	200f      	movs	r0, #15
 8001618:	f7ff fde7 	bl	80011ea <spi_nand_rw_byte>
\\TJAND17\sen.he\project\unc_linux_rls_25d\source\bsp\mcu\GD\GD ARM MCU Debug/../src/drivers/nand/GD5F1GQ4xExxG.c:48
	spi_nand_rw_byte(regs);
 800161c:	1dfb      	adds	r3, r7, #7
 800161e:	781b      	ldrb	r3, [r3, #0]
 8001620:	0018      	movs	r0, r3
 8001622:	f7ff fde2 	bl	80011ea <spi_nand_rw_byte>
\\TJAND17\sen.he\project\unc_linux_rls_25d\source\bsp\mcu\GD\GD ARM MCU Debug/../src/drivers/nand/GD5F1GQ4xExxG.c:49
	temp = spi_nand_rw_byte(DUMMY_BYTE);
 8001626:	0025      	movs	r5, r4
 8001628:	193c      	adds	r4, r7, r4
 800162a:	20a5      	movs	r0, #165	; 0xa5
 800162c:	f7ff fddd 	bl	80011ea <spi_nand_rw_byte>
 8001630:	0003      	movs	r3, r0
 8001632:	7023      	strb	r3, [r4, #0]
\\TJAND17\sen.he\project\unc_linux_rls_25d\source\bsp\mcu\GD\GD ARM MCU Debug/../src/drivers/nand/GD5F1GQ4xExxG.c:51

	spi_nand_cs_sel(false);
 8001634:	2000      	movs	r0, #0
 8001636:	f7ff ff9c 	bl	8001572 <spi_nand_cs_sel>
\\TJAND17\sen.he\project\unc_linux_rls_25d\source\bsp\mcu\GD\GD ARM MCU Debug/../src/drivers/nand/GD5F1GQ4xExxG.c:53

	return temp;
 800163a:	197b      	adds	r3, r7, r5
 800163c:	781b      	ldrb	r3, [r3, #0]
\\TJAND17\sen.he\project\unc_linux_rls_25d\source\bsp\mcu\GD\GD ARM MCU Debug/../src/drivers/nand/GD5F1GQ4xExxG.c:54
}
 800163e:	0018      	movs	r0, r3
 8001640:	46bd      	mov	sp, r7
 8001642:	b004      	add	sp, #16
 8001644:	bdb0      	pop	{r4, r5, r7, pc}

08001646 <spi_nand_read_from_cache>:
spi_nand_read_from_cache():
\\TJAND17\sen.he\project\unc_linux_rls_25d\source\bsp\mcu\GD\GD ARM MCU Debug/../src/drivers/nand/GD5F1GQ4xExxG.c:63
 * @param pBuffer Buffer to store data
 * @param Address Address to read from
 * @param length Number of bytes to read
 */
void spi_nand_read_from_cache(uint8_t *pBuffer, NAND_ADDRESS Address, uint32_t length)
{
 8001646:	b590      	push	{r4, r7, lr}
 8001648:	b087      	sub	sp, #28
 800164a:	af00      	add	r7, sp, #0
 800164c:	60f8      	str	r0, [r7, #12]
 800164e:	1d38      	adds	r0, r7, #4
 8001650:	6001      	str	r1, [r0, #0]
 8001652:	6042      	str	r2, [r0, #4]
 8001654:	603b      	str	r3, [r7, #0]
\\TJAND17\sen.he\project\unc_linux_rls_25d\source\bsp\mcu\GD\GD ARM MCU Debug/../src/drivers/nand/GD5F1GQ4xExxG.c:64
	uint32_t i = 0;
 8001656:	2300      	movs	r3, #0
 8001658:	617b      	str	r3, [r7, #20]
\\TJAND17\sen.he\project\unc_linux_rls_25d\source\bsp\mcu\GD\GD ARM MCU Debug/../src/drivers/nand/GD5F1GQ4xExxG.c:66

	spi_nand_cs_sel(true);
 800165a:	2001      	movs	r0, #1
 800165c:	f7ff ff89 	bl	8001572 <spi_nand_cs_sel>
\\TJAND17\sen.he\project\unc_linux_rls_25d\source\bsp\mcu\GD\GD ARM MCU Debug/../src/drivers/nand/GD5F1GQ4xExxG.c:67
	spi_nand_rw_byte(NAND_READFROMCATCH);
 8001660:	2003      	movs	r0, #3
 8001662:	f7ff fdc2 	bl	80011ea <spi_nand_rw_byte>
\\TJAND17\sen.he\project\unc_linux_rls_25d\source\bsp\mcu\GD\GD ARM MCU Debug/../src/drivers/nand/GD5F1GQ4xExxG.c:68
	spi_nand_rw_byte((Address.Area >> 8) & 0xFF);
 8001666:	1d3b      	adds	r3, r7, #4
 8001668:	889b      	ldrh	r3, [r3, #4]
 800166a:	0a1b      	lsrs	r3, r3, #8
 800166c:	b29b      	uxth	r3, r3
 800166e:	b2db      	uxtb	r3, r3
 8001670:	0018      	movs	r0, r3
 8001672:	f7ff fdba 	bl	80011ea <spi_nand_rw_byte>
\\TJAND17\sen.he\project\unc_linux_rls_25d\source\bsp\mcu\GD\GD ARM MCU Debug/../src/drivers/nand/GD5F1GQ4xExxG.c:69
	spi_nand_rw_byte((Address.Area) & 0xFF);
 8001676:	1d3b      	adds	r3, r7, #4
 8001678:	889b      	ldrh	r3, [r3, #4]
 800167a:	b2db      	uxtb	r3, r3
 800167c:	0018      	movs	r0, r3
 800167e:	f7ff fdb4 	bl	80011ea <spi_nand_rw_byte>
\\TJAND17\sen.he\project\unc_linux_rls_25d\source\bsp\mcu\GD\GD ARM MCU Debug/../src/drivers/nand/GD5F1GQ4xExxG.c:70
	spi_nand_rw_byte(DUMMY_BYTE);
 8001682:	20a5      	movs	r0, #165	; 0xa5
 8001684:	f7ff fdb1 	bl	80011ea <spi_nand_rw_byte>
\\TJAND17\sen.he\project\unc_linux_rls_25d\source\bsp\mcu\GD\GD ARM MCU Debug/../src/drivers/nand/GD5F1GQ4xExxG.c:72

	for(i = 0; i < length; i++)
 8001688:	2300      	movs	r3, #0
 800168a:	617b      	str	r3, [r7, #20]
 800168c:	e00a      	b.n	80016a4 <spi_nand_read_from_cache+0x5e>
\\TJAND17\sen.he\project\unc_linux_rls_25d\source\bsp\mcu\GD\GD ARM MCU Debug/../src/drivers/nand/GD5F1GQ4xExxG.c:73 (discriminator 3)
		*pBuffer++ = spi_nand_rw_byte(DUMMY_BYTE);
 800168e:	68fc      	ldr	r4, [r7, #12]
 8001690:	1c63      	adds	r3, r4, #1
 8001692:	60fb      	str	r3, [r7, #12]
 8001694:	20a5      	movs	r0, #165	; 0xa5
 8001696:	f7ff fda8 	bl	80011ea <spi_nand_rw_byte>
 800169a:	0003      	movs	r3, r0
 800169c:	7023      	strb	r3, [r4, #0]
\\TJAND17\sen.he\project\unc_linux_rls_25d\source\bsp\mcu\GD\GD ARM MCU Debug/../src/drivers/nand/GD5F1GQ4xExxG.c:72 (discriminator 3)
	for(i = 0; i < length; i++)
 800169e:	697b      	ldr	r3, [r7, #20]
 80016a0:	3301      	adds	r3, #1
 80016a2:	617b      	str	r3, [r7, #20]
\\TJAND17\sen.he\project\unc_linux_rls_25d\source\bsp\mcu\GD\GD ARM MCU Debug/../src/drivers/nand/GD5F1GQ4xExxG.c:72 (discriminator 1)
 80016a4:	697a      	ldr	r2, [r7, #20]
 80016a6:	683b      	ldr	r3, [r7, #0]
 80016a8:	429a      	cmp	r2, r3
 80016aa:	d3f0      	bcc.n	800168e <spi_nand_read_from_cache+0x48>
\\TJAND17\sen.he\project\unc_linux_rls_25d\source\bsp\mcu\GD\GD ARM MCU Debug/../src/drivers/nand/GD5F1GQ4xExxG.c:75

	spi_nand_cs_sel(false);
 80016ac:	2000      	movs	r0, #0
 80016ae:	f7ff ff60 	bl	8001572 <spi_nand_cs_sel>
\\TJAND17\sen.he\project\unc_linux_rls_25d\source\bsp\mcu\GD\GD ARM MCU Debug/../src/drivers/nand/GD5F1GQ4xExxG.c:76
}
 80016b2:	46c0      	nop			; (mov r8, r8)
 80016b4:	46bd      	mov	sp, r7
 80016b6:	b007      	add	sp, #28
 80016b8:	bd90      	pop	{r4, r7, pc}

080016ba <spi_nand_read2cache>:
spi_nand_read2cache():
\\TJAND17\sen.he\project\unc_linux_rls_25d\source\bsp\mcu\GD\GD ARM MCU Debug/../src/drivers/nand/GD5F1GQ4xExxG.c:83
/**
 * @brief Read data to NAND flash cache
 * @param Address Address to read from
 */
void spi_nand_read2cache(NAND_ADDRESS Address)
{
 80016ba:	b580      	push	{r7, lr}
 80016bc:	b084      	sub	sp, #16
 80016be:	af00      	add	r7, sp, #0
 80016c0:	003b      	movs	r3, r7
 80016c2:	6018      	str	r0, [r3, #0]
 80016c4:	6059      	str	r1, [r3, #4]
\\TJAND17\sen.he\project\unc_linux_rls_25d\source\bsp\mcu\GD\GD ARM MCU Debug/../src/drivers/nand/GD5F1GQ4xExxG.c:84
	uint32_t block_add = ((Address.Block & 0x3ff) << 6) | (Address.Page & 0x3f);
 80016c6:	003b      	movs	r3, r7
 80016c8:	881b      	ldrh	r3, [r3, #0]
 80016ca:	019b      	lsls	r3, r3, #6
 80016cc:	041b      	lsls	r3, r3, #16
 80016ce:	0c1a      	lsrs	r2, r3, #16
 80016d0:	003b      	movs	r3, r7
 80016d2:	885b      	ldrh	r3, [r3, #2]
 80016d4:	0019      	movs	r1, r3
 80016d6:	233f      	movs	r3, #63	; 0x3f
 80016d8:	400b      	ands	r3, r1
 80016da:	4313      	orrs	r3, r2
 80016dc:	60fb      	str	r3, [r7, #12]
\\TJAND17\sen.he\project\unc_linux_rls_25d\source\bsp\mcu\GD\GD ARM MCU Debug/../src/drivers/nand/GD5F1GQ4xExxG.c:86

	spi_nand_cs_sel(true);
 80016de:	2001      	movs	r0, #1
 80016e0:	f7ff ff47 	bl	8001572 <spi_nand_cs_sel>
\\TJAND17\sen.he\project\unc_linux_rls_25d\source\bsp\mcu\GD\GD ARM MCU Debug/../src/drivers/nand/GD5F1GQ4xExxG.c:88

	spi_nand_rw_byte(NAND_PAGEREADTOCATCH);
 80016e4:	2013      	movs	r0, #19
 80016e6:	f7ff fd80 	bl	80011ea <spi_nand_rw_byte>
\\TJAND17\sen.he\project\unc_linux_rls_25d\source\bsp\mcu\GD\GD ARM MCU Debug/../src/drivers/nand/GD5F1GQ4xExxG.c:89
	spi_nand_rw_byte((uint8_t)((block_add) >> 16));
 80016ea:	68fb      	ldr	r3, [r7, #12]
 80016ec:	0c1b      	lsrs	r3, r3, #16
 80016ee:	b2db      	uxtb	r3, r3
 80016f0:	0018      	movs	r0, r3
 80016f2:	f7ff fd7a 	bl	80011ea <spi_nand_rw_byte>
\\TJAND17\sen.he\project\unc_linux_rls_25d\source\bsp\mcu\GD\GD ARM MCU Debug/../src/drivers/nand/GD5F1GQ4xExxG.c:90
	spi_nand_rw_byte((uint8_t)((block_add) >> 8));
 80016f6:	68fb      	ldr	r3, [r7, #12]
 80016f8:	0a1b      	lsrs	r3, r3, #8
 80016fa:	b2db      	uxtb	r3, r3
 80016fc:	0018      	movs	r0, r3
 80016fe:	f7ff fd74 	bl	80011ea <spi_nand_rw_byte>
\\TJAND17\sen.he\project\unc_linux_rls_25d\source\bsp\mcu\GD\GD ARM MCU Debug/../src/drivers/nand/GD5F1GQ4xExxG.c:91
	spi_nand_rw_byte((uint8_t)block_add);
 8001702:	68fb      	ldr	r3, [r7, #12]
 8001704:	b2db      	uxtb	r3, r3
 8001706:	0018      	movs	r0, r3
 8001708:	f7ff fd6f 	bl	80011ea <spi_nand_rw_byte>
\\TJAND17\sen.he\project\unc_linux_rls_25d\source\bsp\mcu\GD\GD ARM MCU Debug/../src/drivers/nand/GD5F1GQ4xExxG.c:93

	spi_nand_cs_sel(false);
 800170c:	2000      	movs	r0, #0
 800170e:	f7ff ff30 	bl	8001572 <spi_nand_cs_sel>
\\TJAND17\sen.he\project\unc_linux_rls_25d\source\bsp\mcu\GD\GD ARM MCU Debug/../src/drivers/nand/GD5F1GQ4xExxG.c:95

	while((spi_nand_get_feature(NAND_REGS_STATUS) & NAND_STATUS_QIP) != 0);
 8001712:	46c0      	nop			; (mov r8, r8)
\\TJAND17\sen.he\project\unc_linux_rls_25d\source\bsp\mcu\GD\GD ARM MCU Debug/../src/drivers/nand/GD5F1GQ4xExxG.c:95 (discriminator 1)
 8001714:	20c0      	movs	r0, #192	; 0xc0
 8001716:	f7ff ff71 	bl	80015fc <spi_nand_get_feature>
 800171a:	0003      	movs	r3, r0
 800171c:	001a      	movs	r2, r3
 800171e:	2301      	movs	r3, #1
 8001720:	4013      	ands	r3, r2
 8001722:	2b00      	cmp	r3, #0
 8001724:	d1f6      	bne.n	8001714 <spi_nand_read2cache+0x5a>
\\TJAND17\sen.he\project\unc_linux_rls_25d\source\bsp\mcu\GD\GD ARM MCU Debug/../src/drivers/nand/GD5F1GQ4xExxG.c:96
}
 8001726:	46c0      	nop			; (mov r8, r8)
 8001728:	46c0      	nop			; (mov r8, r8)
 800172a:	46bd      	mov	sp, r7
 800172c:	b004      	add	sp, #16
 800172e:	bd80      	pop	{r7, pc}

08001730 <spi_nand_write_enable>:
spi_nand_write_enable():
\\TJAND17\sen.he\project\unc_linux_rls_25d\source\bsp\mcu\GD\GD ARM MCU Debug/../src/drivers/nand/GD5F1GQ4xExxG.c:102

/**
 * @brief Enable NAND flash write
 */
void spi_nand_write_enable(void)
{
 8001730:	b580      	push	{r7, lr}
 8001732:	af00      	add	r7, sp, #0
\\TJAND17\sen.he\project\unc_linux_rls_25d\source\bsp\mcu\GD\GD ARM MCU Debug/../src/drivers/nand/GD5F1GQ4xExxG.c:103
	spi_nand_cs_sel(true);
 8001734:	2001      	movs	r0, #1
 8001736:	f7ff ff1c 	bl	8001572 <spi_nand_cs_sel>
\\TJAND17\sen.he\project\unc_linux_rls_25d\source\bsp\mcu\GD\GD ARM MCU Debug/../src/drivers/nand/GD5F1GQ4xExxG.c:105

	spi_nand_rw_byte(NAND_WRITEENABLE);
 800173a:	2006      	movs	r0, #6
 800173c:	f7ff fd55 	bl	80011ea <spi_nand_rw_byte>
\\TJAND17\sen.he\project\unc_linux_rls_25d\source\bsp\mcu\GD\GD ARM MCU Debug/../src/drivers/nand/GD5F1GQ4xExxG.c:107

	spi_nand_cs_sel(false);
 8001740:	2000      	movs	r0, #0
 8001742:	f7ff ff16 	bl	8001572 <spi_nand_cs_sel>
\\TJAND17\sen.he\project\unc_linux_rls_25d\source\bsp\mcu\GD\GD ARM MCU Debug/../src/drivers/nand/GD5F1GQ4xExxG.c:108
}
 8001746:	46c0      	nop			; (mov r8, r8)
 8001748:	46bd      	mov	sp, r7
 800174a:	bd80      	pop	{r7, pc}

0800174c <spi_nand_enable_ecc>:
spi_nand_enable_ecc():
\\TJAND17\sen.he\project\unc_linux_rls_25d\source\bsp\mcu\GD\GD ARM MCU Debug/../src/drivers/nand/GD5F1GQ4xExxG.c:175

/**
 * @brief Enable NAND flash ECC
 */
void spi_nand_enable_ecc(void)
{
 800174c:	b590      	push	{r4, r7, lr}
 800174e:	b083      	sub	sp, #12
 8001750:	af00      	add	r7, sp, #0
\\TJAND17\sen.he\project\unc_linux_rls_25d\source\bsp\mcu\GD\GD ARM MCU Debug/../src/drivers/nand/GD5F1GQ4xExxG.c:176
	uint8_t getStatus = 0;
 8001752:	1dfb      	adds	r3, r7, #7
 8001754:	2200      	movs	r2, #0
 8001756:	701a      	strb	r2, [r3, #0]
\\TJAND17\sen.he\project\unc_linux_rls_25d\source\bsp\mcu\GD\GD ARM MCU Debug/../src/drivers/nand/GD5F1GQ4xExxG.c:178

	getStatus = spi_nand_get_feature(NAND_REGS_FEATURE);
 8001758:	1dfc      	adds	r4, r7, #7
 800175a:	20b0      	movs	r0, #176	; 0xb0
 800175c:	f7ff ff4e 	bl	80015fc <spi_nand_get_feature>
 8001760:	0003      	movs	r3, r0
 8001762:	7023      	strb	r3, [r4, #0]
\\TJAND17\sen.he\project\unc_linux_rls_25d\source\bsp\mcu\GD\GD ARM MCU Debug/../src/drivers/nand/GD5F1GQ4xExxG.c:179
	getStatus |= 1 << 4;
 8001764:	1dfb      	adds	r3, r7, #7
 8001766:	1dfa      	adds	r2, r7, #7
 8001768:	7812      	ldrb	r2, [r2, #0]
 800176a:	2110      	movs	r1, #16
 800176c:	430a      	orrs	r2, r1
 800176e:	701a      	strb	r2, [r3, #0]
\\TJAND17\sen.he\project\unc_linux_rls_25d\source\bsp\mcu\GD\GD ARM MCU Debug/../src/drivers/nand/GD5F1GQ4xExxG.c:180
	spi_nand_set_feature(NAND_REGS_FEATURE, getStatus);
 8001770:	1dfb      	adds	r3, r7, #7
 8001772:	781b      	ldrb	r3, [r3, #0]
 8001774:	0019      	movs	r1, r3
 8001776:	20b0      	movs	r0, #176	; 0xb0
 8001778:	f7ff ff20 	bl	80015bc <spi_nand_set_feature>
\\TJAND17\sen.he\project\unc_linux_rls_25d\source\bsp\mcu\GD\GD ARM MCU Debug/../src/drivers/nand/GD5F1GQ4xExxG.c:181
}
 800177c:	46c0      	nop			; (mov r8, r8)
 800177e:	46bd      	mov	sp, r7
 8001780:	b003      	add	sp, #12
 8001782:	bd90      	pop	{r4, r7, pc}

08001784 <spi_nand_disable_ecc>:
spi_nand_disable_ecc():
\\TJAND17\sen.he\project\unc_linux_rls_25d\source\bsp\mcu\GD\GD ARM MCU Debug/../src/drivers/nand/GD5F1GQ4xExxG.c:187

/**
 * @brief Disable NAND flash ECC
 */
void spi_nand_disable_ecc(void)
{
 8001784:	b590      	push	{r4, r7, lr}
 8001786:	b083      	sub	sp, #12
 8001788:	af00      	add	r7, sp, #0
\\TJAND17\sen.he\project\unc_linux_rls_25d\source\bsp\mcu\GD\GD ARM MCU Debug/../src/drivers/nand/GD5F1GQ4xExxG.c:188
	uint8_t getStatus = 0;
 800178a:	1dfb      	adds	r3, r7, #7
 800178c:	2200      	movs	r2, #0
 800178e:	701a      	strb	r2, [r3, #0]
\\TJAND17\sen.he\project\unc_linux_rls_25d\source\bsp\mcu\GD\GD ARM MCU Debug/../src/drivers/nand/GD5F1GQ4xExxG.c:190

	getStatus = spi_nand_get_feature(NAND_REGS_FEATURE);
 8001790:	1dfc      	adds	r4, r7, #7
 8001792:	20b0      	movs	r0, #176	; 0xb0
 8001794:	f7ff ff32 	bl	80015fc <spi_nand_get_feature>
 8001798:	0003      	movs	r3, r0
 800179a:	7023      	strb	r3, [r4, #0]
\\TJAND17\sen.he\project\unc_linux_rls_25d\source\bsp\mcu\GD\GD ARM MCU Debug/../src/drivers/nand/GD5F1GQ4xExxG.c:191
	getStatus &= ~(1 << 4);
 800179c:	1dfb      	adds	r3, r7, #7
 800179e:	1dfa      	adds	r2, r7, #7
 80017a0:	7812      	ldrb	r2, [r2, #0]
 80017a2:	2110      	movs	r1, #16
 80017a4:	438a      	bics	r2, r1
 80017a6:	701a      	strb	r2, [r3, #0]
\\TJAND17\sen.he\project\unc_linux_rls_25d\source\bsp\mcu\GD\GD ARM MCU Debug/../src/drivers/nand/GD5F1GQ4xExxG.c:192
	spi_nand_set_feature(NAND_REGS_FEATURE, getStatus);
 80017a8:	1dfb      	adds	r3, r7, #7
 80017aa:	781b      	ldrb	r3, [r3, #0]
 80017ac:	0019      	movs	r1, r3
 80017ae:	20b0      	movs	r0, #176	; 0xb0
 80017b0:	f7ff ff04 	bl	80015bc <spi_nand_set_feature>
\\TJAND17\sen.he\project\unc_linux_rls_25d\source\bsp\mcu\GD\GD ARM MCU Debug/../src/drivers/nand/GD5F1GQ4xExxG.c:193
}
 80017b4:	46c0      	nop			; (mov r8, r8)
 80017b6:	46bd      	mov	sp, r7
 80017b8:	b003      	add	sp, #12
 80017ba:	bd90      	pop	{r4, r7, pc}

080017bc <spi_nand_check_ecc>:
spi_nand_check_ecc():
\\TJAND17\sen.he\project\unc_linux_rls_25d\source\bsp\mcu\GD\GD ARM MCU Debug/../src/drivers/nand/GD5F1GQ4xExxG.c:200
/**
 * @brief Check NAND flash ECC status
 * @return NAND_OK if no error, NAND_FAIL if error
 */
uint8_t spi_nand_check_ecc(void)
{
 80017bc:	b590      	push	{r4, r7, lr}
 80017be:	b083      	sub	sp, #12
 80017c0:	af00      	add	r7, sp, #0
\\TJAND17\sen.he\project\unc_linux_rls_25d\source\bsp\mcu\GD\GD ARM MCU Debug/../src/drivers/nand/GD5F1GQ4xExxG.c:201
	uint8_t getStatus = 0;
 80017c2:	1dfb      	adds	r3, r7, #7
 80017c4:	2200      	movs	r2, #0
 80017c6:	701a      	strb	r2, [r3, #0]
\\TJAND17\sen.he\project\unc_linux_rls_25d\source\bsp\mcu\GD\GD ARM MCU Debug/../src/drivers/nand/GD5F1GQ4xExxG.c:203

	getStatus = spi_nand_get_feature(NAND_REGS_FEATURE);
 80017c8:	1dfc      	adds	r4, r7, #7
 80017ca:	20b0      	movs	r0, #176	; 0xb0
 80017cc:	f7ff ff16 	bl	80015fc <spi_nand_get_feature>
 80017d0:	0003      	movs	r3, r0
 80017d2:	7023      	strb	r3, [r4, #0]
\\TJAND17\sen.he\project\unc_linux_rls_25d\source\bsp\mcu\GD\GD ARM MCU Debug/../src/drivers/nand/GD5F1GQ4xExxG.c:204
	if(((getStatus & NAND_STATUS_ECCS1) == NAND_STATUS_ECCS1) &&
 80017d4:	1dfb      	adds	r3, r7, #7
 80017d6:	781b      	ldrb	r3, [r3, #0]
 80017d8:	2220      	movs	r2, #32
 80017da:	4013      	ands	r3, r2
 80017dc:	b133      	cbz	r3, 80017ec <spi_nand_check_ecc+0x30>
\\TJAND17\sen.he\project\unc_linux_rls_25d\source\bsp\mcu\GD\GD ARM MCU Debug/../src/drivers/nand/GD5F1GQ4xExxG.c:205 (discriminator 1)
		((getStatus & NAND_STATUS_ECCS0) == 0))
 80017de:	1dfb      	adds	r3, r7, #7
 80017e0:	781b      	ldrb	r3, [r3, #0]
 80017e2:	2210      	movs	r2, #16
 80017e4:	4013      	ands	r3, r2
\\TJAND17\sen.he\project\unc_linux_rls_25d\source\bsp\mcu\GD\GD ARM MCU Debug/../src/drivers/nand/GD5F1GQ4xExxG.c:204 (discriminator 1)
	if(((getStatus & NAND_STATUS_ECCS1) == NAND_STATUS_ECCS1) &&
 80017e6:	b90b      	cbnz	r3, 80017ec <spi_nand_check_ecc+0x30>
\\TJAND17\sen.he\project\unc_linux_rls_25d\source\bsp\mcu\GD\GD ARM MCU Debug/../src/drivers/nand/GD5F1GQ4xExxG.c:206
		return NAND_FAIL;
 80017e8:	2301      	movs	r3, #1
 80017ea:	e000      	b.n	80017ee <spi_nand_check_ecc+0x32>
\\TJAND17\sen.he\project\unc_linux_rls_25d\source\bsp\mcu\GD\GD ARM MCU Debug/../src/drivers/nand/GD5F1GQ4xExxG.c:208

	return NAND_OK;
 80017ec:	2300      	movs	r3, #0
\\TJAND17\sen.he\project\unc_linux_rls_25d\source\bsp\mcu\GD\GD ARM MCU Debug/../src/drivers/nand/GD5F1GQ4xExxG.c:209
}
 80017ee:	0018      	movs	r0, r3
 80017f0:	46bd      	mov	sp, r7
 80017f2:	b003      	add	sp, #12
 80017f4:	bd90      	pop	{r4, r7, pc}

080017f6 <spi_nand_erase_blk>:
spi_nand_erase_blk():
\\TJAND17\sen.he\project\unc_linux_rls_25d\source\bsp\mcu\GD\GD ARM MCU Debug/../src/drivers/nand/GD5F1GQ4xExxG.c:217
 * @brief Erase NAND flash block
 * @param BlockID Block number to erase
 * @return Status register value
 */
uint8_t spi_nand_erase_blk(uint32_t BlockID)
{
 80017f6:	b580      	push	{r7, lr}
 80017f8:	b084      	sub	sp, #16
 80017fa:	af00      	add	r7, sp, #0
 80017fc:	6078      	str	r0, [r7, #4]
\\TJAND17\sen.he\project\unc_linux_rls_25d\source\bsp\mcu\GD\GD ARM MCU Debug/../src/drivers/nand/GD5F1GQ4xExxG.c:218
	uint32_t Blockaddr = ((BlockID & 0x3ff) << 6);
 80017fe:	687b      	ldr	r3, [r7, #4]
 8001800:	019b      	lsls	r3, r3, #6
 8001802:	041b      	lsls	r3, r3, #16
 8001804:	0c1b      	lsrs	r3, r3, #16
 8001806:	60fb      	str	r3, [r7, #12]
\\TJAND17\sen.he\project\unc_linux_rls_25d\source\bsp\mcu\GD\GD ARM MCU Debug/../src/drivers/nand/GD5F1GQ4xExxG.c:220

	spi_nand_write_enable();
 8001808:	f7ff ff92 	bl	8001730 <spi_nand_write_enable>
\\TJAND17\sen.he\project\unc_linux_rls_25d\source\bsp\mcu\GD\GD ARM MCU Debug/../src/drivers/nand/GD5F1GQ4xExxG.c:222

	spi_nand_cs_sel(true);
 800180c:	2001      	movs	r0, #1
 800180e:	f7ff feb0 	bl	8001572 <spi_nand_cs_sel>
\\TJAND17\sen.he\project\unc_linux_rls_25d\source\bsp\mcu\GD\GD ARM MCU Debug/../src/drivers/nand/GD5F1GQ4xExxG.c:224

	spi_nand_rw_byte(NAND_BLOCKERASE);
 8001812:	20d8      	movs	r0, #216	; 0xd8
 8001814:	f7ff fce9 	bl	80011ea <spi_nand_rw_byte>
\\TJAND17\sen.he\project\unc_linux_rls_25d\source\bsp\mcu\GD\GD ARM MCU Debug/../src/drivers/nand/GD5F1GQ4xExxG.c:225
	spi_nand_rw_byte((Blockaddr & 0xFF0000) >> 16);
 8001818:	68fb      	ldr	r3, [r7, #12]
 800181a:	0c1b      	lsrs	r3, r3, #16
 800181c:	b2db      	uxtb	r3, r3
 800181e:	0018      	movs	r0, r3
 8001820:	f7ff fce3 	bl	80011ea <spi_nand_rw_byte>
\\TJAND17\sen.he\project\unc_linux_rls_25d\source\bsp\mcu\GD\GD ARM MCU Debug/../src/drivers/nand/GD5F1GQ4xExxG.c:226
	spi_nand_rw_byte((Blockaddr & 0xFF00) >> 8);
 8001824:	68fb      	ldr	r3, [r7, #12]
 8001826:	0a1b      	lsrs	r3, r3, #8
 8001828:	b2db      	uxtb	r3, r3
 800182a:	0018      	movs	r0, r3
 800182c:	f7ff fcdd 	bl	80011ea <spi_nand_rw_byte>
\\TJAND17\sen.he\project\unc_linux_rls_25d\source\bsp\mcu\GD\GD ARM MCU Debug/../src/drivers/nand/GD5F1GQ4xExxG.c:227
	spi_nand_rw_byte(Blockaddr & 0xFF);
 8001830:	68fb      	ldr	r3, [r7, #12]
 8001832:	b2db      	uxtb	r3, r3
 8001834:	0018      	movs	r0, r3
 8001836:	f7ff fcd8 	bl	80011ea <spi_nand_rw_byte>
\\TJAND17\sen.he\project\unc_linux_rls_25d\source\bsp\mcu\GD\GD ARM MCU Debug/../src/drivers/nand/GD5F1GQ4xExxG.c:229

	spi_nand_cs_sel(false);
 800183a:	2000      	movs	r0, #0
 800183c:	f7ff fe99 	bl	8001572 <spi_nand_cs_sel>
\\TJAND17\sen.he\project\unc_linux_rls_25d\source\bsp\mcu\GD\GD ARM MCU Debug/../src/drivers/nand/GD5F1GQ4xExxG.c:231

	while((spi_nand_get_feature(NAND_REGS_STATUS) & NAND_STATUS_QIP) != 0);
 8001840:	46c0      	nop			; (mov r8, r8)
\\TJAND17\sen.he\project\unc_linux_rls_25d\source\bsp\mcu\GD\GD ARM MCU Debug/../src/drivers/nand/GD5F1GQ4xExxG.c:231 (discriminator 1)
 8001842:	20c0      	movs	r0, #192	; 0xc0
 8001844:	f7ff feda 	bl	80015fc <spi_nand_get_feature>
 8001848:	0003      	movs	r3, r0
 800184a:	001a      	movs	r2, r3
 800184c:	2301      	movs	r3, #1
 800184e:	4013      	ands	r3, r2
 8001850:	2b00      	cmp	r3, #0
 8001852:	d1f6      	bne.n	8001842 <spi_nand_erase_blk+0x4c>
\\TJAND17\sen.he\project\unc_linux_rls_25d\source\bsp\mcu\GD\GD ARM MCU Debug/../src/drivers/nand/GD5F1GQ4xExxG.c:233

	return spi_nand_get_feature(NAND_REGS_STATUS);
 8001854:	20c0      	movs	r0, #192	; 0xc0
 8001856:	f7ff fed1 	bl	80015fc <spi_nand_get_feature>
 800185a:	0003      	movs	r3, r0
\\TJAND17\sen.he\project\unc_linux_rls_25d\source\bsp\mcu\GD\GD ARM MCU Debug/../src/drivers/nand/GD5F1GQ4xExxG.c:234
}
 800185c:	0018      	movs	r0, r3
 800185e:	46bd      	mov	sp, r7
 8001860:	b004      	add	sp, #16
 8001862:	bd80      	pop	{r7, pc}

08001864 <spi_nand_config>:
spi_nand_config():
\\TJAND17\sen.he\project\unc_linux_rls_25d\source\bsp\mcu\GD\GD ARM MCU Debug/../src/drivers/nand/GD5F1GQ4xExxG.c:237

void spi_nand_config(void)
{
 8001864:	b580      	push	{r7, lr}
 8001866:	af00      	add	r7, sp, #0
\\TJAND17\sen.he\project\unc_linux_rls_25d\source\bsp\mcu\GD\GD ARM MCU Debug/../src/drivers/nand/GD5F1GQ4xExxG.c:238
	spi_nand_reset();
 8001868:	f7ff fcf5 	bl	8001256 <spi_nand_reset>
\\TJAND17\sen.he\project\unc_linux_rls_25d\source\bsp\mcu\GD\GD ARM MCU Debug/../src/drivers/nand/GD5F1GQ4xExxG.c:239
	delay_1ms(2);
 800186c:	2002      	movs	r0, #2
 800186e:	f7fe fd1a 	bl	80002a6 <delay_1ms>
\\TJAND17\sen.he\project\unc_linux_rls_25d\source\bsp\mcu\GD\GD ARM MCU Debug/../src/drivers/nand/GD5F1GQ4xExxG.c:240
}
 8001872:	46c0      	nop			; (mov r8, r8)
 8001874:	46bd      	mov	sp, r7
 8001876:	bd80      	pop	{r7, pc}

08001878 <spi_nand_check_blk_sts>:
spi_nand_check_blk_sts():
\\TJAND17\sen.he\project\unc_linux_rls_25d\source\bsp\mcu\GD\GD ARM MCU Debug/../src/drivers/nand/GD5F1GQ4xExxG.c:243

void spi_nand_check_blk_sts(NAND_ADDRESS address, SPARE_AREA *block_statue)
{
 8001878:	b590      	push	{r4, r7, lr}
 800187a:	b087      	sub	sp, #28
 800187c:	af00      	add	r7, sp, #0
 800187e:	2408      	movs	r4, #8
 8001880:	193b      	adds	r3, r7, r4
 8001882:	6018      	str	r0, [r3, #0]
 8001884:	6059      	str	r1, [r3, #4]
 8001886:	607a      	str	r2, [r7, #4]
\\TJAND17\sen.he\project\unc_linux_rls_25d\source\bsp\mcu\GD\GD ARM MCU Debug/../src/drivers/nand/GD5F1GQ4xExxG.c:246
	uint8_t Buffer[4];

	address.Page = 0;
 8001888:	0021      	movs	r1, r4
 800188a:	187b      	adds	r3, r7, r1
 800188c:	2200      	movs	r2, #0
 800188e:	805a      	strh	r2, [r3, #2]
\\TJAND17\sen.he\project\unc_linux_rls_25d\source\bsp\mcu\GD\GD ARM MCU Debug/../src/drivers/nand/GD5F1GQ4xExxG.c:247
	spi_nand_read2cache(address);
 8001890:	000c      	movs	r4, r1
 8001892:	187b      	adds	r3, r7, r1
 8001894:	6818      	ldr	r0, [r3, #0]
 8001896:	6859      	ldr	r1, [r3, #4]
 8001898:	f7ff ff0f 	bl	80016ba <spi_nand_read2cache>
\\TJAND17\sen.he\project\unc_linux_rls_25d\source\bsp\mcu\GD\GD ARM MCU Debug/../src/drivers/nand/GD5F1GQ4xExxG.c:248
	spi_nand_read_from_cache(Buffer, address, 4);
 800189c:	193a      	adds	r2, r7, r4
 800189e:	2414      	movs	r4, #20
 80018a0:	1938      	adds	r0, r7, r4
 80018a2:	2304      	movs	r3, #4
 80018a4:	6811      	ldr	r1, [r2, #0]
 80018a6:	6852      	ldr	r2, [r2, #4]
 80018a8:	f7ff fecd 	bl	8001646 <spi_nand_read_from_cache>
\\TJAND17\sen.he\project\unc_linux_rls_25d\source\bsp\mcu\GD\GD ARM MCU Debug/../src/drivers/nand/GD5F1GQ4xExxG.c:249
	*block_statue = *(SPARE_AREA *)Buffer;
 80018ac:	193b      	adds	r3, r7, r4
 80018ae:	687a      	ldr	r2, [r7, #4]
 80018b0:	0010      	movs	r0, r2
 80018b2:	0019      	movs	r1, r3
 80018b4:	2304      	movs	r3, #4
 80018b6:	001a      	movs	r2, r3
 80018b8:	f7ff fbc4 	bl	8001044 <memcpy>
\\TJAND17\sen.he\project\unc_linux_rls_25d\source\bsp\mcu\GD\GD ARM MCU Debug/../src/drivers/nand/GD5F1GQ4xExxG.c:250
}
 80018bc:	46c0      	nop			; (mov r8, r8)
 80018be:	46bd      	mov	sp, r7
 80018c0:	b007      	add	sp, #28
 80018c2:	bd90      	pop	{r4, r7, pc}

080018c4 <foresee_spi_nand_check_ecc>:
foresee_spi_nand_check_ecc():
\\TJAND17\sen.he\project\unc_linux_rls_25d\source\bsp\mcu\GD\GD ARM MCU Debug/../src/drivers/nand/FORESEE_F35UQB004G.c:19

#include <stdio.h>
#include "GD5F1GQ4xExxG.h"

uint8_t foresee_spi_nand_check_ecc(void)
{
 80018c4:	b590      	push	{r4, r7, lr}
 80018c6:	b083      	sub	sp, #12
 80018c8:	af00      	add	r7, sp, #0
\\TJAND17\sen.he\project\unc_linux_rls_25d\source\bsp\mcu\GD\GD ARM MCU Debug/../src/drivers/nand/FORESEE_F35UQB004G.c:20
	uint8_t GetStatus = 0;
 80018ca:	1dfb      	adds	r3, r7, #7
 80018cc:	2200      	movs	r2, #0
 80018ce:	701a      	strb	r2, [r3, #0]
\\TJAND17\sen.he\project\unc_linux_rls_25d\source\bsp\mcu\GD\GD ARM MCU Debug/../src/drivers/nand/FORESEE_F35UQB004G.c:22

	GetStatus = spi_nand_get_feature(NAND_REGS_FEATURE);
 80018d0:	1dfc      	adds	r4, r7, #7
 80018d2:	20b0      	movs	r0, #176	; 0xb0
 80018d4:	f7ff fe92 	bl	80015fc <spi_nand_get_feature>
 80018d8:	0003      	movs	r3, r0
 80018da:	7023      	strb	r3, [r4, #0]
\\TJAND17\sen.he\project\unc_linux_rls_25d\source\bsp\mcu\GD\GD ARM MCU Debug/../src/drivers/nand/FORESEE_F35UQB004G.c:23
	if((GetStatus & (NAND_STATUS_ECCS1 | NAND_STATUS_ECCS1 | NAND_STATUS_ECCS0))
 80018dc:	1dfb      	adds	r3, r7, #7
 80018de:	781b      	ldrb	r3, [r3, #0]
 80018e0:	2230      	movs	r2, #48	; 0x30
 80018e2:	4013      	ands	r3, r2
 80018e4:	2b30      	cmp	r3, #48	; 0x30
 80018e6:	d101      	bne.n	80018ec <foresee_spi_nand_check_ecc+0x28>
\\TJAND17\sen.he\project\unc_linux_rls_25d\source\bsp\mcu\GD\GD ARM MCU Debug/../src/drivers/nand/FORESEE_F35UQB004G.c:25
		== (NAND_STATUS_ECCS1 | NAND_STATUS_ECCS1 | NAND_STATUS_ECCS0))
		return NAND_FAIL;
 80018e8:	2301      	movs	r3, #1
 80018ea:	e000      	b.n	80018ee <foresee_spi_nand_check_ecc+0x2a>
\\TJAND17\sen.he\project\unc_linux_rls_25d\source\bsp\mcu\GD\GD ARM MCU Debug/../src/drivers/nand/FORESEE_F35UQB004G.c:27

	return NAND_OK;
 80018ec:	2300      	movs	r3, #0
\\TJAND17\sen.he\project\unc_linux_rls_25d\source\bsp\mcu\GD\GD ARM MCU Debug/../src/drivers/nand/FORESEE_F35UQB004G.c:29

}
 80018ee:	0018      	movs	r0, r3
 80018f0:	46bd      	mov	sp, r7
 80018f2:	b003      	add	sp, #12
 80018f4:	bd90      	pop	{r4, r7, pc}

080018f6 <spi_nand_continue_read_disable>:
spi_nand_continue_read_disable():
\\TJAND17\sen.he\project\unc_linux_rls_25d\source\bsp\mcu\GD\GD ARM MCU Debug/../src/drivers/nand/ESMTF50D1G41MYB.c:24

/**
 * @brief Disable continuous read mode
 */
static void spi_nand_continue_read_disable(void)
{
 80018f6:	b590      	push	{r4, r7, lr}
 80018f8:	b083      	sub	sp, #12
 80018fa:	af00      	add	r7, sp, #0
\\TJAND17\sen.he\project\unc_linux_rls_25d\source\bsp\mcu\GD\GD ARM MCU Debug/../src/drivers/nand/ESMTF50D1G41MYB.c:27
	uint8_t getStatus;

	getStatus = spi_nand_get_feature(NAND_REGS_FEATURE);
 80018fc:	1dfc      	adds	r4, r7, #7
 80018fe:	20b0      	movs	r0, #176	; 0xb0
 8001900:	f7ff fe7c 	bl	80015fc <spi_nand_get_feature>
 8001904:	0003      	movs	r3, r0
 8001906:	7023      	strb	r3, [r4, #0]
\\TJAND17\sen.he\project\unc_linux_rls_25d\source\bsp\mcu\GD\GD ARM MCU Debug/../src/drivers/nand/ESMTF50D1G41MYB.c:28
	getStatus |= (1 << 3);
 8001908:	1dfb      	adds	r3, r7, #7
 800190a:	1dfa      	adds	r2, r7, #7
 800190c:	7812      	ldrb	r2, [r2, #0]
 800190e:	2108      	movs	r1, #8
 8001910:	430a      	orrs	r2, r1
 8001912:	701a      	strb	r2, [r3, #0]
\\TJAND17\sen.he\project\unc_linux_rls_25d\source\bsp\mcu\GD\GD ARM MCU Debug/../src/drivers/nand/ESMTF50D1G41MYB.c:29
	spi_nand_set_feature(NAND_REGS_FEATURE, getStatus);
 8001914:	1dfb      	adds	r3, r7, #7
 8001916:	781b      	ldrb	r3, [r3, #0]
 8001918:	0019      	movs	r1, r3
 800191a:	20b0      	movs	r0, #176	; 0xb0
 800191c:	f7ff fe4e 	bl	80015bc <spi_nand_set_feature>
\\TJAND17\sen.he\project\unc_linux_rls_25d\source\bsp\mcu\GD\GD ARM MCU Debug/../src/drivers/nand/ESMTF50D1G41MYB.c:30
}
 8001920:	46c0      	nop			; (mov r8, r8)
 8001922:	46bd      	mov	sp, r7
 8001924:	b003      	add	sp, #12
 8001926:	bd90      	pop	{r4, r7, pc}

08001928 <spi_nand_continue_read_enable>:
spi_nand_continue_read_enable():
\\TJAND17\sen.he\project\unc_linux_rls_25d\source\bsp\mcu\GD\GD ARM MCU Debug/../src/drivers/nand/ESMTF50D1G41MYB.c:36

/**
 * @brief Enable continuous read mode
 */
static void spi_nand_continue_read_enable(void)
{
 8001928:	b590      	push	{r4, r7, lr}
 800192a:	b083      	sub	sp, #12
 800192c:	af00      	add	r7, sp, #0
\\TJAND17\sen.he\project\unc_linux_rls_25d\source\bsp\mcu\GD\GD ARM MCU Debug/../src/drivers/nand/ESMTF50D1G41MYB.c:39
	uint8_t getStatus;

	getStatus = spi_nand_get_feature(NAND_REGS_FEATURE);
 800192e:	1dfc      	adds	r4, r7, #7
 8001930:	20b0      	movs	r0, #176	; 0xb0
 8001932:	f7ff fe63 	bl	80015fc <spi_nand_get_feature>
 8001936:	0003      	movs	r3, r0
 8001938:	7023      	strb	r3, [r4, #0]
\\TJAND17\sen.he\project\unc_linux_rls_25d\source\bsp\mcu\GD\GD ARM MCU Debug/../src/drivers/nand/ESMTF50D1G41MYB.c:40
	getStatus &= ~(1 << 3);
 800193a:	1dfb      	adds	r3, r7, #7
 800193c:	1dfa      	adds	r2, r7, #7
 800193e:	7812      	ldrb	r2, [r2, #0]
 8001940:	2108      	movs	r1, #8
 8001942:	438a      	bics	r2, r1
 8001944:	701a      	strb	r2, [r3, #0]
\\TJAND17\sen.he\project\unc_linux_rls_25d\source\bsp\mcu\GD\GD ARM MCU Debug/../src/drivers/nand/ESMTF50D1G41MYB.c:41
	spi_nand_set_feature(NAND_REGS_FEATURE, getStatus);
 8001946:	1dfb      	adds	r3, r7, #7
 8001948:	781b      	ldrb	r3, [r3, #0]
 800194a:	0019      	movs	r1, r3
 800194c:	20b0      	movs	r0, #176	; 0xb0
 800194e:	f7ff fe35 	bl	80015bc <spi_nand_set_feature>
\\TJAND17\sen.he\project\unc_linux_rls_25d\source\bsp\mcu\GD\GD ARM MCU Debug/../src/drivers/nand/ESMTF50D1G41MYB.c:42
}
 8001952:	46c0      	nop			; (mov r8, r8)
 8001954:	46bd      	mov	sp, r7
 8001956:	b003      	add	sp, #12
 8001958:	bd90      	pop	{r4, r7, pc}

0800195a <esmt_spi_nand_config>:
esmt_spi_nand_config():
\\TJAND17\sen.he\project\unc_linux_rls_25d\source\bsp\mcu\GD\GD ARM MCU Debug/../src/drivers/nand/ESMTF50D1G41MYB.c:48

/**
 * @brief Configure ESMT NAND flash
 */
static void esmt_spi_nand_config(void)
{
 800195a:	b580      	push	{r7, lr}
 800195c:	af00      	add	r7, sp, #0
\\TJAND17\sen.he\project\unc_linux_rls_25d\source\bsp\mcu\GD\GD ARM MCU Debug/../src/drivers/nand/ESMTF50D1G41MYB.c:49
	spi_nand_reset();
 800195e:	f7ff fc7a 	bl	8001256 <spi_nand_reset>
\\TJAND17\sen.he\project\unc_linux_rls_25d\source\bsp\mcu\GD\GD ARM MCU Debug/../src/drivers/nand/ESMTF50D1G41MYB.c:50
	delay_1ms(2);
 8001962:	2002      	movs	r0, #2
 8001964:	f7fe fc9f 	bl	80002a6 <delay_1ms>
\\TJAND17\sen.he\project\unc_linux_rls_25d\source\bsp\mcu\GD\GD ARM MCU Debug/../src/drivers/nand/ESMTF50D1G41MYB.c:51
	spi_nand_continue_read_disable();
 8001968:	f7ff ffc5 	bl	80018f6 <spi_nand_continue_read_disable>
\\TJAND17\sen.he\project\unc_linux_rls_25d\source\bsp\mcu\GD\GD ARM MCU Debug/../src/drivers/nand/ESMTF50D1G41MYB.c:52
}
 800196c:	46c0      	nop			; (mov r8, r8)
 800196e:	46bd      	mov	sp, r7
 8001970:	bd80      	pop	{r7, pc}

08001972 <esmt_spi_nand_recovery>:
esmt_spi_nand_recovery():
\\TJAND17\sen.he\project\unc_linux_rls_25d\source\bsp\mcu\GD\GD ARM MCU Debug/../src/drivers/nand/ESMTF50D1G41MYB.c:58

/**
 * @brief Recovery ESMT NAND flash
 */
static void esmt_spi_nand_recovery(void)
{
 8001972:	b580      	push	{r7, lr}
 8001974:	af00      	add	r7, sp, #0
\\TJAND17\sen.he\project\unc_linux_rls_25d\source\bsp\mcu\GD\GD ARM MCU Debug/../src/drivers/nand/ESMTF50D1G41MYB.c:59
	spi_nand_continue_read_enable();
 8001976:	f7ff ffd7 	bl	8001928 <spi_nand_continue_read_enable>
\\TJAND17\sen.he\project\unc_linux_rls_25d\source\bsp\mcu\GD\GD ARM MCU Debug/../src/drivers/nand/ESMTF50D1G41MYB.c:60
}
 800197a:	46c0      	nop			; (mov r8, r8)
 800197c:	46bd      	mov	sp, r7
 800197e:	bd80      	pop	{r7, pc}

08001980 <esmt_spi_nand_check_ecc>:
esmt_spi_nand_check_ecc():
\\TJAND17\sen.he\project\unc_linux_rls_25d\source\bsp\mcu\GD\GD ARM MCU Debug/../src/drivers/nand/ESMTF50D1G41MYB.c:67
/**
 * @brief Check ECC status for ESMT NAND
 * @return NAND_OK if no error, NAND_FAIL if error
 */
static uint8_t esmt_spi_nand_check_ecc(void)
{
 8001980:	b590      	push	{r4, r7, lr}
 8001982:	b083      	sub	sp, #12
 8001984:	af00      	add	r7, sp, #0
\\TJAND17\sen.he\project\unc_linux_rls_25d\source\bsp\mcu\GD\GD ARM MCU Debug/../src/drivers/nand/ESMTF50D1G41MYB.c:68
	uint8_t getStatus = 0;
 8001986:	1dfb      	adds	r3, r7, #7
 8001988:	2200      	movs	r2, #0
 800198a:	701a      	strb	r2, [r3, #0]
\\TJAND17\sen.he\project\unc_linux_rls_25d\source\bsp\mcu\GD\GD ARM MCU Debug/../src/drivers/nand/ESMTF50D1G41MYB.c:70

	getStatus = spi_nand_get_feature(NAND_REGS_FEATURE);
 800198c:	1dfc      	adds	r4, r7, #7
 800198e:	20b0      	movs	r0, #176	; 0xb0
 8001990:	f7ff fe34 	bl	80015fc <spi_nand_get_feature>
 8001994:	0003      	movs	r3, r0
 8001996:	7023      	strb	r3, [r4, #0]
\\TJAND17\sen.he\project\unc_linux_rls_25d\source\bsp\mcu\GD\GD ARM MCU Debug/../src/drivers/nand/ESMTF50D1G41MYB.c:71
	if ((((getStatus & NAND_STATUS_ECCS1) == NAND_STATUS_ECCS1) &&
 8001998:	1dfb      	adds	r3, r7, #7
 800199a:	781b      	ldrb	r3, [r3, #0]
 800199c:	2220      	movs	r2, #32
 800199e:	4013      	ands	r3, r2
 80019a0:	b123      	cbz	r3, 80019ac <esmt_spi_nand_check_ecc+0x2c>
\\TJAND17\sen.he\project\unc_linux_rls_25d\source\bsp\mcu\GD\GD ARM MCU Debug/../src/drivers/nand/ESMTF50D1G41MYB.c:72 (discriminator 1)
		((getStatus & NAND_STATUS_ECCS0) == 0)) ||
 80019a2:	1dfb      	adds	r3, r7, #7
 80019a4:	781b      	ldrb	r3, [r3, #0]
 80019a6:	2210      	movs	r2, #16
 80019a8:	4013      	ands	r3, r2
\\TJAND17\sen.he\project\unc_linux_rls_25d\source\bsp\mcu\GD\GD ARM MCU Debug/../src/drivers/nand/ESMTF50D1G41MYB.c:71 (discriminator 1)
	if ((((getStatus & NAND_STATUS_ECCS1) == NAND_STATUS_ECCS1) &&
 80019aa:	b14b      	cbz	r3, 80019c0 <esmt_spi_nand_check_ecc+0x40>
\\TJAND17\sen.he\project\unc_linux_rls_25d\source\bsp\mcu\GD\GD ARM MCU Debug/../src/drivers/nand/ESMTF50D1G41MYB.c:73
		(((getStatus & NAND_STATUS_ECCS1) == NAND_STATUS_ECCS1) &&
 80019ac:	1dfb      	adds	r3, r7, #7
 80019ae:	781b      	ldrb	r3, [r3, #0]
 80019b0:	2220      	movs	r2, #32
 80019b2:	4013      	ands	r3, r2
\\TJAND17\sen.he\project\unc_linux_rls_25d\source\bsp\mcu\GD\GD ARM MCU Debug/../src/drivers/nand/ESMTF50D1G41MYB.c:72
		((getStatus & NAND_STATUS_ECCS0) == 0)) ||
 80019b4:	b133      	cbz	r3, 80019c4 <esmt_spi_nand_check_ecc+0x44>
\\TJAND17\sen.he\project\unc_linux_rls_25d\source\bsp\mcu\GD\GD ARM MCU Debug/../src/drivers/nand/ESMTF50D1G41MYB.c:74
		((getStatus & NAND_STATUS_ECCS0) == NAND_STATUS_ECCS0)))
 80019b6:	1dfb      	adds	r3, r7, #7
 80019b8:	781b      	ldrb	r3, [r3, #0]
 80019ba:	2210      	movs	r2, #16
 80019bc:	4013      	ands	r3, r2
\\TJAND17\sen.he\project\unc_linux_rls_25d\source\bsp\mcu\GD\GD ARM MCU Debug/../src/drivers/nand/ESMTF50D1G41MYB.c:73
		(((getStatus & NAND_STATUS_ECCS1) == NAND_STATUS_ECCS1) &&
 80019be:	b10b      	cbz	r3, 80019c4 <esmt_spi_nand_check_ecc+0x44>
\\TJAND17\sen.he\project\unc_linux_rls_25d\source\bsp\mcu\GD\GD ARM MCU Debug/../src/drivers/nand/ESMTF50D1G41MYB.c:75
		return NAND_FAIL;
 80019c0:	2301      	movs	r3, #1
 80019c2:	e000      	b.n	80019c6 <esmt_spi_nand_check_ecc+0x46>
\\TJAND17\sen.he\project\unc_linux_rls_25d\source\bsp\mcu\GD\GD ARM MCU Debug/../src/drivers/nand/ESMTF50D1G41MYB.c:77

	return NAND_OK;
 80019c4:	2300      	movs	r3, #0
\\TJAND17\sen.he\project\unc_linux_rls_25d\source\bsp\mcu\GD\GD ARM MCU Debug/../src/drivers/nand/ESMTF50D1G41MYB.c:78
}
 80019c6:	0018      	movs	r0, r3
 80019c8:	46bd      	mov	sp, r7
 80019ca:	b003      	add	sp, #12
 80019cc:	bd90      	pop	{r4, r7, pc}

080019ce <spi_nand_cs_sel>:
spi_nand_cs_sel():
\\TJAND17\sen.he\project\unc_linux_rls_25d\source\bsp\mcu\GD\GD ARM MCU Debug/../inc/Spi_nand_driver.h:116
{
 80019ce:	b580      	push	{r7, lr}
 80019d0:	b082      	sub	sp, #8
 80019d2:	af00      	add	r7, sp, #0
 80019d4:	0002      	movs	r2, r0
 80019d6:	1dfb      	adds	r3, r7, #7
 80019d8:	701a      	strb	r2, [r3, #0]
\\TJAND17\sen.he\project\unc_linux_rls_25d\source\bsp\mcu\GD\GD ARM MCU Debug/../inc/Spi_nand_driver.h:117
	if (sel) {
 80019da:	1dfb      	adds	r3, r7, #7
 80019dc:	781b      	ldrb	r3, [r3, #0]
 80019de:	b133      	cbz	r3, 80019ee <spi_nand_cs_sel+0x20>
\\TJAND17\sen.he\project\unc_linux_rls_25d\source\bsp\mcu\GD\GD ARM MCU Debug/../inc/Spi_nand_driver.h:118
		SPI_NANDFLASH_CS_LOW();
 80019e0:	2390      	movs	r3, #144	; 0x90
 80019e2:	05db      	lsls	r3, r3, #23
 80019e4:	2110      	movs	r1, #16
 80019e6:	0018      	movs	r0, r3
 80019e8:	f001 ff10 	bl	800380c <gpio_bit_reset>
\\TJAND17\sen.he\project\unc_linux_rls_25d\source\bsp\mcu\GD\GD ARM MCU Debug/../inc/Spi_nand_driver.h:119
		return;
 80019ec:	e011      	b.n	8001a12 <spi_nand_cs_sel+0x44>
\\TJAND17\sen.he\project\unc_linux_rls_25d\source\bsp\mcu\GD\GD ARM MCU Debug/../inc/Spi_nand_driver.h:121
	SPI_NANDFLASH_CS_HIGH();
 80019ee:	46c0      	nop			; (mov r8, r8)
\\TJAND17\sen.he\project\unc_linux_rls_25d\source\bsp\mcu\GD\GD ARM MCU Debug/../inc/Spi_nand_driver.h:121 (discriminator 1)
 80019f0:	f243 0300 	movw	r3, #12288	; 0x3000
 80019f4:	f2c4 0301 	movt	r3, #16385	; 0x4001
 80019f8:	2180      	movs	r1, #128	; 0x80
 80019fa:	0018      	movs	r0, r3
 80019fc:	f001 fa11 	bl	8002e22 <spi_i2s_flag_get>
 8001a00:	0003      	movs	r3, r0
 8001a02:	2b00      	cmp	r3, #0
 8001a04:	d1f4      	bne.n	80019f0 <spi_nand_cs_sel+0x22>
\\TJAND17\sen.he\project\unc_linux_rls_25d\source\bsp\mcu\GD\GD ARM MCU Debug/../inc/Spi_nand_driver.h:121 (discriminator 2)
 8001a06:	2390      	movs	r3, #144	; 0x90
 8001a08:	05db      	lsls	r3, r3, #23
 8001a0a:	2110      	movs	r1, #16
 8001a0c:	0018      	movs	r0, r3
 8001a0e:	f001 fef0 	bl	80037f2 <gpio_bit_set>
\\TJAND17\sen.he\project\unc_linux_rls_25d\source\bsp\mcu\GD\GD ARM MCU Debug/../inc/Spi_nand_driver.h:122
}
 8001a12:	46bd      	mov	sp, r7
 8001a14:	b002      	add	sp, #8
 8001a16:	bd80      	pop	{r7, pc}

08001a18 <ds_spi_nand_read_from_cache>:
ds_spi_nand_read_from_cache():
\\TJAND17\sen.he\project\unc_linux_rls_25d\source\bsp\mcu\GD\GD ARM MCU Debug/../src/drivers/nand/DS35X2GA.c:20
#include <stdio.h>
#include "DS35X2GA.h"
#include "GD5F1GQ4xExxG.h"

void ds_spi_nand_read_from_cache (uint8_t *pBuffer, NAND_ADDRESS Address, uint32_t length)
{
 8001a18:	b590      	push	{r4, r7, lr}
 8001a1a:	b087      	sub	sp, #28
 8001a1c:	af00      	add	r7, sp, #0
 8001a1e:	60f8      	str	r0, [r7, #12]
 8001a20:	1d38      	adds	r0, r7, #4
 8001a22:	6001      	str	r1, [r0, #0]
 8001a24:	6042      	str	r2, [r0, #4]
 8001a26:	603b      	str	r3, [r7, #0]
\\TJAND17\sen.he\project\unc_linux_rls_25d\source\bsp\mcu\GD\GD ARM MCU Debug/../src/drivers/nand/DS35X2GA.c:21
	uint32_t i = 0;
 8001a28:	2300      	movs	r3, #0
 8001a2a:	617b      	str	r3, [r7, #20]
\\TJAND17\sen.he\project\unc_linux_rls_25d\source\bsp\mcu\GD\GD ARM MCU Debug/../src/drivers/nand/DS35X2GA.c:23

	spi_nand_cs_sel(true);
 8001a2c:	2001      	movs	r0, #1
 8001a2e:	f7ff ffce 	bl	80019ce <spi_nand_cs_sel>
\\TJAND17\sen.he\project\unc_linux_rls_25d\source\bsp\mcu\GD\GD ARM MCU Debug/../src/drivers/nand/DS35X2GA.c:25

	if (Address.Block == 1)
 8001a32:	1d3b      	adds	r3, r7, #4
 8001a34:	881b      	ldrh	r3, [r3, #0]
 8001a36:	2b01      	cmp	r3, #1
 8001a38:	d107      	bne.n	8001a4a <ds_spi_nand_read_from_cache+0x32>
\\TJAND17\sen.he\project\unc_linux_rls_25d\source\bsp\mcu\GD\GD ARM MCU Debug/../src/drivers/nand/DS35X2GA.c:26
		Address.Area |= (1 << 12);
 8001a3a:	1d3b      	adds	r3, r7, #4
 8001a3c:	889b      	ldrh	r3, [r3, #4]
 8001a3e:	f241 0200 	movw	r2, #4096	; 0x1000
 8001a42:	4313      	orrs	r3, r2
 8001a44:	b29a      	uxth	r2, r3
 8001a46:	1d3b      	adds	r3, r7, #4
 8001a48:	809a      	strh	r2, [r3, #4]
\\TJAND17\sen.he\project\unc_linux_rls_25d\source\bsp\mcu\GD\GD ARM MCU Debug/../src/drivers/nand/DS35X2GA.c:28

	spi_nand_rw_byte(NAND_READFROMCATCH);
 8001a4a:	2003      	movs	r0, #3
 8001a4c:	f7ff fbcd 	bl	80011ea <spi_nand_rw_byte>
\\TJAND17\sen.he\project\unc_linux_rls_25d\source\bsp\mcu\GD\GD ARM MCU Debug/../src/drivers/nand/DS35X2GA.c:30
	//spi_nand_rw_byte(DUMMY_BYTE);
	spi_nand_rw_byte((Address.Area >>8) & 0xFF);
 8001a50:	1d3b      	adds	r3, r7, #4
 8001a52:	889b      	ldrh	r3, [r3, #4]
 8001a54:	0a1b      	lsrs	r3, r3, #8
 8001a56:	b29b      	uxth	r3, r3
 8001a58:	b2db      	uxtb	r3, r3
 8001a5a:	0018      	movs	r0, r3
 8001a5c:	f7ff fbc5 	bl	80011ea <spi_nand_rw_byte>
\\TJAND17\sen.he\project\unc_linux_rls_25d\source\bsp\mcu\GD\GD ARM MCU Debug/../src/drivers/nand/DS35X2GA.c:31
	spi_nand_rw_byte((Address.Area) & 0xFF);
 8001a60:	1d3b      	adds	r3, r7, #4
 8001a62:	889b      	ldrh	r3, [r3, #4]
 8001a64:	b2db      	uxtb	r3, r3
 8001a66:	0018      	movs	r0, r3
 8001a68:	f7ff fbbf 	bl	80011ea <spi_nand_rw_byte>
\\TJAND17\sen.he\project\unc_linux_rls_25d\source\bsp\mcu\GD\GD ARM MCU Debug/../src/drivers/nand/DS35X2GA.c:32
	spi_nand_rw_byte(DUMMY_BYTE);
 8001a6c:	20a5      	movs	r0, #165	; 0xa5
 8001a6e:	f7ff fbbc 	bl	80011ea <spi_nand_rw_byte>
\\TJAND17\sen.he\project\unc_linux_rls_25d\source\bsp\mcu\GD\GD ARM MCU Debug/../src/drivers/nand/DS35X2GA.c:34

	for(i = 0; i < length; i++)
 8001a72:	2300      	movs	r3, #0
 8001a74:	617b      	str	r3, [r7, #20]
 8001a76:	e00a      	b.n	8001a8e <ds_spi_nand_read_from_cache+0x76>
\\TJAND17\sen.he\project\unc_linux_rls_25d\source\bsp\mcu\GD\GD ARM MCU Debug/../src/drivers/nand/DS35X2GA.c:35 (discriminator 3)
		*pBuffer++ = spi_nand_rw_byte(DUMMY_BYTE);
 8001a78:	68fc      	ldr	r4, [r7, #12]
 8001a7a:	1c63      	adds	r3, r4, #1
 8001a7c:	60fb      	str	r3, [r7, #12]
 8001a7e:	20a5      	movs	r0, #165	; 0xa5
 8001a80:	f7ff fbb3 	bl	80011ea <spi_nand_rw_byte>
 8001a84:	0003      	movs	r3, r0
 8001a86:	7023      	strb	r3, [r4, #0]
\\TJAND17\sen.he\project\unc_linux_rls_25d\source\bsp\mcu\GD\GD ARM MCU Debug/../src/drivers/nand/DS35X2GA.c:34 (discriminator 3)
	for(i = 0; i < length; i++)
 8001a88:	697b      	ldr	r3, [r7, #20]
 8001a8a:	3301      	adds	r3, #1
 8001a8c:	617b      	str	r3, [r7, #20]
\\TJAND17\sen.he\project\unc_linux_rls_25d\source\bsp\mcu\GD\GD ARM MCU Debug/../src/drivers/nand/DS35X2GA.c:34 (discriminator 1)
 8001a8e:	697a      	ldr	r2, [r7, #20]
 8001a90:	683b      	ldr	r3, [r7, #0]
 8001a92:	429a      	cmp	r2, r3
 8001a94:	d3f0      	bcc.n	8001a78 <ds_spi_nand_read_from_cache+0x60>
\\TJAND17\sen.he\project\unc_linux_rls_25d\source\bsp\mcu\GD\GD ARM MCU Debug/../src/drivers/nand/DS35X2GA.c:37

	spi_nand_cs_sel(false);
 8001a96:	2000      	movs	r0, #0
 8001a98:	f7ff ff99 	bl	80019ce <spi_nand_cs_sel>
\\TJAND17\sen.he\project\unc_linux_rls_25d\source\bsp\mcu\GD\GD ARM MCU Debug/../src/drivers/nand/DS35X2GA.c:38
}
 8001a9c:	46c0      	nop			; (mov r8, r8)
 8001a9e:	46bd      	mov	sp, r7
 8001aa0:	b007      	add	sp, #28
 8001aa2:	bd90      	pop	{r4, r7, pc}

08001aa4 <lcd_display>:
lcd_display():
\\TJAND17\sen.he\project\unc_linux_rls_25d\source\bsp\mcu\GD\GD ARM MCU Debug/../src/drivers/lcd/lcd_display.c:9
#include <stdio.h>

uint8_t *logo_buffer = (uint8_t *)0x8010000;

int lcd_display(void)
{
 8001aa4:	b580      	push	{r7, lr}
 8001aa6:	b082      	sub	sp, #8
 8001aa8:	af02      	add	r7, sp, #8
\\TJAND17\sen.he\project\unc_linux_rls_25d\source\bsp\mcu\GD\GD ARM MCU Debug/../src/drivers/lcd/lcd_display.c:10
    printf("enter %s\n", __func__);
 8001aaa:	f645 324c 	movw	r2, #23372	; 0x5b4c
 8001aae:	f6c0 0200 	movt	r2, #2048	; 0x800
 8001ab2:	f645 2350 	movw	r3, #23120	; 0x5a50
 8001ab6:	f6c0 0300 	movt	r3, #2048	; 0x800
 8001aba:	0011      	movs	r1, r2
 8001abc:	0018      	movs	r0, r3
 8001abe:	f002 fe33 	bl	8004728 <iprintf>
\\TJAND17\sen.he\project\unc_linux_rls_25d\source\bsp\mcu\GD\GD ARM MCU Debug/../src/drivers/lcd/lcd_display.c:12
    /* 1.lcd init */
    lcd_init();
 8001ac2:	f000 f93c 	bl	8001d3e <lcd_init>
\\TJAND17\sen.he\project\unc_linux_rls_25d\source\bsp\mcu\GD\GD ARM MCU Debug/../src/drivers/lcd/lcd_display.c:15

    /* 2.draw logo image */
    lcd_draw_image(0, 0, 240, 320, logo_buffer);
 8001ac6:	f240 13cc 	movw	r3, #460	; 0x1cc
 8001aca:	f2c2 0300 	movt	r3, #8192	; 0x2000
 8001ace:	681b      	ldr	r3, [r3, #0]
 8001ad0:	9300      	str	r3, [sp, #0]
 8001ad2:	f240 1340 	movw	r3, #320	; 0x140
 8001ad6:	22f0      	movs	r2, #240	; 0xf0
 8001ad8:	2100      	movs	r1, #0
 8001ada:	2000      	movs	r0, #0
 8001adc:	f000 fb1a 	bl	8002114 <lcd_draw_image>
\\TJAND17\sen.he\project\unc_linux_rls_25d\source\bsp\mcu\GD\GD ARM MCU Debug/../src/drivers/lcd/lcd_display.c:17

    printf("exit %s\n", __func__);
 8001ae0:	f645 324c 	movw	r2, #23372	; 0x5b4c
 8001ae4:	f6c0 0200 	movt	r2, #2048	; 0x800
 8001ae8:	f645 235c 	movw	r3, #23132	; 0x5a5c
 8001aec:	f6c0 0300 	movt	r3, #2048	; 0x800
 8001af0:	0011      	movs	r1, r2
 8001af2:	0018      	movs	r0, r3
 8001af4:	f002 fe18 	bl	8004728 <iprintf>
\\TJAND17\sen.he\project\unc_linux_rls_25d\source\bsp\mcu\GD\GD ARM MCU Debug/../src/drivers/lcd/lcd_display.c:18
    return 0;
 8001af8:	2300      	movs	r3, #0
\\TJAND17\sen.he\project\unc_linux_rls_25d\source\bsp\mcu\GD\GD ARM MCU Debug/../src/drivers/lcd/lcd_display.c:19
 8001afa:	0018      	movs	r0, r3
 8001afc:	46bd      	mov	sp, r7
 8001afe:	bd80      	pop	{r7, pc}

08001b00 <spi_write_byte>:
spi_write_byte():
\\TJAND17\sen.he\project\unc_linux_rls_25d\source\bsp\mcu\GD\GD ARM MCU Debug/../src/drivers/lcd/gd32e235c_lcd_eval.c:65
    \param[in]  byte: write byte
    \param[out] none
    \retval     none
*/
static uint8_t spi_write_byte(uint32_t spi_periph, uint8_t byte)
{
 8001b00:	b580      	push	{r7, lr}
 8001b02:	b082      	sub	sp, #8
 8001b04:	af00      	add	r7, sp, #0
 8001b06:	6078      	str	r0, [r7, #4]
 8001b08:	000a      	movs	r2, r1
 8001b0a:	1cfb      	adds	r3, r7, #3
 8001b0c:	701a      	strb	r2, [r3, #0]
\\TJAND17\sen.he\project\unc_linux_rls_25d\source\bsp\mcu\GD\GD ARM MCU Debug/../src/drivers/lcd/gd32e235c_lcd_eval.c:66
    SPI_CTL1(spi_periph) |= SPI_CTL1_BYTEN;
 8001b0e:	687b      	ldr	r3, [r7, #4]
 8001b10:	3304      	adds	r3, #4
 8001b12:	681a      	ldr	r2, [r3, #0]
 8001b14:	687b      	ldr	r3, [r7, #4]
 8001b16:	3304      	adds	r3, #4
 8001b18:	f241 0100 	movw	r1, #4096	; 0x1000
 8001b1c:	430a      	orrs	r2, r1
 8001b1e:	601a      	str	r2, [r3, #0]
\\TJAND17\sen.he\project\unc_linux_rls_25d\source\bsp\mcu\GD\GD ARM MCU Debug/../src/drivers/lcd/gd32e235c_lcd_eval.c:67
    while(RESET == (SPI_STAT(spi_periph)&SPI_FLAG_TBE));
 8001b20:	46c0      	nop			; (mov r8, r8)
\\TJAND17\sen.he\project\unc_linux_rls_25d\source\bsp\mcu\GD\GD ARM MCU Debug/../src/drivers/lcd/gd32e235c_lcd_eval.c:67 (discriminator 1)
 8001b22:	687b      	ldr	r3, [r7, #4]
 8001b24:	3308      	adds	r3, #8
 8001b26:	681b      	ldr	r3, [r3, #0]
 8001b28:	2202      	movs	r2, #2
 8001b2a:	4013      	ands	r3, r2
 8001b2c:	2b00      	cmp	r3, #0
 8001b2e:	d0f8      	beq.n	8001b22 <spi_write_byte+0x22>
\\TJAND17\sen.he\project\unc_linux_rls_25d\source\bsp\mcu\GD\GD ARM MCU Debug/../src/drivers/lcd/gd32e235c_lcd_eval.c:68
    SPI_DATA(spi_periph) = byte;
 8001b30:	687b      	ldr	r3, [r7, #4]
 8001b32:	330c      	adds	r3, #12
 8001b34:	1cfa      	adds	r2, r7, #3
 8001b36:	7812      	ldrb	r2, [r2, #0]
 8001b38:	601a      	str	r2, [r3, #0]
\\TJAND17\sen.he\project\unc_linux_rls_25d\source\bsp\mcu\GD\GD ARM MCU Debug/../src/drivers/lcd/gd32e235c_lcd_eval.c:70

    while(RESET == (SPI_STAT(spi_periph)&SPI_FLAG_RBNE));
 8001b3a:	46c0      	nop			; (mov r8, r8)
\\TJAND17\sen.he\project\unc_linux_rls_25d\source\bsp\mcu\GD\GD ARM MCU Debug/../src/drivers/lcd/gd32e235c_lcd_eval.c:70 (discriminator 1)
 8001b3c:	687b      	ldr	r3, [r7, #4]
 8001b3e:	3308      	adds	r3, #8
 8001b40:	681b      	ldr	r3, [r3, #0]
 8001b42:	2201      	movs	r2, #1
 8001b44:	4013      	ands	r3, r2
 8001b46:	2b00      	cmp	r3, #0
 8001b48:	d0f8      	beq.n	8001b3c <spi_write_byte+0x3c>
\\TJAND17\sen.he\project\unc_linux_rls_25d\source\bsp\mcu\GD\GD ARM MCU Debug/../src/drivers/lcd/gd32e235c_lcd_eval.c:71
    return(SPI_DATA(spi_periph));
 8001b4a:	687b      	ldr	r3, [r7, #4]
 8001b4c:	330c      	adds	r3, #12
 8001b4e:	681b      	ldr	r3, [r3, #0]
 8001b50:	b2db      	uxtb	r3, r3
\\TJAND17\sen.he\project\unc_linux_rls_25d\source\bsp\mcu\GD\GD ARM MCU Debug/../src/drivers/lcd/gd32e235c_lcd_eval.c:72
}
 8001b52:	0018      	movs	r0, r3
 8001b54:	46bd      	mov	sp, r7
 8001b56:	b002      	add	sp, #8
 8001b58:	bd80      	pop	{r7, pc}

08001b5a <spi1_init>:
spi1_init():
\\TJAND17\sen.he\project\unc_linux_rls_25d\source\bsp\mcu\GD\GD ARM MCU Debug/../src/drivers/lcd/gd32e235c_lcd_eval.c:81
    \param[in]  none
    \param[out] none
    \retval     none
*/
static void spi1_init(void)
{
 8001b5a:	b580      	push	{r7, lr}
 8001b5c:	b088      	sub	sp, #32
 8001b5e:	af00      	add	r7, sp, #0
\\TJAND17\sen.he\project\unc_linux_rls_25d\source\bsp\mcu\GD\GD ARM MCU Debug/../src/drivers/lcd/gd32e235c_lcd_eval.c:85
    spi_parameter_struct spi_init_struct;

    /* enable the gpio clock */
    rcu_periph_clock_enable(RCU_GPIOA);
 8001b60:	f240 5011 	movw	r0, #1297	; 0x511
 8001b64:	f001 f9fa 	bl	8002f5c <rcu_periph_clock_enable>
\\TJAND17\sen.he\project\unc_linux_rls_25d\source\bsp\mcu\GD\GD ARM MCU Debug/../src/drivers/lcd/gd32e235c_lcd_eval.c:86
    rcu_periph_clock_enable(RCU_GPIOB);
 8001b68:	f240 5012 	movw	r0, #1298	; 0x512
 8001b6c:	f001 f9f6 	bl	8002f5c <rcu_periph_clock_enable>
\\TJAND17\sen.he\project\unc_linux_rls_25d\source\bsp\mcu\GD\GD ARM MCU Debug/../src/drivers/lcd/gd32e235c_lcd_eval.c:87
    rcu_periph_clock_enable(RCU_SPI1);
 8001b70:	f240 700e 	movw	r0, #1806	; 0x70e
 8001b74:	f001 f9f2 	bl	8002f5c <rcu_periph_clock_enable>
\\TJAND17\sen.he\project\unc_linux_rls_25d\source\bsp\mcu\GD\GD ARM MCU Debug/../src/drivers/lcd/gd32e235c_lcd_eval.c:90

    /* GPIOA config, PA13(LCD RS/DC), PA14(LCD_SPI1_MOSI) */
    gpio_af_set(GPIOA, GPIO_AF_0, GPIO_PIN_13 | GPIO_PIN_14);
 8001b78:	2390      	movs	r3, #144	; 0x90
 8001b7a:	05db      	lsls	r3, r3, #23
 8001b7c:	f246 0200 	movw	r2, #24576	; 0x6000
 8001b80:	2100      	movs	r1, #0
 8001b82:	0018      	movs	r0, r3
 8001b84:	f001 fe61 	bl	800384a <gpio_af_set>
\\TJAND17\sen.he\project\unc_linux_rls_25d\source\bsp\mcu\GD\GD ARM MCU Debug/../src/drivers/lcd/gd32e235c_lcd_eval.c:91
    gpio_mode_set(GPIOA, GPIO_MODE_AF, GPIO_PUPD_NONE, GPIO_PIN_13 | GPIO_PIN_14);
 8001b88:	2390      	movs	r3, #144	; 0x90
 8001b8a:	05d8      	lsls	r0, r3, #23
 8001b8c:	f246 0300 	movw	r3, #24576	; 0x6000
 8001b90:	2200      	movs	r2, #0
 8001b92:	2102      	movs	r1, #2
 8001b94:	f001 fd7d 	bl	8003692 <gpio_mode_set>
\\TJAND17\sen.he\project\unc_linux_rls_25d\source\bsp\mcu\GD\GD ARM MCU Debug/../src/drivers/lcd/gd32e235c_lcd_eval.c:92
    gpio_output_options_set(GPIOA, GPIO_OTYPE_PP, GPIO_OSPEED_50MHZ, GPIO_PIN_13 | GPIO_PIN_14);
 8001b98:	2390      	movs	r3, #144	; 0x90
 8001b9a:	05d8      	lsls	r0, r3, #23
 8001b9c:	f246 0300 	movw	r3, #24576	; 0x6000
 8001ba0:	2203      	movs	r2, #3
 8001ba2:	2100      	movs	r1, #0
 8001ba4:	f001 fdcd 	bl	8003742 <gpio_output_options_set>
\\TJAND17\sen.he\project\unc_linux_rls_25d\source\bsp\mcu\GD\GD ARM MCU Debug/../src/drivers/lcd/gd32e235c_lcd_eval.c:95

    /* GPIOA config, PA15(LCD_SPI1_CS) */
    gpio_mode_set(GPIOA, GPIO_MODE_OUTPUT, GPIO_PUPD_NONE, GPIO_PIN_15);
 8001ba8:	2390      	movs	r3, #144	; 0x90
 8001baa:	05d8      	lsls	r0, r3, #23
 8001bac:	f248 0300 	movw	r3, #32768	; 0x8000
 8001bb0:	2200      	movs	r2, #0
 8001bb2:	2101      	movs	r1, #1
 8001bb4:	f001 fd6d 	bl	8003692 <gpio_mode_set>
\\TJAND17\sen.he\project\unc_linux_rls_25d\source\bsp\mcu\GD\GD ARM MCU Debug/../src/drivers/lcd/gd32e235c_lcd_eval.c:96
    gpio_output_options_set(GPIOA, GPIO_OTYPE_PP, GPIO_OSPEED_50MHZ, GPIO_PIN_15);
 8001bb8:	2390      	movs	r3, #144	; 0x90
 8001bba:	05d8      	lsls	r0, r3, #23
 8001bbc:	f248 0300 	movw	r3, #32768	; 0x8000
 8001bc0:	2203      	movs	r2, #3
 8001bc2:	2100      	movs	r1, #0
 8001bc4:	f001 fdbd 	bl	8003742 <gpio_output_options_set>
\\TJAND17\sen.he\project\unc_linux_rls_25d\source\bsp\mcu\GD\GD ARM MCU Debug/../src/drivers/lcd/gd32e235c_lcd_eval.c:99

    /* GPIOB config, PB1(SPI1_SCK) */
    gpio_af_set(GPIOB, GPIO_AF_0, GPIO_PIN_1);
 8001bc8:	f240 4300 	movw	r3, #1024	; 0x400
 8001bcc:	f6c4 0300 	movt	r3, #18432	; 0x4800
 8001bd0:	2202      	movs	r2, #2
 8001bd2:	2100      	movs	r1, #0
 8001bd4:	0018      	movs	r0, r3
 8001bd6:	f001 fe38 	bl	800384a <gpio_af_set>
\\TJAND17\sen.he\project\unc_linux_rls_25d\source\bsp\mcu\GD\GD ARM MCU Debug/../src/drivers/lcd/gd32e235c_lcd_eval.c:100
    gpio_mode_set(GPIOB, GPIO_MODE_AF, GPIO_PUPD_NONE, GPIO_PIN_1);
 8001bda:	f240 4000 	movw	r0, #1024	; 0x400
 8001bde:	f6c4 0000 	movt	r0, #18432	; 0x4800
 8001be2:	2302      	movs	r3, #2
 8001be4:	2200      	movs	r2, #0
 8001be6:	2102      	movs	r1, #2
 8001be8:	f001 fd53 	bl	8003692 <gpio_mode_set>
\\TJAND17\sen.he\project\unc_linux_rls_25d\source\bsp\mcu\GD\GD ARM MCU Debug/../src/drivers/lcd/gd32e235c_lcd_eval.c:101
    gpio_output_options_set(GPIOB, GPIO_OTYPE_PP, GPIO_OSPEED_50MHZ, GPIO_PIN_1);
 8001bec:	f240 4000 	movw	r0, #1024	; 0x400
 8001bf0:	f6c4 0000 	movt	r0, #18432	; 0x4800
 8001bf4:	2302      	movs	r3, #2
 8001bf6:	2203      	movs	r2, #3
 8001bf8:	2100      	movs	r1, #0
 8001bfa:	f001 fda2 	bl	8003742 <gpio_output_options_set>
\\TJAND17\sen.he\project\unc_linux_rls_25d\source\bsp\mcu\GD\GD ARM MCU Debug/../src/drivers/lcd/gd32e235c_lcd_eval.c:104

    /* GPIOB config, PB2(LCD_RST) */
    gpio_mode_set(GPIOB, GPIO_MODE_OUTPUT, GPIO_PUPD_NONE, GPIO_PIN_2);
 8001bfe:	f240 4000 	movw	r0, #1024	; 0x400
 8001c02:	f6c4 0000 	movt	r0, #18432	; 0x4800
 8001c06:	2304      	movs	r3, #4
 8001c08:	2200      	movs	r2, #0
 8001c0a:	2101      	movs	r1, #1
 8001c0c:	f001 fd41 	bl	8003692 <gpio_mode_set>
\\TJAND17\sen.he\project\unc_linux_rls_25d\source\bsp\mcu\GD\GD ARM MCU Debug/../src/drivers/lcd/gd32e235c_lcd_eval.c:105
    gpio_output_options_set(GPIOB, GPIO_OTYPE_PP, GPIO_OSPEED_50MHZ, GPIO_PIN_2);
 8001c10:	f240 4000 	movw	r0, #1024	; 0x400
 8001c14:	f6c4 0000 	movt	r0, #18432	; 0x4800
 8001c18:	2304      	movs	r3, #4
 8001c1a:	2203      	movs	r2, #3
 8001c1c:	2100      	movs	r1, #0
 8001c1e:	f001 fd90 	bl	8003742 <gpio_output_options_set>
\\TJAND17\sen.he\project\unc_linux_rls_25d\source\bsp\mcu\GD\GD ARM MCU Debug/../src/drivers/lcd/gd32e235c_lcd_eval.c:108

    /* SPI1 parameter config */
    spi_init_struct.trans_mode           = SPI_TRANSMODE_FULLDUPLEX;
 8001c22:	1d3b      	adds	r3, r7, #4
 8001c24:	2200      	movs	r2, #0
 8001c26:	605a      	str	r2, [r3, #4]
\\TJAND17\sen.he\project\unc_linux_rls_25d\source\bsp\mcu\GD\GD ARM MCU Debug/../src/drivers/lcd/gd32e235c_lcd_eval.c:109
    spi_init_struct.device_mode          = SPI_MASTER;
 8001c28:	1d3b      	adds	r3, r7, #4
 8001c2a:	f240 1204 	movw	r2, #260	; 0x104
 8001c2e:	601a      	str	r2, [r3, #0]
\\TJAND17\sen.he\project\unc_linux_rls_25d\source\bsp\mcu\GD\GD ARM MCU Debug/../src/drivers/lcd/gd32e235c_lcd_eval.c:110
    spi_init_struct.frame_size           = SPI_FRAMESIZE_8BIT;
 8001c30:	1d3b      	adds	r3, r7, #4
 8001c32:	f240 7200 	movw	r2, #1792	; 0x700
 8001c36:	609a      	str	r2, [r3, #8]
\\TJAND17\sen.he\project\unc_linux_rls_25d\source\bsp\mcu\GD\GD ARM MCU Debug/../src/drivers/lcd/gd32e235c_lcd_eval.c:111
    spi_init_struct.clock_polarity_phase = SPI_CK_PL_HIGH_PH_2EDGE;
 8001c38:	1d3b      	adds	r3, r7, #4
 8001c3a:	2203      	movs	r2, #3
 8001c3c:	615a      	str	r2, [r3, #20]
\\TJAND17\sen.he\project\unc_linux_rls_25d\source\bsp\mcu\GD\GD ARM MCU Debug/../src/drivers/lcd/gd32e235c_lcd_eval.c:112
    spi_init_struct.nss                  = SPI_NSS_SOFT;
 8001c3e:	1d3b      	adds	r3, r7, #4
 8001c40:	f240 2200 	movw	r2, #512	; 0x200
 8001c44:	60da      	str	r2, [r3, #12]
\\TJAND17\sen.he\project\unc_linux_rls_25d\source\bsp\mcu\GD\GD ARM MCU Debug/../src/drivers/lcd/gd32e235c_lcd_eval.c:113
    spi_init_struct.prescale             = SPI_PSC_2;
 8001c46:	1d3b      	adds	r3, r7, #4
 8001c48:	2200      	movs	r2, #0
 8001c4a:	619a      	str	r2, [r3, #24]
\\TJAND17\sen.he\project\unc_linux_rls_25d\source\bsp\mcu\GD\GD ARM MCU Debug/../src/drivers/lcd/gd32e235c_lcd_eval.c:114
    spi_init_struct.endian               = SPI_ENDIAN_MSB;
 8001c4c:	1d3b      	adds	r3, r7, #4
 8001c4e:	2200      	movs	r2, #0
 8001c50:	611a      	str	r2, [r3, #16]
\\TJAND17\sen.he\project\unc_linux_rls_25d\source\bsp\mcu\GD\GD ARM MCU Debug/../src/drivers/lcd/gd32e235c_lcd_eval.c:115
    spi_init(SPI1, &spi_init_struct);
 8001c52:	1d3a      	adds	r2, r7, #4
 8001c54:	f643 0300 	movw	r3, #14336	; 0x3800
 8001c58:	f2c4 0300 	movt	r3, #16384	; 0x4000
 8001c5c:	0011      	movs	r1, r2
 8001c5e:	0018      	movs	r0, r3
 8001c60:	f000 ffd0 	bl	8002c04 <spi_init>
\\TJAND17\sen.he\project\unc_linux_rls_25d\source\bsp\mcu\GD\GD ARM MCU Debug/../src/drivers/lcd/gd32e235c_lcd_eval.c:118

    /* set crc polynomial */
    spi_enable(SPI1);
 8001c64:	f643 0300 	movw	r3, #14336	; 0x3800
 8001c68:	f2c4 0300 	movt	r3, #16384	; 0x4000
 8001c6c:	0018      	movs	r0, r3
 8001c6e:	f001 f865 	bl	8002d3c <spi_enable>
\\TJAND17\sen.he\project\unc_linux_rls_25d\source\bsp\mcu\GD\GD ARM MCU Debug/../src/drivers/lcd/gd32e235c_lcd_eval.c:119
}
 8001c72:	46c0      	nop			; (mov r8, r8)
 8001c74:	46bd      	mov	sp, r7
 8001c76:	b008      	add	sp, #32
 8001c78:	bd80      	pop	{r7, pc}

08001c7a <lcd_write_index>:
lcd_write_index():
\\TJAND17\sen.he\project\unc_linux_rls_25d\source\bsp\mcu\GD\GD ARM MCU Debug/../src/drivers/lcd/gd32e235c_lcd_eval.c:128
    \param[in]  index: register address
    \param[out] none
    \retval     none
*/
static void lcd_write_index(uint8_t index)
{
 8001c7a:	b580      	push	{r7, lr}
 8001c7c:	b082      	sub	sp, #8
 8001c7e:	af00      	add	r7, sp, #0
 8001c80:	0002      	movs	r2, r0
 8001c82:	1dfb      	adds	r3, r7, #7
 8001c84:	701a      	strb	r2, [r3, #0]
\\TJAND17\sen.he\project\unc_linux_rls_25d\source\bsp\mcu\GD\GD ARM MCU Debug/../src/drivers/lcd/gd32e235c_lcd_eval.c:129
    LCD_RS_CLR;
 8001c86:	2328      	movs	r3, #40	; 0x28
 8001c88:	f6c4 0300 	movt	r3, #18432	; 0x4800
 8001c8c:	f242 0200 	movw	r2, #8192	; 0x2000
 8001c90:	601a      	str	r2, [r3, #0]
\\TJAND17\sen.he\project\unc_linux_rls_25d\source\bsp\mcu\GD\GD ARM MCU Debug/../src/drivers/lcd/gd32e235c_lcd_eval.c:130
    spi_write_byte(SPI1, index);
 8001c92:	1dfb      	adds	r3, r7, #7
 8001c94:	781a      	ldrb	r2, [r3, #0]
 8001c96:	f643 0300 	movw	r3, #14336	; 0x3800
 8001c9a:	f2c4 0300 	movt	r3, #16384	; 0x4000
 8001c9e:	0011      	movs	r1, r2
 8001ca0:	0018      	movs	r0, r3
 8001ca2:	f7ff ff2d 	bl	8001b00 <spi_write_byte>
\\TJAND17\sen.he\project\unc_linux_rls_25d\source\bsp\mcu\GD\GD ARM MCU Debug/../src/drivers/lcd/gd32e235c_lcd_eval.c:131
}
 8001ca6:	46c0      	nop			; (mov r8, r8)
 8001ca8:	46bd      	mov	sp, r7
 8001caa:	b002      	add	sp, #8
 8001cac:	bd80      	pop	{r7, pc}

08001cae <lcd_write_data>:
lcd_write_data():
\\TJAND17\sen.he\project\unc_linux_rls_25d\source\bsp\mcu\GD\GD ARM MCU Debug/../src/drivers/lcd/gd32e235c_lcd_eval.c:140
    \param[in]  data: register data
    \param[out] none
    \retval     none
*/
static void lcd_write_data(uint8_t data)
{
 8001cae:	b580      	push	{r7, lr}
 8001cb0:	b082      	sub	sp, #8
 8001cb2:	af00      	add	r7, sp, #0
 8001cb4:	0002      	movs	r2, r0
 8001cb6:	1dfb      	adds	r3, r7, #7
 8001cb8:	701a      	strb	r2, [r3, #0]
\\TJAND17\sen.he\project\unc_linux_rls_25d\source\bsp\mcu\GD\GD ARM MCU Debug/../src/drivers/lcd/gd32e235c_lcd_eval.c:141
    LCD_RS_SET;
 8001cba:	2318      	movs	r3, #24
 8001cbc:	f6c4 0300 	movt	r3, #18432	; 0x4800
 8001cc0:	f242 0200 	movw	r2, #8192	; 0x2000
 8001cc4:	601a      	str	r2, [r3, #0]
\\TJAND17\sen.he\project\unc_linux_rls_25d\source\bsp\mcu\GD\GD ARM MCU Debug/../src/drivers/lcd/gd32e235c_lcd_eval.c:142
    spi_write_byte(SPI1, data);
 8001cc6:	1dfb      	adds	r3, r7, #7
 8001cc8:	781a      	ldrb	r2, [r3, #0]
 8001cca:	f643 0300 	movw	r3, #14336	; 0x3800
 8001cce:	f2c4 0300 	movt	r3, #16384	; 0x4000
 8001cd2:	0011      	movs	r1, r2
 8001cd4:	0018      	movs	r0, r3
 8001cd6:	f7ff ff13 	bl	8001b00 <spi_write_byte>
\\TJAND17\sen.he\project\unc_linux_rls_25d\source\bsp\mcu\GD\GD ARM MCU Debug/../src/drivers/lcd/gd32e235c_lcd_eval.c:143
}
 8001cda:	46c0      	nop			; (mov r8, r8)
 8001cdc:	46bd      	mov	sp, r7
 8001cde:	b002      	add	sp, #8
 8001ce0:	bd80      	pop	{r7, pc}

08001ce2 <lcd_write_data_16bit>:
lcd_write_data_16bit():
\\TJAND17\sen.he\project\unc_linux_rls_25d\source\bsp\mcu\GD\GD ARM MCU Debug/../src/drivers/lcd/gd32e235c_lcd_eval.c:153
    \param[in]  datal: register data low 8bit
    \param[out] none
    \retval     none
*/
static void lcd_write_data_16bit(uint8_t datah, uint8_t datal)
{
 8001ce2:	b580      	push	{r7, lr}
 8001ce4:	b082      	sub	sp, #8
 8001ce6:	af00      	add	r7, sp, #0
 8001ce8:	0002      	movs	r2, r0
 8001cea:	1dfb      	adds	r3, r7, #7
 8001cec:	701a      	strb	r2, [r3, #0]
 8001cee:	1dbb      	adds	r3, r7, #6
 8001cf0:	1c0a      	adds	r2, r1, #0
 8001cf2:	701a      	strb	r2, [r3, #0]
\\TJAND17\sen.he\project\unc_linux_rls_25d\source\bsp\mcu\GD\GD ARM MCU Debug/../src/drivers/lcd/gd32e235c_lcd_eval.c:154
    lcd_write_data(datah);
 8001cf4:	1dfb      	adds	r3, r7, #7
 8001cf6:	781b      	ldrb	r3, [r3, #0]
 8001cf8:	0018      	movs	r0, r3
 8001cfa:	f7ff ffd8 	bl	8001cae <lcd_write_data>
\\TJAND17\sen.he\project\unc_linux_rls_25d\source\bsp\mcu\GD\GD ARM MCU Debug/../src/drivers/lcd/gd32e235c_lcd_eval.c:155
    lcd_write_data(datal);
 8001cfe:	1dbb      	adds	r3, r7, #6
 8001d00:	781b      	ldrb	r3, [r3, #0]
 8001d02:	0018      	movs	r0, r3
 8001d04:	f7ff ffd3 	bl	8001cae <lcd_write_data>
\\TJAND17\sen.he\project\unc_linux_rls_25d\source\bsp\mcu\GD\GD ARM MCU Debug/../src/drivers/lcd/gd32e235c_lcd_eval.c:156
}
 8001d08:	46c0      	nop			; (mov r8, r8)
 8001d0a:	46bd      	mov	sp, r7
 8001d0c:	b002      	add	sp, #8
 8001d0e:	bd80      	pop	{r7, pc}

08001d10 <lcd_reset>:
lcd_reset():
\\TJAND17\sen.he\project\unc_linux_rls_25d\source\bsp\mcu\GD\GD ARM MCU Debug/../src/drivers/lcd/gd32e235c_lcd_eval.c:165
    \param[in]  none
    \param[out] none
    \retval     none
*/
static void lcd_reset(void)
{
 8001d10:	b580      	push	{r7, lr}
 8001d12:	af00      	add	r7, sp, #0
\\TJAND17\sen.he\project\unc_linux_rls_25d\source\bsp\mcu\GD\GD ARM MCU Debug/../src/drivers/lcd/gd32e235c_lcd_eval.c:166
    LCD_RST_CLR;
 8001d14:	f240 4328 	movw	r3, #1064	; 0x428
 8001d18:	f6c4 0300 	movt	r3, #18432	; 0x4800
 8001d1c:	2204      	movs	r2, #4
 8001d1e:	601a      	str	r2, [r3, #0]
\\TJAND17\sen.he\project\unc_linux_rls_25d\source\bsp\mcu\GD\GD ARM MCU Debug/../src/drivers/lcd/gd32e235c_lcd_eval.c:168

    delay_1ms(100);
 8001d20:	2064      	movs	r0, #100	; 0x64
 8001d22:	f7fe fac0 	bl	80002a6 <delay_1ms>
\\TJAND17\sen.he\project\unc_linux_rls_25d\source\bsp\mcu\GD\GD ARM MCU Debug/../src/drivers/lcd/gd32e235c_lcd_eval.c:170

    LCD_RST_SET;
 8001d26:	f240 4318 	movw	r3, #1048	; 0x418
 8001d2a:	f6c4 0300 	movt	r3, #18432	; 0x4800
 8001d2e:	2204      	movs	r2, #4
 8001d30:	601a      	str	r2, [r3, #0]
\\TJAND17\sen.he\project\unc_linux_rls_25d\source\bsp\mcu\GD\GD ARM MCU Debug/../src/drivers/lcd/gd32e235c_lcd_eval.c:172

    delay_1ms(50);
 8001d32:	2032      	movs	r0, #50	; 0x32
 8001d34:	f7fe fab7 	bl	80002a6 <delay_1ms>
\\TJAND17\sen.he\project\unc_linux_rls_25d\source\bsp\mcu\GD\GD ARM MCU Debug/../src/drivers/lcd/gd32e235c_lcd_eval.c:173
}
 8001d38:	46c0      	nop			; (mov r8, r8)
 8001d3a:	46bd      	mov	sp, r7
 8001d3c:	bd80      	pop	{r7, pc}

08001d3e <lcd_init>:
lcd_init():
\\TJAND17\sen.he\project\unc_linux_rls_25d\source\bsp\mcu\GD\GD ARM MCU Debug/../src/drivers/lcd/gd32e235c_lcd_eval.c:183
    \param[in]  none
    \param[out] none
    \retval     none
*/
void lcd_init(void)
{
 8001d3e:	b580      	push	{r7, lr}
 8001d40:	af00      	add	r7, sp, #0
\\TJAND17\sen.he\project\unc_linux_rls_25d\source\bsp\mcu\GD\GD ARM MCU Debug/../src/drivers/lcd/gd32e235c_lcd_eval.c:184
    spi1_init();
 8001d42:	f7ff ff0a 	bl	8001b5a <spi1_init>
\\TJAND17\sen.he\project\unc_linux_rls_25d\source\bsp\mcu\GD\GD ARM MCU Debug/../src/drivers/lcd/gd32e235c_lcd_eval.c:186

    LCD_CS_CLR;
 8001d46:	2328      	movs	r3, #40	; 0x28
 8001d48:	f6c4 0300 	movt	r3, #18432	; 0x4800
 8001d4c:	f248 0200 	movw	r2, #32768	; 0x8000
 8001d50:	601a      	str	r2, [r3, #0]
\\TJAND17\sen.he\project\unc_linux_rls_25d\source\bsp\mcu\GD\GD ARM MCU Debug/../src/drivers/lcd/gd32e235c_lcd_eval.c:187
    lcd_reset();
 8001d52:	f7ff ffdd 	bl	8001d10 <lcd_reset>
\\TJAND17\sen.he\project\unc_linux_rls_25d\source\bsp\mcu\GD\GD ARM MCU Debug/../src/drivers/lcd/gd32e235c_lcd_eval.c:190

    /* write the register address 0xCB*/
    lcd_write_index(0xfe);
 8001d56:	20fe      	movs	r0, #254	; 0xfe
 8001d58:	f7ff ff8f 	bl	8001c7a <lcd_write_index>
\\TJAND17\sen.he\project\unc_linux_rls_25d\source\bsp\mcu\GD\GD ARM MCU Debug/../src/drivers/lcd/gd32e235c_lcd_eval.c:192

    lcd_write_index(0xef);
 8001d5c:	20ef      	movs	r0, #239	; 0xef
 8001d5e:	f7ff ff8c 	bl	8001c7a <lcd_write_index>
\\TJAND17\sen.he\project\unc_linux_rls_25d\source\bsp\mcu\GD\GD ARM MCU Debug/../src/drivers/lcd/gd32e235c_lcd_eval.c:194

    lcd_write_index(0x80);
 8001d62:	2080      	movs	r0, #128	; 0x80
 8001d64:	f7ff ff89 	bl	8001c7a <lcd_write_index>
\\TJAND17\sen.he\project\unc_linux_rls_25d\source\bsp\mcu\GD\GD ARM MCU Debug/../src/drivers/lcd/gd32e235c_lcd_eval.c:195
    lcd_write_data(0xc0);
 8001d68:	20c0      	movs	r0, #192	; 0xc0
 8001d6a:	f7ff ffa0 	bl	8001cae <lcd_write_data>
\\TJAND17\sen.he\project\unc_linux_rls_25d\source\bsp\mcu\GD\GD ARM MCU Debug/../src/drivers/lcd/gd32e235c_lcd_eval.c:197

    lcd_write_index(0x81);
 8001d6e:	2081      	movs	r0, #129	; 0x81
 8001d70:	f7ff ff83 	bl	8001c7a <lcd_write_index>
\\TJAND17\sen.he\project\unc_linux_rls_25d\source\bsp\mcu\GD\GD ARM MCU Debug/../src/drivers/lcd/gd32e235c_lcd_eval.c:198
    lcd_write_data(0x01);
 8001d74:	2001      	movs	r0, #1
 8001d76:	f7ff ff9a 	bl	8001cae <lcd_write_data>
\\TJAND17\sen.he\project\unc_linux_rls_25d\source\bsp\mcu\GD\GD ARM MCU Debug/../src/drivers/lcd/gd32e235c_lcd_eval.c:200

    lcd_write_index(0x82);
 8001d7a:	2082      	movs	r0, #130	; 0x82
 8001d7c:	f7ff ff7d 	bl	8001c7a <lcd_write_index>
\\TJAND17\sen.he\project\unc_linux_rls_25d\source\bsp\mcu\GD\GD ARM MCU Debug/../src/drivers/lcd/gd32e235c_lcd_eval.c:201
    lcd_write_data(0x07);
 8001d80:	2007      	movs	r0, #7
 8001d82:	f7ff ff94 	bl	8001cae <lcd_write_data>
\\TJAND17\sen.he\project\unc_linux_rls_25d\source\bsp\mcu\GD\GD ARM MCU Debug/../src/drivers/lcd/gd32e235c_lcd_eval.c:203

    lcd_write_index(0x83);
 8001d86:	2083      	movs	r0, #131	; 0x83
 8001d88:	f7ff ff77 	bl	8001c7a <lcd_write_index>
\\TJAND17\sen.he\project\unc_linux_rls_25d\source\bsp\mcu\GD\GD ARM MCU Debug/../src/drivers/lcd/gd32e235c_lcd_eval.c:204
    lcd_write_data(0x38);
 8001d8c:	2038      	movs	r0, #56	; 0x38
 8001d8e:	f7ff ff8e 	bl	8001cae <lcd_write_data>
\\TJAND17\sen.he\project\unc_linux_rls_25d\source\bsp\mcu\GD\GD ARM MCU Debug/../src/drivers/lcd/gd32e235c_lcd_eval.c:206

    lcd_write_index(0x88);
 8001d92:	2088      	movs	r0, #136	; 0x88
 8001d94:	f7ff ff71 	bl	8001c7a <lcd_write_index>
\\TJAND17\sen.he\project\unc_linux_rls_25d\source\bsp\mcu\GD\GD ARM MCU Debug/../src/drivers/lcd/gd32e235c_lcd_eval.c:207
    lcd_write_data(0x64);
 8001d98:	2064      	movs	r0, #100	; 0x64
 8001d9a:	f7ff ff88 	bl	8001cae <lcd_write_data>
\\TJAND17\sen.he\project\unc_linux_rls_25d\source\bsp\mcu\GD\GD ARM MCU Debug/../src/drivers/lcd/gd32e235c_lcd_eval.c:209

    lcd_write_index(0xb4);
 8001d9e:	20b4      	movs	r0, #180	; 0xb4
 8001da0:	f7ff ff6b 	bl	8001c7a <lcd_write_index>
\\TJAND17\sen.he\project\unc_linux_rls_25d\source\bsp\mcu\GD\GD ARM MCU Debug/../src/drivers/lcd/gd32e235c_lcd_eval.c:210
    lcd_write_data(0x08);
 8001da4:	2008      	movs	r0, #8
 8001da6:	f7ff ff82 	bl	8001cae <lcd_write_data>
\\TJAND17\sen.he\project\unc_linux_rls_25d\source\bsp\mcu\GD\GD ARM MCU Debug/../src/drivers/lcd/gd32e235c_lcd_eval.c:212

    lcd_write_index(0x89);
 8001daa:	2089      	movs	r0, #137	; 0x89
 8001dac:	f7ff ff65 	bl	8001c7a <lcd_write_index>
\\TJAND17\sen.he\project\unc_linux_rls_25d\source\bsp\mcu\GD\GD ARM MCU Debug/../src/drivers/lcd/gd32e235c_lcd_eval.c:213
    lcd_write_data(0x86);
 8001db0:	2086      	movs	r0, #134	; 0x86
 8001db2:	f7ff ff7c 	bl	8001cae <lcd_write_data>
\\TJAND17\sen.he\project\unc_linux_rls_25d\source\bsp\mcu\GD\GD ARM MCU Debug/../src/drivers/lcd/gd32e235c_lcd_eval.c:215

    lcd_write_index(0x8b);
 8001db6:	208b      	movs	r0, #139	; 0x8b
 8001db8:	f7ff ff5f 	bl	8001c7a <lcd_write_index>
\\TJAND17\sen.he\project\unc_linux_rls_25d\source\bsp\mcu\GD\GD ARM MCU Debug/../src/drivers/lcd/gd32e235c_lcd_eval.c:216
    lcd_write_data(0x3c);
 8001dbc:	203c      	movs	r0, #60	; 0x3c
 8001dbe:	f7ff ff76 	bl	8001cae <lcd_write_data>
\\TJAND17\sen.he\project\unc_linux_rls_25d\source\bsp\mcu\GD\GD ARM MCU Debug/../src/drivers/lcd/gd32e235c_lcd_eval.c:218

    lcd_write_index(0x8d);
 8001dc2:	208d      	movs	r0, #141	; 0x8d
 8001dc4:	f7ff ff59 	bl	8001c7a <lcd_write_index>
\\TJAND17\sen.he\project\unc_linux_rls_25d\source\bsp\mcu\GD\GD ARM MCU Debug/../src/drivers/lcd/gd32e235c_lcd_eval.c:219
    lcd_write_data(0x51);
 8001dc8:	2051      	movs	r0, #81	; 0x51
 8001dca:	f7ff ff70 	bl	8001cae <lcd_write_data>
\\TJAND17\sen.he\project\unc_linux_rls_25d\source\bsp\mcu\GD\GD ARM MCU Debug/../src/drivers/lcd/gd32e235c_lcd_eval.c:221

    lcd_write_index(0x8e);
 8001dce:	208e      	movs	r0, #142	; 0x8e
 8001dd0:	f7ff ff53 	bl	8001c7a <lcd_write_index>
\\TJAND17\sen.he\project\unc_linux_rls_25d\source\bsp\mcu\GD\GD ARM MCU Debug/../src/drivers/lcd/gd32e235c_lcd_eval.c:222
    lcd_write_data(0x70);
 8001dd4:	2070      	movs	r0, #112	; 0x70
 8001dd6:	f7ff ff6a 	bl	8001cae <lcd_write_data>
\\TJAND17\sen.he\project\unc_linux_rls_25d\source\bsp\mcu\GD\GD ARM MCU Debug/../src/drivers/lcd/gd32e235c_lcd_eval.c:224

    lcd_write_index(0x36);
 8001dda:	2036      	movs	r0, #54	; 0x36
 8001ddc:	f7ff ff4d 	bl	8001c7a <lcd_write_index>
\\TJAND17\sen.he\project\unc_linux_rls_25d\source\bsp\mcu\GD\GD ARM MCU Debug/../src/drivers/lcd/gd32e235c_lcd_eval.c:225
    lcd_write_data(0x48);
 8001de0:	2048      	movs	r0, #72	; 0x48
 8001de2:	f7ff ff64 	bl	8001cae <lcd_write_data>
\\TJAND17\sen.he\project\unc_linux_rls_25d\source\bsp\mcu\GD\GD ARM MCU Debug/../src/drivers/lcd/gd32e235c_lcd_eval.c:227

    lcd_write_index(0x3a);
 8001de6:	203a      	movs	r0, #58	; 0x3a
 8001de8:	f7ff ff47 	bl	8001c7a <lcd_write_index>
\\TJAND17\sen.he\project\unc_linux_rls_25d\source\bsp\mcu\GD\GD ARM MCU Debug/../src/drivers/lcd/gd32e235c_lcd_eval.c:228
    lcd_write_data(0x05);
 8001dec:	2005      	movs	r0, #5
 8001dee:	f7ff ff5e 	bl	8001cae <lcd_write_data>
\\TJAND17\sen.he\project\unc_linux_rls_25d\source\bsp\mcu\GD\GD ARM MCU Debug/../src/drivers/lcd/gd32e235c_lcd_eval.c:230

    lcd_write_index(0xbf);
 8001df2:	20bf      	movs	r0, #191	; 0xbf
 8001df4:	f7ff ff41 	bl	8001c7a <lcd_write_index>
\\TJAND17\sen.he\project\unc_linux_rls_25d\source\bsp\mcu\GD\GD ARM MCU Debug/../src/drivers/lcd/gd32e235c_lcd_eval.c:231
    lcd_write_data(0x1f);
 8001df8:	201f      	movs	r0, #31
 8001dfa:	f7ff ff58 	bl	8001cae <lcd_write_data>
\\TJAND17\sen.he\project\unc_linux_rls_25d\source\bsp\mcu\GD\GD ARM MCU Debug/../src/drivers/lcd/gd32e235c_lcd_eval.c:233

    lcd_write_index(0x7d);
 8001dfe:	207d      	movs	r0, #125	; 0x7d
 8001e00:	f7ff ff3b 	bl	8001c7a <lcd_write_index>
\\TJAND17\sen.he\project\unc_linux_rls_25d\source\bsp\mcu\GD\GD ARM MCU Debug/../src/drivers/lcd/gd32e235c_lcd_eval.c:234
    lcd_write_data(0x45);
 8001e04:	2045      	movs	r0, #69	; 0x45
 8001e06:	f7ff ff52 	bl	8001cae <lcd_write_data>
\\TJAND17\sen.he\project\unc_linux_rls_25d\source\bsp\mcu\GD\GD ARM MCU Debug/../src/drivers/lcd/gd32e235c_lcd_eval.c:235
    lcd_write_data(0x06);
 8001e0a:	2006      	movs	r0, #6
 8001e0c:	f7ff ff4f 	bl	8001cae <lcd_write_data>
\\TJAND17\sen.he\project\unc_linux_rls_25d\source\bsp\mcu\GD\GD ARM MCU Debug/../src/drivers/lcd/gd32e235c_lcd_eval.c:237

    lcd_write_index(0xee);
 8001e10:	20ee      	movs	r0, #238	; 0xee
 8001e12:	f7ff ff32 	bl	8001c7a <lcd_write_index>
\\TJAND17\sen.he\project\unc_linux_rls_25d\source\bsp\mcu\GD\GD ARM MCU Debug/../src/drivers/lcd/gd32e235c_lcd_eval.c:238
    lcd_write_data(0x00);
 8001e16:	2000      	movs	r0, #0
 8001e18:	f7ff ff49 	bl	8001cae <lcd_write_data>
\\TJAND17\sen.he\project\unc_linux_rls_25d\source\bsp\mcu\GD\GD ARM MCU Debug/../src/drivers/lcd/gd32e235c_lcd_eval.c:239
    lcd_write_data(0x06);
 8001e1c:	2006      	movs	r0, #6
 8001e1e:	f7ff ff46 	bl	8001cae <lcd_write_data>
\\TJAND17\sen.he\project\unc_linux_rls_25d\source\bsp\mcu\GD\GD ARM MCU Debug/../src/drivers/lcd/gd32e235c_lcd_eval.c:241

    lcd_write_index(0xf4);
 8001e22:	20f4      	movs	r0, #244	; 0xf4
 8001e24:	f7ff ff29 	bl	8001c7a <lcd_write_index>
\\TJAND17\sen.he\project\unc_linux_rls_25d\source\bsp\mcu\GD\GD ARM MCU Debug/../src/drivers/lcd/gd32e235c_lcd_eval.c:242
    lcd_write_data(0x53);
 8001e28:	2053      	movs	r0, #83	; 0x53
 8001e2a:	f7ff ff40 	bl	8001cae <lcd_write_data>
\\TJAND17\sen.he\project\unc_linux_rls_25d\source\bsp\mcu\GD\GD ARM MCU Debug/../src/drivers/lcd/gd32e235c_lcd_eval.c:244

    lcd_write_index(0xf6);
 8001e2e:	20f6      	movs	r0, #246	; 0xf6
 8001e30:	f7ff ff23 	bl	8001c7a <lcd_write_index>
\\TJAND17\sen.he\project\unc_linux_rls_25d\source\bsp\mcu\GD\GD ARM MCU Debug/../src/drivers/lcd/gd32e235c_lcd_eval.c:245
    lcd_write_data(0x07);
 8001e34:	2007      	movs	r0, #7
 8001e36:	f7ff ff3a 	bl	8001cae <lcd_write_data>
\\TJAND17\sen.he\project\unc_linux_rls_25d\source\bsp\mcu\GD\GD ARM MCU Debug/../src/drivers/lcd/gd32e235c_lcd_eval.c:246
    lcd_write_data(0x08);
 8001e3a:	2008      	movs	r0, #8
 8001e3c:	f7ff ff37 	bl	8001cae <lcd_write_data>
\\TJAND17\sen.he\project\unc_linux_rls_25d\source\bsp\mcu\GD\GD ARM MCU Debug/../src/drivers/lcd/gd32e235c_lcd_eval.c:248

    lcd_write_index(0x70);
 8001e40:	2070      	movs	r0, #112	; 0x70
 8001e42:	f7ff ff1a 	bl	8001c7a <lcd_write_index>
\\TJAND17\sen.he\project\unc_linux_rls_25d\source\bsp\mcu\GD\GD ARM MCU Debug/../src/drivers/lcd/gd32e235c_lcd_eval.c:249
    lcd_write_data(0x4f);
 8001e46:	204f      	movs	r0, #79	; 0x4f
 8001e48:	f7ff ff31 	bl	8001cae <lcd_write_data>
\\TJAND17\sen.he\project\unc_linux_rls_25d\source\bsp\mcu\GD\GD ARM MCU Debug/../src/drivers/lcd/gd32e235c_lcd_eval.c:250
    lcd_write_data(0x4f);
 8001e4c:	204f      	movs	r0, #79	; 0x4f
 8001e4e:	f7ff ff2e 	bl	8001cae <lcd_write_data>
\\TJAND17\sen.he\project\unc_linux_rls_25d\source\bsp\mcu\GD\GD ARM MCU Debug/../src/drivers/lcd/gd32e235c_lcd_eval.c:252

    lcd_write_index(0x71);
 8001e52:	2071      	movs	r0, #113	; 0x71
 8001e54:	f7ff ff11 	bl	8001c7a <lcd_write_index>
\\TJAND17\sen.he\project\unc_linux_rls_25d\source\bsp\mcu\GD\GD ARM MCU Debug/../src/drivers/lcd/gd32e235c_lcd_eval.c:253
    lcd_write_data(0x12);
 8001e58:	2012      	movs	r0, #18
 8001e5a:	f7ff ff28 	bl	8001cae <lcd_write_data>
\\TJAND17\sen.he\project\unc_linux_rls_25d\source\bsp\mcu\GD\GD ARM MCU Debug/../src/drivers/lcd/gd32e235c_lcd_eval.c:254
    lcd_write_data(0x20);
 8001e5e:	2020      	movs	r0, #32
 8001e60:	f7ff ff25 	bl	8001cae <lcd_write_data>
\\TJAND17\sen.he\project\unc_linux_rls_25d\source\bsp\mcu\GD\GD ARM MCU Debug/../src/drivers/lcd/gd32e235c_lcd_eval.c:256

    lcd_write_index(0x72);
 8001e64:	2072      	movs	r0, #114	; 0x72
 8001e66:	f7ff ff08 	bl	8001c7a <lcd_write_index>
\\TJAND17\sen.he\project\unc_linux_rls_25d\source\bsp\mcu\GD\GD ARM MCU Debug/../src/drivers/lcd/gd32e235c_lcd_eval.c:257
    lcd_write_data(0x12);
 8001e6a:	2012      	movs	r0, #18
 8001e6c:	f7ff ff1f 	bl	8001cae <lcd_write_data>
\\TJAND17\sen.he\project\unc_linux_rls_25d\source\bsp\mcu\GD\GD ARM MCU Debug/../src/drivers/lcd/gd32e235c_lcd_eval.c:258
    lcd_write_data(0x20);
 8001e70:	2020      	movs	r0, #32
 8001e72:	f7ff ff1c 	bl	8001cae <lcd_write_data>
\\TJAND17\sen.he\project\unc_linux_rls_25d\source\bsp\mcu\GD\GD ARM MCU Debug/../src/drivers/lcd/gd32e235c_lcd_eval.c:260

    lcd_write_index(0xb5);
 8001e76:	20b5      	movs	r0, #181	; 0xb5
 8001e78:	f7ff feff 	bl	8001c7a <lcd_write_index>
\\TJAND17\sen.he\project\unc_linux_rls_25d\source\bsp\mcu\GD\GD ARM MCU Debug/../src/drivers/lcd/gd32e235c_lcd_eval.c:261
    lcd_write_data(0x50);
 8001e7c:	2050      	movs	r0, #80	; 0x50
 8001e7e:	f7ff ff16 	bl	8001cae <lcd_write_data>
\\TJAND17\sen.he\project\unc_linux_rls_25d\source\bsp\mcu\GD\GD ARM MCU Debug/../src/drivers/lcd/gd32e235c_lcd_eval.c:263

    lcd_write_index(0xba);
 8001e82:	20ba      	movs	r0, #186	; 0xba
 8001e84:	f7ff fef9 	bl	8001c7a <lcd_write_index>
\\TJAND17\sen.he\project\unc_linux_rls_25d\source\bsp\mcu\GD\GD ARM MCU Debug/../src/drivers/lcd/gd32e235c_lcd_eval.c:264
    lcd_write_data(0x00);
 8001e88:	2000      	movs	r0, #0
 8001e8a:	f7ff ff10 	bl	8001cae <lcd_write_data>
\\TJAND17\sen.he\project\unc_linux_rls_25d\source\bsp\mcu\GD\GD ARM MCU Debug/../src/drivers/lcd/gd32e235c_lcd_eval.c:266

    lcd_write_index(0xec);
 8001e8e:	20ec      	movs	r0, #236	; 0xec
 8001e90:	f7ff fef3 	bl	8001c7a <lcd_write_index>
\\TJAND17\sen.he\project\unc_linux_rls_25d\source\bsp\mcu\GD\GD ARM MCU Debug/../src/drivers/lcd/gd32e235c_lcd_eval.c:267
    lcd_write_data(0x71);
 8001e94:	2071      	movs	r0, #113	; 0x71
 8001e96:	f7ff ff0a 	bl	8001cae <lcd_write_data>
\\TJAND17\sen.he\project\unc_linux_rls_25d\source\bsp\mcu\GD\GD ARM MCU Debug/../src/drivers/lcd/gd32e235c_lcd_eval.c:269

    lcd_write_index(0x7b);
 8001e9a:	207b      	movs	r0, #123	; 0x7b
 8001e9c:	f7ff feed 	bl	8001c7a <lcd_write_index>
\\TJAND17\sen.he\project\unc_linux_rls_25d\source\bsp\mcu\GD\GD ARM MCU Debug/../src/drivers/lcd/gd32e235c_lcd_eval.c:270
    lcd_write_data(0x00);
 8001ea0:	2000      	movs	r0, #0
 8001ea2:	f7ff ff04 	bl	8001cae <lcd_write_data>
\\TJAND17\sen.he\project\unc_linux_rls_25d\source\bsp\mcu\GD\GD ARM MCU Debug/../src/drivers/lcd/gd32e235c_lcd_eval.c:271
    lcd_write_data(0x0d);
 8001ea6:	200d      	movs	r0, #13
 8001ea8:	f7ff ff01 	bl	8001cae <lcd_write_data>
\\TJAND17\sen.he\project\unc_linux_rls_25d\source\bsp\mcu\GD\GD ARM MCU Debug/../src/drivers/lcd/gd32e235c_lcd_eval.c:273

    lcd_write_index(0x7c);
 8001eac:	207c      	movs	r0, #124	; 0x7c
 8001eae:	f7ff fee4 	bl	8001c7a <lcd_write_index>
\\TJAND17\sen.he\project\unc_linux_rls_25d\source\bsp\mcu\GD\GD ARM MCU Debug/../src/drivers/lcd/gd32e235c_lcd_eval.c:274
    lcd_write_data(0x0d);
 8001eb2:	200d      	movs	r0, #13
 8001eb4:	f7ff fefb 	bl	8001cae <lcd_write_data>
\\TJAND17\sen.he\project\unc_linux_rls_25d\source\bsp\mcu\GD\GD ARM MCU Debug/../src/drivers/lcd/gd32e235c_lcd_eval.c:275
    lcd_write_data(0x03);
 8001eb8:	2003      	movs	r0, #3
 8001eba:	f7ff fef8 	bl	8001cae <lcd_write_data>
\\TJAND17\sen.he\project\unc_linux_rls_25d\source\bsp\mcu\GD\GD ARM MCU Debug/../src/drivers/lcd/gd32e235c_lcd_eval.c:277

    lcd_write_index(0xf5);
 8001ebe:	20f5      	movs	r0, #245	; 0xf5
 8001ec0:	f7ff fedb 	bl	8001c7a <lcd_write_index>
\\TJAND17\sen.he\project\unc_linux_rls_25d\source\bsp\mcu\GD\GD ARM MCU Debug/../src/drivers/lcd/gd32e235c_lcd_eval.c:278
    lcd_write_data(0x02);
 8001ec4:	2002      	movs	r0, #2
 8001ec6:	f7ff fef2 	bl	8001cae <lcd_write_data>
\\TJAND17\sen.he\project\unc_linux_rls_25d\source\bsp\mcu\GD\GD ARM MCU Debug/../src/drivers/lcd/gd32e235c_lcd_eval.c:279
    lcd_write_data(0x10);
 8001eca:	2010      	movs	r0, #16
 8001ecc:	f7ff feef 	bl	8001cae <lcd_write_data>
\\TJAND17\sen.he\project\unc_linux_rls_25d\source\bsp\mcu\GD\GD ARM MCU Debug/../src/drivers/lcd/gd32e235c_lcd_eval.c:280
    lcd_write_data(0x12);
 8001ed0:	2012      	movs	r0, #18
 8001ed2:	f7ff feec 	bl	8001cae <lcd_write_data>
\\TJAND17\sen.he\project\unc_linux_rls_25d\source\bsp\mcu\GD\GD ARM MCU Debug/../src/drivers/lcd/gd32e235c_lcd_eval.c:282

    lcd_write_index(0xf0);
 8001ed6:	20f0      	movs	r0, #240	; 0xf0
 8001ed8:	f7ff fecf 	bl	8001c7a <lcd_write_index>
\\TJAND17\sen.he\project\unc_linux_rls_25d\source\bsp\mcu\GD\GD ARM MCU Debug/../src/drivers/lcd/gd32e235c_lcd_eval.c:283
    lcd_write_data(0x08);
 8001edc:	2008      	movs	r0, #8
 8001ede:	f7ff fee6 	bl	8001cae <lcd_write_data>
\\TJAND17\sen.he\project\unc_linux_rls_25d\source\bsp\mcu\GD\GD ARM MCU Debug/../src/drivers/lcd/gd32e235c_lcd_eval.c:284
    lcd_write_data(0x0c);
 8001ee2:	200c      	movs	r0, #12
 8001ee4:	f7ff fee3 	bl	8001cae <lcd_write_data>
\\TJAND17\sen.he\project\unc_linux_rls_25d\source\bsp\mcu\GD\GD ARM MCU Debug/../src/drivers/lcd/gd32e235c_lcd_eval.c:285
    lcd_write_data(0x0b);
 8001ee8:	200b      	movs	r0, #11
 8001eea:	f7ff fee0 	bl	8001cae <lcd_write_data>
\\TJAND17\sen.he\project\unc_linux_rls_25d\source\bsp\mcu\GD\GD ARM MCU Debug/../src/drivers/lcd/gd32e235c_lcd_eval.c:286
    lcd_write_data(0x09);
 8001eee:	2009      	movs	r0, #9
 8001ef0:	f7ff fedd 	bl	8001cae <lcd_write_data>
\\TJAND17\sen.he\project\unc_linux_rls_25d\source\bsp\mcu\GD\GD ARM MCU Debug/../src/drivers/lcd/gd32e235c_lcd_eval.c:287
    lcd_write_data(0x03);
 8001ef4:	2003      	movs	r0, #3
 8001ef6:	f7ff feda 	bl	8001cae <lcd_write_data>
\\TJAND17\sen.he\project\unc_linux_rls_25d\source\bsp\mcu\GD\GD ARM MCU Debug/../src/drivers/lcd/gd32e235c_lcd_eval.c:288
    lcd_write_data(0x33);
 8001efa:	2033      	movs	r0, #51	; 0x33
 8001efc:	f7ff fed7 	bl	8001cae <lcd_write_data>
\\TJAND17\sen.he\project\unc_linux_rls_25d\source\bsp\mcu\GD\GD ARM MCU Debug/../src/drivers/lcd/gd32e235c_lcd_eval.c:289
    lcd_write_data(0x49);
 8001f00:	2049      	movs	r0, #73	; 0x49
 8001f02:	f7ff fed4 	bl	8001cae <lcd_write_data>
\\TJAND17\sen.he\project\unc_linux_rls_25d\source\bsp\mcu\GD\GD ARM MCU Debug/../src/drivers/lcd/gd32e235c_lcd_eval.c:290
    lcd_write_data(0x6c);
 8001f06:	206c      	movs	r0, #108	; 0x6c
 8001f08:	f7ff fed1 	bl	8001cae <lcd_write_data>
\\TJAND17\sen.he\project\unc_linux_rls_25d\source\bsp\mcu\GD\GD ARM MCU Debug/../src/drivers/lcd/gd32e235c_lcd_eval.c:291
    lcd_write_data(0x9c);
 8001f0c:	209c      	movs	r0, #156	; 0x9c
 8001f0e:	f7ff fece 	bl	8001cae <lcd_write_data>
\\TJAND17\sen.he\project\unc_linux_rls_25d\source\bsp\mcu\GD\GD ARM MCU Debug/../src/drivers/lcd/gd32e235c_lcd_eval.c:292
    lcd_write_data(0x2e);
 8001f12:	202e      	movs	r0, #46	; 0x2e
 8001f14:	f7ff fecb 	bl	8001cae <lcd_write_data>
\\TJAND17\sen.he\project\unc_linux_rls_25d\source\bsp\mcu\GD\GD ARM MCU Debug/../src/drivers/lcd/gd32e235c_lcd_eval.c:293
    lcd_write_data(0x30);
 8001f18:	2030      	movs	r0, #48	; 0x30
 8001f1a:	f7ff fec8 	bl	8001cae <lcd_write_data>
\\TJAND17\sen.he\project\unc_linux_rls_25d\source\bsp\mcu\GD\GD ARM MCU Debug/../src/drivers/lcd/gd32e235c_lcd_eval.c:294
    lcd_write_data(0x4f);
 8001f1e:	204f      	movs	r0, #79	; 0x4f
 8001f20:	f7ff fec5 	bl	8001cae <lcd_write_data>
\\TJAND17\sen.he\project\unc_linux_rls_25d\source\bsp\mcu\GD\GD ARM MCU Debug/../src/drivers/lcd/gd32e235c_lcd_eval.c:296

    lcd_write_index(0xf1);
 8001f24:	20f1      	movs	r0, #241	; 0xf1
 8001f26:	f7ff fea8 	bl	8001c7a <lcd_write_index>
\\TJAND17\sen.he\project\unc_linux_rls_25d\source\bsp\mcu\GD\GD ARM MCU Debug/../src/drivers/lcd/gd32e235c_lcd_eval.c:297
    lcd_write_data(0x08);
 8001f2a:	2008      	movs	r0, #8
 8001f2c:	f7ff febf 	bl	8001cae <lcd_write_data>
\\TJAND17\sen.he\project\unc_linux_rls_25d\source\bsp\mcu\GD\GD ARM MCU Debug/../src/drivers/lcd/gd32e235c_lcd_eval.c:298
    lcd_write_data(0x0c);
 8001f30:	200c      	movs	r0, #12
 8001f32:	f7ff febc 	bl	8001cae <lcd_write_data>
\\TJAND17\sen.he\project\unc_linux_rls_25d\source\bsp\mcu\GD\GD ARM MCU Debug/../src/drivers/lcd/gd32e235c_lcd_eval.c:299
    lcd_write_data(0x0b);
 8001f36:	200b      	movs	r0, #11
 8001f38:	f7ff feb9 	bl	8001cae <lcd_write_data>
\\TJAND17\sen.he\project\unc_linux_rls_25d\source\bsp\mcu\GD\GD ARM MCU Debug/../src/drivers/lcd/gd32e235c_lcd_eval.c:300
    lcd_write_data(0x06);
 8001f3c:	2006      	movs	r0, #6
 8001f3e:	f7ff feb6 	bl	8001cae <lcd_write_data>
\\TJAND17\sen.he\project\unc_linux_rls_25d\source\bsp\mcu\GD\GD ARM MCU Debug/../src/drivers/lcd/gd32e235c_lcd_eval.c:301
    lcd_write_data(0x05);
 8001f42:	2005      	movs	r0, #5
 8001f44:	f7ff feb3 	bl	8001cae <lcd_write_data>
\\TJAND17\sen.he\project\unc_linux_rls_25d\source\bsp\mcu\GD\GD ARM MCU Debug/../src/drivers/lcd/gd32e235c_lcd_eval.c:302
    lcd_write_data(0x33);
 8001f48:	2033      	movs	r0, #51	; 0x33
 8001f4a:	f7ff feb0 	bl	8001cae <lcd_write_data>
\\TJAND17\sen.he\project\unc_linux_rls_25d\source\bsp\mcu\GD\GD ARM MCU Debug/../src/drivers/lcd/gd32e235c_lcd_eval.c:303
    lcd_write_data(0x4a);
 8001f4e:	204a      	movs	r0, #74	; 0x4a
 8001f50:	f7ff fead 	bl	8001cae <lcd_write_data>
\\TJAND17\sen.he\project\unc_linux_rls_25d\source\bsp\mcu\GD\GD ARM MCU Debug/../src/drivers/lcd/gd32e235c_lcd_eval.c:304
    lcd_write_data(0xdb);
 8001f54:	20db      	movs	r0, #219	; 0xdb
 8001f56:	f7ff feaa 	bl	8001cae <lcd_write_data>
\\TJAND17\sen.he\project\unc_linux_rls_25d\source\bsp\mcu\GD\GD ARM MCU Debug/../src/drivers/lcd/gd32e235c_lcd_eval.c:305
    lcd_write_data(0x8f);
 8001f5a:	208f      	movs	r0, #143	; 0x8f
 8001f5c:	f7ff fea7 	bl	8001cae <lcd_write_data>
\\TJAND17\sen.he\project\unc_linux_rls_25d\source\bsp\mcu\GD\GD ARM MCU Debug/../src/drivers/lcd/gd32e235c_lcd_eval.c:306
    lcd_write_data(0x2c);
 8001f60:	202c      	movs	r0, #44	; 0x2c
 8001f62:	f7ff fea4 	bl	8001cae <lcd_write_data>
\\TJAND17\sen.he\project\unc_linux_rls_25d\source\bsp\mcu\GD\GD ARM MCU Debug/../src/drivers/lcd/gd32e235c_lcd_eval.c:307
    lcd_write_data(0x2c);
 8001f66:	202c      	movs	r0, #44	; 0x2c
 8001f68:	f7ff fea1 	bl	8001cae <lcd_write_data>
\\TJAND17\sen.he\project\unc_linux_rls_25d\source\bsp\mcu\GD\GD ARM MCU Debug/../src/drivers/lcd/gd32e235c_lcd_eval.c:308
    lcd_write_data(0x9f);
 8001f6c:	209f      	movs	r0, #159	; 0x9f
 8001f6e:	f7ff fe9e 	bl	8001cae <lcd_write_data>
\\TJAND17\sen.he\project\unc_linux_rls_25d\source\bsp\mcu\GD\GD ARM MCU Debug/../src/drivers/lcd/gd32e235c_lcd_eval.c:310

    lcd_write_index(0x66);
 8001f72:	2066      	movs	r0, #102	; 0x66
 8001f74:	f7ff fe81 	bl	8001c7a <lcd_write_index>
\\TJAND17\sen.he\project\unc_linux_rls_25d\source\bsp\mcu\GD\GD ARM MCU Debug/../src/drivers/lcd/gd32e235c_lcd_eval.c:311
    lcd_write_data(0x15);
 8001f78:	2015      	movs	r0, #21
 8001f7a:	f7ff fe98 	bl	8001cae <lcd_write_data>
\\TJAND17\sen.he\project\unc_linux_rls_25d\source\bsp\mcu\GD\GD ARM MCU Debug/../src/drivers/lcd/gd32e235c_lcd_eval.c:313

    lcd_write_index(0x67);
 8001f7e:	2067      	movs	r0, #103	; 0x67
 8001f80:	f7ff fe7b 	bl	8001c7a <lcd_write_index>
\\TJAND17\sen.he\project\unc_linux_rls_25d\source\bsp\mcu\GD\GD ARM MCU Debug/../src/drivers/lcd/gd32e235c_lcd_eval.c:314
    lcd_write_data(0x1d);
 8001f84:	201d      	movs	r0, #29
 8001f86:	f7ff fe92 	bl	8001cae <lcd_write_data>
\\TJAND17\sen.he\project\unc_linux_rls_25d\source\bsp\mcu\GD\GD ARM MCU Debug/../src/drivers/lcd/gd32e235c_lcd_eval.c:316

    lcd_write_index(0x68);
 8001f8a:	2068      	movs	r0, #104	; 0x68
 8001f8c:	f7ff fe75 	bl	8001c7a <lcd_write_index>
\\TJAND17\sen.he\project\unc_linux_rls_25d\source\bsp\mcu\GD\GD ARM MCU Debug/../src/drivers/lcd/gd32e235c_lcd_eval.c:317
    lcd_write_data(0x1d);
 8001f90:	201d      	movs	r0, #29
 8001f92:	f7ff fe8c 	bl	8001cae <lcd_write_data>
\\TJAND17\sen.he\project\unc_linux_rls_25d\source\bsp\mcu\GD\GD ARM MCU Debug/../src/drivers/lcd/gd32e235c_lcd_eval.c:319

    lcd_write_index(0xca);
 8001f96:	20ca      	movs	r0, #202	; 0xca
 8001f98:	f7ff fe6f 	bl	8001c7a <lcd_write_index>
\\TJAND17\sen.he\project\unc_linux_rls_25d\source\bsp\mcu\GD\GD ARM MCU Debug/../src/drivers/lcd/gd32e235c_lcd_eval.c:320
    lcd_write_data(0x0f);
 8001f9c:	200f      	movs	r0, #15
 8001f9e:	f7ff fe86 	bl	8001cae <lcd_write_data>
\\TJAND17\sen.he\project\unc_linux_rls_25d\source\bsp\mcu\GD\GD ARM MCU Debug/../src/drivers/lcd/gd32e235c_lcd_eval.c:322

    lcd_write_index(0xe8);
 8001fa2:	20e8      	movs	r0, #232	; 0xe8
 8001fa4:	f7ff fe69 	bl	8001c7a <lcd_write_index>
\\TJAND17\sen.he\project\unc_linux_rls_25d\source\bsp\mcu\GD\GD ARM MCU Debug/../src/drivers/lcd/gd32e235c_lcd_eval.c:323
    lcd_write_data(0xf0);
 8001fa8:	20f0      	movs	r0, #240	; 0xf0
 8001faa:	f7ff fe80 	bl	8001cae <lcd_write_data>
\\TJAND17\sen.he\project\unc_linux_rls_25d\source\bsp\mcu\GD\GD ARM MCU Debug/../src/drivers/lcd/gd32e235c_lcd_eval.c:325

    lcd_write_index(0xcb);
 8001fae:	20cb      	movs	r0, #203	; 0xcb
 8001fb0:	f7ff fe63 	bl	8001c7a <lcd_write_index>
\\TJAND17\sen.he\project\unc_linux_rls_25d\source\bsp\mcu\GD\GD ARM MCU Debug/../src/drivers/lcd/gd32e235c_lcd_eval.c:326
    lcd_write_data(0x06);
 8001fb4:	2006      	movs	r0, #6
 8001fb6:	f7ff fe7a 	bl	8001cae <lcd_write_data>
\\TJAND17\sen.he\project\unc_linux_rls_25d\source\bsp\mcu\GD\GD ARM MCU Debug/../src/drivers/lcd/gd32e235c_lcd_eval.c:328

    lcd_write_index(0xb6);
 8001fba:	20b6      	movs	r0, #182	; 0xb6
 8001fbc:	f7ff fe5d 	bl	8001c7a <lcd_write_index>
\\TJAND17\sen.he\project\unc_linux_rls_25d\source\bsp\mcu\GD\GD ARM MCU Debug/../src/drivers/lcd/gd32e235c_lcd_eval.c:329
    lcd_write_data(0x5c);
 8001fc0:	205c      	movs	r0, #92	; 0x5c
 8001fc2:	f7ff fe74 	bl	8001cae <lcd_write_data>
\\TJAND17\sen.he\project\unc_linux_rls_25d\source\bsp\mcu\GD\GD ARM MCU Debug/../src/drivers/lcd/gd32e235c_lcd_eval.c:330
    lcd_write_data(0x40);
 8001fc6:	2040      	movs	r0, #64	; 0x40
 8001fc8:	f7ff fe71 	bl	8001cae <lcd_write_data>
\\TJAND17\sen.he\project\unc_linux_rls_25d\source\bsp\mcu\GD\GD ARM MCU Debug/../src/drivers/lcd/gd32e235c_lcd_eval.c:331
    lcd_write_data(0x40);
 8001fcc:	2040      	movs	r0, #64	; 0x40
 8001fce:	f7ff fe6e 	bl	8001cae <lcd_write_data>
\\TJAND17\sen.he\project\unc_linux_rls_25d\source\bsp\mcu\GD\GD ARM MCU Debug/../src/drivers/lcd/gd32e235c_lcd_eval.c:333

    lcd_write_index(0xcc);
 8001fd2:	20cc      	movs	r0, #204	; 0xcc
 8001fd4:	f7ff fe51 	bl	8001c7a <lcd_write_index>
\\TJAND17\sen.he\project\unc_linux_rls_25d\source\bsp\mcu\GD\GD ARM MCU Debug/../src/drivers/lcd/gd32e235c_lcd_eval.c:334
    lcd_write_data(0x33);
 8001fd8:	2033      	movs	r0, #51	; 0x33
 8001fda:	f7ff fe68 	bl	8001cae <lcd_write_data>
\\TJAND17\sen.he\project\unc_linux_rls_25d\source\bsp\mcu\GD\GD ARM MCU Debug/../src/drivers/lcd/gd32e235c_lcd_eval.c:336

    lcd_write_index(0xcd);
 8001fde:	20cd      	movs	r0, #205	; 0xcd
 8001fe0:	f7ff fe4b 	bl	8001c7a <lcd_write_index>
\\TJAND17\sen.he\project\unc_linux_rls_25d\source\bsp\mcu\GD\GD ARM MCU Debug/../src/drivers/lcd/gd32e235c_lcd_eval.c:337
    lcd_write_data(0x33);
 8001fe4:	2033      	movs	r0, #51	; 0x33
 8001fe6:	f7ff fe62 	bl	8001cae <lcd_write_data>
\\TJAND17\sen.he\project\unc_linux_rls_25d\source\bsp\mcu\GD\GD ARM MCU Debug/../src/drivers/lcd/gd32e235c_lcd_eval.c:339

    lcd_write_index(0x35);
 8001fea:	2035      	movs	r0, #53	; 0x35
 8001fec:	f7ff fe45 	bl	8001c7a <lcd_write_index>
\\TJAND17\sen.he\project\unc_linux_rls_25d\source\bsp\mcu\GD\GD ARM MCU Debug/../src/drivers/lcd/gd32e235c_lcd_eval.c:340
    lcd_write_data(0x00);
 8001ff0:	2000      	movs	r0, #0
 8001ff2:	f7ff fe5c 	bl	8001cae <lcd_write_data>
\\TJAND17\sen.he\project\unc_linux_rls_25d\source\bsp\mcu\GD\GD ARM MCU Debug/../src/drivers/lcd/gd32e235c_lcd_eval.c:342

    lcd_write_index(0x44);
 8001ff6:	2044      	movs	r0, #68	; 0x44
 8001ff8:	f7ff fe3f 	bl	8001c7a <lcd_write_index>
\\TJAND17\sen.he\project\unc_linux_rls_25d\source\bsp\mcu\GD\GD ARM MCU Debug/../src/drivers/lcd/gd32e235c_lcd_eval.c:343
    lcd_write_data(0x00);
 8001ffc:	2000      	movs	r0, #0
 8001ffe:	f7ff fe56 	bl	8001cae <lcd_write_data>
\\TJAND17\sen.he\project\unc_linux_rls_25d\source\bsp\mcu\GD\GD ARM MCU Debug/../src/drivers/lcd/gd32e235c_lcd_eval.c:344
    lcd_write_data(0x0a);
 8002002:	200a      	movs	r0, #10
 8002004:	f7ff fe53 	bl	8001cae <lcd_write_data>
\\TJAND17\sen.he\project\unc_linux_rls_25d\source\bsp\mcu\GD\GD ARM MCU Debug/../src/drivers/lcd/gd32e235c_lcd_eval.c:347

    /* exit sleep */
    lcd_write_index(0x11);
 8002008:	2011      	movs	r0, #17
 800200a:	f7ff fe36 	bl	8001c7a <lcd_write_index>
\\TJAND17\sen.he\project\unc_linux_rls_25d\source\bsp\mcu\GD\GD ARM MCU Debug/../src/drivers/lcd/gd32e235c_lcd_eval.c:348
    delay_1ms(80);
 800200e:	2050      	movs	r0, #80	; 0x50
 8002010:	f7fe f949 	bl	80002a6 <delay_1ms>
\\TJAND17\sen.he\project\unc_linux_rls_25d\source\bsp\mcu\GD\GD ARM MCU Debug/../src/drivers/lcd/gd32e235c_lcd_eval.c:350

    lcd_write_index(0xe8);
 8002014:	20e8      	movs	r0, #232	; 0xe8
 8002016:	f7ff fe30 	bl	8001c7a <lcd_write_index>
\\TJAND17\sen.he\project\unc_linux_rls_25d\source\bsp\mcu\GD\GD ARM MCU Debug/../src/drivers/lcd/gd32e235c_lcd_eval.c:351
    lcd_write_data(0xa0);
 800201a:	20a0      	movs	r0, #160	; 0xa0
 800201c:	f7ff fe47 	bl	8001cae <lcd_write_data>
\\TJAND17\sen.he\project\unc_linux_rls_25d\source\bsp\mcu\GD\GD ARM MCU Debug/../src/drivers/lcd/gd32e235c_lcd_eval.c:353

    lcd_write_index(0xe8);
 8002020:	20e8      	movs	r0, #232	; 0xe8
 8002022:	f7ff fe2a 	bl	8001c7a <lcd_write_index>
\\TJAND17\sen.he\project\unc_linux_rls_25d\source\bsp\mcu\GD\GD ARM MCU Debug/../src/drivers/lcd/gd32e235c_lcd_eval.c:354
    lcd_write_data(0xf0);
 8002026:	20f0      	movs	r0, #240	; 0xf0
 8002028:	f7ff fe41 	bl	8001cae <lcd_write_data>
\\TJAND17\sen.he\project\unc_linux_rls_25d\source\bsp\mcu\GD\GD ARM MCU Debug/../src/drivers/lcd/gd32e235c_lcd_eval.c:356

    lcd_write_index(0xfe);
 800202c:	20fe      	movs	r0, #254	; 0xfe
 800202e:	f7ff fe24 	bl	8001c7a <lcd_write_index>
\\TJAND17\sen.he\project\unc_linux_rls_25d\source\bsp\mcu\GD\GD ARM MCU Debug/../src/drivers/lcd/gd32e235c_lcd_eval.c:357
    lcd_write_index(0xee);
 8002032:	20ee      	movs	r0, #238	; 0xee
 8002034:	f7ff fe21 	bl	8001c7a <lcd_write_index>
\\TJAND17\sen.he\project\unc_linux_rls_25d\source\bsp\mcu\GD\GD ARM MCU Debug/../src/drivers/lcd/gd32e235c_lcd_eval.c:360

    /* display on */
    lcd_write_index(0x29);
 8002038:	2029      	movs	r0, #41	; 0x29
 800203a:	f7ff fe1e 	bl	8001c7a <lcd_write_index>
\\TJAND17\sen.he\project\unc_linux_rls_25d\source\bsp\mcu\GD\GD ARM MCU Debug/../src/drivers/lcd/gd32e235c_lcd_eval.c:361
    lcd_write_index(0x2c);
 800203e:	202c      	movs	r0, #44	; 0x2c
 8002040:	f7ff fe1b 	bl	8001c7a <lcd_write_index>
\\TJAND17\sen.he\project\unc_linux_rls_25d\source\bsp\mcu\GD\GD ARM MCU Debug/../src/drivers/lcd/gd32e235c_lcd_eval.c:362
    delay_1ms(10);
 8002044:	200a      	movs	r0, #10
 8002046:	f7fe f92e 	bl	80002a6 <delay_1ms>
\\TJAND17\sen.he\project\unc_linux_rls_25d\source\bsp\mcu\GD\GD ARM MCU Debug/../src/drivers/lcd/gd32e235c_lcd_eval.c:364

    LCD_CS_SET;
 800204a:	2318      	movs	r3, #24
 800204c:	f6c4 0300 	movt	r3, #18432	; 0x4800
 8002050:	f248 0200 	movw	r2, #32768	; 0x8000
 8002054:	601a      	str	r2, [r3, #0]
\\TJAND17\sen.he\project\unc_linux_rls_25d\source\bsp\mcu\GD\GD ARM MCU Debug/../src/drivers/lcd/gd32e235c_lcd_eval.c:365
}
 8002056:	46c0      	nop			; (mov r8, r8)
 8002058:	46bd      	mov	sp, r7
 800205a:	bd80      	pop	{r7, pc}

0800205c <lcd_set_region>:
lcd_set_region():
\\TJAND17\sen.he\project\unc_linux_rls_25d\source\bsp\mcu\GD\GD ARM MCU Debug/../src/drivers/lcd/gd32e235c_lcd_eval.c:377
    \param[in]  y_end: the y position of the end point
    \param[out] none
    \retval     none
*/
void lcd_set_region(uint16_t x_start, uint16_t y_start, uint16_t x_end, uint16_t y_end)
{
 800205c:	b5b0      	push	{r4, r5, r7, lr}
 800205e:	b082      	sub	sp, #8
 8002060:	af00      	add	r7, sp, #0
 8002062:	0005      	movs	r5, r0
 8002064:	000c      	movs	r4, r1
 8002066:	0010      	movs	r0, r2
 8002068:	0019      	movs	r1, r3
 800206a:	1dbb      	adds	r3, r7, #6
 800206c:	1c2a      	adds	r2, r5, #0
 800206e:	801a      	strh	r2, [r3, #0]
 8002070:	1d3b      	adds	r3, r7, #4
 8002072:	1c22      	adds	r2, r4, #0
 8002074:	801a      	strh	r2, [r3, #0]
 8002076:	1cbb      	adds	r3, r7, #2
 8002078:	1c02      	adds	r2, r0, #0
 800207a:	801a      	strh	r2, [r3, #0]
 800207c:	003b      	movs	r3, r7
 800207e:	1c0a      	adds	r2, r1, #0
 8002080:	801a      	strh	r2, [r3, #0]
\\TJAND17\sen.he\project\unc_linux_rls_25d\source\bsp\mcu\GD\GD ARM MCU Debug/../src/drivers/lcd/gd32e235c_lcd_eval.c:378
    LCD_CS_CLR;
 8002082:	2328      	movs	r3, #40	; 0x28
 8002084:	f6c4 0300 	movt	r3, #18432	; 0x4800
 8002088:	f248 0200 	movw	r2, #32768	; 0x8000
 800208c:	601a      	str	r2, [r3, #0]
\\TJAND17\sen.he\project\unc_linux_rls_25d\source\bsp\mcu\GD\GD ARM MCU Debug/../src/drivers/lcd/gd32e235c_lcd_eval.c:381

    /* write the register address 0x2A*/
    lcd_write_index(0x2A);
 800208e:	202a      	movs	r0, #42	; 0x2a
 8002090:	f7ff fdf3 	bl	8001c7a <lcd_write_index>
\\TJAND17\sen.he\project\unc_linux_rls_25d\source\bsp\mcu\GD\GD ARM MCU Debug/../src/drivers/lcd/gd32e235c_lcd_eval.c:382
    lcd_write_data_16bit(x_start >> 8, x_start);
 8002094:	1dbb      	adds	r3, r7, #6
 8002096:	881b      	ldrh	r3, [r3, #0]
 8002098:	0a1b      	lsrs	r3, r3, #8
 800209a:	b29b      	uxth	r3, r3
 800209c:	b2da      	uxtb	r2, r3
 800209e:	1dbb      	adds	r3, r7, #6
 80020a0:	881b      	ldrh	r3, [r3, #0]
 80020a2:	b2db      	uxtb	r3, r3
 80020a4:	0019      	movs	r1, r3
 80020a6:	0010      	movs	r0, r2
 80020a8:	f7ff fe1b 	bl	8001ce2 <lcd_write_data_16bit>
\\TJAND17\sen.he\project\unc_linux_rls_25d\source\bsp\mcu\GD\GD ARM MCU Debug/../src/drivers/lcd/gd32e235c_lcd_eval.c:383
    lcd_write_data_16bit(x_end >> 8, x_end);
 80020ac:	1cbb      	adds	r3, r7, #2
 80020ae:	881b      	ldrh	r3, [r3, #0]
 80020b0:	0a1b      	lsrs	r3, r3, #8
 80020b2:	b29b      	uxth	r3, r3
 80020b4:	b2da      	uxtb	r2, r3
 80020b6:	1cbb      	adds	r3, r7, #2
 80020b8:	881b      	ldrh	r3, [r3, #0]
 80020ba:	b2db      	uxtb	r3, r3
 80020bc:	0019      	movs	r1, r3
 80020be:	0010      	movs	r0, r2
 80020c0:	f7ff fe0f 	bl	8001ce2 <lcd_write_data_16bit>
\\TJAND17\sen.he\project\unc_linux_rls_25d\source\bsp\mcu\GD\GD ARM MCU Debug/../src/drivers/lcd/gd32e235c_lcd_eval.c:386

    /* write the register address 0x2B*/
    lcd_write_index(0x2B);
 80020c4:	202b      	movs	r0, #43	; 0x2b
 80020c6:	f7ff fdd8 	bl	8001c7a <lcd_write_index>
\\TJAND17\sen.he\project\unc_linux_rls_25d\source\bsp\mcu\GD\GD ARM MCU Debug/../src/drivers/lcd/gd32e235c_lcd_eval.c:387
    lcd_write_data_16bit(y_start >> 8, y_start);
 80020ca:	1d3b      	adds	r3, r7, #4
 80020cc:	881b      	ldrh	r3, [r3, #0]
 80020ce:	0a1b      	lsrs	r3, r3, #8
 80020d0:	b29b      	uxth	r3, r3
 80020d2:	b2da      	uxtb	r2, r3
 80020d4:	1d3b      	adds	r3, r7, #4
 80020d6:	881b      	ldrh	r3, [r3, #0]
 80020d8:	b2db      	uxtb	r3, r3
 80020da:	0019      	movs	r1, r3
 80020dc:	0010      	movs	r0, r2
 80020de:	f7ff fe00 	bl	8001ce2 <lcd_write_data_16bit>
\\TJAND17\sen.he\project\unc_linux_rls_25d\source\bsp\mcu\GD\GD ARM MCU Debug/../src/drivers/lcd/gd32e235c_lcd_eval.c:388
    lcd_write_data_16bit(y_end >> 8, y_end);
 80020e2:	003b      	movs	r3, r7
 80020e4:	881b      	ldrh	r3, [r3, #0]
 80020e6:	0a1b      	lsrs	r3, r3, #8
 80020e8:	b29b      	uxth	r3, r3
 80020ea:	b2da      	uxtb	r2, r3
 80020ec:	003b      	movs	r3, r7
 80020ee:	881b      	ldrh	r3, [r3, #0]
 80020f0:	b2db      	uxtb	r3, r3
 80020f2:	0019      	movs	r1, r3
 80020f4:	0010      	movs	r0, r2
 80020f6:	f7ff fdf4 	bl	8001ce2 <lcd_write_data_16bit>
\\TJAND17\sen.he\project\unc_linux_rls_25d\source\bsp\mcu\GD\GD ARM MCU Debug/../src/drivers/lcd/gd32e235c_lcd_eval.c:391

    /* write the register address 0x2C*/
    lcd_write_index(0x2C);
 80020fa:	202c      	movs	r0, #44	; 0x2c
 80020fc:	f7ff fdbd 	bl	8001c7a <lcd_write_index>
\\TJAND17\sen.he\project\unc_linux_rls_25d\source\bsp\mcu\GD\GD ARM MCU Debug/../src/drivers/lcd/gd32e235c_lcd_eval.c:392
    LCD_CS_SET;
 8002100:	2318      	movs	r3, #24
 8002102:	f6c4 0300 	movt	r3, #18432	; 0x4800
 8002106:	f248 0200 	movw	r2, #32768	; 0x8000
 800210a:	601a      	str	r2, [r3, #0]
\\TJAND17\sen.he\project\unc_linux_rls_25d\source\bsp\mcu\GD\GD ARM MCU Debug/../src/drivers/lcd/gd32e235c_lcd_eval.c:393
}
 800210c:	46c0      	nop			; (mov r8, r8)
 800210e:	46bd      	mov	sp, r7
 8002110:	b002      	add	sp, #8
 8002112:	bdb0      	pop	{r4, r5, r7, pc}

08002114 <lcd_draw_image>:
lcd_draw_image():
\\TJAND17\sen.he\project\unc_linux_rls_25d\source\bsp\mcu\GD\GD ARM MCU Debug/../src/drivers/lcd/gd32e235c_lcd_eval.c:997
    \param[in]  image_data: pointer to image data buffer (RGB565 format, size = width * height * 2)
    \param[out] none
    \retval     none
*/
void lcd_draw_image(uint16_t x, uint16_t y, uint16_t width, uint16_t height, const uint8_t *image_data)
{
 8002114:	b5b0      	push	{r4, r5, r7, lr}
 8002116:	b084      	sub	sp, #16
 8002118:	af00      	add	r7, sp, #0
 800211a:	0005      	movs	r5, r0
 800211c:	000c      	movs	r4, r1
 800211e:	0010      	movs	r0, r2
 8002120:	0019      	movs	r1, r3
 8002122:	1dbb      	adds	r3, r7, #6
 8002124:	1c2a      	adds	r2, r5, #0
 8002126:	801a      	strh	r2, [r3, #0]
 8002128:	1d3b      	adds	r3, r7, #4
 800212a:	1c22      	adds	r2, r4, #0
 800212c:	801a      	strh	r2, [r3, #0]
 800212e:	1cbb      	adds	r3, r7, #2
 8002130:	1c02      	adds	r2, r0, #0
 8002132:	801a      	strh	r2, [r3, #0]
 8002134:	003b      	movs	r3, r7
 8002136:	1c0a      	adds	r2, r1, #0
 8002138:	801a      	strh	r2, [r3, #0]
\\TJAND17\sen.he\project\unc_linux_rls_25d\source\bsp\mcu\GD\GD ARM MCU Debug/../src/drivers/lcd/gd32e235c_lcd_eval.c:1002
    uint32_t i;
    uint16_t color;
    
    /* set lcd display region */
    lcd_set_region(x, y, x + width - 1, y + height - 1);
 800213a:	1dba      	adds	r2, r7, #6
 800213c:	1cbb      	adds	r3, r7, #2
 800213e:	8812      	ldrh	r2, [r2, #0]
 8002140:	881b      	ldrh	r3, [r3, #0]
 8002142:	18d3      	adds	r3, r2, r3
 8002144:	b29b      	uxth	r3, r3
 8002146:	3b01      	subs	r3, #1
 8002148:	b29c      	uxth	r4, r3
 800214a:	1d3a      	adds	r2, r7, #4
 800214c:	003b      	movs	r3, r7
 800214e:	8812      	ldrh	r2, [r2, #0]
 8002150:	881b      	ldrh	r3, [r3, #0]
 8002152:	18d3      	adds	r3, r2, r3
 8002154:	b29b      	uxth	r3, r3
 8002156:	3b01      	subs	r3, #1
 8002158:	b29a      	uxth	r2, r3
 800215a:	1d3b      	adds	r3, r7, #4
 800215c:	8819      	ldrh	r1, [r3, #0]
 800215e:	1dbb      	adds	r3, r7, #6
 8002160:	8818      	ldrh	r0, [r3, #0]
 8002162:	0013      	movs	r3, r2
 8002164:	0022      	movs	r2, r4
 8002166:	f7ff ff79 	bl	800205c <lcd_set_region>
\\TJAND17\sen.he\project\unc_linux_rls_25d\source\bsp\mcu\GD\GD ARM MCU Debug/../src/drivers/lcd/gd32e235c_lcd_eval.c:1004
    
    LCD_CS_CLR;
 800216a:	2328      	movs	r3, #40	; 0x28
 800216c:	f6c4 0300 	movt	r3, #18432	; 0x4800
 8002170:	f248 0200 	movw	r2, #32768	; 0x8000
 8002174:	601a      	str	r2, [r3, #0]
\\TJAND17\sen.he\project\unc_linux_rls_25d\source\bsp\mcu\GD\GD ARM MCU Debug/../src/drivers/lcd/gd32e235c_lcd_eval.c:1005
    LCD_RS_SET;  /* data mode */
 8002176:	2318      	movs	r3, #24
 8002178:	f6c4 0300 	movt	r3, #18432	; 0x4800
 800217c:	f242 0200 	movw	r2, #8192	; 0x2000
 8002180:	601a      	str	r2, [r3, #0]
\\TJAND17\sen.he\project\unc_linux_rls_25d\source\bsp\mcu\GD\GD ARM MCU Debug/../src/drivers/lcd/gd32e235c_lcd_eval.c:1008
    
    /* write pixel data */
    for(i = 0; i < width * height; i++) {
 8002182:	2300      	movs	r3, #0
 8002184:	60fb      	str	r3, [r7, #12]
 8002186:	e02d      	b.n	80021e4 <lcd_draw_image+0xd0>
\\TJAND17\sen.he\project\unc_linux_rls_25d\source\bsp\mcu\GD\GD ARM MCU Debug/../src/drivers/lcd/gd32e235c_lcd_eval.c:1010 (discriminator 3)
        /* RGB565 format: high byte first, then low byte */
        color = (image_data[i * 2] << 8) | image_data[i * 2 + 1];
 8002188:	68fb      	ldr	r3, [r7, #12]
 800218a:	005b      	lsls	r3, r3, #1
 800218c:	6a3a      	ldr	r2, [r7, #32]
 800218e:	18d3      	adds	r3, r2, r3
 8002190:	781b      	ldrb	r3, [r3, #0]
 8002192:	021b      	lsls	r3, r3, #8
 8002194:	b21a      	sxth	r2, r3
 8002196:	68fb      	ldr	r3, [r7, #12]
 8002198:	005b      	lsls	r3, r3, #1
 800219a:	3301      	adds	r3, #1
 800219c:	6a39      	ldr	r1, [r7, #32]
 800219e:	18cb      	adds	r3, r1, r3
 80021a0:	781b      	ldrb	r3, [r3, #0]
 80021a2:	b21b      	sxth	r3, r3
 80021a4:	4313      	orrs	r3, r2
 80021a6:	b21a      	sxth	r2, r3
 80021a8:	240a      	movs	r4, #10
 80021aa:	193b      	adds	r3, r7, r4
 80021ac:	801a      	strh	r2, [r3, #0]
\\TJAND17\sen.he\project\unc_linux_rls_25d\source\bsp\mcu\GD\GD ARM MCU Debug/../src/drivers/lcd/gd32e235c_lcd_eval.c:1011 (discriminator 3)
        spi_write_byte(SPI1, color >> 8);   /* high byte */
 80021ae:	193b      	adds	r3, r7, r4
 80021b0:	881b      	ldrh	r3, [r3, #0]
 80021b2:	0a1b      	lsrs	r3, r3, #8
 80021b4:	b29b      	uxth	r3, r3
 80021b6:	b2da      	uxtb	r2, r3
 80021b8:	f643 0300 	movw	r3, #14336	; 0x3800
 80021bc:	f2c4 0300 	movt	r3, #16384	; 0x4000
 80021c0:	0011      	movs	r1, r2
 80021c2:	0018      	movs	r0, r3
 80021c4:	f7ff fc9c 	bl	8001b00 <spi_write_byte>
\\TJAND17\sen.he\project\unc_linux_rls_25d\source\bsp\mcu\GD\GD ARM MCU Debug/../src/drivers/lcd/gd32e235c_lcd_eval.c:1012 (discriminator 3)
        spi_write_byte(SPI1, color & 0xFF); /* low byte */
 80021c8:	193b      	adds	r3, r7, r4
 80021ca:	881b      	ldrh	r3, [r3, #0]
 80021cc:	b2da      	uxtb	r2, r3
 80021ce:	f643 0300 	movw	r3, #14336	; 0x3800
 80021d2:	f2c4 0300 	movt	r3, #16384	; 0x4000
 80021d6:	0011      	movs	r1, r2
 80021d8:	0018      	movs	r0, r3
 80021da:	f7ff fc91 	bl	8001b00 <spi_write_byte>
\\TJAND17\sen.he\project\unc_linux_rls_25d\source\bsp\mcu\GD\GD ARM MCU Debug/../src/drivers/lcd/gd32e235c_lcd_eval.c:1008 (discriminator 3)
    for(i = 0; i < width * height; i++) {
 80021de:	68fb      	ldr	r3, [r7, #12]
 80021e0:	3301      	adds	r3, #1
 80021e2:	60fb      	str	r3, [r7, #12]
\\TJAND17\sen.he\project\unc_linux_rls_25d\source\bsp\mcu\GD\GD ARM MCU Debug/../src/drivers/lcd/gd32e235c_lcd_eval.c:1008 (discriminator 1)
 80021e4:	1cbb      	adds	r3, r7, #2
 80021e6:	881b      	ldrh	r3, [r3, #0]
 80021e8:	003a      	movs	r2, r7
 80021ea:	8812      	ldrh	r2, [r2, #0]
 80021ec:	4353      	muls	r3, r2
 80021ee:	001a      	movs	r2, r3
 80021f0:	68fb      	ldr	r3, [r7, #12]
 80021f2:	4293      	cmp	r3, r2
 80021f4:	d3c8      	bcc.n	8002188 <lcd_draw_image+0x74>
\\TJAND17\sen.he\project\unc_linux_rls_25d\source\bsp\mcu\GD\GD ARM MCU Debug/../src/drivers/lcd/gd32e235c_lcd_eval.c:1015
    }
    
    LCD_CS_SET;
 80021f6:	2318      	movs	r3, #24
 80021f8:	f6c4 0300 	movt	r3, #18432	; 0x4800
 80021fc:	f248 0200 	movw	r2, #32768	; 0x8000
 8002200:	601a      	str	r2, [r3, #0]
\\TJAND17\sen.he\project\unc_linux_rls_25d\source\bsp\mcu\GD\GD ARM MCU Debug/../src/drivers/lcd/gd32e235c_lcd_eval.c:1016
 8002202:	46c0      	nop			; (mov r8, r8)
 8002204:	46bd      	mov	sp, r7
 8002206:	b004      	add	sp, #16
 8002208:	bdb0      	pop	{r4, r5, r7, pc}

0800220a <com_gpio_init>:
com_gpio_init():
\\TJAND17\sen.he\project\unc_linux_rls_25d\source\bsp\mcu\GD\GD ARM MCU Debug/../src/drivers/gpio/GPIO_init.c:22
    \param[in]  none
    \param[out] none
    \retval     none
*/
void com_gpio_init(void)
{
 800220a:	b580      	push	{r7, lr}
 800220c:	af00      	add	r7, sp, #0
\\TJAND17\sen.he\project\unc_linux_rls_25d\source\bsp\mcu\GD\GD ARM MCU Debug/../src/drivers/gpio/GPIO_init.c:24
    /* enable COM GPIO clock */
    rcu_periph_clock_enable(RCU_GPIOA);
 800220e:	f240 5011 	movw	r0, #1297	; 0x511
 8002212:	f000 fea3 	bl	8002f5c <rcu_periph_clock_enable>
\\TJAND17\sen.he\project\unc_linux_rls_25d\source\bsp\mcu\GD\GD ARM MCU Debug/../src/drivers/gpio/GPIO_init.c:27

    /* connect port to USART0_Tx */
    gpio_af_set(GPIOA, GPIO_AF_1, GPIO_PIN_9);
 8002216:	2390      	movs	r3, #144	; 0x90
 8002218:	05db      	lsls	r3, r3, #23
 800221a:	f240 2200 	movw	r2, #512	; 0x200
 800221e:	2101      	movs	r1, #1
 8002220:	0018      	movs	r0, r3
 8002222:	f001 fb12 	bl	800384a <gpio_af_set>
\\TJAND17\sen.he\project\unc_linux_rls_25d\source\bsp\mcu\GD\GD ARM MCU Debug/../src/drivers/gpio/GPIO_init.c:30

    /* connect port to USART0_Rx */
    gpio_af_set(GPIOA, GPIO_AF_1, GPIO_PIN_10);
 8002226:	2390      	movs	r3, #144	; 0x90
 8002228:	05db      	lsls	r3, r3, #23
 800222a:	f240 4200 	movw	r2, #1024	; 0x400
 800222e:	2101      	movs	r1, #1
 8002230:	0018      	movs	r0, r3
 8002232:	f001 fb0a 	bl	800384a <gpio_af_set>
\\TJAND17\sen.he\project\unc_linux_rls_25d\source\bsp\mcu\GD\GD ARM MCU Debug/../src/drivers/gpio/GPIO_init.c:33

    /* configure USART Tx as alternate function push-pull */
    gpio_mode_set(GPIOA, GPIO_MODE_AF, GPIO_PUPD_PULLUP, GPIO_PIN_9);
 8002236:	2390      	movs	r3, #144	; 0x90
 8002238:	05d8      	lsls	r0, r3, #23
 800223a:	f240 2300 	movw	r3, #512	; 0x200
 800223e:	2201      	movs	r2, #1
 8002240:	2102      	movs	r1, #2
 8002242:	f001 fa26 	bl	8003692 <gpio_mode_set>
\\TJAND17\sen.he\project\unc_linux_rls_25d\source\bsp\mcu\GD\GD ARM MCU Debug/../src/drivers/gpio/GPIO_init.c:34
    gpio_output_options_set(GPIOA, GPIO_OTYPE_PP, GPIO_OSPEED_50MHZ, GPIO_PIN_9);
 8002246:	2390      	movs	r3, #144	; 0x90
 8002248:	05d8      	lsls	r0, r3, #23
 800224a:	f240 2300 	movw	r3, #512	; 0x200
 800224e:	2203      	movs	r2, #3
 8002250:	2100      	movs	r1, #0
 8002252:	f001 fa76 	bl	8003742 <gpio_output_options_set>
\\TJAND17\sen.he\project\unc_linux_rls_25d\source\bsp\mcu\GD\GD ARM MCU Debug/../src/drivers/gpio/GPIO_init.c:37

    /* configure USART Rx as alternate function push-pull */
    gpio_mode_set(GPIOA, GPIO_MODE_AF, GPIO_PUPD_PULLUP, GPIO_PIN_10);
 8002256:	2390      	movs	r3, #144	; 0x90
 8002258:	05d8      	lsls	r0, r3, #23
 800225a:	f240 4300 	movw	r3, #1024	; 0x400
 800225e:	2201      	movs	r2, #1
 8002260:	2102      	movs	r1, #2
 8002262:	f001 fa16 	bl	8003692 <gpio_mode_set>
\\TJAND17\sen.he\project\unc_linux_rls_25d\source\bsp\mcu\GD\GD ARM MCU Debug/../src/drivers/gpio/GPIO_init.c:38
    gpio_output_options_set(GPIOA, GPIO_OTYPE_PP, GPIO_OSPEED_50MHZ, GPIO_PIN_10);
 8002266:	2390      	movs	r3, #144	; 0x90
 8002268:	05d8      	lsls	r0, r3, #23
 800226a:	f240 4300 	movw	r3, #1024	; 0x400
 800226e:	2203      	movs	r2, #3
 8002270:	2100      	movs	r1, #0
 8002272:	f001 fa66 	bl	8003742 <gpio_output_options_set>
\\TJAND17\sen.he\project\unc_linux_rls_25d\source\bsp\mcu\GD\GD ARM MCU Debug/../src/drivers/gpio/GPIO_init.c:41

    /* for mcu control soc reset */
    gpio_mode_set(GPIOA, GPIO_MODE_OUTPUT, GPIO_PUPD_PULLDOWN, GPIO_PIN_0);
 8002276:	2390      	movs	r3, #144	; 0x90
 8002278:	05d8      	lsls	r0, r3, #23
 800227a:	2301      	movs	r3, #1
 800227c:	2202      	movs	r2, #2
 800227e:	2101      	movs	r1, #1
 8002280:	f001 fa07 	bl	8003692 <gpio_mode_set>
\\TJAND17\sen.he\project\unc_linux_rls_25d\source\bsp\mcu\GD\GD ARM MCU Debug/../src/drivers/gpio/GPIO_init.c:42
    gpio_output_options_set(GPIOA, GPIO_OTYPE_PP, GPIO_OSPEED_50MHZ, GPIO_PIN_0);
 8002284:	2390      	movs	r3, #144	; 0x90
 8002286:	05d8      	lsls	r0, r3, #23
 8002288:	2301      	movs	r3, #1
 800228a:	2203      	movs	r2, #3
 800228c:	2100      	movs	r1, #0
 800228e:	f001 fa58 	bl	8003742 <gpio_output_options_set>
\\TJAND17\sen.he\project\unc_linux_rls_25d\source\bsp\mcu\GD\GD ARM MCU Debug/../src/drivers/gpio/GPIO_init.c:45

    /* reset GPIO PA0 pin */
    gpio_bit_reset(GPIOA, GPIO_PIN_0);
 8002292:	2390      	movs	r3, #144	; 0x90
 8002294:	05db      	lsls	r3, r3, #23
 8002296:	2101      	movs	r1, #1
 8002298:	0018      	movs	r0, r3
 800229a:	f001 fab7 	bl	800380c <gpio_bit_reset>
\\TJAND17\sen.he\project\unc_linux_rls_25d\source\bsp\mcu\GD\GD ARM MCU Debug/../src/drivers/gpio/GPIO_init.c:48

    /* for mcu tell soc which spl is used 0:default spl, 1:spl_bak */
    gpio_mode_set(GPIOA, GPIO_MODE_OUTPUT, GPIO_PUPD_NONE, GPIO_PIN_1);
 800229e:	2390      	movs	r3, #144	; 0x90
 80022a0:	05d8      	lsls	r0, r3, #23
 80022a2:	2302      	movs	r3, #2
 80022a4:	2200      	movs	r2, #0
 80022a6:	2101      	movs	r1, #1
 80022a8:	f001 f9f3 	bl	8003692 <gpio_mode_set>
\\TJAND17\sen.he\project\unc_linux_rls_25d\source\bsp\mcu\GD\GD ARM MCU Debug/../src/drivers/gpio/GPIO_init.c:49
    gpio_output_options_set(GPIOA, GPIO_OTYPE_PP, GPIO_OSPEED_50MHZ, GPIO_PIN_1);
 80022ac:	2390      	movs	r3, #144	; 0x90
 80022ae:	05d8      	lsls	r0, r3, #23
 80022b0:	2302      	movs	r3, #2
 80022b2:	2203      	movs	r2, #3
 80022b4:	2100      	movs	r1, #0
 80022b6:	f001 fa44 	bl	8003742 <gpio_output_options_set>
\\TJAND17\sen.he\project\unc_linux_rls_25d\source\bsp\mcu\GD\GD ARM MCU Debug/../src/drivers/gpio/GPIO_init.c:52

    /* reset GPIO PA1 pin */
    gpio_bit_reset(GPIOA, GPIO_PIN_1);
 80022ba:	2390      	movs	r3, #144	; 0x90
 80022bc:	05db      	lsls	r3, r3, #23
 80022be:	2102      	movs	r1, #2
 80022c0:	0018      	movs	r0, r3
 80022c2:	f001 faa3 	bl	800380c <gpio_bit_reset>
\\TJAND17\sen.he\project\unc_linux_rls_25d\source\bsp\mcu\GD\GD ARM MCU Debug/../src/drivers/gpio/GPIO_init.c:55

    /* enable COM GPIO clock */
    rcu_periph_clock_enable(RCU_GPIOB);
 80022c6:	f240 5012 	movw	r0, #1298	; 0x512
 80022ca:	f000 fe47 	bl	8002f5c <rcu_periph_clock_enable>
\\TJAND17\sen.he\project\unc_linux_rls_25d\source\bsp\mcu\GD\GD ARM MCU Debug/../src/drivers/gpio/GPIO_init.c:58

    /* PB0, for soc tell mcu status, 0:not ready, 1:bootup to spl */
    gpio_mode_set(GPIOB, GPIO_MODE_INPUT, GPIO_PUPD_NONE, GPIO_PIN_0);
 80022ce:	f240 4000 	movw	r0, #1024	; 0x400
 80022d2:	f6c4 0000 	movt	r0, #18432	; 0x4800
 80022d6:	2301      	movs	r3, #1
 80022d8:	2200      	movs	r2, #0
 80022da:	2100      	movs	r1, #0
 80022dc:	f001 f9d9 	bl	8003692 <gpio_mode_set>
\\TJAND17\sen.he\project\unc_linux_rls_25d\source\bsp\mcu\GD\GD ARM MCU Debug/../src/drivers/gpio/GPIO_init.c:61

    /* for mcu check pbint status, 0:no powerkey pressed, 1:powerkey pressed */
    gpio_mode_set(GPIOA, GPIO_MODE_INPUT, GPIO_PUPD_NONE, GPIO_PIN_8);
 80022e0:	2390      	movs	r3, #144	; 0x90
 80022e2:	05d8      	lsls	r0, r3, #23
 80022e4:	f240 1300 	movw	r3, #256	; 0x100
 80022e8:	2200      	movs	r2, #0
 80022ea:	2100      	movs	r1, #0
 80022ec:	f001 f9d1 	bl	8003692 <gpio_mode_set>
\\TJAND17\sen.he\project\unc_linux_rls_25d\source\bsp\mcu\GD\GD ARM MCU Debug/../src/drivers/gpio/GPIO_init.c:62
}
 80022f0:	46c0      	nop			; (mov r8, r8)
 80022f2:	46bd      	mov	sp, r7
 80022f4:	bd80      	pop	{r7, pc}

080022f6 <com1_gpio_init>:
com1_gpio_init():
\\TJAND17\sen.he\project\unc_linux_rls_25d\source\bsp\mcu\GD\GD ARM MCU Debug/../src/drivers/gpio/GPIO_init.c:71
    \param[in]  none
    \param[out] none
    \retval     none
*/
void com1_gpio_init(void)
{
 80022f6:	b580      	push	{r7, lr}
 80022f8:	af00      	add	r7, sp, #0
\\TJAND17\sen.he\project\unc_linux_rls_25d\source\bsp\mcu\GD\GD ARM MCU Debug/../src/drivers/gpio/GPIO_init.c:73
    /* enable COM GPIO clock */
    rcu_periph_clock_enable(RCU_GPIOA);
 80022fa:	f240 5011 	movw	r0, #1297	; 0x511
 80022fe:	f000 fe2d 	bl	8002f5c <rcu_periph_clock_enable>
\\TJAND17\sen.he\project\unc_linux_rls_25d\source\bsp\mcu\GD\GD ARM MCU Debug/../src/drivers/gpio/GPIO_init.c:76

    /* connect port to USARTx_Tx */
    gpio_af_set(GPIOA, GPIO_AF_1, GPIO_PIN_2);
 8002302:	2390      	movs	r3, #144	; 0x90
 8002304:	05db      	lsls	r3, r3, #23
 8002306:	2204      	movs	r2, #4
 8002308:	2101      	movs	r1, #1
 800230a:	0018      	movs	r0, r3
 800230c:	f001 fa9d 	bl	800384a <gpio_af_set>
\\TJAND17\sen.he\project\unc_linux_rls_25d\source\bsp\mcu\GD\GD ARM MCU Debug/../src/drivers/gpio/GPIO_init.c:79

    /* connect port to USARTx_Rx */
    gpio_af_set(GPIOA, GPIO_AF_1, GPIO_PIN_3);
 8002310:	2390      	movs	r3, #144	; 0x90
 8002312:	05db      	lsls	r3, r3, #23
 8002314:	2208      	movs	r2, #8
 8002316:	2101      	movs	r1, #1
 8002318:	0018      	movs	r0, r3
 800231a:	f001 fa96 	bl	800384a <gpio_af_set>
\\TJAND17\sen.he\project\unc_linux_rls_25d\source\bsp\mcu\GD\GD ARM MCU Debug/../src/drivers/gpio/GPIO_init.c:82

    /* configure USART Tx as alternate function push-pull */
    gpio_mode_set(GPIOA, GPIO_MODE_AF, GPIO_PUPD_PULLUP, GPIO_PIN_2);
 800231e:	2390      	movs	r3, #144	; 0x90
 8002320:	05d8      	lsls	r0, r3, #23
 8002322:	2304      	movs	r3, #4
 8002324:	2201      	movs	r2, #1
 8002326:	2102      	movs	r1, #2
 8002328:	f001 f9b3 	bl	8003692 <gpio_mode_set>
\\TJAND17\sen.he\project\unc_linux_rls_25d\source\bsp\mcu\GD\GD ARM MCU Debug/../src/drivers/gpio/GPIO_init.c:83
    gpio_output_options_set(GPIOA, GPIO_OTYPE_PP, GPIO_OSPEED_10MHZ, GPIO_PIN_2);
 800232c:	2390      	movs	r3, #144	; 0x90
 800232e:	05d8      	lsls	r0, r3, #23
 8002330:	2304      	movs	r3, #4
 8002332:	2201      	movs	r2, #1
 8002334:	2100      	movs	r1, #0
 8002336:	f001 fa04 	bl	8003742 <gpio_output_options_set>
\\TJAND17\sen.he\project\unc_linux_rls_25d\source\bsp\mcu\GD\GD ARM MCU Debug/../src/drivers/gpio/GPIO_init.c:86

    /* configure USART Rx as alternate function push-pull */
    gpio_mode_set(GPIOA, GPIO_MODE_AF, GPIO_PUPD_PULLUP, GPIO_PIN_3);
 800233a:	2390      	movs	r3, #144	; 0x90
 800233c:	05d8      	lsls	r0, r3, #23
 800233e:	2308      	movs	r3, #8
 8002340:	2201      	movs	r2, #1
 8002342:	2102      	movs	r1, #2
 8002344:	f001 f9a5 	bl	8003692 <gpio_mode_set>
\\TJAND17\sen.he\project\unc_linux_rls_25d\source\bsp\mcu\GD\GD ARM MCU Debug/../src/drivers/gpio/GPIO_init.c:87
    gpio_output_options_set(GPIOA, GPIO_OTYPE_PP, GPIO_OSPEED_10MHZ, GPIO_PIN_3);
 8002348:	2390      	movs	r3, #144	; 0x90
 800234a:	05d8      	lsls	r0, r3, #23
 800234c:	2308      	movs	r3, #8
 800234e:	2201      	movs	r2, #1
 8002350:	2100      	movs	r1, #0
 8002352:	f001 f9f6 	bl	8003742 <gpio_output_options_set>
\\TJAND17\sen.he\project\unc_linux_rls_25d\source\bsp\mcu\GD\GD ARM MCU Debug/../src/drivers/gpio/GPIO_init.c:88
}
 8002356:	46c0      	nop			; (mov r8, r8)
 8002358:	46bd      	mov	sp, r7
 800235a:	bd80      	pop	{r7, pc}

0800235c <init_key_detection>:
init_key_detection():
\\TJAND17\sen.he\project\unc_linux_rls_25d\source\bsp\mcu\GD\GD ARM MCU Debug/../src/drivers/gpio/GPIO_init.c:91

void init_key_detection(void)
{
 800235c:	b580      	push	{r7, lr}
 800235e:	af00      	add	r7, sp, #0
\\TJAND17\sen.he\project\unc_linux_rls_25d\source\bsp\mcu\GD\GD ARM MCU Debug/../src/drivers/gpio/GPIO_init.c:92
    key_pressed = 0;
 8002360:	f240 2369 	movw	r3, #617	; 0x269
 8002364:	f2c2 0300 	movt	r3, #8192	; 0x2000
 8002368:	2200      	movs	r2, #0
 800236a:	701a      	strb	r2, [r3, #0]
\\TJAND17\sen.he\project\unc_linux_rls_25d\source\bsp\mcu\GD\GD ARM MCU Debug/../src/drivers/gpio/GPIO_init.c:93
    key_long_press_detected = 0;
 800236c:	f240 2370 	movw	r3, #624	; 0x270
 8002370:	f2c2 0300 	movt	r3, #8192	; 0x2000
 8002374:	2200      	movs	r2, #0
 8002376:	701a      	strb	r2, [r3, #0]
\\TJAND17\sen.he\project\unc_linux_rls_25d\source\bsp\mcu\GD\GD ARM MCU Debug/../src/drivers/gpio/GPIO_init.c:94
    detection_window_active = 1;
 8002378:	f240 2372 	movw	r3, #626	; 0x272
 800237c:	f2c2 0300 	movt	r3, #8192	; 0x2000
 8002380:	2201      	movs	r2, #1
 8002382:	701a      	strb	r2, [r3, #0]
\\TJAND17\sen.he\project\unc_linux_rls_25d\source\bsp\mcu\GD\GD ARM MCU Debug/../src/drivers/gpio/GPIO_init.c:95
    system_boot_start_time = timer_handle.Timer_Count;
 8002384:	f640 436c 	movw	r3, #3180	; 0xc6c
 8002388:	f2c2 0300 	movt	r3, #8192	; 0x2000
 800238c:	685b      	ldr	r3, [r3, #4]
 800238e:	001a      	movs	r2, r3
 8002390:	f240 2374 	movw	r3, #628	; 0x274
 8002394:	f2c2 0300 	movt	r3, #8192	; 0x2000
 8002398:	601a      	str	r2, [r3, #0]
\\TJAND17\sen.he\project\unc_linux_rls_25d\source\bsp\mcu\GD\GD ARM MCU Debug/../src/drivers/gpio/GPIO_init.c:96
}
 800239a:	46c0      	nop			; (mov r8, r8)
 800239c:	46bd      	mov	sp, r7
 800239e:	bd80      	pop	{r7, pc}

080023a0 <check_key_press_during_boot>:
check_key_press_during_boot():
\\TJAND17\sen.he\project\unc_linux_rls_25d\source\bsp\mcu\GD\GD ARM MCU Debug/../src/drivers/gpio/GPIO_init.c:98
void check_key_press_during_boot(void)
{
 80023a0:	b580      	push	{r7, lr}
 80023a2:	b082      	sub	sp, #8
 80023a4:	af00      	add	r7, sp, #0
\\TJAND17\sen.he\project\unc_linux_rls_25d\source\bsp\mcu\GD\GD ARM MCU Debug/../src/drivers/gpio/GPIO_init.c:99
    uint32_t current_time = timer_handle.Timer_Count;
 80023a6:	f640 436c 	movw	r3, #3180	; 0xc6c
 80023aa:	f2c2 0300 	movt	r3, #8192	; 0x2000
 80023ae:	685b      	ldr	r3, [r3, #4]
 80023b0:	607b      	str	r3, [r7, #4]
\\TJAND17\sen.he\project\unc_linux_rls_25d\source\bsp\mcu\GD\GD ARM MCU Debug/../src/drivers/gpio/GPIO_init.c:100
    if (detection_window_active) {
 80023b2:	f240 2372 	movw	r3, #626	; 0x272
 80023b6:	f2c2 0300 	movt	r3, #8192	; 0x2000
 80023ba:	781b      	ldrb	r3, [r3, #0]
 80023bc:	b2db      	uxtb	r3, r3
 80023be:	2b00      	cmp	r3, #0
 80023c0:	d05b      	beq.n	800247a <check_key_press_during_boot+0xda>
\\TJAND17\sen.he\project\unc_linux_rls_25d\source\bsp\mcu\GD\GD ARM MCU Debug/../src/drivers/gpio/GPIO_init.c:101
        if (SET == gpio_input_bit_get(GPIOA, GPIO_PIN_13)) {
 80023c2:	2390      	movs	r3, #144	; 0x90
 80023c4:	05db      	lsls	r3, r3, #23
 80023c6:	f242 0100 	movw	r1, #8192	; 0x2000
 80023ca:	0018      	movs	r0, r3
 80023cc:	f001 fa2b 	bl	8003826 <gpio_input_bit_get>
 80023d0:	0003      	movs	r3, r0
 80023d2:	2b01      	cmp	r3, #1
 80023d4:	d12c      	bne.n	8002430 <check_key_press_during_boot+0x90>
\\TJAND17\sen.he\project\unc_linux_rls_25d\source\bsp\mcu\GD\GD ARM MCU Debug/../src/drivers/gpio/GPIO_init.c:102
            if (!key_pressed) {
 80023d6:	f240 2369 	movw	r3, #617	; 0x269
 80023da:	f2c2 0300 	movt	r3, #8192	; 0x2000
 80023de:	781b      	ldrb	r3, [r3, #0]
 80023e0:	b2db      	uxtb	r3, r3
 80023e2:	b99b      	cbnz	r3, 800240c <check_key_press_during_boot+0x6c>
\\TJAND17\sen.he\project\unc_linux_rls_25d\source\bsp\mcu\GD\GD ARM MCU Debug/../src/drivers/gpio/GPIO_init.c:103
                key_press_start_time = current_time;
 80023e4:	f240 236c 	movw	r3, #620	; 0x26c
 80023e8:	f2c2 0300 	movt	r3, #8192	; 0x2000
 80023ec:	687a      	ldr	r2, [r7, #4]
 80023ee:	601a      	str	r2, [r3, #0]
\\TJAND17\sen.he\project\unc_linux_rls_25d\source\bsp\mcu\GD\GD ARM MCU Debug/../src/drivers/gpio/GPIO_init.c:104
                key_pressed++;
 80023f0:	f240 2369 	movw	r3, #617	; 0x269
 80023f4:	f2c2 0300 	movt	r3, #8192	; 0x2000
 80023f8:	781b      	ldrb	r3, [r3, #0]
 80023fa:	b2db      	uxtb	r3, r3
 80023fc:	3301      	adds	r3, #1
 80023fe:	b2da      	uxtb	r2, r3
 8002400:	f240 2369 	movw	r3, #617	; 0x269
 8002404:	f2c2 0300 	movt	r3, #8192	; 0x2000
 8002408:	701a      	strb	r2, [r3, #0]
 800240a:	e024      	b.n	8002456 <check_key_press_during_boot+0xb6>
\\TJAND17\sen.he\project\unc_linux_rls_25d\source\bsp\mcu\GD\GD ARM MCU Debug/../src/drivers/gpio/GPIO_init.c:106
            } else {
                if ((current_time - key_press_start_time) >= KEYPRESS_TIME) {
 800240c:	f240 236c 	movw	r3, #620	; 0x26c
 8002410:	f2c2 0300 	movt	r3, #8192	; 0x2000
 8002414:	681b      	ldr	r3, [r3, #0]
 8002416:	687a      	ldr	r2, [r7, #4]
 8002418:	1ad3      	subs	r3, r2, r3
 800241a:	f640 32b7 	movw	r2, #2999	; 0xbb7
 800241e:	4293      	cmp	r3, r2
 8002420:	d919      	bls.n	8002456 <check_key_press_during_boot+0xb6>
\\TJAND17\sen.he\project\unc_linux_rls_25d\source\bsp\mcu\GD\GD ARM MCU Debug/../src/drivers/gpio/GPIO_init.c:107
                    key_long_press_detected = 1;
 8002422:	f240 2370 	movw	r3, #624	; 0x270
 8002426:	f2c2 0300 	movt	r3, #8192	; 0x2000
 800242a:	2201      	movs	r2, #1
 800242c:	701a      	strb	r2, [r3, #0]
 800242e:	e012      	b.n	8002456 <check_key_press_during_boot+0xb6>
\\TJAND17\sen.he\project\unc_linux_rls_25d\source\bsp\mcu\GD\GD ARM MCU Debug/../src/drivers/gpio/GPIO_init.c:111
                }
            }
        } else {
            if (key_pressed)
 8002430:	f240 2369 	movw	r3, #617	; 0x269
 8002434:	f2c2 0300 	movt	r3, #8192	; 0x2000
 8002438:	781b      	ldrb	r3, [r3, #0]
 800243a:	b2db      	uxtb	r3, r3
 800243c:	b12b      	cbz	r3, 800244a <check_key_press_during_boot+0xaa>
\\TJAND17\sen.he\project\unc_linux_rls_25d\source\bsp\mcu\GD\GD ARM MCU Debug/../src/drivers/gpio/GPIO_init.c:112
                key_shot_press_detected = 1;
 800243e:	f240 2371 	movw	r3, #625	; 0x271
 8002442:	f2c2 0300 	movt	r3, #8192	; 0x2000
 8002446:	2201      	movs	r2, #1
 8002448:	701a      	strb	r2, [r3, #0]
\\TJAND17\sen.he\project\unc_linux_rls_25d\source\bsp\mcu\GD\GD ARM MCU Debug/../src/drivers/gpio/GPIO_init.c:113
            key_pressed = 0;
 800244a:	f240 2369 	movw	r3, #617	; 0x269
 800244e:	f2c2 0300 	movt	r3, #8192	; 0x2000
 8002452:	2200      	movs	r2, #0
 8002454:	701a      	strb	r2, [r3, #0]
\\TJAND17\sen.he\project\unc_linux_rls_25d\source\bsp\mcu\GD\GD ARM MCU Debug/../src/drivers/gpio/GPIO_init.c:118
        }
    } else { 
        return;
    }
    if ((current_time - system_boot_start_time) >= KEYPRESS_CHECKTIME) {
 8002456:	f240 2374 	movw	r3, #628	; 0x274
 800245a:	f2c2 0300 	movt	r3, #8192	; 0x2000
 800245e:	681b      	ldr	r3, [r3, #0]
 8002460:	687a      	ldr	r2, [r7, #4]
 8002462:	1ad3      	subs	r3, r2, r3
 8002464:	f640 52ab 	movw	r2, #3499	; 0xdab
 8002468:	4293      	cmp	r3, r2
 800246a:	d907      	bls.n	800247c <check_key_press_during_boot+0xdc>
\\TJAND17\sen.he\project\unc_linux_rls_25d\source\bsp\mcu\GD\GD ARM MCU Debug/../src/drivers/gpio/GPIO_init.c:119
        detection_window_active = 0;
 800246c:	f240 2372 	movw	r3, #626	; 0x272
 8002470:	f2c2 0300 	movt	r3, #8192	; 0x2000
 8002474:	2200      	movs	r2, #0
 8002476:	701a      	strb	r2, [r3, #0]
 8002478:	e000      	b.n	800247c <check_key_press_during_boot+0xdc>
\\TJAND17\sen.he\project\unc_linux_rls_25d\source\bsp\mcu\GD\GD ARM MCU Debug/../src/drivers/gpio/GPIO_init.c:116
        return;
 800247a:	46c0      	nop			; (mov r8, r8)
\\TJAND17\sen.he\project\unc_linux_rls_25d\source\bsp\mcu\GD\GD ARM MCU Debug/../src/drivers/gpio/GPIO_init.c:121
    }
}
 800247c:	46bd      	mov	sp, r7
 800247e:	b002      	add	sp, #8
 8002480:	bd80      	pop	{r7, pc}

08002482 <is_long_key_or_nokey_press_power>:
is_long_key_or_nokey_press_power():
\\TJAND17\sen.he\project\unc_linux_rls_25d\source\bsp\mcu\GD\GD ARM MCU Debug/../src/drivers/gpio/GPIO_init.c:123
uint8_t is_long_key_or_nokey_press_power(void)
{
 8002482:	b580      	push	{r7, lr}
 8002484:	af00      	add	r7, sp, #0
\\TJAND17\sen.he\project\unc_linux_rls_25d\source\bsp\mcu\GD\GD ARM MCU Debug/../src/drivers/gpio/GPIO_init.c:124
    if (!detection_window_active) {
 8002486:	f240 2372 	movw	r3, #626	; 0x272
 800248a:	f2c2 0300 	movt	r3, #8192	; 0x2000
 800248e:	781b      	ldrb	r3, [r3, #0]
 8002490:	b2db      	uxtb	r3, r3
 8002492:	bb3b      	cbnz	r3, 80024e4 <is_long_key_or_nokey_press_power+0x62>
\\TJAND17\sen.he\project\unc_linux_rls_25d\source\bsp\mcu\GD\GD ARM MCU Debug/../src/drivers/gpio/GPIO_init.c:125
        printf("key_long_press_detected:%d, key_shot_press_detected:%d\n", key_long_press_detected, key_shot_press_detected);
 8002494:	f240 2370 	movw	r3, #624	; 0x270
 8002498:	f2c2 0300 	movt	r3, #8192	; 0x2000
 800249c:	781b      	ldrb	r3, [r3, #0]
 800249e:	b2db      	uxtb	r3, r3
 80024a0:	0019      	movs	r1, r3
 80024a2:	f240 2371 	movw	r3, #625	; 0x271
 80024a6:	f2c2 0300 	movt	r3, #8192	; 0x2000
 80024aa:	781b      	ldrb	r3, [r3, #0]
 80024ac:	b2db      	uxtb	r3, r3
 80024ae:	001a      	movs	r2, r3
 80024b0:	f645 2368 	movw	r3, #23144	; 0x5a68
 80024b4:	f6c0 0300 	movt	r3, #2048	; 0x800
 80024b8:	0018      	movs	r0, r3
 80024ba:	f002 f935 	bl	8004728 <iprintf>
\\TJAND17\sen.he\project\unc_linux_rls_25d\source\bsp\mcu\GD\GD ARM MCU Debug/../src/drivers/gpio/GPIO_init.c:126
        return key_long_press_detected || !key_shot_press_detected;
 80024be:	f240 2370 	movw	r3, #624	; 0x270
 80024c2:	f2c2 0300 	movt	r3, #8192	; 0x2000
 80024c6:	781b      	ldrb	r3, [r3, #0]
 80024c8:	b2db      	uxtb	r3, r3
 80024ca:	b933      	cbnz	r3, 80024da <is_long_key_or_nokey_press_power+0x58>
\\TJAND17\sen.he\project\unc_linux_rls_25d\source\bsp\mcu\GD\GD ARM MCU Debug/../src/drivers/gpio/GPIO_init.c:126 (discriminator 2)
 80024cc:	f240 2371 	movw	r3, #625	; 0x271
 80024d0:	f2c2 0300 	movt	r3, #8192	; 0x2000
 80024d4:	781b      	ldrb	r3, [r3, #0]
 80024d6:	b2db      	uxtb	r3, r3
 80024d8:	b90b      	cbnz	r3, 80024de <is_long_key_or_nokey_press_power+0x5c>
\\TJAND17\sen.he\project\unc_linux_rls_25d\source\bsp\mcu\GD\GD ARM MCU Debug/../src/drivers/gpio/GPIO_init.c:126 (discriminator 3)
 80024da:	2301      	movs	r3, #1
 80024dc:	e000      	b.n	80024e0 <is_long_key_or_nokey_press_power+0x5e>
\\TJAND17\sen.he\project\unc_linux_rls_25d\source\bsp\mcu\GD\GD ARM MCU Debug/../src/drivers/gpio/GPIO_init.c:126 (discriminator 4)
 80024de:	2300      	movs	r3, #0
\\TJAND17\sen.he\project\unc_linux_rls_25d\source\bsp\mcu\GD\GD ARM MCU Debug/../src/drivers/gpio/GPIO_init.c:126 (discriminator 6)
 80024e0:	b2db      	uxtb	r3, r3
 80024e2:	e000      	b.n	80024e6 <is_long_key_or_nokey_press_power+0x64>
\\TJAND17\sen.he\project\unc_linux_rls_25d\source\bsp\mcu\GD\GD ARM MCU Debug/../src/drivers/gpio/GPIO_init.c:128
    } else {
        return 0;
 80024e4:	2300      	movs	r3, #0
\\TJAND17\sen.he\project\unc_linux_rls_25d\source\bsp\mcu\GD\GD ARM MCU Debug/../src/drivers/gpio/GPIO_init.c:130
    }
}
 80024e6:	0018      	movs	r0, r3
 80024e8:	46bd      	mov	sp, r7
 80024ea:	bd80      	pop	{r7, pc}

080024ec <Set_SPI_High_Resistance>:
Set_SPI_High_Resistance():
\\TJAND17\sen.he\project\unc_linux_rls_25d\source\bsp\mcu\GD\GD ARM MCU Debug/../src/drivers/gpio/GPIO_init.c:133

void Set_SPI_High_Resistance(void)
{
 80024ec:	b580      	push	{r7, lr}
 80024ee:	af00      	add	r7, sp, #0
\\TJAND17\sen.he\project\unc_linux_rls_25d\source\bsp\mcu\GD\GD ARM MCU Debug/../src/drivers/gpio/GPIO_init.c:134
    rcu_periph_clock_enable(RCU_GPIOA);
 80024f0:	f240 5011 	movw	r0, #1297	; 0x511
 80024f4:	f000 fd32 	bl	8002f5c <rcu_periph_clock_enable>
\\TJAND17\sen.he\project\unc_linux_rls_25d\source\bsp\mcu\GD\GD ARM MCU Debug/../src/drivers/gpio/GPIO_init.c:135
    gpio_mode_set(GPIOA, GPIO_MODE_ANALOG, GPIO_PUPD_NONE,GPIO_PIN_5|GPIO_PIN_6|GPIO_PIN_7|GPIO_PIN_4);
 80024f8:	2390      	movs	r3, #144	; 0x90
 80024fa:	05d8      	lsls	r0, r3, #23
 80024fc:	23f0      	movs	r3, #240	; 0xf0
 80024fe:	2200      	movs	r2, #0
 8002500:	2103      	movs	r1, #3
 8002502:	f001 f8c6 	bl	8003692 <gpio_mode_set>
\\TJAND17\sen.he\project\unc_linux_rls_25d\source\bsp\mcu\GD\GD ARM MCU Debug/../src/drivers/gpio/GPIO_init.c:136
}
 8002506:	46c0      	nop			; (mov r8, r8)
 8002508:	46bd      	mov	sp, r7
 800250a:	bd80      	pop	{r7, pc}

0800250c <MCU_DeepSleepMode>:
MCU_DeepSleepMode():
\\TJAND17\sen.he\project\unc_linux_rls_25d\source\bsp\mcu\GD\GD ARM MCU Debug/../src/drivers/gpio/GPIO_init.c:139

void MCU_DeepSleepMode(void)
{
 800250c:	b580      	push	{r7, lr}
 800250e:	af00      	add	r7, sp, #0
\\TJAND17\sen.he\project\unc_linux_rls_25d\source\bsp\mcu\GD\GD ARM MCU Debug/../src/drivers/gpio/GPIO_init.c:140
    rcu_periph_clock_enable(RCU_GPIOA);
 8002510:	f240 5011 	movw	r0, #1297	; 0x511
 8002514:	f000 fd22 	bl	8002f5c <rcu_periph_clock_enable>
\\TJAND17\sen.he\project\unc_linux_rls_25d\source\bsp\mcu\GD\GD ARM MCU Debug/../src/drivers/gpio/GPIO_init.c:142
    /* configure LED1 GPIO port */
    gpio_mode_set(GPIOA, GPIO_MODE_ANALOG, GPIO_PUPD_NONE, GPIO_PIN_9|GPIO_PIN_10|GPIO_PIN_5|GPIO_PIN_6|GPIO_PIN_7|GPIO_PIN_4);
 8002518:	2390      	movs	r3, #144	; 0x90
 800251a:	05d8      	lsls	r0, r3, #23
 800251c:	f240 63f0 	movw	r3, #1776	; 0x6f0
 8002520:	2200      	movs	r2, #0
 8002522:	2103      	movs	r1, #3
 8002524:	f001 f8b5 	bl	8003692 <gpio_mode_set>
\\TJAND17\sen.he\project\unc_linux_rls_25d\source\bsp\mcu\GD\GD ARM MCU Debug/../src/drivers/gpio/GPIO_init.c:144

    pmu_to_deepsleepmode(PMU_LDO_NORMAL,WFI_CMD);  //deep Sleep
 8002528:	2100      	movs	r1, #0
 800252a:	2000      	movs	r0, #0
 800252c:	f000 ff68 	bl	8003400 <pmu_to_deepsleepmode>
\\TJAND17\sen.he\project\unc_linux_rls_25d\source\bsp\mcu\GD\GD ARM MCU Debug/../src/drivers/gpio/GPIO_init.c:145
}
 8002530:	46c0      	nop			; (mov r8, r8)
 8002532:	46bd      	mov	sp, r7
 8002534:	bd80      	pop	{r7, pc}

08002536 <MCU_Set_Soc_Pbint>:
MCU_Set_Soc_Pbint():
\\TJAND17\sen.he\project\unc_linux_rls_25d\source\bsp\mcu\GD\GD ARM MCU Debug/../src/drivers/gpio/GPIO_init.c:182
{
    return option_byte_value_get(ERASE_PAGE_START_ADDR);
}

void MCU_Set_Soc_Pbint(void)
{
 8002536:	b580      	push	{r7, lr}
 8002538:	af00      	add	r7, sp, #0
\\TJAND17\sen.he\project\unc_linux_rls_25d\source\bsp\mcu\GD\GD ARM MCU Debug/../src/drivers/gpio/GPIO_init.c:183
    gpio_bit_set(GPIOA, GPIO_PIN_8);
 800253a:	2390      	movs	r3, #144	; 0x90
 800253c:	05db      	lsls	r3, r3, #23
 800253e:	f240 1100 	movw	r1, #256	; 0x100
 8002542:	0018      	movs	r0, r3
 8002544:	f001 f955 	bl	80037f2 <gpio_bit_set>
\\TJAND17\sen.he\project\unc_linux_rls_25d\source\bsp\mcu\GD\GD ARM MCU Debug/../src/drivers/gpio/GPIO_init.c:184
}
 8002548:	46c0      	nop			; (mov r8, r8)
 800254a:	46bd      	mov	sp, r7
 800254c:	bd80      	pop	{r7, pc}

0800254e <MCU_Reset_Soc_Pbint>:
MCU_Reset_Soc_Pbint():
\\TJAND17\sen.he\project\unc_linux_rls_25d\source\bsp\mcu\GD\GD ARM MCU Debug/../src/drivers/gpio/GPIO_init.c:187

void MCU_Reset_Soc_Pbint(void)
{
 800254e:	b580      	push	{r7, lr}
 8002550:	af00      	add	r7, sp, #0
\\TJAND17\sen.he\project\unc_linux_rls_25d\source\bsp\mcu\GD\GD ARM MCU Debug/../src/drivers/gpio/GPIO_init.c:188
    gpio_bit_reset(GPIOA, GPIO_PIN_8);
 8002552:	2390      	movs	r3, #144	; 0x90
 8002554:	05db      	lsls	r3, r3, #23
 8002556:	f240 1100 	movw	r1, #256	; 0x100
 800255a:	0018      	movs	r0, r3
 800255c:	f001 f956 	bl	800380c <gpio_bit_reset>
\\TJAND17\sen.he\project\unc_linux_rls_25d\source\bsp\mcu\GD\GD ARM MCU Debug/../src/drivers/gpio/GPIO_init.c:189
}
 8002560:	46c0      	nop			; (mov r8, r8)
 8002562:	46bd      	mov	sp, r7
 8002564:	bd80      	pop	{r7, pc}

08002566 <MCU_Set_Led_Down>:
MCU_Set_Led_Down():
\\TJAND17\sen.he\project\unc_linux_rls_25d\source\bsp\mcu\GD\GD ARM MCU Debug/../src/drivers/gpio/GPIO_init.c:198
{
    gd_eval_led_on(LED5);
}

void MCU_Set_Led_Down(void)
{
 8002566:	b580      	push	{r7, lr}
 8002568:	af00      	add	r7, sp, #0
\\TJAND17\sen.he\project\unc_linux_rls_25d\source\bsp\mcu\GD\GD ARM MCU Debug/../src/drivers/gpio/GPIO_init.c:199
    gd_eval_led_off(LED5);
 800256a:	2004      	movs	r0, #4
 800256c:	f7fe faf5 	bl	8000b5a <gd_eval_led_off>
\\TJAND17\sen.he\project\unc_linux_rls_25d\source\bsp\mcu\GD\GD ARM MCU Debug/../src/drivers/gpio/GPIO_init.c:200
}
 8002570:	46c0      	nop			; (mov r8, r8)
 8002572:	46bd      	mov	sp, r7
 8002574:	bd80      	pop	{r7, pc}

08002576 <MCU_Detect_Key_Pressed>:
MCU_Detect_Key_Pressed():
\\TJAND17\sen.he\project\unc_linux_rls_25d\source\bsp\mcu\GD\GD ARM MCU Debug/../src/drivers/gpio/GPIO_init.c:203

void MCU_Detect_Key_Pressed(void)
{
 8002576:	b580      	push	{r7, lr}
 8002578:	af00      	add	r7, sp, #0
\\TJAND17\sen.he\project\unc_linux_rls_25d\source\bsp\mcu\GD\GD ARM MCU Debug/../src/drivers/gpio/GPIO_init.c:204
    gpio_bit_set(GPIOA, GPIO_PIN_1);
 800257a:	2390      	movs	r3, #144	; 0x90
 800257c:	05db      	lsls	r3, r3, #23
 800257e:	2102      	movs	r1, #2
 8002580:	0018      	movs	r0, r3
 8002582:	f001 f936 	bl	80037f2 <gpio_bit_set>
\\TJAND17\sen.he\project\unc_linux_rls_25d\source\bsp\mcu\GD\GD ARM MCU Debug/../src/drivers/gpio/GPIO_init.c:205
}
 8002586:	46c0      	nop			; (mov r8, r8)
 8002588:	46bd      	mov	sp, r7
 800258a:	bd80      	pop	{r7, pc}

0800258c <MCU_Detect_Soc_bootup>:
MCU_Detect_Soc_bootup():
\\TJAND17\sen.he\project\unc_linux_rls_25d\source\bsp\mcu\GD\GD ARM MCU Debug/../src/drivers/gpio/GPIO_init.c:208

bool MCU_Detect_Soc_bootup(void)
{
 800258c:	b580      	push	{r7, lr}
 800258e:	af00      	add	r7, sp, #0
\\TJAND17\sen.he\project\unc_linux_rls_25d\source\bsp\mcu\GD\GD ARM MCU Debug/../src/drivers/gpio/GPIO_init.c:209
   return (SET != gpio_input_bit_get(GPIOB, GPIO_PIN_0));
 8002590:	f240 4300 	movw	r3, #1024	; 0x400
 8002594:	f6c4 0300 	movt	r3, #18432	; 0x4800
 8002598:	2101      	movs	r1, #1
 800259a:	0018      	movs	r0, r3
 800259c:	f001 f943 	bl	8003826 <gpio_input_bit_get>
 80025a0:	0003      	movs	r3, r0
 80025a2:	3b01      	subs	r3, #1
 80025a4:	1e5a      	subs	r2, r3, #1
 80025a6:	4193      	sbcs	r3, r2
 80025a8:	b2db      	uxtb	r3, r3
\\TJAND17\sen.he\project\unc_linux_rls_25d\source\bsp\mcu\GD\GD ARM MCU Debug/../src/drivers/gpio/GPIO_init.c:210
}
 80025aa:	0018      	movs	r0, r3
 80025ac:	46bd      	mov	sp, r7
 80025ae:	bd80      	pop	{r7, pc}

080025b0 <mcu_enter_deepsleep>:
mcu_enter_deepsleep():
\\TJAND17\sen.he\project\unc_linux_rls_25d\source\bsp\mcu\GD\GD ARM MCU Debug/../src/drivers/deepsleep/deepsleep.c:10
#include <stdio.h>
#include <timer.h>
#include "Uart_init.h"

void mcu_enter_deepsleep(void)
{
 80025b0:	b580      	push	{r7, lr}
 80025b2:	af00      	add	r7, sp, #0
\\TJAND17\sen.he\project\unc_linux_rls_25d\source\bsp\mcu\GD\GD ARM MCU Debug/../src/drivers/deepsleep/deepsleep.c:11
  printf("start to enter deepsleep\n");
 80025b4:	f645 23d0 	movw	r3, #23248	; 0x5ad0
 80025b8:	f6c0 0300 	movt	r3, #2048	; 0x800
 80025bc:	0018      	movs	r0, r3
 80025be:	f002 f94b 	bl	8004858 <puts>
\\TJAND17\sen.he\project\unc_linux_rls_25d\source\bsp\mcu\GD\GD ARM MCU Debug/../src/drivers/deepsleep/deepsleep.c:14

  /* 2.reset PA14 for note spl bootup success */
  MCU_Set_Led_Down();
 80025c2:	f7ff ffd0 	bl	8002566 <MCU_Set_Led_Down>
\\TJAND17\sen.he\project\unc_linux_rls_25d\source\bsp\mcu\GD\GD ARM MCU Debug/../src/drivers/deepsleep/deepsleep.c:16

  Timer_handler_Clear();
 80025c6:	f7fe fc1f 	bl	8000e08 <Timer_handler_Clear>
\\TJAND17\sen.he\project\unc_linux_rls_25d\source\bsp\mcu\GD\GD ARM MCU Debug/../src/drivers/deepsleep/deepsleep.c:17
  global_sio_handle.pkt_type = BSL_PKT_TYPE_MAX;
 80025ca:	f241 039c 	movw	r3, #4252	; 0x109c
 80025ce:	f2c2 0300 	movt	r3, #8192	; 0x2000
 80025d2:	2201      	movs	r2, #1
 80025d4:	4252      	negs	r2, r2
 80025d6:	80da      	strh	r2, [r3, #6]
\\TJAND17\sen.he\project\unc_linux_rls_25d\source\bsp\mcu\GD\GD ARM MCU Debug/../src/drivers/deepsleep/deepsleep.c:20

#ifdef UART_SPEED_UP
  com_usart_change_baud(CONFIG_BAUDRATE);
 80025d8:	23e1      	movs	r3, #225	; 0xe1
 80025da:	025b      	lsls	r3, r3, #9
 80025dc:	0018      	movs	r0, r3
 80025de:	f7fe fbc6 	bl	8000d6e <com_usart_change_baud>
\\TJAND17\sen.he\project\unc_linux_rls_25d\source\bsp\mcu\GD\GD ARM MCU Debug/../src/drivers/deepsleep/deepsleep.c:23
#endif

  rcu_usart_clock_config(RCU_USART0SRC_IRC8M);
 80025e2:	2003      	movs	r0, #3
 80025e4:	f000 fd2b 	bl	800303e <rcu_usart_clock_config>
\\TJAND17\sen.he\project\unc_linux_rls_25d\source\bsp\mcu\GD\GD ARM MCU Debug/../src/drivers/deepsleep/deepsleep.c:25

  com_usart_init(CONFIG_BAUDRATE);
 80025e8:	23e1      	movs	r3, #225	; 0xe1
 80025ea:	025b      	lsls	r3, r3, #9
 80025ec:	0018      	movs	r0, r3
 80025ee:	f7fe fb16 	bl	8000c1e <com_usart_init>
\\TJAND17\sen.he\project\unc_linux_rls_25d\source\bsp\mcu\GD\GD ARM MCU Debug/../src/drivers/deepsleep/deepsleep.c:27

  nvic_irq_enable(USART0_IRQn, 0);
 80025f2:	2100      	movs	r1, #0
 80025f4:	201b      	movs	r0, #27
 80025f6:	f001 f806 	bl	8003606 <nvic_irq_enable>
\\TJAND17\sen.he\project\unc_linux_rls_25d\source\bsp\mcu\GD\GD ARM MCU Debug/../src/drivers/deepsleep/deepsleep.c:29

  usart_wakeup_mode_config(USART0, USART_WUM_STARTB);
 80025fa:	2380      	movs	r3, #128	; 0x80
 80025fc:	039a      	lsls	r2, r3, #14
 80025fe:	f643 0300 	movw	r3, #14336	; 0x3800
 8002602:	f2c4 0301 	movt	r3, #16385	; 0x4001
 8002606:	0011      	movs	r1, r2
 8002608:	0018      	movs	r0, r3
 800260a:	f000 f9dd 	bl	80029c8 <usart_wakeup_mode_config>
\\TJAND17\sen.he\project\unc_linux_rls_25d\source\bsp\mcu\GD\GD ARM MCU Debug/../src/drivers/deepsleep/deepsleep.c:31

  usart_enable(USART0);
 800260e:	f643 0300 	movw	r3, #14336	; 0x3800
 8002612:	f2c4 0301 	movt	r3, #16385	; 0x4001
 8002616:	0018      	movs	r0, r3
 8002618:	f000 f954 	bl	80028c4 <usart_enable>
\\TJAND17\sen.he\project\unc_linux_rls_25d\source\bsp\mcu\GD\GD ARM MCU Debug/../src/drivers/deepsleep/deepsleep.c:33
  /* ensure USART is enabled */
  while(RESET == usart_flag_get(USART0, USART_FLAG_REA));
 800261c:	46c0      	nop			; (mov r8, r8)
\\TJAND17\sen.he\project\unc_linux_rls_25d\source\bsp\mcu\GD\GD ARM MCU Debug/../src/drivers/deepsleep/deepsleep.c:33 (discriminator 1)
 800261e:	f643 0300 	movw	r3, #14336	; 0x3800
 8002622:	f2c4 0301 	movt	r3, #16385	; 0x4001
 8002626:	f240 7116 	movw	r1, #1814	; 0x716
 800262a:	0018      	movs	r0, r3
 800262c:	f000 fa01 	bl	8002a32 <usart_flag_get>
 8002630:	0003      	movs	r3, r0
 8002632:	2b00      	cmp	r3, #0
 8002634:	d0f3      	beq.n	800261e <mcu_enter_deepsleep+0x6e>
\\TJAND17\sen.he\project\unc_linux_rls_25d\source\bsp\mcu\GD\GD ARM MCU Debug/../src/drivers/deepsleep/deepsleep.c:36

  /* check USART is not transmitting */
  while(SET == usart_flag_get(USART0, USART_FLAG_BSY));
 8002636:	46c0      	nop			; (mov r8, r8)
\\TJAND17\sen.he\project\unc_linux_rls_25d\source\bsp\mcu\GD\GD ARM MCU Debug/../src/drivers/deepsleep/deepsleep.c:36 (discriminator 1)
 8002638:	f643 0300 	movw	r3, #14336	; 0x3800
 800263c:	f2c4 0301 	movt	r3, #16385	; 0x4001
 8002640:	f240 7110 	movw	r1, #1808	; 0x710
 8002644:	0018      	movs	r0, r3
 8002646:	f000 f9f4 	bl	8002a32 <usart_flag_get>
 800264a:	0003      	movs	r3, r0
 800264c:	2b01      	cmp	r3, #1
 800264e:	d0f3      	beq.n	8002638 <mcu_enter_deepsleep+0x88>
\\TJAND17\sen.he\project\unc_linux_rls_25d\source\bsp\mcu\GD\GD ARM MCU Debug/../src/drivers/deepsleep/deepsleep.c:38

  usart_wakeup_enable(USART0);
 8002650:	f643 0300 	movw	r3, #14336	; 0x3800
 8002654:	f2c4 0301 	movt	r3, #16385	; 0x4001
 8002658:	0018      	movs	r0, r3
 800265a:	f000 f9a7 	bl	80029ac <usart_wakeup_enable>
\\TJAND17\sen.he\project\unc_linux_rls_25d\source\bsp\mcu\GD\GD ARM MCU Debug/../src/drivers/deepsleep/deepsleep.c:41

  /* enable the WUIE interrupt */
  usart_interrupt_enable(USART0, USART_INT_WU);
 800265e:	f643 0300 	movw	r3, #14336	; 0x3800
 8002662:	f2c4 0301 	movt	r3, #16385	; 0x4001
 8002666:	f240 2116 	movw	r1, #534	; 0x216
 800266a:	0018      	movs	r0, r3
 800266c:	f000 fa18 	bl	8002aa0 <usart_interrupt_enable>
\\TJAND17\sen.he\project\unc_linux_rls_25d\source\bsp\mcu\GD\GD ARM MCU Debug/../src/drivers/deepsleep/deepsleep.c:42
  rcu_periph_clock_enable(RCU_PMU);
 8002670:	f240 701c 	movw	r0, #1820	; 0x71c
 8002674:	f000 fc72 	bl	8002f5c <rcu_periph_clock_enable>
\\TJAND17\sen.he\project\unc_linux_rls_25d\source\bsp\mcu\GD\GD ARM MCU Debug/../src/drivers/deepsleep/deepsleep.c:44

  printf("mcu enter deepsleep\n");
 8002678:	f645 23ec 	movw	r3, #23276	; 0x5aec
 800267c:	f6c0 0300 	movt	r3, #2048	; 0x800
 8002680:	0018      	movs	r0, r3
 8002682:	f002 f8e9 	bl	8004858 <puts>
\\TJAND17\sen.he\project\unc_linux_rls_25d\source\bsp\mcu\GD\GD ARM MCU Debug/../src/drivers/deepsleep/deepsleep.c:45
  pmu_to_deepsleepmode(PMU_LDO_LOWPOWER, WFI_CMD);
 8002686:	2100      	movs	r1, #0
 8002688:	2001      	movs	r0, #1
 800268a:	f000 feb9 	bl	8003400 <pmu_to_deepsleepmode>
\\TJAND17\sen.he\project\unc_linux_rls_25d\source\bsp\mcu\GD\GD ARM MCU Debug/../src/drivers/deepsleep/deepsleep.c:48

  // MCU_DeepSleepMode();
 800268e:	46c0      	nop			; (mov r8, r8)
 8002690:	46bd      	mov	sp, r7
 8002692:	bd80      	pop	{r7, pc}

08002694 <Reset_Handler>:
Reset_Handler():
\\TJAND17\sen.he\project\unc_linux_rls_25d\source\bsp\mcu\GD\GD ARM MCU Debug/../gcc_startup/startup_gd32e23x.S:22
  .weak  Reset_Handler
  .type  Reset_Handler, %function

/* reset Handler */
Reset_Handler:
    ldr   r0, =_sp
 8002694:	480d      	ldr	r0, [pc, #52]	; (80026cc <LoopForever+0x2>)
\\TJAND17\sen.he\project\unc_linux_rls_25d\source\bsp\mcu\GD\GD ARM MCU Debug/../gcc_startup/startup_gd32e23x.S:23
    mov   sp, r0
 8002696:	4685      	mov	sp, r0
\\TJAND17\sen.he\project\unc_linux_rls_25d\source\bsp\mcu\GD\GD ARM MCU Debug/../gcc_startup/startup_gd32e23x.S:25
/* copy the data segment into ram */
    movs  r1, #0
 8002698:	2100      	movs	r1, #0
\\TJAND17\sen.he\project\unc_linux_rls_25d\source\bsp\mcu\GD\GD ARM MCU Debug/../gcc_startup/startup_gd32e23x.S:26
    b  LoopCopyDataInit
 800269a:	e003      	b.n	80026a4 <LoopCopyDataInit>

0800269c <CopyDataInit>:
CopyDataInit():
\\TJAND17\sen.he\project\unc_linux_rls_25d\source\bsp\mcu\GD\GD ARM MCU Debug/../gcc_startup/startup_gd32e23x.S:29

CopyDataInit:
    ldr  r3, =_sidata
 800269c:	4b0c      	ldr	r3, [pc, #48]	; (80026d0 <LoopForever+0x6>)
\\TJAND17\sen.he\project\unc_linux_rls_25d\source\bsp\mcu\GD\GD ARM MCU Debug/../gcc_startup/startup_gd32e23x.S:30
    ldr  r3, [r3, r1]
 800269e:	585b      	ldr	r3, [r3, r1]
\\TJAND17\sen.he\project\unc_linux_rls_25d\source\bsp\mcu\GD\GD ARM MCU Debug/../gcc_startup/startup_gd32e23x.S:31
    str  r3, [r0, r1]
 80026a0:	5043      	str	r3, [r0, r1]
\\TJAND17\sen.he\project\unc_linux_rls_25d\source\bsp\mcu\GD\GD ARM MCU Debug/../gcc_startup/startup_gd32e23x.S:32
    adds  r1, r1, #4
 80026a2:	3104      	adds	r1, #4

080026a4 <LoopCopyDataInit>:
LoopCopyDataInit():
\\TJAND17\sen.he\project\unc_linux_rls_25d\source\bsp\mcu\GD\GD ARM MCU Debug/../gcc_startup/startup_gd32e23x.S:35

LoopCopyDataInit:
    ldr  r0, =_sdata
 80026a4:	480b      	ldr	r0, [pc, #44]	; (80026d4 <LoopForever+0xa>)
\\TJAND17\sen.he\project\unc_linux_rls_25d\source\bsp\mcu\GD\GD ARM MCU Debug/../gcc_startup/startup_gd32e23x.S:36
    ldr  r3, =_edata
 80026a6:	4b0c      	ldr	r3, [pc, #48]	; (80026d8 <LoopForever+0xe>)
\\TJAND17\sen.he\project\unc_linux_rls_25d\source\bsp\mcu\GD\GD ARM MCU Debug/../gcc_startup/startup_gd32e23x.S:37
    adds  r2, r0, r1
 80026a8:	1842      	adds	r2, r0, r1
\\TJAND17\sen.he\project\unc_linux_rls_25d\source\bsp\mcu\GD\GD ARM MCU Debug/../gcc_startup/startup_gd32e23x.S:38
    cmp  r2, r3
 80026aa:	429a      	cmp	r2, r3
\\TJAND17\sen.he\project\unc_linux_rls_25d\source\bsp\mcu\GD\GD ARM MCU Debug/../gcc_startup/startup_gd32e23x.S:39
    bcc  CopyDataInit
 80026ac:	d3f6      	bcc.n	800269c <CopyDataInit>
\\TJAND17\sen.he\project\unc_linux_rls_25d\source\bsp\mcu\GD\GD ARM MCU Debug/../gcc_startup/startup_gd32e23x.S:40
    ldr  r2, =_sbss
 80026ae:	4a0b      	ldr	r2, [pc, #44]	; (80026dc <LoopForever+0x12>)
\\TJAND17\sen.he\project\unc_linux_rls_25d\source\bsp\mcu\GD\GD ARM MCU Debug/../gcc_startup/startup_gd32e23x.S:41
    b  LoopFillZerobss
 80026b0:	e002      	b.n	80026b8 <LoopFillZerobss>

080026b2 <FillZerobss>:
FillZerobss():
\\TJAND17\sen.he\project\unc_linux_rls_25d\source\bsp\mcu\GD\GD ARM MCU Debug/../gcc_startup/startup_gd32e23x.S:44

FillZerobss:
    movs  r3, #0
 80026b2:	2300      	movs	r3, #0
\\TJAND17\sen.he\project\unc_linux_rls_25d\source\bsp\mcu\GD\GD ARM MCU Debug/../gcc_startup/startup_gd32e23x.S:45
    str  r3, [r2]
 80026b4:	6013      	str	r3, [r2, #0]
\\TJAND17\sen.he\project\unc_linux_rls_25d\source\bsp\mcu\GD\GD ARM MCU Debug/../gcc_startup/startup_gd32e23x.S:46
    adds r2, r2, #4
 80026b6:	3204      	adds	r2, #4

080026b8 <LoopFillZerobss>:
LoopFillZerobss():
\\TJAND17\sen.he\project\unc_linux_rls_25d\source\bsp\mcu\GD\GD ARM MCU Debug/../gcc_startup/startup_gd32e23x.S:49

LoopFillZerobss:
    ldr  r3, = _ebss
 80026b8:	4b09      	ldr	r3, [pc, #36]	; (80026e0 <LoopForever+0x16>)
\\TJAND17\sen.he\project\unc_linux_rls_25d\source\bsp\mcu\GD\GD ARM MCU Debug/../gcc_startup/startup_gd32e23x.S:50
    cmp  r2, r3
 80026ba:	429a      	cmp	r2, r3
\\TJAND17\sen.he\project\unc_linux_rls_25d\source\bsp\mcu\GD\GD ARM MCU Debug/../gcc_startup/startup_gd32e23x.S:51
    bcc  FillZerobss
 80026bc:	d3f9      	bcc.n	80026b2 <FillZerobss>
\\TJAND17\sen.he\project\unc_linux_rls_25d\source\bsp\mcu\GD\GD ARM MCU Debug/../gcc_startup/startup_gd32e23x.S:54

/* Call SystemInit function */
    bl  SystemInit
 80026be:	f001 f94f 	bl	8003960 <SystemInit>
\\TJAND17\sen.he\project\unc_linux_rls_25d\source\bsp\mcu\GD\GD ARM MCU Debug/../gcc_startup/startup_gd32e23x.S:56
/* Call static constructors */
    bl __libc_init_array
 80026c2:	f002 f809 	bl	80046d8 <__libc_init_array>
\\TJAND17\sen.he\project\unc_linux_rls_25d\source\bsp\mcu\GD\GD ARM MCU Debug/../gcc_startup/startup_gd32e23x.S:58
/*Call the main function */
    bl  main
 80026c6:	f7fd fe1b 	bl	8000300 <main>

080026ca <LoopForever>:
LoopForever():
\\TJAND17\sen.he\project\unc_linux_rls_25d\source\bsp\mcu\GD\GD ARM MCU Debug/../gcc_startup/startup_gd32e23x.S:61

LoopForever:
    b LoopForever
 80026ca:	e7fe      	b.n	80026ca <LoopForever>
\\TJAND17\sen.he\project\unc_linux_rls_25d\source\bsp\mcu\GD\GD ARM MCU Debug/../gcc_startup/startup_gd32e23x.S:22
    ldr   r0, =_sp
 80026cc:	20001cd8 	.word	0x20001cd8
\\TJAND17\sen.he\project\unc_linux_rls_25d\source\bsp\mcu\GD\GD ARM MCU Debug/../gcc_startup/startup_gd32e23x.S:29
    ldr  r3, =_sidata
 80026d0:	08005f44 	.word	0x08005f44
\\TJAND17\sen.he\project\unc_linux_rls_25d\source\bsp\mcu\GD\GD ARM MCU Debug/../gcc_startup/startup_gd32e23x.S:35
    ldr  r0, =_sdata
 80026d4:	20000000 	.word	0x20000000
\\TJAND17\sen.he\project\unc_linux_rls_25d\source\bsp\mcu\GD\GD ARM MCU Debug/../gcc_startup/startup_gd32e23x.S:36
    ldr  r3, =_edata
 80026d8:	2000023c 	.word	0x2000023c
\\TJAND17\sen.he\project\unc_linux_rls_25d\source\bsp\mcu\GD\GD ARM MCU Debug/../gcc_startup/startup_gd32e23x.S:40
    ldr  r2, =_sbss
 80026dc:	2000023c 	.word	0x2000023c
\\TJAND17\sen.he\project\unc_linux_rls_25d\source\bsp\mcu\GD\GD ARM MCU Debug/../gcc_startup/startup_gd32e23x.S:49
    ldr  r3, = _ebss
 80026e0:	200010d8 	.word	0x200010d8

080026e4 <ADC_CMP_IRQHandler>:
FMC_IRQHandler():
\\TJAND17\sen.he\project\unc_linux_rls_25d\source\bsp\mcu\GD\GD ARM MCU Debug/../gcc_startup/startup_gd32e23x.S:69

.section  .text.Default_Handler,"ax",%progbits

Default_Handler:
Infinite_Loop:
    b  Infinite_Loop
 80026e4:	e7fe      	b.n	80026e4 <ADC_CMP_IRQHandler>

080026e6 <usart_deinit>:
usart_deinit():
\\TJAND17\sen.he\project\unc_linux_rls_25d\source\bsp\mcu\GD\GD ARM MCU Debug/../Firmware/GD32E23x_standard_peripheral/Source/gd32e23x_usart.c:44
    \param[in]  usart_periph: USARTx(x=0,1)
    \param[out] none
    \retval     none
*/
void usart_deinit(uint32_t usart_periph)
{
 80026e6:	b580      	push	{r7, lr}
 80026e8:	b082      	sub	sp, #8
 80026ea:	af00      	add	r7, sp, #0
 80026ec:	6078      	str	r0, [r7, #4]
\\TJAND17\sen.he\project\unc_linux_rls_25d\source\bsp\mcu\GD\GD ARM MCU Debug/../Firmware/GD32E23x_standard_peripheral/Source/gd32e23x_usart.c:45
    switch(usart_periph) {
 80026ee:	687a      	ldr	r2, [r7, #4]
 80026f0:	f244 4300 	movw	r3, #17408	; 0x4400
 80026f4:	f2c4 0300 	movt	r3, #16384	; 0x4000
 80026f8:	429a      	cmp	r2, r3
 80026fa:	d00f      	beq.n	800271c <usart_deinit+0x36>
 80026fc:	687a      	ldr	r2, [r7, #4]
 80026fe:	f643 0300 	movw	r3, #14336	; 0x3800
 8002702:	f2c4 0301 	movt	r3, #16385	; 0x4001
 8002706:	429a      	cmp	r2, r3
 8002708:	d111      	bne.n	800272e <usart_deinit+0x48>
\\TJAND17\sen.he\project\unc_linux_rls_25d\source\bsp\mcu\GD\GD ARM MCU Debug/../Firmware/GD32E23x_standard_peripheral/Source/gd32e23x_usart.c:48
    case USART0:
        /* reset USART0 */
        rcu_periph_reset_enable(RCU_USART0RST);
 800270a:	f240 300e 	movw	r0, #782	; 0x30e
 800270e:	f000 fc4a 	bl	8002fa6 <rcu_periph_reset_enable>
\\TJAND17\sen.he\project\unc_linux_rls_25d\source\bsp\mcu\GD\GD ARM MCU Debug/../Firmware/GD32E23x_standard_peripheral/Source/gd32e23x_usart.c:49
        rcu_periph_reset_disable(RCU_USART0RST);
 8002712:	f240 300e 	movw	r0, #782	; 0x30e
 8002716:	f000 fc6b 	bl	8002ff0 <rcu_periph_reset_disable>
\\TJAND17\sen.he\project\unc_linux_rls_25d\source\bsp\mcu\GD\GD ARM MCU Debug/../Firmware/GD32E23x_standard_peripheral/Source/gd32e23x_usart.c:50
        break;
 800271a:	e009      	b.n	8002730 <usart_deinit+0x4a>
\\TJAND17\sen.he\project\unc_linux_rls_25d\source\bsp\mcu\GD\GD ARM MCU Debug/../Firmware/GD32E23x_standard_peripheral/Source/gd32e23x_usart.c:53
    case USART1:
        /* reset USART1 */
        rcu_periph_reset_enable(RCU_USART1RST);
 800271c:	f240 4011 	movw	r0, #1041	; 0x411
 8002720:	f000 fc41 	bl	8002fa6 <rcu_periph_reset_enable>
\\TJAND17\sen.he\project\unc_linux_rls_25d\source\bsp\mcu\GD\GD ARM MCU Debug/../Firmware/GD32E23x_standard_peripheral/Source/gd32e23x_usart.c:54
        rcu_periph_reset_disable(RCU_USART1RST);
 8002724:	f240 4011 	movw	r0, #1041	; 0x411
 8002728:	f000 fc62 	bl	8002ff0 <rcu_periph_reset_disable>
\\TJAND17\sen.he\project\unc_linux_rls_25d\source\bsp\mcu\GD\GD ARM MCU Debug/../Firmware/GD32E23x_standard_peripheral/Source/gd32e23x_usart.c:55
        break;
 800272c:	e000      	b.n	8002730 <usart_deinit+0x4a>
\\TJAND17\sen.he\project\unc_linux_rls_25d\source\bsp\mcu\GD\GD ARM MCU Debug/../Firmware/GD32E23x_standard_peripheral/Source/gd32e23x_usart.c:57
    default:
        break;
 800272e:	46c0      	nop			; (mov r8, r8)
\\TJAND17\sen.he\project\unc_linux_rls_25d\source\bsp\mcu\GD\GD ARM MCU Debug/../Firmware/GD32E23x_standard_peripheral/Source/gd32e23x_usart.c:59
    }
}
 8002730:	46c0      	nop			; (mov r8, r8)
 8002732:	46bd      	mov	sp, r7
 8002734:	b002      	add	sp, #8
 8002736:	bd80      	pop	{r7, pc}

08002738 <usart_baudrate_set>:
usart_baudrate_set():
\\TJAND17\sen.he\project\unc_linux_rls_25d\source\bsp\mcu\GD\GD ARM MCU Debug/../Firmware/GD32E23x_standard_peripheral/Source/gd32e23x_usart.c:69
    \param[in]  baudval: baud rate value
    \param[out] none
    \retval     none
*/
void usart_baudrate_set(uint32_t usart_periph, uint32_t baudval)
{
 8002738:	b580      	push	{r7, lr}
 800273a:	b086      	sub	sp, #24
 800273c:	af00      	add	r7, sp, #0
 800273e:	6078      	str	r0, [r7, #4]
 8002740:	6039      	str	r1, [r7, #0]
\\TJAND17\sen.he\project\unc_linux_rls_25d\source\bsp\mcu\GD\GD ARM MCU Debug/../Firmware/GD32E23x_standard_peripheral/Source/gd32e23x_usart.c:70
    uint32_t uclk = 0U, intdiv = 0U, fradiv = 0U, udiv = 0U;
 8002742:	2300      	movs	r3, #0
 8002744:	617b      	str	r3, [r7, #20]
 8002746:	2300      	movs	r3, #0
 8002748:	613b      	str	r3, [r7, #16]
 800274a:	2300      	movs	r3, #0
 800274c:	60fb      	str	r3, [r7, #12]
 800274e:	2300      	movs	r3, #0
 8002750:	60bb      	str	r3, [r7, #8]
\\TJAND17\sen.he\project\unc_linux_rls_25d\source\bsp\mcu\GD\GD ARM MCU Debug/../Firmware/GD32E23x_standard_peripheral/Source/gd32e23x_usart.c:71
    switch(usart_periph) {
 8002752:	687a      	ldr	r2, [r7, #4]
 8002754:	f244 4300 	movw	r3, #17408	; 0x4400
 8002758:	f2c4 0300 	movt	r3, #16384	; 0x4000
 800275c:	429a      	cmp	r2, r3
 800275e:	d00c      	beq.n	800277a <usart_baudrate_set+0x42>
 8002760:	687a      	ldr	r2, [r7, #4]
 8002762:	f643 0300 	movw	r3, #14336	; 0x3800
 8002766:	f2c4 0301 	movt	r3, #16385	; 0x4001
 800276a:	429a      	cmp	r2, r3
 800276c:	d10b      	bne.n	8002786 <usart_baudrate_set+0x4e>
\\TJAND17\sen.he\project\unc_linux_rls_25d\source\bsp\mcu\GD\GD ARM MCU Debug/../Firmware/GD32E23x_standard_peripheral/Source/gd32e23x_usart.c:75
    /* get clock frequency */
    case USART0:
        /* get USART0 clock */
        uclk = rcu_clock_freq_get(CK_USART);
 800276e:	2005      	movs	r0, #5
 8002770:	f000 fc86 	bl	8003080 <rcu_clock_freq_get>
 8002774:	0003      	movs	r3, r0
 8002776:	617b      	str	r3, [r7, #20]
\\TJAND17\sen.he\project\unc_linux_rls_25d\source\bsp\mcu\GD\GD ARM MCU Debug/../Firmware/GD32E23x_standard_peripheral/Source/gd32e23x_usart.c:76
        break;
 8002778:	e006      	b.n	8002788 <usart_baudrate_set+0x50>
\\TJAND17\sen.he\project\unc_linux_rls_25d\source\bsp\mcu\GD\GD ARM MCU Debug/../Firmware/GD32E23x_standard_peripheral/Source/gd32e23x_usart.c:79
    case USART1:
        /* get USART1 clock */
        uclk = rcu_clock_freq_get(CK_APB1);
 800277a:	2002      	movs	r0, #2
 800277c:	f000 fc80 	bl	8003080 <rcu_clock_freq_get>
 8002780:	0003      	movs	r3, r0
 8002782:	617b      	str	r3, [r7, #20]
\\TJAND17\sen.he\project\unc_linux_rls_25d\source\bsp\mcu\GD\GD ARM MCU Debug/../Firmware/GD32E23x_standard_peripheral/Source/gd32e23x_usart.c:80
        break;
 8002784:	e000      	b.n	8002788 <usart_baudrate_set+0x50>
\\TJAND17\sen.he\project\unc_linux_rls_25d\source\bsp\mcu\GD\GD ARM MCU Debug/../Firmware/GD32E23x_standard_peripheral/Source/gd32e23x_usart.c:82
    default:
        break;
 8002786:	46c0      	nop			; (mov r8, r8)
\\TJAND17\sen.he\project\unc_linux_rls_25d\source\bsp\mcu\GD\GD ARM MCU Debug/../Firmware/GD32E23x_standard_peripheral/Source/gd32e23x_usart.c:84
    }
    if(USART_CTL0(usart_periph) & USART_CTL0_OVSMOD) {
 8002788:	687b      	ldr	r3, [r7, #4]
 800278a:	681b      	ldr	r3, [r3, #0]
 800278c:	f248 0200 	movw	r2, #32768	; 0x8000
 8002790:	4013      	ands	r3, r2
 8002792:	b1db      	cbz	r3, 80027cc <usart_baudrate_set+0x94>
\\TJAND17\sen.he\project\unc_linux_rls_25d\source\bsp\mcu\GD\GD ARM MCU Debug/../Firmware/GD32E23x_standard_peripheral/Source/gd32e23x_usart.c:86
        /* oversampling by 8, configure the value of USART_BAUD */
        udiv = ((2U * uclk) + baudval / 2U) / baudval;
 8002794:	697b      	ldr	r3, [r7, #20]
 8002796:	005a      	lsls	r2, r3, #1
 8002798:	683b      	ldr	r3, [r7, #0]
 800279a:	085b      	lsrs	r3, r3, #1
 800279c:	18d2      	adds	r2, r2, r3
 800279e:	683b      	ldr	r3, [r7, #0]
 80027a0:	fbb2 f3f3 	udiv	r3, r2, r3
 80027a4:	60bb      	str	r3, [r7, #8]
\\TJAND17\sen.he\project\unc_linux_rls_25d\source\bsp\mcu\GD\GD ARM MCU Debug/../Firmware/GD32E23x_standard_peripheral/Source/gd32e23x_usart.c:87
        intdiv = udiv & 0x0000fff0U;
 80027a6:	68bb      	ldr	r3, [r7, #8]
 80027a8:	f64f 72f0 	movw	r2, #65520	; 0xfff0
 80027ac:	4013      	ands	r3, r2
 80027ae:	613b      	str	r3, [r7, #16]
\\TJAND17\sen.he\project\unc_linux_rls_25d\source\bsp\mcu\GD\GD ARM MCU Debug/../Firmware/GD32E23x_standard_peripheral/Source/gd32e23x_usart.c:88
        fradiv = (udiv >> 1U) & 0x00000007U;
 80027b0:	68bb      	ldr	r3, [r7, #8]
 80027b2:	085b      	lsrs	r3, r3, #1
 80027b4:	2207      	movs	r2, #7
 80027b6:	4013      	ands	r3, r2
 80027b8:	60fb      	str	r3, [r7, #12]
\\TJAND17\sen.he\project\unc_linux_rls_25d\source\bsp\mcu\GD\GD ARM MCU Debug/../Firmware/GD32E23x_standard_peripheral/Source/gd32e23x_usart.c:89
        USART_BAUD(usart_periph) = ((USART_BAUD_FRADIV | USART_BAUD_INTDIV) & (intdiv | fradiv));
 80027ba:	693a      	ldr	r2, [r7, #16]
 80027bc:	68fb      	ldr	r3, [r7, #12]
 80027be:	431a      	orrs	r2, r3
 80027c0:	687b      	ldr	r3, [r7, #4]
 80027c2:	330c      	adds	r3, #12
 80027c4:	0412      	lsls	r2, r2, #16
 80027c6:	0c12      	lsrs	r2, r2, #16
 80027c8:	601a      	str	r2, [r3, #0]
\\TJAND17\sen.he\project\unc_linux_rls_25d\source\bsp\mcu\GD\GD ARM MCU Debug/../Firmware/GD32E23x_standard_peripheral/Source/gd32e23x_usart.c:97
        udiv = (uclk + baudval / 2U) / baudval;
        intdiv = udiv & 0x0000fff0U;
        fradiv = udiv & 0x0000000fU;
        USART_BAUD(usart_periph) = ((USART_BAUD_FRADIV | USART_BAUD_INTDIV) & (intdiv | fradiv));
    }
}
 80027ca:	e018      	b.n	80027fe <usart_baudrate_set+0xc6>
\\TJAND17\sen.he\project\unc_linux_rls_25d\source\bsp\mcu\GD\GD ARM MCU Debug/../Firmware/GD32E23x_standard_peripheral/Source/gd32e23x_usart.c:92
        udiv = (uclk + baudval / 2U) / baudval;
 80027cc:	683b      	ldr	r3, [r7, #0]
 80027ce:	085a      	lsrs	r2, r3, #1
 80027d0:	697b      	ldr	r3, [r7, #20]
 80027d2:	18d2      	adds	r2, r2, r3
 80027d4:	683b      	ldr	r3, [r7, #0]
 80027d6:	fbb2 f3f3 	udiv	r3, r2, r3
 80027da:	60bb      	str	r3, [r7, #8]
\\TJAND17\sen.he\project\unc_linux_rls_25d\source\bsp\mcu\GD\GD ARM MCU Debug/../Firmware/GD32E23x_standard_peripheral/Source/gd32e23x_usart.c:93
        intdiv = udiv & 0x0000fff0U;
 80027dc:	68bb      	ldr	r3, [r7, #8]
 80027de:	f64f 72f0 	movw	r2, #65520	; 0xfff0
 80027e2:	4013      	ands	r3, r2
 80027e4:	613b      	str	r3, [r7, #16]
\\TJAND17\sen.he\project\unc_linux_rls_25d\source\bsp\mcu\GD\GD ARM MCU Debug/../Firmware/GD32E23x_standard_peripheral/Source/gd32e23x_usart.c:94
        fradiv = udiv & 0x0000000fU;
 80027e6:	68bb      	ldr	r3, [r7, #8]
 80027e8:	220f      	movs	r2, #15
 80027ea:	4013      	ands	r3, r2
 80027ec:	60fb      	str	r3, [r7, #12]
\\TJAND17\sen.he\project\unc_linux_rls_25d\source\bsp\mcu\GD\GD ARM MCU Debug/../Firmware/GD32E23x_standard_peripheral/Source/gd32e23x_usart.c:95
        USART_BAUD(usart_periph) = ((USART_BAUD_FRADIV | USART_BAUD_INTDIV) & (intdiv | fradiv));
 80027ee:	693a      	ldr	r2, [r7, #16]
 80027f0:	68fb      	ldr	r3, [r7, #12]
 80027f2:	431a      	orrs	r2, r3
 80027f4:	687b      	ldr	r3, [r7, #4]
 80027f6:	330c      	adds	r3, #12
 80027f8:	0412      	lsls	r2, r2, #16
 80027fa:	0c12      	lsrs	r2, r2, #16
 80027fc:	601a      	str	r2, [r3, #0]
\\TJAND17\sen.he\project\unc_linux_rls_25d\source\bsp\mcu\GD\GD ARM MCU Debug/../Firmware/GD32E23x_standard_peripheral/Source/gd32e23x_usart.c:97
}
 80027fe:	46c0      	nop			; (mov r8, r8)
 8002800:	46bd      	mov	sp, r7
 8002802:	b006      	add	sp, #24
 8002804:	bd80      	pop	{r7, pc}
	...

08002808 <usart_parity_config>:
usart_parity_config():
\\TJAND17\sen.he\project\unc_linux_rls_25d\source\bsp\mcu\GD\GD ARM MCU Debug/../Firmware/GD32E23x_standard_peripheral/Source/gd32e23x_usart.c:111
      \arg        USART_PM_EVEN: even parity
    \param[out] none
    \retval     none
*/
void usart_parity_config(uint32_t usart_periph, uint32_t paritycfg)
{
 8002808:	b580      	push	{r7, lr}
 800280a:	b082      	sub	sp, #8
 800280c:	af00      	add	r7, sp, #0
 800280e:	6078      	str	r0, [r7, #4]
 8002810:	6039      	str	r1, [r7, #0]
\\TJAND17\sen.he\project\unc_linux_rls_25d\source\bsp\mcu\GD\GD ARM MCU Debug/../Firmware/GD32E23x_standard_peripheral/Source/gd32e23x_usart.c:113
    /* disable USART */
    USART_CTL0(usart_periph) &= ~(USART_CTL0_UEN);
 8002812:	687b      	ldr	r3, [r7, #4]
 8002814:	681a      	ldr	r2, [r3, #0]
 8002816:	687b      	ldr	r3, [r7, #4]
 8002818:	2101      	movs	r1, #1
 800281a:	438a      	bics	r2, r1
 800281c:	601a      	str	r2, [r3, #0]
\\TJAND17\sen.he\project\unc_linux_rls_25d\source\bsp\mcu\GD\GD ARM MCU Debug/../Firmware/GD32E23x_standard_peripheral/Source/gd32e23x_usart.c:115
    /* clear USART_CTL0 PM,PCEN bits */
    USART_CTL0(usart_periph) &= ~(USART_CTL0_PM | USART_CTL0_PCEN);
 800281e:	687b      	ldr	r3, [r7, #4]
 8002820:	681a      	ldr	r2, [r3, #0]
 8002822:	687b      	ldr	r3, [r7, #4]
 8002824:	4906      	ldr	r1, [pc, #24]	; (8002840 <usart_parity_config+0x38>)
 8002826:	400a      	ands	r2, r1
 8002828:	601a      	str	r2, [r3, #0]
\\TJAND17\sen.he\project\unc_linux_rls_25d\source\bsp\mcu\GD\GD ARM MCU Debug/../Firmware/GD32E23x_standard_peripheral/Source/gd32e23x_usart.c:117
    /* configure USART parity mode */
    USART_CTL0(usart_periph) |= paritycfg;
 800282a:	687b      	ldr	r3, [r7, #4]
 800282c:	6819      	ldr	r1, [r3, #0]
 800282e:	687b      	ldr	r3, [r7, #4]
 8002830:	683a      	ldr	r2, [r7, #0]
 8002832:	430a      	orrs	r2, r1
 8002834:	601a      	str	r2, [r3, #0]
\\TJAND17\sen.he\project\unc_linux_rls_25d\source\bsp\mcu\GD\GD ARM MCU Debug/../Firmware/GD32E23x_standard_peripheral/Source/gd32e23x_usart.c:118
}
 8002836:	46c0      	nop			; (mov r8, r8)
 8002838:	46bd      	mov	sp, r7
 800283a:	b002      	add	sp, #8
 800283c:	bd80      	pop	{r7, pc}
 800283e:	46c0      	nop			; (mov r8, r8)
 8002840:	fffff9ff 	.word	0xfffff9ff

08002844 <usart_word_length_set>:
usart_word_length_set():
\\TJAND17\sen.he\project\unc_linux_rls_25d\source\bsp\mcu\GD\GD ARM MCU Debug/../Firmware/GD32E23x_standard_peripheral/Source/gd32e23x_usart.c:131
      \arg        USART_WL_9BIT: 9 bits
    \param[out] none
    \retval     none
*/
void usart_word_length_set(uint32_t usart_periph, uint32_t wlen)
{
 8002844:	b580      	push	{r7, lr}
 8002846:	b082      	sub	sp, #8
 8002848:	af00      	add	r7, sp, #0
 800284a:	6078      	str	r0, [r7, #4]
 800284c:	6039      	str	r1, [r7, #0]
\\TJAND17\sen.he\project\unc_linux_rls_25d\source\bsp\mcu\GD\GD ARM MCU Debug/../Firmware/GD32E23x_standard_peripheral/Source/gd32e23x_usart.c:133
    /* disable USART */
    USART_CTL0(usart_periph) &= ~(USART_CTL0_UEN);
 800284e:	687b      	ldr	r3, [r7, #4]
 8002850:	681a      	ldr	r2, [r3, #0]
 8002852:	687b      	ldr	r3, [r7, #4]
 8002854:	2101      	movs	r1, #1
 8002856:	438a      	bics	r2, r1
 8002858:	601a      	str	r2, [r3, #0]
\\TJAND17\sen.he\project\unc_linux_rls_25d\source\bsp\mcu\GD\GD ARM MCU Debug/../Firmware/GD32E23x_standard_peripheral/Source/gd32e23x_usart.c:135
    /* clear USART_CTL0 WL bit */
    USART_CTL0(usart_periph) &= ~USART_CTL0_WL;
 800285a:	687b      	ldr	r3, [r7, #4]
 800285c:	681a      	ldr	r2, [r3, #0]
 800285e:	687b      	ldr	r3, [r7, #4]
 8002860:	4906      	ldr	r1, [pc, #24]	; (800287c <usart_word_length_set+0x38>)
 8002862:	400a      	ands	r2, r1
 8002864:	601a      	str	r2, [r3, #0]
\\TJAND17\sen.he\project\unc_linux_rls_25d\source\bsp\mcu\GD\GD ARM MCU Debug/../Firmware/GD32E23x_standard_peripheral/Source/gd32e23x_usart.c:137
    /* configure USART word length */
    USART_CTL0(usart_periph) |= wlen;
 8002866:	687b      	ldr	r3, [r7, #4]
 8002868:	6819      	ldr	r1, [r3, #0]
 800286a:	687b      	ldr	r3, [r7, #4]
 800286c:	683a      	ldr	r2, [r7, #0]
 800286e:	430a      	orrs	r2, r1
 8002870:	601a      	str	r2, [r3, #0]
\\TJAND17\sen.he\project\unc_linux_rls_25d\source\bsp\mcu\GD\GD ARM MCU Debug/../Firmware/GD32E23x_standard_peripheral/Source/gd32e23x_usart.c:138
}
 8002872:	46c0      	nop			; (mov r8, r8)
 8002874:	46bd      	mov	sp, r7
 8002876:	b002      	add	sp, #8
 8002878:	bd80      	pop	{r7, pc}
 800287a:	46c0      	nop			; (mov r8, r8)
 800287c:	ffffefff 	.word	0xffffefff

08002880 <usart_stop_bit_set>:
usart_stop_bit_set():
\\TJAND17\sen.he\project\unc_linux_rls_25d\source\bsp\mcu\GD\GD ARM MCU Debug/../Firmware/GD32E23x_standard_peripheral/Source/gd32e23x_usart.c:153
      \arg        USART_STB_1_5BIT: 1.5bit
    \param[out] none
    \retval     none
*/
void usart_stop_bit_set(uint32_t usart_periph, uint32_t stblen)
{
 8002880:	b580      	push	{r7, lr}
 8002882:	b082      	sub	sp, #8
 8002884:	af00      	add	r7, sp, #0
 8002886:	6078      	str	r0, [r7, #4]
 8002888:	6039      	str	r1, [r7, #0]
\\TJAND17\sen.he\project\unc_linux_rls_25d\source\bsp\mcu\GD\GD ARM MCU Debug/../Firmware/GD32E23x_standard_peripheral/Source/gd32e23x_usart.c:155
    /* disable USART */
    USART_CTL0(usart_periph) &= ~(USART_CTL0_UEN);
 800288a:	687b      	ldr	r3, [r7, #4]
 800288c:	681a      	ldr	r2, [r3, #0]
 800288e:	687b      	ldr	r3, [r7, #4]
 8002890:	2101      	movs	r1, #1
 8002892:	438a      	bics	r2, r1
 8002894:	601a      	str	r2, [r3, #0]
\\TJAND17\sen.he\project\unc_linux_rls_25d\source\bsp\mcu\GD\GD ARM MCU Debug/../Firmware/GD32E23x_standard_peripheral/Source/gd32e23x_usart.c:157
    /* clear USART_CTL1 STB bits */
    USART_CTL1(usart_periph) &= ~USART_CTL1_STB;
 8002896:	687b      	ldr	r3, [r7, #4]
 8002898:	3304      	adds	r3, #4
 800289a:	681a      	ldr	r2, [r3, #0]
 800289c:	687b      	ldr	r3, [r7, #4]
 800289e:	3304      	adds	r3, #4
 80028a0:	4907      	ldr	r1, [pc, #28]	; (80028c0 <usart_stop_bit_set+0x40>)
 80028a2:	400a      	ands	r2, r1
 80028a4:	601a      	str	r2, [r3, #0]
\\TJAND17\sen.he\project\unc_linux_rls_25d\source\bsp\mcu\GD\GD ARM MCU Debug/../Firmware/GD32E23x_standard_peripheral/Source/gd32e23x_usart.c:158
    USART_CTL1(usart_periph) |= stblen;
 80028a6:	687b      	ldr	r3, [r7, #4]
 80028a8:	3304      	adds	r3, #4
 80028aa:	6819      	ldr	r1, [r3, #0]
 80028ac:	687b      	ldr	r3, [r7, #4]
 80028ae:	3304      	adds	r3, #4
 80028b0:	683a      	ldr	r2, [r7, #0]
 80028b2:	430a      	orrs	r2, r1
 80028b4:	601a      	str	r2, [r3, #0]
\\TJAND17\sen.he\project\unc_linux_rls_25d\source\bsp\mcu\GD\GD ARM MCU Debug/../Firmware/GD32E23x_standard_peripheral/Source/gd32e23x_usart.c:159
}
 80028b6:	46c0      	nop			; (mov r8, r8)
 80028b8:	46bd      	mov	sp, r7
 80028ba:	b002      	add	sp, #8
 80028bc:	bd80      	pop	{r7, pc}
 80028be:	46c0      	nop			; (mov r8, r8)
 80028c0:	ffffcfff 	.word	0xffffcfff

080028c4 <usart_enable>:
usart_enable():
\\TJAND17\sen.he\project\unc_linux_rls_25d\source\bsp\mcu\GD\GD ARM MCU Debug/../Firmware/GD32E23x_standard_peripheral/Source/gd32e23x_usart.c:168
    \param[in]  usart_periph: USARTx(x=0,1)
    \param[out] none
    \retval     none
*/
void usart_enable(uint32_t usart_periph)
{
 80028c4:	b580      	push	{r7, lr}
 80028c6:	b082      	sub	sp, #8
 80028c8:	af00      	add	r7, sp, #0
 80028ca:	6078      	str	r0, [r7, #4]
\\TJAND17\sen.he\project\unc_linux_rls_25d\source\bsp\mcu\GD\GD ARM MCU Debug/../Firmware/GD32E23x_standard_peripheral/Source/gd32e23x_usart.c:169
    USART_CTL0(usart_periph) |= USART_CTL0_UEN;
 80028cc:	687b      	ldr	r3, [r7, #4]
 80028ce:	681a      	ldr	r2, [r3, #0]
 80028d0:	687b      	ldr	r3, [r7, #4]
 80028d2:	2101      	movs	r1, #1
 80028d4:	430a      	orrs	r2, r1
 80028d6:	601a      	str	r2, [r3, #0]
\\TJAND17\sen.he\project\unc_linux_rls_25d\source\bsp\mcu\GD\GD ARM MCU Debug/../Firmware/GD32E23x_standard_peripheral/Source/gd32e23x_usart.c:170
}
 80028d8:	46c0      	nop			; (mov r8, r8)
 80028da:	46bd      	mov	sp, r7
 80028dc:	b002      	add	sp, #8
 80028de:	bd80      	pop	{r7, pc}

080028e0 <usart_transmit_config>:
usart_transmit_config():
\\TJAND17\sen.he\project\unc_linux_rls_25d\source\bsp\mcu\GD\GD ARM MCU Debug/../Firmware/GD32E23x_standard_peripheral/Source/gd32e23x_usart.c:194
      \arg        USART_TRANSMIT_DISABLE: enable USART transmission
    \param[out] none
    \retval     none
*/
void usart_transmit_config(uint32_t usart_periph, uint32_t txconfig)
{
 80028e0:	b580      	push	{r7, lr}
 80028e2:	b082      	sub	sp, #8
 80028e4:	af00      	add	r7, sp, #0
 80028e6:	6078      	str	r0, [r7, #4]
 80028e8:	6039      	str	r1, [r7, #0]
\\TJAND17\sen.he\project\unc_linux_rls_25d\source\bsp\mcu\GD\GD ARM MCU Debug/../Firmware/GD32E23x_standard_peripheral/Source/gd32e23x_usart.c:195
    USART_CTL0(usart_periph) &= ~USART_CTL0_TEN;
 80028ea:	687b      	ldr	r3, [r7, #4]
 80028ec:	681a      	ldr	r2, [r3, #0]
 80028ee:	687b      	ldr	r3, [r7, #4]
 80028f0:	2108      	movs	r1, #8
 80028f2:	438a      	bics	r2, r1
 80028f4:	601a      	str	r2, [r3, #0]
\\TJAND17\sen.he\project\unc_linux_rls_25d\source\bsp\mcu\GD\GD ARM MCU Debug/../Firmware/GD32E23x_standard_peripheral/Source/gd32e23x_usart.c:197
    /* configure transfer mode */
    USART_CTL0(usart_periph) |= txconfig;
 80028f6:	687b      	ldr	r3, [r7, #4]
 80028f8:	6819      	ldr	r1, [r3, #0]
 80028fa:	687b      	ldr	r3, [r7, #4]
 80028fc:	683a      	ldr	r2, [r7, #0]
 80028fe:	430a      	orrs	r2, r1
 8002900:	601a      	str	r2, [r3, #0]
\\TJAND17\sen.he\project\unc_linux_rls_25d\source\bsp\mcu\GD\GD ARM MCU Debug/../Firmware/GD32E23x_standard_peripheral/Source/gd32e23x_usart.c:198
}
 8002902:	46c0      	nop			; (mov r8, r8)
 8002904:	46bd      	mov	sp, r7
 8002906:	b002      	add	sp, #8
 8002908:	bd80      	pop	{r7, pc}

0800290a <usart_receive_config>:
usart_receive_config():
\\TJAND17\sen.he\project\unc_linux_rls_25d\source\bsp\mcu\GD\GD ARM MCU Debug/../Firmware/GD32E23x_standard_peripheral/Source/gd32e23x_usart.c:211
      \arg        USART_RECEIVE_DISABLE: disable USART reception
    \param[out] none
    \retval     none
*/
void usart_receive_config(uint32_t usart_periph, uint32_t rxconfig)
{
 800290a:	b580      	push	{r7, lr}
 800290c:	b082      	sub	sp, #8
 800290e:	af00      	add	r7, sp, #0
 8002910:	6078      	str	r0, [r7, #4]
 8002912:	6039      	str	r1, [r7, #0]
\\TJAND17\sen.he\project\unc_linux_rls_25d\source\bsp\mcu\GD\GD ARM MCU Debug/../Firmware/GD32E23x_standard_peripheral/Source/gd32e23x_usart.c:212
    USART_CTL0(usart_periph) &= ~USART_CTL0_REN;
 8002914:	687b      	ldr	r3, [r7, #4]
 8002916:	681a      	ldr	r2, [r3, #0]
 8002918:	687b      	ldr	r3, [r7, #4]
 800291a:	2104      	movs	r1, #4
 800291c:	438a      	bics	r2, r1
 800291e:	601a      	str	r2, [r3, #0]
\\TJAND17\sen.he\project\unc_linux_rls_25d\source\bsp\mcu\GD\GD ARM MCU Debug/../Firmware/GD32E23x_standard_peripheral/Source/gd32e23x_usart.c:214
    /* configure receiver mode */
    USART_CTL0(usart_periph) |= rxconfig;
 8002920:	687b      	ldr	r3, [r7, #4]
 8002922:	6819      	ldr	r1, [r3, #0]
 8002924:	687b      	ldr	r3, [r7, #4]
 8002926:	683a      	ldr	r2, [r7, #0]
 8002928:	430a      	orrs	r2, r1
 800292a:	601a      	str	r2, [r3, #0]
\\TJAND17\sen.he\project\unc_linux_rls_25d\source\bsp\mcu\GD\GD ARM MCU Debug/../Firmware/GD32E23x_standard_peripheral/Source/gd32e23x_usart.c:215
}
 800292c:	46c0      	nop			; (mov r8, r8)
 800292e:	46bd      	mov	sp, r7
 8002930:	b002      	add	sp, #8
 8002932:	bd80      	pop	{r7, pc}

08002934 <usart_oversample_config>:
usart_oversample_config():
\\TJAND17\sen.he\project\unc_linux_rls_25d\source\bsp\mcu\GD\GD ARM MCU Debug/../Firmware/GD32E23x_standard_peripheral/Source/gd32e23x_usart.c:322
      \arg        USART_OVSMOD_16: oversampling by 16
    \param[out] none
    \retval     none
*/
void usart_oversample_config(uint32_t usart_periph, uint32_t oversamp)
{
 8002934:	b580      	push	{r7, lr}
 8002936:	b082      	sub	sp, #8
 8002938:	af00      	add	r7, sp, #0
 800293a:	6078      	str	r0, [r7, #4]
 800293c:	6039      	str	r1, [r7, #0]
\\TJAND17\sen.he\project\unc_linux_rls_25d\source\bsp\mcu\GD\GD ARM MCU Debug/../Firmware/GD32E23x_standard_peripheral/Source/gd32e23x_usart.c:324
    /* disable USART */
    USART_CTL0(usart_periph) &= ~(USART_CTL0_UEN);
 800293e:	687b      	ldr	r3, [r7, #4]
 8002940:	681a      	ldr	r2, [r3, #0]
 8002942:	687b      	ldr	r3, [r7, #4]
 8002944:	2101      	movs	r1, #1
 8002946:	438a      	bics	r2, r1
 8002948:	601a      	str	r2, [r3, #0]
\\TJAND17\sen.he\project\unc_linux_rls_25d\source\bsp\mcu\GD\GD ARM MCU Debug/../Firmware/GD32E23x_standard_peripheral/Source/gd32e23x_usart.c:326
    /* clear OVSMOD bit */
    USART_CTL0(usart_periph) &= ~(USART_CTL0_OVSMOD);
 800294a:	687b      	ldr	r3, [r7, #4]
 800294c:	681a      	ldr	r2, [r3, #0]
 800294e:	687b      	ldr	r3, [r7, #4]
 8002950:	4906      	ldr	r1, [pc, #24]	; (800296c <usart_oversample_config+0x38>)
 8002952:	400a      	ands	r2, r1
 8002954:	601a      	str	r2, [r3, #0]
\\TJAND17\sen.he\project\unc_linux_rls_25d\source\bsp\mcu\GD\GD ARM MCU Debug/../Firmware/GD32E23x_standard_peripheral/Source/gd32e23x_usart.c:327
    USART_CTL0(usart_periph) |= oversamp;
 8002956:	687b      	ldr	r3, [r7, #4]
 8002958:	6819      	ldr	r1, [r3, #0]
 800295a:	687b      	ldr	r3, [r7, #4]
 800295c:	683a      	ldr	r2, [r7, #0]
 800295e:	430a      	orrs	r2, r1
 8002960:	601a      	str	r2, [r3, #0]
\\TJAND17\sen.he\project\unc_linux_rls_25d\source\bsp\mcu\GD\GD ARM MCU Debug/../Firmware/GD32E23x_standard_peripheral/Source/gd32e23x_usart.c:328
}
 8002962:	46c0      	nop			; (mov r8, r8)
 8002964:	46bd      	mov	sp, r7
 8002966:	b002      	add	sp, #8
 8002968:	bd80      	pop	{r7, pc}
 800296a:	46c0      	nop			; (mov r8, r8)
 800296c:	ffff7fff 	.word	0xffff7fff

08002970 <usart_data_transmit>:
usart_data_transmit():
\\TJAND17\sen.he\project\unc_linux_rls_25d\source\bsp\mcu\GD\GD ARM MCU Debug/../Firmware/GD32E23x_standard_peripheral/Source/gd32e23x_usart.c:392
    \param[in]  data: data of transmission
    \param[out] none
    \retval     none
*/
void usart_data_transmit(uint32_t usart_periph, uint32_t data)
{
 8002970:	b580      	push	{r7, lr}
 8002972:	b082      	sub	sp, #8
 8002974:	af00      	add	r7, sp, #0
 8002976:	6078      	str	r0, [r7, #4]
 8002978:	6039      	str	r1, [r7, #0]
\\TJAND17\sen.he\project\unc_linux_rls_25d\source\bsp\mcu\GD\GD ARM MCU Debug/../Firmware/GD32E23x_standard_peripheral/Source/gd32e23x_usart.c:393
    USART_TDATA(usart_periph) = (USART_TDATA_TDATA & data);
 800297a:	687b      	ldr	r3, [r7, #4]
 800297c:	3328      	adds	r3, #40	; 0x28
 800297e:	683a      	ldr	r2, [r7, #0]
 8002980:	05d2      	lsls	r2, r2, #23
 8002982:	0dd2      	lsrs	r2, r2, #23
 8002984:	601a      	str	r2, [r3, #0]
\\TJAND17\sen.he\project\unc_linux_rls_25d\source\bsp\mcu\GD\GD ARM MCU Debug/../Firmware/GD32E23x_standard_peripheral/Source/gd32e23x_usart.c:394
}
 8002986:	46c0      	nop			; (mov r8, r8)
 8002988:	46bd      	mov	sp, r7
 800298a:	b002      	add	sp, #8
 800298c:	bd80      	pop	{r7, pc}

0800298e <usart_data_receive>:
usart_data_receive():
\\TJAND17\sen.he\project\unc_linux_rls_25d\source\bsp\mcu\GD\GD ARM MCU Debug/../Firmware/GD32E23x_standard_peripheral/Source/gd32e23x_usart.c:403
    \param[in]  usart_periph: USARTx(x=0,1)
    \param[out] none
    \retval     data of received
*/
uint16_t usart_data_receive(uint32_t usart_periph)
{
 800298e:	b580      	push	{r7, lr}
 8002990:	b082      	sub	sp, #8
 8002992:	af00      	add	r7, sp, #0
 8002994:	6078      	str	r0, [r7, #4]
\\TJAND17\sen.he\project\unc_linux_rls_25d\source\bsp\mcu\GD\GD ARM MCU Debug/../Firmware/GD32E23x_standard_peripheral/Source/gd32e23x_usart.c:404
    return (uint16_t)(GET_BITS(USART_RDATA(usart_periph), 0U, 8U));
 8002996:	687b      	ldr	r3, [r7, #4]
 8002998:	3324      	adds	r3, #36	; 0x24
 800299a:	681b      	ldr	r3, [r3, #0]
 800299c:	b29b      	uxth	r3, r3
 800299e:	05db      	lsls	r3, r3, #23
 80029a0:	0ddb      	lsrs	r3, r3, #23
 80029a2:	b29b      	uxth	r3, r3
\\TJAND17\sen.he\project\unc_linux_rls_25d\source\bsp\mcu\GD\GD ARM MCU Debug/../Firmware/GD32E23x_standard_peripheral/Source/gd32e23x_usart.c:405
}
 80029a4:	0018      	movs	r0, r3
 80029a6:	46bd      	mov	sp, r7
 80029a8:	b002      	add	sp, #8
 80029aa:	bd80      	pop	{r7, pc}

080029ac <usart_wakeup_enable>:
usart_wakeup_enable():
\\TJAND17\sen.he\project\unc_linux_rls_25d\source\bsp\mcu\GD\GD ARM MCU Debug/../Firmware/GD32E23x_standard_peripheral/Source/gd32e23x_usart.c:1000
    \param[in]  usart_periph: USARTx(x=0)
    \param[out] none
    \retval     none
*/
void usart_wakeup_enable(uint32_t usart_periph)
{
 80029ac:	b580      	push	{r7, lr}
 80029ae:	b082      	sub	sp, #8
 80029b0:	af00      	add	r7, sp, #0
 80029b2:	6078      	str	r0, [r7, #4]
\\TJAND17\sen.he\project\unc_linux_rls_25d\source\bsp\mcu\GD\GD ARM MCU Debug/../Firmware/GD32E23x_standard_peripheral/Source/gd32e23x_usart.c:1001
    USART_CTL0(usart_periph) |= USART_CTL0_UESM;
 80029b4:	687b      	ldr	r3, [r7, #4]
 80029b6:	681a      	ldr	r2, [r3, #0]
 80029b8:	687b      	ldr	r3, [r7, #4]
 80029ba:	2102      	movs	r1, #2
 80029bc:	430a      	orrs	r2, r1
 80029be:	601a      	str	r2, [r3, #0]
\\TJAND17\sen.he\project\unc_linux_rls_25d\source\bsp\mcu\GD\GD ARM MCU Debug/../Firmware/GD32E23x_standard_peripheral/Source/gd32e23x_usart.c:1002
}
 80029c0:	46c0      	nop			; (mov r8, r8)
 80029c2:	46bd      	mov	sp, r7
 80029c4:	b002      	add	sp, #8
 80029c6:	bd80      	pop	{r7, pc}

080029c8 <usart_wakeup_mode_config>:
usart_wakeup_mode_config():
\\TJAND17\sen.he\project\unc_linux_rls_25d\source\bsp\mcu\GD\GD ARM MCU Debug/../Firmware/GD32E23x_standard_peripheral/Source/gd32e23x_usart.c:1027
      \arg        USART_WUM_RBNE: WUF active on RBNE
    \param[out] none
    \retval     none
*/
void usart_wakeup_mode_config(uint32_t usart_periph, uint32_t wum)
{
 80029c8:	b580      	push	{r7, lr}
 80029ca:	b082      	sub	sp, #8
 80029cc:	af00      	add	r7, sp, #0
 80029ce:	6078      	str	r0, [r7, #4]
 80029d0:	6039      	str	r1, [r7, #0]
\\TJAND17\sen.he\project\unc_linux_rls_25d\source\bsp\mcu\GD\GD ARM MCU Debug/../Firmware/GD32E23x_standard_peripheral/Source/gd32e23x_usart.c:1029
    /* disable USART */
    USART_CTL0(usart_periph) &= ~(USART_CTL0_UEN);
 80029d2:	687b      	ldr	r3, [r7, #4]
 80029d4:	681a      	ldr	r2, [r3, #0]
 80029d6:	687b      	ldr	r3, [r7, #4]
 80029d8:	2101      	movs	r1, #1
 80029da:	438a      	bics	r2, r1
 80029dc:	601a      	str	r2, [r3, #0]
\\TJAND17\sen.he\project\unc_linux_rls_25d\source\bsp\mcu\GD\GD ARM MCU Debug/../Firmware/GD32E23x_standard_peripheral/Source/gd32e23x_usart.c:1031
    /* reset WUM bit */
    USART_CTL2(usart_periph) &= ~(USART_CTL2_WUM);
 80029de:	687b      	ldr	r3, [r7, #4]
 80029e0:	3308      	adds	r3, #8
 80029e2:	681a      	ldr	r2, [r3, #0]
 80029e4:	687b      	ldr	r3, [r7, #4]
 80029e6:	3308      	adds	r3, #8
 80029e8:	4908      	ldr	r1, [pc, #32]	; (8002a0c <usart_wakeup_mode_config+0x44>)
 80029ea:	400a      	ands	r2, r1
 80029ec:	601a      	str	r2, [r3, #0]
\\TJAND17\sen.he\project\unc_linux_rls_25d\source\bsp\mcu\GD\GD ARM MCU Debug/../Firmware/GD32E23x_standard_peripheral/Source/gd32e23x_usart.c:1032
    USART_CTL2(usart_periph) |= USART_CTL2_WUM & (wum);
 80029ee:	687b      	ldr	r3, [r7, #4]
 80029f0:	3308      	adds	r3, #8
 80029f2:	6819      	ldr	r1, [r3, #0]
 80029f4:	683a      	ldr	r2, [r7, #0]
 80029f6:	23c0      	movs	r3, #192	; 0xc0
 80029f8:	039b      	lsls	r3, r3, #14
 80029fa:	401a      	ands	r2, r3
 80029fc:	687b      	ldr	r3, [r7, #4]
 80029fe:	3308      	adds	r3, #8
 8002a00:	430a      	orrs	r2, r1
 8002a02:	601a      	str	r2, [r3, #0]
\\TJAND17\sen.he\project\unc_linux_rls_25d\source\bsp\mcu\GD\GD ARM MCU Debug/../Firmware/GD32E23x_standard_peripheral/Source/gd32e23x_usart.c:1033
}
 8002a04:	46c0      	nop			; (mov r8, r8)
 8002a06:	46bd      	mov	sp, r7
 8002a08:	b002      	add	sp, #8
 8002a0a:	bd80      	pop	{r7, pc}
 8002a0c:	ffcfffff 	.word	0xffcfffff

08002a10 <usart_receive_fifo_enable>:
usart_receive_fifo_enable():
\\TJAND17\sen.he\project\unc_linux_rls_25d\source\bsp\mcu\GD\GD ARM MCU Debug/../Firmware/GD32E23x_standard_peripheral/Source/gd32e23x_usart.c:1042
    \param[in]  usart_periph: USARTx(x=0,1)
    \param[out] none
    \retval     none
*/
void usart_receive_fifo_enable(uint32_t usart_periph)
{
 8002a10:	b580      	push	{r7, lr}
 8002a12:	b082      	sub	sp, #8
 8002a14:	af00      	add	r7, sp, #0
 8002a16:	6078      	str	r0, [r7, #4]
\\TJAND17\sen.he\project\unc_linux_rls_25d\source\bsp\mcu\GD\GD ARM MCU Debug/../Firmware/GD32E23x_standard_peripheral/Source/gd32e23x_usart.c:1043
    USART_RFCS(usart_periph) |= USART_RFCS_RFEN;
 8002a18:	687b      	ldr	r3, [r7, #4]
 8002a1a:	33d0      	adds	r3, #208	; 0xd0
 8002a1c:	681a      	ldr	r2, [r3, #0]
 8002a1e:	687b      	ldr	r3, [r7, #4]
 8002a20:	33d0      	adds	r3, #208	; 0xd0
 8002a22:	f240 1100 	movw	r1, #256	; 0x100
 8002a26:	430a      	orrs	r2, r1
 8002a28:	601a      	str	r2, [r3, #0]
\\TJAND17\sen.he\project\unc_linux_rls_25d\source\bsp\mcu\GD\GD ARM MCU Debug/../Firmware/GD32E23x_standard_peripheral/Source/gd32e23x_usart.c:1044
}
 8002a2a:	46c0      	nop			; (mov r8, r8)
 8002a2c:	46bd      	mov	sp, r7
 8002a2e:	b002      	add	sp, #8
 8002a30:	bd80      	pop	{r7, pc}

08002a32 <usart_flag_get>:
usart_flag_get():
\\TJAND17\sen.he\project\unc_linux_rls_25d\source\bsp\mcu\GD\GD ARM MCU Debug/../Firmware/GD32E23x_standard_peripheral/Source/gd32e23x_usart.c:1101
      \arg        USART_FLAG_RFFINT: receive FIFO full interrupt flag
    \param[out] none
    \retval     FlagStatus: SET or RESET
*/
FlagStatus usart_flag_get(uint32_t usart_periph, usart_flag_enum flag)
{
 8002a32:	b580      	push	{r7, lr}
 8002a34:	b082      	sub	sp, #8
 8002a36:	af00      	add	r7, sp, #0
 8002a38:	6078      	str	r0, [r7, #4]
 8002a3a:	000a      	movs	r2, r1
 8002a3c:	1cbb      	adds	r3, r7, #2
 8002a3e:	801a      	strh	r2, [r3, #0]
\\TJAND17\sen.he\project\unc_linux_rls_25d\source\bsp\mcu\GD\GD ARM MCU Debug/../Firmware/GD32E23x_standard_peripheral/Source/gd32e23x_usart.c:1102
    if(RESET != (USART_REG_VAL(usart_periph, flag) & BIT(USART_BIT_POS(flag)))) {
 8002a40:	1cbb      	adds	r3, r7, #2
 8002a42:	881b      	ldrh	r3, [r3, #0]
 8002a44:	099b      	lsrs	r3, r3, #6
 8002a46:	b29b      	uxth	r3, r3
 8002a48:	001a      	movs	r2, r3
 8002a4a:	687b      	ldr	r3, [r7, #4]
 8002a4c:	18d3      	adds	r3, r2, r3
 8002a4e:	681a      	ldr	r2, [r3, #0]
 8002a50:	1cbb      	adds	r3, r7, #2
 8002a52:	881b      	ldrh	r3, [r3, #0]
 8002a54:	211f      	movs	r1, #31
 8002a56:	400b      	ands	r3, r1
 8002a58:	40da      	lsrs	r2, r3
 8002a5a:	0013      	movs	r3, r2
 8002a5c:	2201      	movs	r2, #1
 8002a5e:	4013      	ands	r3, r2
 8002a60:	b10b      	cbz	r3, 8002a66 <usart_flag_get+0x34>
\\TJAND17\sen.he\project\unc_linux_rls_25d\source\bsp\mcu\GD\GD ARM MCU Debug/../Firmware/GD32E23x_standard_peripheral/Source/gd32e23x_usart.c:1103
        return SET;
 8002a62:	2301      	movs	r3, #1
 8002a64:	e000      	b.n	8002a68 <usart_flag_get+0x36>
\\TJAND17\sen.he\project\unc_linux_rls_25d\source\bsp\mcu\GD\GD ARM MCU Debug/../Firmware/GD32E23x_standard_peripheral/Source/gd32e23x_usart.c:1105
    } else {
        return RESET;
 8002a66:	2300      	movs	r3, #0
\\TJAND17\sen.he\project\unc_linux_rls_25d\source\bsp\mcu\GD\GD ARM MCU Debug/../Firmware/GD32E23x_standard_peripheral/Source/gd32e23x_usart.c:1107
    }
}
 8002a68:	0018      	movs	r0, r3
 8002a6a:	46bd      	mov	sp, r7
 8002a6c:	b002      	add	sp, #8
 8002a6e:	bd80      	pop	{r7, pc}

08002a70 <usart_flag_clear>:
usart_flag_clear():
\\TJAND17\sen.he\project\unc_linux_rls_25d\source\bsp\mcu\GD\GD ARM MCU Debug/../Firmware/GD32E23x_standard_peripheral/Source/gd32e23x_usart.c:1131
      \arg        USART_FLAG_EPERR: early parity error flag
    \param[out] none
    \retval     none
*/
void usart_flag_clear(uint32_t usart_periph, usart_flag_enum flag)
{
 8002a70:	b580      	push	{r7, lr}
 8002a72:	b082      	sub	sp, #8
 8002a74:	af00      	add	r7, sp, #0
 8002a76:	6078      	str	r0, [r7, #4]
 8002a78:	000a      	movs	r2, r1
 8002a7a:	1cbb      	adds	r3, r7, #2
 8002a7c:	801a      	strh	r2, [r3, #0]
\\TJAND17\sen.he\project\unc_linux_rls_25d\source\bsp\mcu\GD\GD ARM MCU Debug/../Firmware/GD32E23x_standard_peripheral/Source/gd32e23x_usart.c:1132
    USART_INTC(usart_periph) |= BIT(USART_BIT_POS(flag));
 8002a7e:	687b      	ldr	r3, [r7, #4]
 8002a80:	3320      	adds	r3, #32
 8002a82:	6819      	ldr	r1, [r3, #0]
 8002a84:	1cbb      	adds	r3, r7, #2
 8002a86:	881b      	ldrh	r3, [r3, #0]
 8002a88:	221f      	movs	r2, #31
 8002a8a:	4013      	ands	r3, r2
 8002a8c:	2201      	movs	r2, #1
 8002a8e:	409a      	lsls	r2, r3
 8002a90:	687b      	ldr	r3, [r7, #4]
 8002a92:	3320      	adds	r3, #32
 8002a94:	430a      	orrs	r2, r1
 8002a96:	601a      	str	r2, [r3, #0]
\\TJAND17\sen.he\project\unc_linux_rls_25d\source\bsp\mcu\GD\GD ARM MCU Debug/../Firmware/GD32E23x_standard_peripheral/Source/gd32e23x_usart.c:1133
}
 8002a98:	46c0      	nop			; (mov r8, r8)
 8002a9a:	46bd      	mov	sp, r7
 8002a9c:	b002      	add	sp, #8
 8002a9e:	bd80      	pop	{r7, pc}

08002aa0 <usart_interrupt_enable>:
usart_interrupt_enable():
\\TJAND17\sen.he\project\unc_linux_rls_25d\source\bsp\mcu\GD\GD ARM MCU Debug/../Firmware/GD32E23x_standard_peripheral/Source/gd32e23x_usart.c:1158
      \arg        USART_INT_RFF: receive FIFO full interrupt enable
    \param[out] none
    \retval     none
*/
void usart_interrupt_enable(uint32_t usart_periph, usart_interrupt_enum interrupt)
{
 8002aa0:	b580      	push	{r7, lr}
 8002aa2:	b082      	sub	sp, #8
 8002aa4:	af00      	add	r7, sp, #0
 8002aa6:	6078      	str	r0, [r7, #4]
 8002aa8:	000a      	movs	r2, r1
 8002aaa:	1cbb      	adds	r3, r7, #2
 8002aac:	801a      	strh	r2, [r3, #0]
\\TJAND17\sen.he\project\unc_linux_rls_25d\source\bsp\mcu\GD\GD ARM MCU Debug/../Firmware/GD32E23x_standard_peripheral/Source/gd32e23x_usart.c:1159
    USART_REG_VAL(usart_periph, interrupt) |= BIT(USART_BIT_POS(interrupt));
 8002aae:	1cbb      	adds	r3, r7, #2
 8002ab0:	881b      	ldrh	r3, [r3, #0]
 8002ab2:	099b      	lsrs	r3, r3, #6
 8002ab4:	b29b      	uxth	r3, r3
 8002ab6:	001a      	movs	r2, r3
 8002ab8:	687b      	ldr	r3, [r7, #4]
 8002aba:	18d3      	adds	r3, r2, r3
 8002abc:	6819      	ldr	r1, [r3, #0]
 8002abe:	1cbb      	adds	r3, r7, #2
 8002ac0:	881b      	ldrh	r3, [r3, #0]
 8002ac2:	221f      	movs	r2, #31
 8002ac4:	4013      	ands	r3, r2
 8002ac6:	2201      	movs	r2, #1
 8002ac8:	409a      	lsls	r2, r3
 8002aca:	1cbb      	adds	r3, r7, #2
 8002acc:	881b      	ldrh	r3, [r3, #0]
 8002ace:	099b      	lsrs	r3, r3, #6
 8002ad0:	b29b      	uxth	r3, r3
 8002ad2:	0018      	movs	r0, r3
 8002ad4:	687b      	ldr	r3, [r7, #4]
 8002ad6:	18c3      	adds	r3, r0, r3
 8002ad8:	430a      	orrs	r2, r1
 8002ada:	601a      	str	r2, [r3, #0]
\\TJAND17\sen.he\project\unc_linux_rls_25d\source\bsp\mcu\GD\GD ARM MCU Debug/../Firmware/GD32E23x_standard_peripheral/Source/gd32e23x_usart.c:1160
}
 8002adc:	46c0      	nop			; (mov r8, r8)
 8002ade:	46bd      	mov	sp, r7
 8002ae0:	b002      	add	sp, #8
 8002ae2:	bd80      	pop	{r7, pc}

08002ae4 <usart_interrupt_disable>:
usart_interrupt_disable():
\\TJAND17\sen.he\project\unc_linux_rls_25d\source\bsp\mcu\GD\GD ARM MCU Debug/../Firmware/GD32E23x_standard_peripheral/Source/gd32e23x_usart.c:1185
      \arg        USART_INT_RFF: receive FIFO full interrupt enable
    \param[out] none
    \retval     none
*/
void usart_interrupt_disable(uint32_t usart_periph, usart_interrupt_enum interrupt)
{
 8002ae4:	b580      	push	{r7, lr}
 8002ae6:	b082      	sub	sp, #8
 8002ae8:	af00      	add	r7, sp, #0
 8002aea:	6078      	str	r0, [r7, #4]
 8002aec:	000a      	movs	r2, r1
 8002aee:	1cbb      	adds	r3, r7, #2
 8002af0:	801a      	strh	r2, [r3, #0]
\\TJAND17\sen.he\project\unc_linux_rls_25d\source\bsp\mcu\GD\GD ARM MCU Debug/../Firmware/GD32E23x_standard_peripheral/Source/gd32e23x_usart.c:1186
    USART_REG_VAL(usart_periph, interrupt) &= ~BIT(USART_BIT_POS(interrupt));
 8002af2:	1cbb      	adds	r3, r7, #2
 8002af4:	881b      	ldrh	r3, [r3, #0]
 8002af6:	099b      	lsrs	r3, r3, #6
 8002af8:	b29b      	uxth	r3, r3
 8002afa:	001a      	movs	r2, r3
 8002afc:	687b      	ldr	r3, [r7, #4]
 8002afe:	18d3      	adds	r3, r2, r3
 8002b00:	681a      	ldr	r2, [r3, #0]
 8002b02:	1cbb      	adds	r3, r7, #2
 8002b04:	881b      	ldrh	r3, [r3, #0]
 8002b06:	211f      	movs	r1, #31
 8002b08:	400b      	ands	r3, r1
 8002b0a:	2101      	movs	r1, #1
 8002b0c:	4099      	lsls	r1, r3
 8002b0e:	000b      	movs	r3, r1
 8002b10:	43d9      	mvns	r1, r3
 8002b12:	1cbb      	adds	r3, r7, #2
 8002b14:	881b      	ldrh	r3, [r3, #0]
 8002b16:	099b      	lsrs	r3, r3, #6
 8002b18:	b29b      	uxth	r3, r3
 8002b1a:	0018      	movs	r0, r3
 8002b1c:	687b      	ldr	r3, [r7, #4]
 8002b1e:	18c3      	adds	r3, r0, r3
 8002b20:	400a      	ands	r2, r1
 8002b22:	601a      	str	r2, [r3, #0]
\\TJAND17\sen.he\project\unc_linux_rls_25d\source\bsp\mcu\GD\GD ARM MCU Debug/../Firmware/GD32E23x_standard_peripheral/Source/gd32e23x_usart.c:1187
}
 8002b24:	46c0      	nop			; (mov r8, r8)
 8002b26:	46bd      	mov	sp, r7
 8002b28:	b002      	add	sp, #8
 8002b2a:	bd80      	pop	{r7, pc}

08002b2c <usart_interrupt_flag_get>:
usart_interrupt_flag_get():
\\TJAND17\sen.he\project\unc_linux_rls_25d\source\bsp\mcu\GD\GD ARM MCU Debug/../Firmware/GD32E23x_standard_peripheral/Source/gd32e23x_usart.c:1231
      \arg        USART_INT_FLAG_RFF: receive FIFO full interrupt and flag
    \param[out] none
    \retval     FlagStatus: SET or RESET
*/
FlagStatus usart_interrupt_flag_get(uint32_t usart_periph, usart_interrupt_flag_enum int_flag)
{
 8002b2c:	b580      	push	{r7, lr}
 8002b2e:	b084      	sub	sp, #16
 8002b30:	af00      	add	r7, sp, #0
 8002b32:	6078      	str	r0, [r7, #4]
 8002b34:	6039      	str	r1, [r7, #0]
\\TJAND17\sen.he\project\unc_linux_rls_25d\source\bsp\mcu\GD\GD ARM MCU Debug/../Firmware/GD32E23x_standard_peripheral/Source/gd32e23x_usart.c:1232
    uint32_t intenable = 0U, flagstatus = 0U;
 8002b36:	2300      	movs	r3, #0
 8002b38:	60fb      	str	r3, [r7, #12]
 8002b3a:	2300      	movs	r3, #0
 8002b3c:	60bb      	str	r3, [r7, #8]
\\TJAND17\sen.he\project\unc_linux_rls_25d\source\bsp\mcu\GD\GD ARM MCU Debug/../Firmware/GD32E23x_standard_peripheral/Source/gd32e23x_usart.c:1234
    /* get the interrupt enable bit status */
    intenable = (USART_REG_VAL(usart_periph, int_flag) & BIT(USART_BIT_POS(int_flag)));
 8002b3e:	683b      	ldr	r3, [r7, #0]
 8002b40:	099b      	lsrs	r3, r3, #6
 8002b42:	059b      	lsls	r3, r3, #22
 8002b44:	0d9a      	lsrs	r2, r3, #22
 8002b46:	687b      	ldr	r3, [r7, #4]
 8002b48:	18d3      	adds	r3, r2, r3
 8002b4a:	681b      	ldr	r3, [r3, #0]
 8002b4c:	683a      	ldr	r2, [r7, #0]
 8002b4e:	211f      	movs	r1, #31
 8002b50:	400a      	ands	r2, r1
 8002b52:	2101      	movs	r1, #1
 8002b54:	4091      	lsls	r1, r2
 8002b56:	000a      	movs	r2, r1
 8002b58:	4013      	ands	r3, r2
 8002b5a:	60fb      	str	r3, [r7, #12]
\\TJAND17\sen.he\project\unc_linux_rls_25d\source\bsp\mcu\GD\GD ARM MCU Debug/../Firmware/GD32E23x_standard_peripheral/Source/gd32e23x_usart.c:1236
    /* get the corresponding flag bit status */
    flagstatus = (USART_REG_VAL2(usart_periph, int_flag) & BIT(USART_BIT_POS2(int_flag)));
 8002b5c:	683b      	ldr	r3, [r7, #0]
 8002b5e:	0d9a      	lsrs	r2, r3, #22
 8002b60:	687b      	ldr	r3, [r7, #4]
 8002b62:	18d3      	adds	r3, r2, r3
 8002b64:	681b      	ldr	r3, [r3, #0]
 8002b66:	683a      	ldr	r2, [r7, #0]
 8002b68:	0c12      	lsrs	r2, r2, #16
 8002b6a:	211f      	movs	r1, #31
 8002b6c:	400a      	ands	r2, r1
 8002b6e:	2101      	movs	r1, #1
 8002b70:	4091      	lsls	r1, r2
 8002b72:	000a      	movs	r2, r1
 8002b74:	4013      	ands	r3, r2
 8002b76:	60bb      	str	r3, [r7, #8]
\\TJAND17\sen.he\project\unc_linux_rls_25d\source\bsp\mcu\GD\GD ARM MCU Debug/../Firmware/GD32E23x_standard_peripheral/Source/gd32e23x_usart.c:1238

    if(flagstatus && intenable) {
 8002b78:	68bb      	ldr	r3, [r7, #8]
 8002b7a:	b11b      	cbz	r3, 8002b84 <usart_interrupt_flag_get+0x58>
\\TJAND17\sen.he\project\unc_linux_rls_25d\source\bsp\mcu\GD\GD ARM MCU Debug/../Firmware/GD32E23x_standard_peripheral/Source/gd32e23x_usart.c:1238 (discriminator 1)
 8002b7c:	68fb      	ldr	r3, [r7, #12]
 8002b7e:	b10b      	cbz	r3, 8002b84 <usart_interrupt_flag_get+0x58>
\\TJAND17\sen.he\project\unc_linux_rls_25d\source\bsp\mcu\GD\GD ARM MCU Debug/../Firmware/GD32E23x_standard_peripheral/Source/gd32e23x_usart.c:1239
        return SET;
 8002b80:	2301      	movs	r3, #1
 8002b82:	e000      	b.n	8002b86 <usart_interrupt_flag_get+0x5a>
\\TJAND17\sen.he\project\unc_linux_rls_25d\source\bsp\mcu\GD\GD ARM MCU Debug/../Firmware/GD32E23x_standard_peripheral/Source/gd32e23x_usart.c:1241
    } else {
        return RESET;
 8002b84:	2300      	movs	r3, #0
\\TJAND17\sen.he\project\unc_linux_rls_25d\source\bsp\mcu\GD\GD ARM MCU Debug/../Firmware/GD32E23x_standard_peripheral/Source/gd32e23x_usart.c:1243
    }
}
 8002b86:	0018      	movs	r0, r3
 8002b88:	46bd      	mov	sp, r7
 8002b8a:	b004      	add	sp, #16
 8002b8c:	bd80      	pop	{r7, pc}
	...

08002b90 <usart_interrupt_flag_clear>:
usart_interrupt_flag_clear():
\\TJAND17\sen.he\project\unc_linux_rls_25d\source\bsp\mcu\GD\GD ARM MCU Debug/../Firmware/GD32E23x_standard_peripheral/Source/gd32e23x_usart.c:1268
      \arg        USART_INT_FLAG_RFF: receive FIFO full interrupt and flag
    \param[out] none
    \retval     none
*/
void usart_interrupt_flag_clear(uint32_t usart_periph, usart_interrupt_flag_enum flag)
{
 8002b90:	b580      	push	{r7, lr}
 8002b92:	b082      	sub	sp, #8
 8002b94:	af00      	add	r7, sp, #0
 8002b96:	6078      	str	r0, [r7, #4]
 8002b98:	6039      	str	r1, [r7, #0]
\\TJAND17\sen.he\project\unc_linux_rls_25d\source\bsp\mcu\GD\GD ARM MCU Debug/../Firmware/GD32E23x_standard_peripheral/Source/gd32e23x_usart.c:1269
    if(USART_INT_FLAG_RFF == flag) {
 8002b9a:	683a      	ldr	r2, [r7, #0]
 8002b9c:	f243 4309 	movw	r3, #13321	; 0x3409
 8002ba0:	f2c3 430f 	movt	r3, #13327	; 0x340f
 8002ba4:	429a      	cmp	r2, r3
 8002ba6:	d108      	bne.n	8002bba <usart_interrupt_flag_clear+0x2a>
\\TJAND17\sen.he\project\unc_linux_rls_25d\source\bsp\mcu\GD\GD ARM MCU Debug/../Firmware/GD32E23x_standard_peripheral/Source/gd32e23x_usart.c:1270
        USART_RFCS(usart_periph) &= (uint32_t)(~USART_RFCS_RFFINT);
 8002ba8:	687b      	ldr	r3, [r7, #4]
 8002baa:	33d0      	adds	r3, #208	; 0xd0
 8002bac:	681a      	ldr	r2, [r3, #0]
 8002bae:	687b      	ldr	r3, [r7, #4]
 8002bb0:	33d0      	adds	r3, #208	; 0xd0
 8002bb2:	490a      	ldr	r1, [pc, #40]	; (8002bdc <usart_interrupt_flag_clear+0x4c>)
 8002bb4:	400a      	ands	r2, r1
 8002bb6:	601a      	str	r2, [r3, #0]
\\TJAND17\sen.he\project\unc_linux_rls_25d\source\bsp\mcu\GD\GD ARM MCU Debug/../Firmware/GD32E23x_standard_peripheral/Source/gd32e23x_usart.c:1274
    } else {
        USART_INTC(usart_periph) |= BIT(USART_BIT_POS2(flag));
    }
}
 8002bb8:	e00c      	b.n	8002bd4 <usart_interrupt_flag_clear+0x44>
\\TJAND17\sen.he\project\unc_linux_rls_25d\source\bsp\mcu\GD\GD ARM MCU Debug/../Firmware/GD32E23x_standard_peripheral/Source/gd32e23x_usart.c:1272
        USART_INTC(usart_periph) |= BIT(USART_BIT_POS2(flag));
 8002bba:	687b      	ldr	r3, [r7, #4]
 8002bbc:	3320      	adds	r3, #32
 8002bbe:	6819      	ldr	r1, [r3, #0]
 8002bc0:	683b      	ldr	r3, [r7, #0]
 8002bc2:	0c1b      	lsrs	r3, r3, #16
 8002bc4:	221f      	movs	r2, #31
 8002bc6:	4013      	ands	r3, r2
 8002bc8:	2201      	movs	r2, #1
 8002bca:	409a      	lsls	r2, r3
 8002bcc:	687b      	ldr	r3, [r7, #4]
 8002bce:	3320      	adds	r3, #32
 8002bd0:	430a      	orrs	r2, r1
 8002bd2:	601a      	str	r2, [r3, #0]
\\TJAND17\sen.he\project\unc_linux_rls_25d\source\bsp\mcu\GD\GD ARM MCU Debug/../Firmware/GD32E23x_standard_peripheral/Source/gd32e23x_usart.c:1274
}
 8002bd4:	46c0      	nop			; (mov r8, r8)
 8002bd6:	46bd      	mov	sp, r7
 8002bd8:	b002      	add	sp, #8
 8002bda:	bd80      	pop	{r7, pc}
 8002bdc:	ffff7fff 	.word	0xffff7fff

08002be0 <syscfg_flag_get>:
syscfg_flag_get():
\\TJAND17\sen.he\project\unc_linux_rls_25d\source\bsp\mcu\GD\GD ARM MCU Debug/../Firmware/GD32E23x_standard_peripheral/Source/gd32e23x_syscfg.c:186
      \arg        SYSCFG_SRAM_PCEF: SRAM parity check error flag.
    \param[out] none
    \retval     the syscfg_flag state returned (SET or RESET).
  */
FlagStatus syscfg_flag_get(uint32_t syscfg_flag)
{
 8002be0:	b580      	push	{r7, lr}
 8002be2:	b082      	sub	sp, #8
 8002be4:	af00      	add	r7, sp, #0
 8002be6:	6078      	str	r0, [r7, #4]
\\TJAND17\sen.he\project\unc_linux_rls_25d\source\bsp\mcu\GD\GD ARM MCU Debug/../Firmware/GD32E23x_standard_peripheral/Source/gd32e23x_syscfg.c:187
    if((SYSCFG_CFG2 & syscfg_flag) != (uint32_t)RESET) {
 8002be8:	2318      	movs	r3, #24
 8002bea:	f2c4 0301 	movt	r3, #16385	; 0x4001
 8002bee:	681b      	ldr	r3, [r3, #0]
 8002bf0:	687a      	ldr	r2, [r7, #4]
 8002bf2:	4013      	ands	r3, r2
 8002bf4:	b10b      	cbz	r3, 8002bfa <syscfg_flag_get+0x1a>
\\TJAND17\sen.he\project\unc_linux_rls_25d\source\bsp\mcu\GD\GD ARM MCU Debug/../Firmware/GD32E23x_standard_peripheral/Source/gd32e23x_syscfg.c:188
        return SET;
 8002bf6:	2301      	movs	r3, #1
 8002bf8:	e000      	b.n	8002bfc <syscfg_flag_get+0x1c>
\\TJAND17\sen.he\project\unc_linux_rls_25d\source\bsp\mcu\GD\GD ARM MCU Debug/../Firmware/GD32E23x_standard_peripheral/Source/gd32e23x_syscfg.c:190
    } else {
        return RESET;
 8002bfa:	2300      	movs	r3, #0
\\TJAND17\sen.he\project\unc_linux_rls_25d\source\bsp\mcu\GD\GD ARM MCU Debug/../Firmware/GD32E23x_standard_peripheral/Source/gd32e23x_syscfg.c:192
    }
}
 8002bfc:	0018      	movs	r0, r3
 8002bfe:	46bd      	mov	sp, r7
 8002c00:	b002      	add	sp, #8
 8002c02:	bd80      	pop	{r7, pc}

08002c04 <spi_init>:
spi_init():
\\TJAND17\sen.he\project\unc_linux_rls_25d\source\bsp\mcu\GD\GD ARM MCU Debug/../Firmware/GD32E23x_standard_peripheral/Source/gd32e23x_spi.c:117
                  prescale: SPI_PSC_n (n=2,4,8,16,32,64,128,256)
    \param[out] none
    \retval     ErrStatus: ERROR or SUCCESS
*/
ErrStatus spi_init(uint32_t spi_periph, spi_parameter_struct *spi_struct)
{
 8002c04:	b580      	push	{r7, lr}
 8002c06:	b086      	sub	sp, #24
 8002c08:	af00      	add	r7, sp, #0
 8002c0a:	6078      	str	r0, [r7, #4]
 8002c0c:	6039      	str	r1, [r7, #0]
\\TJAND17\sen.he\project\unc_linux_rls_25d\source\bsp\mcu\GD\GD ARM MCU Debug/../Firmware/GD32E23x_standard_peripheral/Source/gd32e23x_spi.c:118
    uint32_t reg1 = 0U, reg2 = 0U, reg3 = 0U;
 8002c0e:	2300      	movs	r3, #0
 8002c10:	617b      	str	r3, [r7, #20]
 8002c12:	2300      	movs	r3, #0
 8002c14:	613b      	str	r3, [r7, #16]
 8002c16:	2300      	movs	r3, #0
 8002c18:	60fb      	str	r3, [r7, #12]
\\TJAND17\sen.he\project\unc_linux_rls_25d\source\bsp\mcu\GD\GD ARM MCU Debug/../Firmware/GD32E23x_standard_peripheral/Source/gd32e23x_spi.c:120

    reg1 = SPI_CTL0(spi_periph);
 8002c1a:	687b      	ldr	r3, [r7, #4]
 8002c1c:	681b      	ldr	r3, [r3, #0]
 8002c1e:	617b      	str	r3, [r7, #20]
\\TJAND17\sen.he\project\unc_linux_rls_25d\source\bsp\mcu\GD\GD ARM MCU Debug/../Firmware/GD32E23x_standard_peripheral/Source/gd32e23x_spi.c:121
    reg1 &= SPI_INIT_MASK;
 8002c20:	697b      	ldr	r3, [r7, #20]
 8002c22:	f243 0240 	movw	r2, #12352	; 0x3040
 8002c26:	4013      	ands	r3, r2
 8002c28:	617b      	str	r3, [r7, #20]
\\TJAND17\sen.he\project\unc_linux_rls_25d\source\bsp\mcu\GD\GD ARM MCU Debug/../Firmware/GD32E23x_standard_peripheral/Source/gd32e23x_spi.c:123

    reg2 = SPI_CTL0(spi_periph);
 8002c2a:	687b      	ldr	r3, [r7, #4]
 8002c2c:	681b      	ldr	r3, [r3, #0]
 8002c2e:	613b      	str	r3, [r7, #16]
\\TJAND17\sen.he\project\unc_linux_rls_25d\source\bsp\mcu\GD\GD ARM MCU Debug/../Firmware/GD32E23x_standard_peripheral/Source/gd32e23x_spi.c:124
    reg2 &= SPI_FIFO_INIT_MASK1;
 8002c30:	693b      	ldr	r3, [r7, #16]
 8002c32:	f643 0240 	movw	r2, #14400	; 0x3840
 8002c36:	4013      	ands	r3, r2
 8002c38:	613b      	str	r3, [r7, #16]
\\TJAND17\sen.he\project\unc_linux_rls_25d\source\bsp\mcu\GD\GD ARM MCU Debug/../Firmware/GD32E23x_standard_peripheral/Source/gd32e23x_spi.c:126

    reg3 = SPI_CTL1(spi_periph);
 8002c3a:	687b      	ldr	r3, [r7, #4]
 8002c3c:	3304      	adds	r3, #4
 8002c3e:	681b      	ldr	r3, [r3, #0]
 8002c40:	60fb      	str	r3, [r7, #12]
\\TJAND17\sen.he\project\unc_linux_rls_25d\source\bsp\mcu\GD\GD ARM MCU Debug/../Firmware/GD32E23x_standard_peripheral/Source/gd32e23x_spi.c:127
    reg3 &= SPI_FIFO_INIT_MASK2;
 8002c42:	68fb      	ldr	r3, [r7, #12]
 8002c44:	f24f 02ff 	movw	r2, #61695	; 0xf0ff
 8002c48:	4013      	ands	r3, r2
 8002c4a:	60fb      	str	r3, [r7, #12]
\\TJAND17\sen.he\project\unc_linux_rls_25d\source\bsp\mcu\GD\GD ARM MCU Debug/../Firmware/GD32E23x_standard_peripheral/Source/gd32e23x_spi.c:129

    if(SPI0 == spi_periph) {
 8002c4c:	687a      	ldr	r2, [r7, #4]
 8002c4e:	f243 0300 	movw	r3, #12288	; 0x3000
 8002c52:	f2c4 0301 	movt	r3, #16385	; 0x4001
 8002c56:	429a      	cmp	r2, r3
 8002c58:	d137      	bne.n	8002cca <spi_init+0xc6>
\\TJAND17\sen.he\project\unc_linux_rls_25d\source\bsp\mcu\GD\GD ARM MCU Debug/../Firmware/GD32E23x_standard_peripheral/Source/gd32e23x_spi.c:131
        /* select SPI as master or slave */
        reg1 |= spi_struct->device_mode;
 8002c5a:	683b      	ldr	r3, [r7, #0]
 8002c5c:	681b      	ldr	r3, [r3, #0]
 8002c5e:	697a      	ldr	r2, [r7, #20]
 8002c60:	4313      	orrs	r3, r2
 8002c62:	617b      	str	r3, [r7, #20]
\\TJAND17\sen.he\project\unc_linux_rls_25d\source\bsp\mcu\GD\GD ARM MCU Debug/../Firmware/GD32E23x_standard_peripheral/Source/gd32e23x_spi.c:133
        /* select SPI transfer mode */
        reg1 |= spi_struct->trans_mode;
 8002c64:	683b      	ldr	r3, [r7, #0]
 8002c66:	685b      	ldr	r3, [r3, #4]
 8002c68:	697a      	ldr	r2, [r7, #20]
 8002c6a:	4313      	orrs	r3, r2
 8002c6c:	617b      	str	r3, [r7, #20]
\\TJAND17\sen.he\project\unc_linux_rls_25d\source\bsp\mcu\GD\GD ARM MCU Debug/../Firmware/GD32E23x_standard_peripheral/Source/gd32e23x_spi.c:135
        /* select SPI NSS use hardware or software */
        reg1 |= spi_struct->nss;
 8002c6e:	683b      	ldr	r3, [r7, #0]
 8002c70:	68db      	ldr	r3, [r3, #12]
 8002c72:	697a      	ldr	r2, [r7, #20]
 8002c74:	4313      	orrs	r3, r2
 8002c76:	617b      	str	r3, [r7, #20]
\\TJAND17\sen.he\project\unc_linux_rls_25d\source\bsp\mcu\GD\GD ARM MCU Debug/../Firmware/GD32E23x_standard_peripheral/Source/gd32e23x_spi.c:137
        /* select SPI LSB or MSB */
        reg1 |= spi_struct->endian;
 8002c78:	683b      	ldr	r3, [r7, #0]
 8002c7a:	691b      	ldr	r3, [r3, #16]
 8002c7c:	697a      	ldr	r2, [r7, #20]
 8002c7e:	4313      	orrs	r3, r2
 8002c80:	617b      	str	r3, [r7, #20]
\\TJAND17\sen.he\project\unc_linux_rls_25d\source\bsp\mcu\GD\GD ARM MCU Debug/../Firmware/GD32E23x_standard_peripheral/Source/gd32e23x_spi.c:139
        /* select SPI polarity and phase */
        reg1 |= spi_struct->clock_polarity_phase;
 8002c82:	683b      	ldr	r3, [r7, #0]
 8002c84:	695b      	ldr	r3, [r3, #20]
 8002c86:	697a      	ldr	r2, [r7, #20]
 8002c88:	4313      	orrs	r3, r2
 8002c8a:	617b      	str	r3, [r7, #20]
\\TJAND17\sen.he\project\unc_linux_rls_25d\source\bsp\mcu\GD\GD ARM MCU Debug/../Firmware/GD32E23x_standard_peripheral/Source/gd32e23x_spi.c:141
        /* select SPI prescaler to adjust transmit speed */
        reg1 |= spi_struct->prescale;
 8002c8c:	683b      	ldr	r3, [r7, #0]
 8002c8e:	699b      	ldr	r3, [r3, #24]
 8002c90:	697a      	ldr	r2, [r7, #20]
 8002c92:	4313      	orrs	r3, r2
 8002c94:	617b      	str	r3, [r7, #20]
\\TJAND17\sen.he\project\unc_linux_rls_25d\source\bsp\mcu\GD\GD ARM MCU Debug/../Firmware/GD32E23x_standard_peripheral/Source/gd32e23x_spi.c:144
        /* select SPI frame size */
        /* check SPI0 frame size is 8bits/16bits or not*/
        if((SPI_FRAMESIZE_8BIT != spi_struct->frame_size) && (SPI_FRAMESIZE_16BIT != spi_struct->frame_size)) {
 8002c96:	683b      	ldr	r3, [r7, #0]
 8002c98:	689b      	ldr	r3, [r3, #8]
 8002c9a:	f240 7200 	movw	r2, #1792	; 0x700
 8002c9e:	4293      	cmp	r3, r2
 8002ca0:	d007      	beq.n	8002cb2 <spi_init+0xae>
\\TJAND17\sen.he\project\unc_linux_rls_25d\source\bsp\mcu\GD\GD ARM MCU Debug/../Firmware/GD32E23x_standard_peripheral/Source/gd32e23x_spi.c:144 (discriminator 1)
 8002ca2:	683b      	ldr	r3, [r7, #0]
 8002ca4:	689b      	ldr	r3, [r3, #8]
 8002ca6:	f640 7200 	movw	r2, #3840	; 0xf00
 8002caa:	4293      	cmp	r3, r2
 8002cac:	d001      	beq.n	8002cb2 <spi_init+0xae>
\\TJAND17\sen.he\project\unc_linux_rls_25d\source\bsp\mcu\GD\GD ARM MCU Debug/../Firmware/GD32E23x_standard_peripheral/Source/gd32e23x_spi.c:145
            return ERROR;
 8002cae:	2300      	movs	r3, #0
 8002cb0:	e03e      	b.n	8002d30 <spi_init+0x12c>
\\TJAND17\sen.he\project\unc_linux_rls_25d\source\bsp\mcu\GD\GD ARM MCU Debug/../Firmware/GD32E23x_standard_peripheral/Source/gd32e23x_spi.c:147
        } else {
            reg1 |= (spi_struct->frame_size & SPI_FRAMESIZE_MASK);
 8002cb2:	683b      	ldr	r3, [r7, #0]
 8002cb4:	689b      	ldr	r3, [r3, #8]
 8002cb6:	f640 0200 	movw	r2, #2048	; 0x800
 8002cba:	4013      	ands	r3, r2
 8002cbc:	697a      	ldr	r2, [r7, #20]
 8002cbe:	4313      	orrs	r3, r2
 8002cc0:	617b      	str	r3, [r7, #20]
\\TJAND17\sen.he\project\unc_linux_rls_25d\source\bsp\mcu\GD\GD ARM MCU Debug/../Firmware/GD32E23x_standard_peripheral/Source/gd32e23x_spi.c:151
        }

        /* write to SPI_CTL0 register */
        SPI_CTL0(spi_periph) = (uint32_t)reg1;
 8002cc2:	687b      	ldr	r3, [r7, #4]
 8002cc4:	697a      	ldr	r2, [r7, #20]
 8002cc6:	601a      	str	r2, [r3, #0]
 8002cc8:	e029      	b.n	8002d1e <spi_init+0x11a>
\\TJAND17\sen.he\project\unc_linux_rls_25d\source\bsp\mcu\GD\GD ARM MCU Debug/../Firmware/GD32E23x_standard_peripheral/Source/gd32e23x_spi.c:155

    } else {
        /* select SPI as master or slave */
        reg2 |= spi_struct->device_mode;
 8002cca:	683b      	ldr	r3, [r7, #0]
 8002ccc:	681b      	ldr	r3, [r3, #0]
 8002cce:	693a      	ldr	r2, [r7, #16]
 8002cd0:	4313      	orrs	r3, r2
 8002cd2:	613b      	str	r3, [r7, #16]
\\TJAND17\sen.he\project\unc_linux_rls_25d\source\bsp\mcu\GD\GD ARM MCU Debug/../Firmware/GD32E23x_standard_peripheral/Source/gd32e23x_spi.c:157
        /* select SPI transfer mode */
        reg2 |= spi_struct->trans_mode;
 8002cd4:	683b      	ldr	r3, [r7, #0]
 8002cd6:	685b      	ldr	r3, [r3, #4]
 8002cd8:	693a      	ldr	r2, [r7, #16]
 8002cda:	4313      	orrs	r3, r2
 8002cdc:	613b      	str	r3, [r7, #16]
\\TJAND17\sen.he\project\unc_linux_rls_25d\source\bsp\mcu\GD\GD ARM MCU Debug/../Firmware/GD32E23x_standard_peripheral/Source/gd32e23x_spi.c:159
        /* select SPI NSS use hardware or software */
        reg2 |= spi_struct->nss;
 8002cde:	683b      	ldr	r3, [r7, #0]
 8002ce0:	68db      	ldr	r3, [r3, #12]
 8002ce2:	693a      	ldr	r2, [r7, #16]
 8002ce4:	4313      	orrs	r3, r2
 8002ce6:	613b      	str	r3, [r7, #16]
\\TJAND17\sen.he\project\unc_linux_rls_25d\source\bsp\mcu\GD\GD ARM MCU Debug/../Firmware/GD32E23x_standard_peripheral/Source/gd32e23x_spi.c:161
        /* select SPI LSB or MSB */
        reg2 |= spi_struct->endian;
 8002ce8:	683b      	ldr	r3, [r7, #0]
 8002cea:	691b      	ldr	r3, [r3, #16]
 8002cec:	693a      	ldr	r2, [r7, #16]
 8002cee:	4313      	orrs	r3, r2
 8002cf0:	613b      	str	r3, [r7, #16]
\\TJAND17\sen.he\project\unc_linux_rls_25d\source\bsp\mcu\GD\GD ARM MCU Debug/../Firmware/GD32E23x_standard_peripheral/Source/gd32e23x_spi.c:163
        /* select SPI polarity and phase */
        reg2 |= spi_struct->clock_polarity_phase;
 8002cf2:	683b      	ldr	r3, [r7, #0]
 8002cf4:	695b      	ldr	r3, [r3, #20]
 8002cf6:	693a      	ldr	r2, [r7, #16]
 8002cf8:	4313      	orrs	r3, r2
 8002cfa:	613b      	str	r3, [r7, #16]
\\TJAND17\sen.he\project\unc_linux_rls_25d\source\bsp\mcu\GD\GD ARM MCU Debug/../Firmware/GD32E23x_standard_peripheral/Source/gd32e23x_spi.c:165
        /* select SPI prescaler to adjust transmit speed */
        reg2 |= spi_struct->prescale;
 8002cfc:	683b      	ldr	r3, [r7, #0]
 8002cfe:	699b      	ldr	r3, [r3, #24]
 8002d00:	693a      	ldr	r2, [r7, #16]
 8002d02:	4313      	orrs	r3, r2
 8002d04:	613b      	str	r3, [r7, #16]
\\TJAND17\sen.he\project\unc_linux_rls_25d\source\bsp\mcu\GD\GD ARM MCU Debug/../Firmware/GD32E23x_standard_peripheral/Source/gd32e23x_spi.c:167
        /* write to SPI_CTL0 register */
        SPI_CTL0(spi_periph) = (uint32_t)reg2;
 8002d06:	687b      	ldr	r3, [r7, #4]
 8002d08:	693a      	ldr	r2, [r7, #16]
 8002d0a:	601a      	str	r2, [r3, #0]
\\TJAND17\sen.he\project\unc_linux_rls_25d\source\bsp\mcu\GD\GD ARM MCU Debug/../Firmware/GD32E23x_standard_peripheral/Source/gd32e23x_spi.c:170

        /* select SPI data size */
        reg3 |= spi_struct->frame_size;
 8002d0c:	683b      	ldr	r3, [r7, #0]
 8002d0e:	689b      	ldr	r3, [r3, #8]
 8002d10:	68fa      	ldr	r2, [r7, #12]
 8002d12:	4313      	orrs	r3, r2
 8002d14:	60fb      	str	r3, [r7, #12]
\\TJAND17\sen.he\project\unc_linux_rls_25d\source\bsp\mcu\GD\GD ARM MCU Debug/../Firmware/GD32E23x_standard_peripheral/Source/gd32e23x_spi.c:172
        /* write to SPI_CTL0 register */
        SPI_CTL1(spi_periph) = (uint32_t)reg3;
 8002d16:	687b      	ldr	r3, [r7, #4]
 8002d18:	3304      	adds	r3, #4
 8002d1a:	68fa      	ldr	r2, [r7, #12]
 8002d1c:	601a      	str	r2, [r3, #0]
\\TJAND17\sen.he\project\unc_linux_rls_25d\source\bsp\mcu\GD\GD ARM MCU Debug/../Firmware/GD32E23x_standard_peripheral/Source/gd32e23x_spi.c:176
    }

    /* select SPI mode */
    SPI_I2SCTL(spi_periph) &= (uint32_t)(~SPI_I2SCTL_I2SSEL);
 8002d1e:	687b      	ldr	r3, [r7, #4]
 8002d20:	331c      	adds	r3, #28
 8002d22:	681a      	ldr	r2, [r3, #0]
 8002d24:	687b      	ldr	r3, [r7, #4]
 8002d26:	331c      	adds	r3, #28
 8002d28:	4903      	ldr	r1, [pc, #12]	; (8002d38 <spi_init+0x134>)
 8002d2a:	400a      	ands	r2, r1
 8002d2c:	601a      	str	r2, [r3, #0]
\\TJAND17\sen.he\project\unc_linux_rls_25d\source\bsp\mcu\GD\GD ARM MCU Debug/../Firmware/GD32E23x_standard_peripheral/Source/gd32e23x_spi.c:178

    return SUCCESS;
 8002d2e:	2301      	movs	r3, #1
\\TJAND17\sen.he\project\unc_linux_rls_25d\source\bsp\mcu\GD\GD ARM MCU Debug/../Firmware/GD32E23x_standard_peripheral/Source/gd32e23x_spi.c:179
}
 8002d30:	0018      	movs	r0, r3
 8002d32:	46bd      	mov	sp, r7
 8002d34:	b006      	add	sp, #24
 8002d36:	bd80      	pop	{r7, pc}
 8002d38:	fffff7ff 	.word	0xfffff7ff

08002d3c <spi_enable>:
spi_enable():
\\TJAND17\sen.he\project\unc_linux_rls_25d\source\bsp\mcu\GD\GD ARM MCU Debug/../Firmware/GD32E23x_standard_peripheral/Source/gd32e23x_spi.c:188
    \param[in]  spi_periph: SPIx(x=0,1)
    \param[out] none
    \retval     none
*/
void spi_enable(uint32_t spi_periph)
{
 8002d3c:	b580      	push	{r7, lr}
 8002d3e:	b082      	sub	sp, #8
 8002d40:	af00      	add	r7, sp, #0
 8002d42:	6078      	str	r0, [r7, #4]
\\TJAND17\sen.he\project\unc_linux_rls_25d\source\bsp\mcu\GD\GD ARM MCU Debug/../Firmware/GD32E23x_standard_peripheral/Source/gd32e23x_spi.c:189
    SPI_CTL0(spi_periph) |= (uint32_t)SPI_CTL0_SPIEN;
 8002d44:	687b      	ldr	r3, [r7, #4]
 8002d46:	681a      	ldr	r2, [r3, #0]
 8002d48:	687b      	ldr	r3, [r7, #4]
 8002d4a:	2140      	movs	r1, #64	; 0x40
 8002d4c:	430a      	orrs	r2, r1
 8002d4e:	601a      	str	r2, [r3, #0]
\\TJAND17\sen.he\project\unc_linux_rls_25d\source\bsp\mcu\GD\GD ARM MCU Debug/../Firmware/GD32E23x_standard_peripheral/Source/gd32e23x_spi.c:190
}
 8002d50:	46c0      	nop			; (mov r8, r8)
 8002d52:	46bd      	mov	sp, r7
 8002d54:	b002      	add	sp, #8
 8002d56:	bd80      	pop	{r7, pc}

08002d58 <spi_disable>:
spi_disable():
\\TJAND17\sen.he\project\unc_linux_rls_25d\source\bsp\mcu\GD\GD ARM MCU Debug/../Firmware/GD32E23x_standard_peripheral/Source/gd32e23x_spi.c:199
    \param[in]  spi_periph: SPIx(x=0,1)
    \param[out] none
    \retval     none
*/
void spi_disable(uint32_t spi_periph)
{
 8002d58:	b580      	push	{r7, lr}
 8002d5a:	b082      	sub	sp, #8
 8002d5c:	af00      	add	r7, sp, #0
 8002d5e:	6078      	str	r0, [r7, #4]
\\TJAND17\sen.he\project\unc_linux_rls_25d\source\bsp\mcu\GD\GD ARM MCU Debug/../Firmware/GD32E23x_standard_peripheral/Source/gd32e23x_spi.c:200
    SPI_CTL0(spi_periph) &= (uint32_t)(~SPI_CTL0_SPIEN);
 8002d60:	687b      	ldr	r3, [r7, #4]
 8002d62:	681a      	ldr	r2, [r3, #0]
 8002d64:	687b      	ldr	r3, [r7, #4]
 8002d66:	2140      	movs	r1, #64	; 0x40
 8002d68:	438a      	bics	r2, r1
 8002d6a:	601a      	str	r2, [r3, #0]
\\TJAND17\sen.he\project\unc_linux_rls_25d\source\bsp\mcu\GD\GD ARM MCU Debug/../Firmware/GD32E23x_standard_peripheral/Source/gd32e23x_spi.c:201
}
 8002d6c:	46c0      	nop			; (mov r8, r8)
 8002d6e:	46bd      	mov	sp, r7
 8002d70:	b002      	add	sp, #8
 8002d72:	bd80      	pop	{r7, pc}

08002d74 <spi_i2s_data_transmit>:
spi_i2s_data_transmit():
\\TJAND17\sen.he\project\unc_linux_rls_25d\source\bsp\mcu\GD\GD ARM MCU Debug/../Firmware/GD32E23x_standard_peripheral/Source/gd32e23x_spi.c:538
    \param[in]  data: 16-bit data
    \param[out] none
    \retval     none
*/
void spi_i2s_data_transmit(uint32_t spi_periph, uint16_t data)
{
 8002d74:	b580      	push	{r7, lr}
 8002d76:	b084      	sub	sp, #16
 8002d78:	af00      	add	r7, sp, #0
 8002d7a:	6078      	str	r0, [r7, #4]
 8002d7c:	000a      	movs	r2, r1
 8002d7e:	1cbb      	adds	r3, r7, #2
 8002d80:	801a      	strh	r2, [r3, #0]
\\TJAND17\sen.he\project\unc_linux_rls_25d\source\bsp\mcu\GD\GD ARM MCU Debug/../Firmware/GD32E23x_standard_peripheral/Source/gd32e23x_spi.c:540
    uint32_t reg, byten;
    if(SPI0 == spi_periph) {
 8002d82:	687a      	ldr	r2, [r7, #4]
 8002d84:	f243 0300 	movw	r3, #12288	; 0x3000
 8002d88:	f2c4 0301 	movt	r3, #16385	; 0x4001
 8002d8c:	429a      	cmp	r2, r3
 8002d8e:	d105      	bne.n	8002d9c <spi_i2s_data_transmit+0x28>
\\TJAND17\sen.he\project\unc_linux_rls_25d\source\bsp\mcu\GD\GD ARM MCU Debug/../Firmware/GD32E23x_standard_peripheral/Source/gd32e23x_spi.c:541
        SPI_DATA(spi_periph) = (uint32_t)data;
 8002d90:	687b      	ldr	r3, [r7, #4]
 8002d92:	330c      	adds	r3, #12
 8002d94:	1cba      	adds	r2, r7, #2
 8002d96:	8812      	ldrh	r2, [r2, #0]
 8002d98:	601a      	str	r2, [r3, #0]
\\TJAND17\sen.he\project\unc_linux_rls_25d\source\bsp\mcu\GD\GD ARM MCU Debug/../Firmware/GD32E23x_standard_peripheral/Source/gd32e23x_spi.c:552
            *(uint8_t *)(reg) = (uint8_t)data;
        } else {
            SPI_DATA(spi_periph) = (uint16_t)data;
        }
    }
}
 8002d9a:	e016      	b.n	8002dca <spi_i2s_data_transmit+0x56>
\\TJAND17\sen.he\project\unc_linux_rls_25d\source\bsp\mcu\GD\GD ARM MCU Debug/../Firmware/GD32E23x_standard_peripheral/Source/gd32e23x_spi.c:544
        byten = SPI_CTL1(spi_periph) & SPI_BYTEN_MASK;
 8002d9c:	687b      	ldr	r3, [r7, #4]
 8002d9e:	3304      	adds	r3, #4
 8002da0:	681b      	ldr	r3, [r3, #0]
 8002da2:	f241 0200 	movw	r2, #4096	; 0x1000
 8002da6:	4013      	ands	r3, r2
 8002da8:	60fb      	str	r3, [r7, #12]
\\TJAND17\sen.he\project\unc_linux_rls_25d\source\bsp\mcu\GD\GD ARM MCU Debug/../Firmware/GD32E23x_standard_peripheral/Source/gd32e23x_spi.c:545
        if(RESET != byten) {
 8002daa:	68fb      	ldr	r3, [r7, #12]
 8002dac:	b143      	cbz	r3, 8002dc0 <spi_i2s_data_transmit+0x4c>
\\TJAND17\sen.he\project\unc_linux_rls_25d\source\bsp\mcu\GD\GD ARM MCU Debug/../Firmware/GD32E23x_standard_peripheral/Source/gd32e23x_spi.c:546
            reg = spi_periph + 0x0CU;
 8002dae:	687b      	ldr	r3, [r7, #4]
 8002db0:	330c      	adds	r3, #12
 8002db2:	60bb      	str	r3, [r7, #8]
\\TJAND17\sen.he\project\unc_linux_rls_25d\source\bsp\mcu\GD\GD ARM MCU Debug/../Firmware/GD32E23x_standard_peripheral/Source/gd32e23x_spi.c:547
            *(uint8_t *)(reg) = (uint8_t)data;
 8002db4:	68bb      	ldr	r3, [r7, #8]
 8002db6:	1cba      	adds	r2, r7, #2
 8002db8:	8812      	ldrh	r2, [r2, #0]
 8002dba:	b2d2      	uxtb	r2, r2
 8002dbc:	701a      	strb	r2, [r3, #0]
\\TJAND17\sen.he\project\unc_linux_rls_25d\source\bsp\mcu\GD\GD ARM MCU Debug/../Firmware/GD32E23x_standard_peripheral/Source/gd32e23x_spi.c:552
}
 8002dbe:	e004      	b.n	8002dca <spi_i2s_data_transmit+0x56>
\\TJAND17\sen.he\project\unc_linux_rls_25d\source\bsp\mcu\GD\GD ARM MCU Debug/../Firmware/GD32E23x_standard_peripheral/Source/gd32e23x_spi.c:549
            SPI_DATA(spi_periph) = (uint16_t)data;
 8002dc0:	687b      	ldr	r3, [r7, #4]
 8002dc2:	330c      	adds	r3, #12
 8002dc4:	1cba      	adds	r2, r7, #2
 8002dc6:	8812      	ldrh	r2, [r2, #0]
 8002dc8:	601a      	str	r2, [r3, #0]
\\TJAND17\sen.he\project\unc_linux_rls_25d\source\bsp\mcu\GD\GD ARM MCU Debug/../Firmware/GD32E23x_standard_peripheral/Source/gd32e23x_spi.c:552
}
 8002dca:	46c0      	nop			; (mov r8, r8)
 8002dcc:	46bd      	mov	sp, r7
 8002dce:	b004      	add	sp, #16
 8002dd0:	bd80      	pop	{r7, pc}

08002dd2 <spi_i2s_data_receive>:
spi_i2s_data_receive():
\\TJAND17\sen.he\project\unc_linux_rls_25d\source\bsp\mcu\GD\GD ARM MCU Debug/../Firmware/GD32E23x_standard_peripheral/Source/gd32e23x_spi.c:561
    \param[in]  spi_periph: SPIx(x=0,1)
    \param[out] none
    \retval     16-bit data
*/
uint16_t spi_i2s_data_receive(uint32_t spi_periph)
{
 8002dd2:	b580      	push	{r7, lr}
 8002dd4:	b084      	sub	sp, #16
 8002dd6:	af00      	add	r7, sp, #0
 8002dd8:	6078      	str	r0, [r7, #4]
\\TJAND17\sen.he\project\unc_linux_rls_25d\source\bsp\mcu\GD\GD ARM MCU Debug/../Firmware/GD32E23x_standard_peripheral/Source/gd32e23x_spi.c:563
    uint32_t reg, byten;
    if(SPI0 == spi_periph) {
 8002dda:	687a      	ldr	r2, [r7, #4]
 8002ddc:	f243 0300 	movw	r3, #12288	; 0x3000
 8002de0:	f2c4 0301 	movt	r3, #16385	; 0x4001
 8002de4:	429a      	cmp	r2, r3
 8002de6:	d104      	bne.n	8002df2 <spi_i2s_data_receive+0x20>
\\TJAND17\sen.he\project\unc_linux_rls_25d\source\bsp\mcu\GD\GD ARM MCU Debug/../Firmware/GD32E23x_standard_peripheral/Source/gd32e23x_spi.c:564
        return ((uint16_t)SPI_DATA(spi_periph));
 8002de8:	687b      	ldr	r3, [r7, #4]
 8002dea:	330c      	adds	r3, #12
 8002dec:	681b      	ldr	r3, [r3, #0]
 8002dee:	b29b      	uxth	r3, r3
 8002df0:	e013      	b.n	8002e1a <spi_i2s_data_receive+0x48>
\\TJAND17\sen.he\project\unc_linux_rls_25d\source\bsp\mcu\GD\GD ARM MCU Debug/../Firmware/GD32E23x_standard_peripheral/Source/gd32e23x_spi.c:567
    } else {
        /* get the access size to FIFO */
        byten = SPI_CTL1(spi_periph) & SPI_BYTEN_MASK;
 8002df2:	687b      	ldr	r3, [r7, #4]
 8002df4:	3304      	adds	r3, #4
 8002df6:	681b      	ldr	r3, [r3, #0]
 8002df8:	f241 0200 	movw	r2, #4096	; 0x1000
 8002dfc:	4013      	ands	r3, r2
 8002dfe:	60fb      	str	r3, [r7, #12]
\\TJAND17\sen.he\project\unc_linux_rls_25d\source\bsp\mcu\GD\GD ARM MCU Debug/../Firmware/GD32E23x_standard_peripheral/Source/gd32e23x_spi.c:568
        if(RESET != byten) {
 8002e00:	68fb      	ldr	r3, [r7, #12]
 8002e02:	b133      	cbz	r3, 8002e12 <spi_i2s_data_receive+0x40>
\\TJAND17\sen.he\project\unc_linux_rls_25d\source\bsp\mcu\GD\GD ARM MCU Debug/../Firmware/GD32E23x_standard_peripheral/Source/gd32e23x_spi.c:569
            reg = spi_periph + 0x0CU;
 8002e04:	687b      	ldr	r3, [r7, #4]
 8002e06:	330c      	adds	r3, #12
 8002e08:	60bb      	str	r3, [r7, #8]
\\TJAND17\sen.he\project\unc_linux_rls_25d\source\bsp\mcu\GD\GD ARM MCU Debug/../Firmware/GD32E23x_standard_peripheral/Source/gd32e23x_spi.c:570
            return (uint16_t)(*(uint8_t *)(reg));
 8002e0a:	68bb      	ldr	r3, [r7, #8]
 8002e0c:	781b      	ldrb	r3, [r3, #0]
 8002e0e:	b29b      	uxth	r3, r3
 8002e10:	e003      	b.n	8002e1a <spi_i2s_data_receive+0x48>
\\TJAND17\sen.he\project\unc_linux_rls_25d\source\bsp\mcu\GD\GD ARM MCU Debug/../Firmware/GD32E23x_standard_peripheral/Source/gd32e23x_spi.c:572
        } else {
            return ((uint16_t)SPI_DATA(spi_periph));
 8002e12:	687b      	ldr	r3, [r7, #4]
 8002e14:	330c      	adds	r3, #12
 8002e16:	681b      	ldr	r3, [r3, #0]
 8002e18:	b29b      	uxth	r3, r3
\\TJAND17\sen.he\project\unc_linux_rls_25d\source\bsp\mcu\GD\GD ARM MCU Debug/../Firmware/GD32E23x_standard_peripheral/Source/gd32e23x_spi.c:575
        }
    }
}
 8002e1a:	0018      	movs	r0, r3
 8002e1c:	46bd      	mov	sp, r7
 8002e1e:	b004      	add	sp, #16
 8002e20:	bd80      	pop	{r7, pc}

08002e22 <spi_i2s_flag_get>:
spi_i2s_flag_get():
\\TJAND17\sen.he\project\unc_linux_rls_25d\source\bsp\mcu\GD\GD ARM MCU Debug/../Firmware/GD32E23x_standard_peripheral/Source/gd32e23x_spi.c:840
      \arg        SPI_FLAG_RXLVL_FULL: SPI RXFIFO is full
    \param[out] none
    \retval     FlagStatus: SET or RESET
*/
FlagStatus spi_i2s_flag_get(uint32_t spi_periph, uint32_t flag)
{
 8002e22:	b580      	push	{r7, lr}
 8002e24:	b084      	sub	sp, #16
 8002e26:	af00      	add	r7, sp, #0
 8002e28:	6078      	str	r0, [r7, #4]
 8002e2a:	6039      	str	r1, [r7, #0]
\\TJAND17\sen.he\project\unc_linux_rls_25d\source\bsp\mcu\GD\GD ARM MCU Debug/../Firmware/GD32E23x_standard_peripheral/Source/gd32e23x_spi.c:841
    FlagStatus reval = RESET;
 8002e2c:	230f      	movs	r3, #15
 8002e2e:	18fb      	adds	r3, r7, r3
 8002e30:	2200      	movs	r2, #0
 8002e32:	701a      	strb	r2, [r3, #0]
\\TJAND17\sen.he\project\unc_linux_rls_25d\source\bsp\mcu\GD\GD ARM MCU Debug/../Firmware/GD32E23x_standard_peripheral/Source/gd32e23x_spi.c:842
    uint32_t reg = SPI_STAT(spi_periph);
 8002e34:	687b      	ldr	r3, [r7, #4]
 8002e36:	3308      	adds	r3, #8
 8002e38:	681b      	ldr	r3, [r3, #0]
 8002e3a:	60bb      	str	r3, [r7, #8]
\\TJAND17\sen.he\project\unc_linux_rls_25d\source\bsp\mcu\GD\GD ARM MCU Debug/../Firmware/GD32E23x_standard_peripheral/Source/gd32e23x_spi.c:844

    switch(flag) {
 8002e3c:	683a      	ldr	r2, [r7, #0]
 8002e3e:	2380      	movs	r3, #128	; 0x80
 8002e40:	059b      	lsls	r3, r3, #22
 8002e42:	429a      	cmp	r2, r3
 8002e44:	d05b      	beq.n	8002efe <spi_i2s_flag_get+0xdc>
 8002e46:	683a      	ldr	r2, [r7, #0]
 8002e48:	2301      	movs	r3, #1
 8002e4a:	f2c2 0300 	movt	r3, #8192	; 0x2000
 8002e4e:	429a      	cmp	r2, r3
 8002e50:	d300      	bcc.n	8002e54 <spi_i2s_flag_get+0x32>
 8002e52:	e06a      	b.n	8002f2a <spi_i2s_flag_get+0x108>
 8002e54:	683a      	ldr	r2, [r7, #0]
 8002e56:	2380      	movs	r3, #128	; 0x80
 8002e58:	055b      	lsls	r3, r3, #21
 8002e5a:	429a      	cmp	r2, r3
 8002e5c:	d039      	beq.n	8002ed2 <spi_i2s_flag_get+0xb0>
 8002e5e:	683a      	ldr	r2, [r7, #0]
 8002e60:	2301      	movs	r3, #1
 8002e62:	f2c1 0300 	movt	r3, #4096	; 0x1000
 8002e66:	429a      	cmp	r2, r3
 8002e68:	d300      	bcc.n	8002e6c <spi_i2s_flag_get+0x4a>
 8002e6a:	e05e      	b.n	8002f2a <spi_i2s_flag_get+0x108>
 8002e6c:	683b      	ldr	r3, [r7, #0]
 8002e6e:	f641 0200 	movw	r2, #6144	; 0x1800
 8002e72:	4293      	cmp	r3, r2
 8002e74:	d037      	beq.n	8002ee6 <spi_i2s_flag_get+0xc4>
 8002e76:	683b      	ldr	r3, [r7, #0]
 8002e78:	f641 0200 	movw	r2, #6144	; 0x1800
 8002e7c:	4293      	cmp	r3, r2
 8002e7e:	d854      	bhi.n	8002f2a <spi_i2s_flag_get+0x108>
 8002e80:	683b      	ldr	r3, [r7, #0]
 8002e82:	f241 0200 	movw	r2, #4096	; 0x1000
 8002e86:	4293      	cmp	r3, r2
 8002e88:	d02d      	beq.n	8002ee6 <spi_i2s_flag_get+0xc4>
 8002e8a:	683b      	ldr	r3, [r7, #0]
 8002e8c:	f241 0200 	movw	r2, #4096	; 0x1000
 8002e90:	4293      	cmp	r3, r2
 8002e92:	d84a      	bhi.n	8002f2a <spi_i2s_flag_get+0x108>
 8002e94:	683b      	ldr	r3, [r7, #0]
 8002e96:	f640 0200 	movw	r2, #2048	; 0x800
 8002e9a:	4293      	cmp	r3, r2
 8002e9c:	d023      	beq.n	8002ee6 <spi_i2s_flag_get+0xc4>
 8002e9e:	683b      	ldr	r3, [r7, #0]
 8002ea0:	f640 0200 	movw	r2, #2048	; 0x800
 8002ea4:	4293      	cmp	r3, r2
 8002ea6:	d840      	bhi.n	8002f2a <spi_i2s_flag_get+0x108>
 8002ea8:	683b      	ldr	r3, [r7, #0]
 8002eaa:	f240 6200 	movw	r2, #1536	; 0x600
 8002eae:	4293      	cmp	r3, r2
 8002eb0:	d02f      	beq.n	8002f12 <spi_i2s_flag_get+0xf0>
 8002eb2:	683b      	ldr	r3, [r7, #0]
 8002eb4:	f240 6200 	movw	r2, #1536	; 0x600
 8002eb8:	4293      	cmp	r3, r2
 8002eba:	d836      	bhi.n	8002f2a <spi_i2s_flag_get+0x108>
 8002ebc:	683b      	ldr	r3, [r7, #0]
 8002ebe:	f240 2200 	movw	r2, #512	; 0x200
 8002ec2:	4293      	cmp	r3, r2
 8002ec4:	d025      	beq.n	8002f12 <spi_i2s_flag_get+0xf0>
 8002ec6:	683b      	ldr	r3, [r7, #0]
 8002ec8:	f240 4200 	movw	r2, #1024	; 0x400
 8002ecc:	4293      	cmp	r3, r2
 8002ece:	d020      	beq.n	8002f12 <spi_i2s_flag_get+0xf0>
 8002ed0:	e02b      	b.n	8002f2a <spi_i2s_flag_get+0x108>
\\TJAND17\sen.he\project\unc_linux_rls_25d\source\bsp\mcu\GD\GD ARM MCU Debug/../Firmware/GD32E23x_standard_peripheral/Source/gd32e23x_spi.c:846
    case SPI_FLAG_TXLVL_EMPTY:
        if(0U == (reg & SPI_TXLVL_MASK)) {
 8002ed2:	68bb      	ldr	r3, [r7, #8]
 8002ed4:	f641 0200 	movw	r2, #6144	; 0x1800
 8002ed8:	4013      	ands	r3, r2
 8002eda:	bb7b      	cbnz	r3, 8002f3c <spi_i2s_flag_get+0x11a>
\\TJAND17\sen.he\project\unc_linux_rls_25d\source\bsp\mcu\GD\GD ARM MCU Debug/../Firmware/GD32E23x_standard_peripheral/Source/gd32e23x_spi.c:847
            reval = SET;
 8002edc:	230f      	movs	r3, #15
 8002ede:	18fb      	adds	r3, r7, r3
 8002ee0:	2201      	movs	r2, #1
 8002ee2:	701a      	strb	r2, [r3, #0]
\\TJAND17\sen.he\project\unc_linux_rls_25d\source\bsp\mcu\GD\GD ARM MCU Debug/../Firmware/GD32E23x_standard_peripheral/Source/gd32e23x_spi.c:849
        }
        break;
 8002ee4:	e02a      	b.n	8002f3c <spi_i2s_flag_get+0x11a>
\\TJAND17\sen.he\project\unc_linux_rls_25d\source\bsp\mcu\GD\GD ARM MCU Debug/../Firmware/GD32E23x_standard_peripheral/Source/gd32e23x_spi.c:853
    case SPI_FLAG_TXLVL_QUARTER_FULL:
    case SPI_FLAG_TXLVL_HALF_FULL:
    case SPI_FLAG_TXLVL_FULL:
        if(flag == (reg & SPI_TXLVL_MASK)) {
 8002ee6:	68bb      	ldr	r3, [r7, #8]
 8002ee8:	f641 0200 	movw	r2, #6144	; 0x1800
 8002eec:	4013      	ands	r3, r2
 8002eee:	683a      	ldr	r2, [r7, #0]
 8002ef0:	429a      	cmp	r2, r3
 8002ef2:	d125      	bne.n	8002f40 <spi_i2s_flag_get+0x11e>
\\TJAND17\sen.he\project\unc_linux_rls_25d\source\bsp\mcu\GD\GD ARM MCU Debug/../Firmware/GD32E23x_standard_peripheral/Source/gd32e23x_spi.c:854
            reval = SET;
 8002ef4:	230f      	movs	r3, #15
 8002ef6:	18fb      	adds	r3, r7, r3
 8002ef8:	2201      	movs	r2, #1
 8002efa:	701a      	strb	r2, [r3, #0]
\\TJAND17\sen.he\project\unc_linux_rls_25d\source\bsp\mcu\GD\GD ARM MCU Debug/../Firmware/GD32E23x_standard_peripheral/Source/gd32e23x_spi.c:856
        }
        break;
 8002efc:	e020      	b.n	8002f40 <spi_i2s_flag_get+0x11e>
\\TJAND17\sen.he\project\unc_linux_rls_25d\source\bsp\mcu\GD\GD ARM MCU Debug/../Firmware/GD32E23x_standard_peripheral/Source/gd32e23x_spi.c:858
    case SPI_FLAG_RXLVL_EMPTY:
        if(0U == (reg & SPI_RXLVL_MASK)) {
 8002efe:	68bb      	ldr	r3, [r7, #8]
 8002f00:	f240 6200 	movw	r2, #1536	; 0x600
 8002f04:	4013      	ands	r3, r2
 8002f06:	b9eb      	cbnz	r3, 8002f44 <spi_i2s_flag_get+0x122>
\\TJAND17\sen.he\project\unc_linux_rls_25d\source\bsp\mcu\GD\GD ARM MCU Debug/../Firmware/GD32E23x_standard_peripheral/Source/gd32e23x_spi.c:859
            reval = SET;
 8002f08:	230f      	movs	r3, #15
 8002f0a:	18fb      	adds	r3, r7, r3
 8002f0c:	2201      	movs	r2, #1
 8002f0e:	701a      	strb	r2, [r3, #0]
\\TJAND17\sen.he\project\unc_linux_rls_25d\source\bsp\mcu\GD\GD ARM MCU Debug/../Firmware/GD32E23x_standard_peripheral/Source/gd32e23x_spi.c:861
        }
        break;
 8002f10:	e018      	b.n	8002f44 <spi_i2s_flag_get+0x122>
\\TJAND17\sen.he\project\unc_linux_rls_25d\source\bsp\mcu\GD\GD ARM MCU Debug/../Firmware/GD32E23x_standard_peripheral/Source/gd32e23x_spi.c:865
    case SPI_FLAG_RXLVL_QUARTER_FULL:
    case SPI_FLAG_RXLVL_HALF_FULL:
    case SPI_FLAG_RXLVL_FULL:
        if(flag == (reg & SPI_RXLVL_MASK)) {
 8002f12:	68bb      	ldr	r3, [r7, #8]
 8002f14:	f240 6200 	movw	r2, #1536	; 0x600
 8002f18:	4013      	ands	r3, r2
 8002f1a:	683a      	ldr	r2, [r7, #0]
 8002f1c:	429a      	cmp	r2, r3
 8002f1e:	d113      	bne.n	8002f48 <spi_i2s_flag_get+0x126>
\\TJAND17\sen.he\project\unc_linux_rls_25d\source\bsp\mcu\GD\GD ARM MCU Debug/../Firmware/GD32E23x_standard_peripheral/Source/gd32e23x_spi.c:866
            reval = SET;
 8002f20:	230f      	movs	r3, #15
 8002f22:	18fb      	adds	r3, r7, r3
 8002f24:	2201      	movs	r2, #1
 8002f26:	701a      	strb	r2, [r3, #0]
\\TJAND17\sen.he\project\unc_linux_rls_25d\source\bsp\mcu\GD\GD ARM MCU Debug/../Firmware/GD32E23x_standard_peripheral/Source/gd32e23x_spi.c:868
        }
        break;
 8002f28:	e00e      	b.n	8002f48 <spi_i2s_flag_get+0x126>
\\TJAND17\sen.he\project\unc_linux_rls_25d\source\bsp\mcu\GD\GD ARM MCU Debug/../Firmware/GD32E23x_standard_peripheral/Source/gd32e23x_spi.c:870
    default:
        if(0U != (reg & flag)) {
 8002f2a:	68bb      	ldr	r3, [r7, #8]
 8002f2c:	683a      	ldr	r2, [r7, #0]
 8002f2e:	4013      	ands	r3, r2
 8002f30:	b163      	cbz	r3, 8002f4c <spi_i2s_flag_get+0x12a>
\\TJAND17\sen.he\project\unc_linux_rls_25d\source\bsp\mcu\GD\GD ARM MCU Debug/../Firmware/GD32E23x_standard_peripheral/Source/gd32e23x_spi.c:871
            reval = SET;
 8002f32:	230f      	movs	r3, #15
 8002f34:	18fb      	adds	r3, r7, r3
 8002f36:	2201      	movs	r2, #1
 8002f38:	701a      	strb	r2, [r3, #0]
\\TJAND17\sen.he\project\unc_linux_rls_25d\source\bsp\mcu\GD\GD ARM MCU Debug/../Firmware/GD32E23x_standard_peripheral/Source/gd32e23x_spi.c:873
        }
        break;
 8002f3a:	e007      	b.n	8002f4c <spi_i2s_flag_get+0x12a>
\\TJAND17\sen.he\project\unc_linux_rls_25d\source\bsp\mcu\GD\GD ARM MCU Debug/../Firmware/GD32E23x_standard_peripheral/Source/gd32e23x_spi.c:849
        break;
 8002f3c:	46c0      	nop			; (mov r8, r8)
 8002f3e:	e006      	b.n	8002f4e <spi_i2s_flag_get+0x12c>
\\TJAND17\sen.he\project\unc_linux_rls_25d\source\bsp\mcu\GD\GD ARM MCU Debug/../Firmware/GD32E23x_standard_peripheral/Source/gd32e23x_spi.c:856
        break;
 8002f40:	46c0      	nop			; (mov r8, r8)
 8002f42:	e004      	b.n	8002f4e <spi_i2s_flag_get+0x12c>
\\TJAND17\sen.he\project\unc_linux_rls_25d\source\bsp\mcu\GD\GD ARM MCU Debug/../Firmware/GD32E23x_standard_peripheral/Source/gd32e23x_spi.c:861
        break;
 8002f44:	46c0      	nop			; (mov r8, r8)
 8002f46:	e002      	b.n	8002f4e <spi_i2s_flag_get+0x12c>
\\TJAND17\sen.he\project\unc_linux_rls_25d\source\bsp\mcu\GD\GD ARM MCU Debug/../Firmware/GD32E23x_standard_peripheral/Source/gd32e23x_spi.c:868
        break;
 8002f48:	46c0      	nop			; (mov r8, r8)
 8002f4a:	e000      	b.n	8002f4e <spi_i2s_flag_get+0x12c>
\\TJAND17\sen.he\project\unc_linux_rls_25d\source\bsp\mcu\GD\GD ARM MCU Debug/../Firmware/GD32E23x_standard_peripheral/Source/gd32e23x_spi.c:873
        break;
 8002f4c:	46c0      	nop			; (mov r8, r8)
\\TJAND17\sen.he\project\unc_linux_rls_25d\source\bsp\mcu\GD\GD ARM MCU Debug/../Firmware/GD32E23x_standard_peripheral/Source/gd32e23x_spi.c:876
    }

    return reval;
 8002f4e:	230f      	movs	r3, #15
 8002f50:	18fb      	adds	r3, r7, r3
 8002f52:	781b      	ldrb	r3, [r3, #0]
\\TJAND17\sen.he\project\unc_linux_rls_25d\source\bsp\mcu\GD\GD ARM MCU Debug/../Firmware/GD32E23x_standard_peripheral/Source/gd32e23x_spi.c:877
}
 8002f54:	0018      	movs	r0, r3
 8002f56:	46bd      	mov	sp, r7
 8002f58:	b004      	add	sp, #16
 8002f5a:	bd80      	pop	{r7, pc}

08002f5c <rcu_periph_clock_enable>:
rcu_periph_clock_enable():
\\TJAND17\sen.he\project\unc_linux_rls_25d\source\bsp\mcu\GD\GD ARM MCU Debug/../Firmware/GD32E23x_standard_peripheral/Source/gd32e23x_rcu.c:95
      \arg        RCU_DBGMCU: DBGMCU clock
    \param[out] none
    \retval     none
*/
void rcu_periph_clock_enable(rcu_periph_enum periph)
{
 8002f5c:	b580      	push	{r7, lr}
 8002f5e:	b082      	sub	sp, #8
 8002f60:	af00      	add	r7, sp, #0
 8002f62:	0002      	movs	r2, r0
 8002f64:	1dbb      	adds	r3, r7, #6
 8002f66:	801a      	strh	r2, [r3, #0]
\\TJAND17\sen.he\project\unc_linux_rls_25d\source\bsp\mcu\GD\GD ARM MCU Debug/../Firmware/GD32E23x_standard_peripheral/Source/gd32e23x_rcu.c:96
    RCU_REG_VAL(periph) |= BIT(RCU_BIT_POS(periph));
 8002f68:	1dbb      	adds	r3, r7, #6
 8002f6a:	881b      	ldrh	r3, [r3, #0]
 8002f6c:	099b      	lsrs	r3, r3, #6
 8002f6e:	b29b      	uxth	r3, r3
 8002f70:	f241 0c00 	movw	ip, #4096	; 0x1000
 8002f74:	f2c4 0c02 	movt	ip, #16386	; 0x4002
 8002f78:	4463      	add	r3, ip
 8002f7a:	6819      	ldr	r1, [r3, #0]
 8002f7c:	1dbb      	adds	r3, r7, #6
 8002f7e:	881b      	ldrh	r3, [r3, #0]
 8002f80:	221f      	movs	r2, #31
 8002f82:	4013      	ands	r3, r2
 8002f84:	2201      	movs	r2, #1
 8002f86:	409a      	lsls	r2, r3
 8002f88:	1dbb      	adds	r3, r7, #6
 8002f8a:	881b      	ldrh	r3, [r3, #0]
 8002f8c:	099b      	lsrs	r3, r3, #6
 8002f8e:	b29b      	uxth	r3, r3
 8002f90:	f241 0c00 	movw	ip, #4096	; 0x1000
 8002f94:	f2c4 0c02 	movt	ip, #16386	; 0x4002
 8002f98:	4463      	add	r3, ip
 8002f9a:	430a      	orrs	r2, r1
 8002f9c:	601a      	str	r2, [r3, #0]
\\TJAND17\sen.he\project\unc_linux_rls_25d\source\bsp\mcu\GD\GD ARM MCU Debug/../Firmware/GD32E23x_standard_peripheral/Source/gd32e23x_rcu.c:97
}
 8002f9e:	46c0      	nop			; (mov r8, r8)
 8002fa0:	46bd      	mov	sp, r7
 8002fa2:	b002      	add	sp, #8
 8002fa4:	bd80      	pop	{r7, pc}

08002fa6 <rcu_periph_reset_enable>:
rcu_periph_reset_enable():
\\TJAND17\sen.he\project\unc_linux_rls_25d\source\bsp\mcu\GD\GD ARM MCU Debug/../Firmware/GD32E23x_standard_peripheral/Source/gd32e23x_rcu.c:168
      \arg        RCU_PMURST: reset PMU
    \param[out] none
    \retval     none
*/
void rcu_periph_reset_enable(rcu_periph_reset_enum periph_reset)
{
 8002fa6:	b580      	push	{r7, lr}
 8002fa8:	b082      	sub	sp, #8
 8002faa:	af00      	add	r7, sp, #0
 8002fac:	0002      	movs	r2, r0
 8002fae:	1dbb      	adds	r3, r7, #6
 8002fb0:	801a      	strh	r2, [r3, #0]
\\TJAND17\sen.he\project\unc_linux_rls_25d\source\bsp\mcu\GD\GD ARM MCU Debug/../Firmware/GD32E23x_standard_peripheral/Source/gd32e23x_rcu.c:169
    RCU_REG_VAL(periph_reset) |= BIT(RCU_BIT_POS(periph_reset));
 8002fb2:	1dbb      	adds	r3, r7, #6
 8002fb4:	881b      	ldrh	r3, [r3, #0]
 8002fb6:	099b      	lsrs	r3, r3, #6
 8002fb8:	b29b      	uxth	r3, r3
 8002fba:	f241 0c00 	movw	ip, #4096	; 0x1000
 8002fbe:	f2c4 0c02 	movt	ip, #16386	; 0x4002
 8002fc2:	4463      	add	r3, ip
 8002fc4:	6819      	ldr	r1, [r3, #0]
 8002fc6:	1dbb      	adds	r3, r7, #6
 8002fc8:	881b      	ldrh	r3, [r3, #0]
 8002fca:	221f      	movs	r2, #31
 8002fcc:	4013      	ands	r3, r2
 8002fce:	2201      	movs	r2, #1
 8002fd0:	409a      	lsls	r2, r3
 8002fd2:	1dbb      	adds	r3, r7, #6
 8002fd4:	881b      	ldrh	r3, [r3, #0]
 8002fd6:	099b      	lsrs	r3, r3, #6
 8002fd8:	b29b      	uxth	r3, r3
 8002fda:	f241 0c00 	movw	ip, #4096	; 0x1000
 8002fde:	f2c4 0c02 	movt	ip, #16386	; 0x4002
 8002fe2:	4463      	add	r3, ip
 8002fe4:	430a      	orrs	r2, r1
 8002fe6:	601a      	str	r2, [r3, #0]
\\TJAND17\sen.he\project\unc_linux_rls_25d\source\bsp\mcu\GD\GD ARM MCU Debug/../Firmware/GD32E23x_standard_peripheral/Source/gd32e23x_rcu.c:170
}
 8002fe8:	46c0      	nop			; (mov r8, r8)
 8002fea:	46bd      	mov	sp, r7
 8002fec:	b002      	add	sp, #8
 8002fee:	bd80      	pop	{r7, pc}

08002ff0 <rcu_periph_reset_disable>:
rcu_periph_reset_disable():
\\TJAND17\sen.he\project\unc_linux_rls_25d\source\bsp\mcu\GD\GD ARM MCU Debug/../Firmware/GD32E23x_standard_peripheral/Source/gd32e23x_rcu.c:189
      \arg        RCU_PMURST: reset PMU
    \param[out] none
    \retval     none
*/
void rcu_periph_reset_disable(rcu_periph_reset_enum periph_reset)
{
 8002ff0:	b580      	push	{r7, lr}
 8002ff2:	b082      	sub	sp, #8
 8002ff4:	af00      	add	r7, sp, #0
 8002ff6:	0002      	movs	r2, r0
 8002ff8:	1dbb      	adds	r3, r7, #6
 8002ffa:	801a      	strh	r2, [r3, #0]
\\TJAND17\sen.he\project\unc_linux_rls_25d\source\bsp\mcu\GD\GD ARM MCU Debug/../Firmware/GD32E23x_standard_peripheral/Source/gd32e23x_rcu.c:190
    RCU_REG_VAL(periph_reset) &= ~BIT(RCU_BIT_POS(periph_reset));
 8002ffc:	1dbb      	adds	r3, r7, #6
 8002ffe:	881b      	ldrh	r3, [r3, #0]
 8003000:	099b      	lsrs	r3, r3, #6
 8003002:	b29b      	uxth	r3, r3
 8003004:	f241 0c00 	movw	ip, #4096	; 0x1000
 8003008:	f2c4 0c02 	movt	ip, #16386	; 0x4002
 800300c:	4463      	add	r3, ip
 800300e:	681a      	ldr	r2, [r3, #0]
 8003010:	1dbb      	adds	r3, r7, #6
 8003012:	881b      	ldrh	r3, [r3, #0]
 8003014:	211f      	movs	r1, #31
 8003016:	400b      	ands	r3, r1
 8003018:	2101      	movs	r1, #1
 800301a:	4099      	lsls	r1, r3
 800301c:	000b      	movs	r3, r1
 800301e:	43d9      	mvns	r1, r3
 8003020:	1dbb      	adds	r3, r7, #6
 8003022:	881b      	ldrh	r3, [r3, #0]
 8003024:	099b      	lsrs	r3, r3, #6
 8003026:	b29b      	uxth	r3, r3
 8003028:	f241 0c00 	movw	ip, #4096	; 0x1000
 800302c:	f2c4 0c02 	movt	ip, #16386	; 0x4002
 8003030:	4463      	add	r3, ip
 8003032:	400a      	ands	r2, r1
 8003034:	601a      	str	r2, [r3, #0]
\\TJAND17\sen.he\project\unc_linux_rls_25d\source\bsp\mcu\GD\GD ARM MCU Debug/../Firmware/GD32E23x_standard_peripheral/Source/gd32e23x_rcu.c:191
}
 8003036:	46c0      	nop			; (mov r8, r8)
 8003038:	46bd      	mov	sp, r7
 800303a:	b002      	add	sp, #8
 800303c:	bd80      	pop	{r7, pc}

0800303e <rcu_usart_clock_config>:
rcu_usart_clock_config():
\\TJAND17\sen.he\project\unc_linux_rls_25d\source\bsp\mcu\GD\GD ARM MCU Debug/../Firmware/GD32E23x_standard_peripheral/Source/gd32e23x_rcu.c:438
      \arg        RCU_USART0SRC_IRC8M: CK_USART0 select CK_IRC8M
    \param[out] none
    \retval     none
*/
void rcu_usart_clock_config(uint32_t ck_usart)
{
 800303e:	b580      	push	{r7, lr}
 8003040:	b082      	sub	sp, #8
 8003042:	af00      	add	r7, sp, #0
 8003044:	6078      	str	r0, [r7, #4]
\\TJAND17\sen.he\project\unc_linux_rls_25d\source\bsp\mcu\GD\GD ARM MCU Debug/../Firmware/GD32E23x_standard_peripheral/Source/gd32e23x_rcu.c:440
    /* reset the USART0SEL bits and set according to ck_usart */
    RCU_CFG2 &= ~RCU_CFG2_USART0SEL;
 8003046:	f241 0330 	movw	r3, #4144	; 0x1030
 800304a:	f2c4 0302 	movt	r3, #16386	; 0x4002
 800304e:	681a      	ldr	r2, [r3, #0]
 8003050:	f241 0330 	movw	r3, #4144	; 0x1030
 8003054:	f2c4 0302 	movt	r3, #16386	; 0x4002
 8003058:	2103      	movs	r1, #3
 800305a:	438a      	bics	r2, r1
 800305c:	601a      	str	r2, [r3, #0]
\\TJAND17\sen.he\project\unc_linux_rls_25d\source\bsp\mcu\GD\GD ARM MCU Debug/../Firmware/GD32E23x_standard_peripheral/Source/gd32e23x_rcu.c:441
    RCU_CFG2 |= ck_usart;
 800305e:	f241 0330 	movw	r3, #4144	; 0x1030
 8003062:	f2c4 0302 	movt	r3, #16386	; 0x4002
 8003066:	6819      	ldr	r1, [r3, #0]
 8003068:	f241 0330 	movw	r3, #4144	; 0x1030
 800306c:	f2c4 0302 	movt	r3, #16386	; 0x4002
 8003070:	687a      	ldr	r2, [r7, #4]
 8003072:	430a      	orrs	r2, r1
 8003074:	601a      	str	r2, [r3, #0]
\\TJAND17\sen.he\project\unc_linux_rls_25d\source\bsp\mcu\GD\GD ARM MCU Debug/../Firmware/GD32E23x_standard_peripheral/Source/gd32e23x_rcu.c:442
}
 8003076:	46c0      	nop			; (mov r8, r8)
 8003078:	46bd      	mov	sp, r7
 800307a:	b002      	add	sp, #8
 800307c:	bd80      	pop	{r7, pc}
	...

08003080 <rcu_clock_freq_get>:
rcu_clock_freq_get():
\\TJAND17\sen.he\project\unc_linux_rls_25d\source\bsp\mcu\GD\GD ARM MCU Debug/../Firmware/GD32E23x_standard_peripheral/Source/gd32e23x_rcu.c:800
      \arg        CK_USART: USART0 clock frequency
    \param[out] none
    \retval     clock frequency of system, AHB, APB1, APB2, ADC or USRAT0
*/
uint32_t rcu_clock_freq_get(rcu_clock_freq_enum clock)
{
 8003080:	b590      	push	{r4, r7, lr}
 8003082:	b09b      	sub	sp, #108	; 0x6c
 8003084:	af00      	add	r7, sp, #0
 8003086:	0002      	movs	r2, r0
 8003088:	1dfb      	adds	r3, r7, #7
 800308a:	701a      	strb	r2, [r3, #0]
\\TJAND17\sen.he\project\unc_linux_rls_25d\source\bsp\mcu\GD\GD ARM MCU Debug/../Firmware/GD32E23x_standard_peripheral/Source/gd32e23x_rcu.c:801
    uint32_t sws = 0U, adcps = 0U, adcps2 = 0U, ck_freq = 0U;
 800308c:	2300      	movs	r3, #0
 800308e:	653b      	str	r3, [r7, #80]	; 0x50
 8003090:	2300      	movs	r3, #0
 8003092:	64fb      	str	r3, [r7, #76]	; 0x4c
 8003094:	2300      	movs	r3, #0
 8003096:	64bb      	str	r3, [r7, #72]	; 0x48
 8003098:	2300      	movs	r3, #0
 800309a:	667b      	str	r3, [r7, #100]	; 0x64
\\TJAND17\sen.he\project\unc_linux_rls_25d\source\bsp\mcu\GD\GD ARM MCU Debug/../Firmware/GD32E23x_standard_peripheral/Source/gd32e23x_rcu.c:802
    uint32_t cksys_freq = 0U, ahb_freq = 0U, apb1_freq = 0U, apb2_freq = 0U;
 800309c:	2300      	movs	r3, #0
 800309e:	663b      	str	r3, [r7, #96]	; 0x60
 80030a0:	2300      	movs	r3, #0
 80030a2:	647b      	str	r3, [r7, #68]	; 0x44
 80030a4:	2300      	movs	r3, #0
 80030a6:	643b      	str	r3, [r7, #64]	; 0x40
 80030a8:	2300      	movs	r3, #0
 80030aa:	63fb      	str	r3, [r7, #60]	; 0x3c
\\TJAND17\sen.he\project\unc_linux_rls_25d\source\bsp\mcu\GD\GD ARM MCU Debug/../Firmware/GD32E23x_standard_peripheral/Source/gd32e23x_rcu.c:803
    uint32_t adc_freq = 0U, usart_freq = 0U;
 80030ac:	2300      	movs	r3, #0
 80030ae:	65fb      	str	r3, [r7, #92]	; 0x5c
 80030b0:	2300      	movs	r3, #0
 80030b2:	65bb      	str	r3, [r7, #88]	; 0x58
\\TJAND17\sen.he\project\unc_linux_rls_25d\source\bsp\mcu\GD\GD ARM MCU Debug/../Firmware/GD32E23x_standard_peripheral/Source/gd32e23x_rcu.c:804
    uint32_t pllmf = 0U, pllmf4 = 0U, pllsel = 0U, prediv = 0U, idx = 0U, clk_exp = 0U;
 80030b4:	2300      	movs	r3, #0
 80030b6:	657b      	str	r3, [r7, #84]	; 0x54
 80030b8:	2300      	movs	r3, #0
 80030ba:	63bb      	str	r3, [r7, #56]	; 0x38
 80030bc:	2300      	movs	r3, #0
 80030be:	637b      	str	r3, [r7, #52]	; 0x34
 80030c0:	2300      	movs	r3, #0
 80030c2:	633b      	str	r3, [r7, #48]	; 0x30
 80030c4:	2300      	movs	r3, #0
 80030c6:	62fb      	str	r3, [r7, #44]	; 0x2c
 80030c8:	2300      	movs	r3, #0
 80030ca:	62bb      	str	r3, [r7, #40]	; 0x28
\\TJAND17\sen.he\project\unc_linux_rls_25d\source\bsp\mcu\GD\GD ARM MCU Debug/../Firmware/GD32E23x_standard_peripheral/Source/gd32e23x_rcu.c:806
    /* exponent of AHB, APB1 and APB2 clock divider */
    const uint8_t ahb_exp[16] = {0, 0, 0, 0, 0, 0, 0, 0, 1, 2, 3, 4, 6, 7, 8, 9};
 80030cc:	2318      	movs	r3, #24
 80030ce:	18fa      	adds	r2, r7, r3
 80030d0:	f645 3300 	movw	r3, #23296	; 0x5b00
 80030d4:	f6c0 0300 	movt	r3, #2048	; 0x800
 80030d8:	cb13      	ldmia	r3!, {r0, r1, r4}
 80030da:	c213      	stmia	r2!, {r0, r1, r4}
 80030dc:	681b      	ldr	r3, [r3, #0]
 80030de:	6013      	str	r3, [r2, #0]
\\TJAND17\sen.he\project\unc_linux_rls_25d\source\bsp\mcu\GD\GD ARM MCU Debug/../Firmware/GD32E23x_standard_peripheral/Source/gd32e23x_rcu.c:807
    const uint8_t apb1_exp[8] = {0, 0, 0, 0, 1, 2, 3, 4};
 80030e0:	2310      	movs	r3, #16
 80030e2:	18fa      	adds	r2, r7, r3
 80030e4:	f645 3310 	movw	r3, #23312	; 0x5b10
 80030e8:	f6c0 0300 	movt	r3, #2048	; 0x800
 80030ec:	cb03      	ldmia	r3!, {r0, r1}
 80030ee:	c203      	stmia	r2!, {r0, r1}
\\TJAND17\sen.he\project\unc_linux_rls_25d\source\bsp\mcu\GD\GD ARM MCU Debug/../Firmware/GD32E23x_standard_peripheral/Source/gd32e23x_rcu.c:808
    const uint8_t apb2_exp[8] = {0, 0, 0, 0, 1, 2, 3, 4};
 80030f0:	2308      	movs	r3, #8
 80030f2:	18fa      	adds	r2, r7, r3
 80030f4:	f645 3310 	movw	r3, #23312	; 0x5b10
 80030f8:	f6c0 0300 	movt	r3, #2048	; 0x800
 80030fc:	cb03      	ldmia	r3!, {r0, r1}
 80030fe:	c203      	stmia	r2!, {r0, r1}
\\TJAND17\sen.he\project\unc_linux_rls_25d\source\bsp\mcu\GD\GD ARM MCU Debug/../Firmware/GD32E23x_standard_peripheral/Source/gd32e23x_rcu.c:810

    sws = GET_BITS(RCU_CFG0, 2, 3);
 8003100:	f241 0304 	movw	r3, #4100	; 0x1004
 8003104:	f2c4 0302 	movt	r3, #16386	; 0x4002
 8003108:	681b      	ldr	r3, [r3, #0]
 800310a:	089b      	lsrs	r3, r3, #2
 800310c:	2203      	movs	r2, #3
 800310e:	4013      	ands	r3, r2
 8003110:	653b      	str	r3, [r7, #80]	; 0x50
\\TJAND17\sen.he\project\unc_linux_rls_25d\source\bsp\mcu\GD\GD ARM MCU Debug/../Firmware/GD32E23x_standard_peripheral/Source/gd32e23x_rcu.c:811
    switch(sws) {
 8003112:	6d3b      	ldr	r3, [r7, #80]	; 0x50
 8003114:	2b02      	cmp	r3, #2
 8003116:	d014      	beq.n	8003142 <rcu_clock_freq_get+0xc2>
 8003118:	6d3b      	ldr	r3, [r7, #80]	; 0x50
 800311a:	2b02      	cmp	r3, #2
 800311c:	d85d      	bhi.n	80031da <rcu_clock_freq_get+0x15a>
 800311e:	6d3b      	ldr	r3, [r7, #80]	; 0x50
 8003120:	b11b      	cbz	r3, 800312a <rcu_clock_freq_get+0xaa>
 8003122:	6d3b      	ldr	r3, [r7, #80]	; 0x50
 8003124:	2b01      	cmp	r3, #1
 8003126:	d006      	beq.n	8003136 <rcu_clock_freq_get+0xb6>
 8003128:	e057      	b.n	80031da <rcu_clock_freq_get+0x15a>
\\TJAND17\sen.he\project\unc_linux_rls_25d\source\bsp\mcu\GD\GD ARM MCU Debug/../Firmware/GD32E23x_standard_peripheral/Source/gd32e23x_rcu.c:814
    /* IRC8M is selected as CK_SYS */
    case SEL_IRC8M:
        cksys_freq = IRC8M_VALUE;
 800312a:	f241 2300 	movw	r3, #4608	; 0x1200
 800312e:	f2c0 037a 	movt	r3, #122	; 0x7a
 8003132:	663b      	str	r3, [r7, #96]	; 0x60
\\TJAND17\sen.he\project\unc_linux_rls_25d\source\bsp\mcu\GD\GD ARM MCU Debug/../Firmware/GD32E23x_standard_peripheral/Source/gd32e23x_rcu.c:815
        break;
 8003134:	e057      	b.n	80031e6 <rcu_clock_freq_get+0x166>
\\TJAND17\sen.he\project\unc_linux_rls_25d\source\bsp\mcu\GD\GD ARM MCU Debug/../Firmware/GD32E23x_standard_peripheral/Source/gd32e23x_rcu.c:818
    /* HXTAL is selected as CK_SYS */
    case SEL_HXTAL:
        cksys_freq = HXTAL_VALUE;
 8003136:	f241 2300 	movw	r3, #4608	; 0x1200
 800313a:	f2c0 037a 	movt	r3, #122	; 0x7a
 800313e:	663b      	str	r3, [r7, #96]	; 0x60
\\TJAND17\sen.he\project\unc_linux_rls_25d\source\bsp\mcu\GD\GD ARM MCU Debug/../Firmware/GD32E23x_standard_peripheral/Source/gd32e23x_rcu.c:819
        break;
 8003140:	e051      	b.n	80031e6 <rcu_clock_freq_get+0x166>
\\TJAND17\sen.he\project\unc_linux_rls_25d\source\bsp\mcu\GD\GD ARM MCU Debug/../Firmware/GD32E23x_standard_peripheral/Source/gd32e23x_rcu.c:823
    /* PLL is selected as CK_SYS */
    case SEL_PLL:
        /* get the value of PLLMF[3:0] */
        pllmf = GET_BITS(RCU_CFG0, 18, 21);
 8003142:	f241 0304 	movw	r3, #4100	; 0x1004
 8003146:	f2c4 0302 	movt	r3, #16386	; 0x4002
 800314a:	681b      	ldr	r3, [r3, #0]
 800314c:	0c9b      	lsrs	r3, r3, #18
 800314e:	220f      	movs	r2, #15
 8003150:	4013      	ands	r3, r2
 8003152:	657b      	str	r3, [r7, #84]	; 0x54
\\TJAND17\sen.he\project\unc_linux_rls_25d\source\bsp\mcu\GD\GD ARM MCU Debug/../Firmware/GD32E23x_standard_peripheral/Source/gd32e23x_rcu.c:824
        pllmf4 = GET_BITS(RCU_CFG0, 27, 27);
 8003154:	f241 0304 	movw	r3, #4100	; 0x1004
 8003158:	f2c4 0302 	movt	r3, #16386	; 0x4002
 800315c:	681b      	ldr	r3, [r3, #0]
 800315e:	0edb      	lsrs	r3, r3, #27
 8003160:	2201      	movs	r2, #1
 8003162:	4013      	ands	r3, r2
 8003164:	63bb      	str	r3, [r7, #56]	; 0x38
\\TJAND17\sen.he\project\unc_linux_rls_25d\source\bsp\mcu\GD\GD ARM MCU Debug/../Firmware/GD32E23x_standard_peripheral/Source/gd32e23x_rcu.c:826
        /* high 16 bits */
        if(1U == pllmf4) {
 8003166:	6bbb      	ldr	r3, [r7, #56]	; 0x38
 8003168:	2b01      	cmp	r3, #1
 800316a:	d103      	bne.n	8003174 <rcu_clock_freq_get+0xf4>
\\TJAND17\sen.he\project\unc_linux_rls_25d\source\bsp\mcu\GD\GD ARM MCU Debug/../Firmware/GD32E23x_standard_peripheral/Source/gd32e23x_rcu.c:827
            pllmf += 17U;
 800316c:	6d7b      	ldr	r3, [r7, #84]	; 0x54
 800316e:	3311      	adds	r3, #17
 8003170:	657b      	str	r3, [r7, #84]	; 0x54
 8003172:	e008      	b.n	8003186 <rcu_clock_freq_get+0x106>
\\TJAND17\sen.he\project\unc_linux_rls_25d\source\bsp\mcu\GD\GD ARM MCU Debug/../Firmware/GD32E23x_standard_peripheral/Source/gd32e23x_rcu.c:828
        } else if(15U == pllmf) {
 8003174:	6d7b      	ldr	r3, [r7, #84]	; 0x54
 8003176:	2b0f      	cmp	r3, #15
 8003178:	d102      	bne.n	8003180 <rcu_clock_freq_get+0x100>
\\TJAND17\sen.he\project\unc_linux_rls_25d\source\bsp\mcu\GD\GD ARM MCU Debug/../Firmware/GD32E23x_standard_peripheral/Source/gd32e23x_rcu.c:829
            pllmf = 16U;
 800317a:	2310      	movs	r3, #16
 800317c:	657b      	str	r3, [r7, #84]	; 0x54
 800317e:	e002      	b.n	8003186 <rcu_clock_freq_get+0x106>
\\TJAND17\sen.he\project\unc_linux_rls_25d\source\bsp\mcu\GD\GD ARM MCU Debug/../Firmware/GD32E23x_standard_peripheral/Source/gd32e23x_rcu.c:831
        } else {
            pllmf += 2U;
 8003180:	6d7b      	ldr	r3, [r7, #84]	; 0x54
 8003182:	3302      	adds	r3, #2
 8003184:	657b      	str	r3, [r7, #84]	; 0x54
\\TJAND17\sen.he\project\unc_linux_rls_25d\source\bsp\mcu\GD\GD ARM MCU Debug/../Firmware/GD32E23x_standard_peripheral/Source/gd32e23x_rcu.c:835
        }

        /* PLL clock source selection, HXTAL or IRC8M/2 */
        pllsel = GET_BITS(RCU_CFG0, 16, 16);
 8003186:	f241 0304 	movw	r3, #4100	; 0x1004
 800318a:	f2c4 0302 	movt	r3, #16386	; 0x4002
 800318e:	681b      	ldr	r3, [r3, #0]
 8003190:	0c1b      	lsrs	r3, r3, #16
 8003192:	2201      	movs	r2, #1
 8003194:	4013      	ands	r3, r2
 8003196:	637b      	str	r3, [r7, #52]	; 0x34
\\TJAND17\sen.he\project\unc_linux_rls_25d\source\bsp\mcu\GD\GD ARM MCU Debug/../Firmware/GD32E23x_standard_peripheral/Source/gd32e23x_rcu.c:836
        if(0U != pllsel) {
 8003198:	6b7b      	ldr	r3, [r7, #52]	; 0x34
 800319a:	b19b      	cbz	r3, 80031c4 <rcu_clock_freq_get+0x144>
\\TJAND17\sen.he\project\unc_linux_rls_25d\source\bsp\mcu\GD\GD ARM MCU Debug/../Firmware/GD32E23x_standard_peripheral/Source/gd32e23x_rcu.c:837
            prediv = (GET_BITS(RCU_CFG1, 0, 3) + 1U);
 800319c:	f241 032c 	movw	r3, #4140	; 0x102c
 80031a0:	f2c4 0302 	movt	r3, #16386	; 0x4002
 80031a4:	681b      	ldr	r3, [r3, #0]
 80031a6:	220f      	movs	r2, #15
 80031a8:	4013      	ands	r3, r2
 80031aa:	3301      	adds	r3, #1
 80031ac:	633b      	str	r3, [r7, #48]	; 0x30
\\TJAND17\sen.he\project\unc_linux_rls_25d\source\bsp\mcu\GD\GD ARM MCU Debug/../Firmware/GD32E23x_standard_peripheral/Source/gd32e23x_rcu.c:838
            cksys_freq = (HXTAL_VALUE / prediv) * pllmf;
 80031ae:	f241 2300 	movw	r3, #4608	; 0x1200
 80031b2:	f2c0 037a 	movt	r3, #122	; 0x7a
 80031b6:	6b3a      	ldr	r2, [r7, #48]	; 0x30
 80031b8:	fbb3 f3f2 	udiv	r3, r3, r2
 80031bc:	6d7a      	ldr	r2, [r7, #84]	; 0x54
 80031be:	4353      	muls	r3, r2
 80031c0:	663b      	str	r3, [r7, #96]	; 0x60
\\TJAND17\sen.he\project\unc_linux_rls_25d\source\bsp\mcu\GD\GD ARM MCU Debug/../Firmware/GD32E23x_standard_peripheral/Source/gd32e23x_rcu.c:842
        } else {
            cksys_freq = (IRC8M_VALUE >> 1) * pllmf;
        }
        break;
 80031c2:	e010      	b.n	80031e6 <rcu_clock_freq_get+0x166>
\\TJAND17\sen.he\project\unc_linux_rls_25d\source\bsp\mcu\GD\GD ARM MCU Debug/../Firmware/GD32E23x_standard_peripheral/Source/gd32e23x_rcu.c:840
            cksys_freq = (IRC8M_VALUE >> 1) * pllmf;
 80031c4:	6d79      	ldr	r1, [r7, #84]	; 0x54
 80031c6:	000a      	movs	r2, r1
 80031c8:	0152      	lsls	r2, r2, #5
 80031ca:	1a52      	subs	r2, r2, r1
 80031cc:	0193      	lsls	r3, r2, #6
 80031ce:	1a9b      	subs	r3, r3, r2
 80031d0:	00db      	lsls	r3, r3, #3
 80031d2:	185b      	adds	r3, r3, r1
 80031d4:	021b      	lsls	r3, r3, #8
 80031d6:	663b      	str	r3, [r7, #96]	; 0x60
\\TJAND17\sen.he\project\unc_linux_rls_25d\source\bsp\mcu\GD\GD ARM MCU Debug/../Firmware/GD32E23x_standard_peripheral/Source/gd32e23x_rcu.c:842
        break;
 80031d8:	e005      	b.n	80031e6 <rcu_clock_freq_get+0x166>
\\TJAND17\sen.he\project\unc_linux_rls_25d\source\bsp\mcu\GD\GD ARM MCU Debug/../Firmware/GD32E23x_standard_peripheral/Source/gd32e23x_rcu.c:845
    /* IRC8M is selected as CK_SYS */
    default:
        cksys_freq = IRC8M_VALUE;
 80031da:	f241 2300 	movw	r3, #4608	; 0x1200
 80031de:	f2c0 037a 	movt	r3, #122	; 0x7a
 80031e2:	663b      	str	r3, [r7, #96]	; 0x60
\\TJAND17\sen.he\project\unc_linux_rls_25d\source\bsp\mcu\GD\GD ARM MCU Debug/../Firmware/GD32E23x_standard_peripheral/Source/gd32e23x_rcu.c:846
        break;
 80031e4:	46c0      	nop			; (mov r8, r8)
\\TJAND17\sen.he\project\unc_linux_rls_25d\source\bsp\mcu\GD\GD ARM MCU Debug/../Firmware/GD32E23x_standard_peripheral/Source/gd32e23x_rcu.c:849
    }
    /* calculate AHB clock frequency */
    idx = GET_BITS(RCU_CFG0, 4, 7);
 80031e6:	f241 0304 	movw	r3, #4100	; 0x1004
 80031ea:	f2c4 0302 	movt	r3, #16386	; 0x4002
 80031ee:	681b      	ldr	r3, [r3, #0]
 80031f0:	091b      	lsrs	r3, r3, #4
 80031f2:	220f      	movs	r2, #15
 80031f4:	4013      	ands	r3, r2
 80031f6:	62fb      	str	r3, [r7, #44]	; 0x2c
\\TJAND17\sen.he\project\unc_linux_rls_25d\source\bsp\mcu\GD\GD ARM MCU Debug/../Firmware/GD32E23x_standard_peripheral/Source/gd32e23x_rcu.c:850
    clk_exp = ahb_exp[idx];
 80031f8:	2318      	movs	r3, #24
 80031fa:	18fa      	adds	r2, r7, r3
 80031fc:	6afb      	ldr	r3, [r7, #44]	; 0x2c
 80031fe:	18d3      	adds	r3, r2, r3
 8003200:	781b      	ldrb	r3, [r3, #0]
 8003202:	62bb      	str	r3, [r7, #40]	; 0x28
\\TJAND17\sen.he\project\unc_linux_rls_25d\source\bsp\mcu\GD\GD ARM MCU Debug/../Firmware/GD32E23x_standard_peripheral/Source/gd32e23x_rcu.c:851
    ahb_freq = cksys_freq >> clk_exp;
 8003204:	6e3a      	ldr	r2, [r7, #96]	; 0x60
 8003206:	6abb      	ldr	r3, [r7, #40]	; 0x28
 8003208:	40da      	lsrs	r2, r3
 800320a:	0013      	movs	r3, r2
 800320c:	647b      	str	r3, [r7, #68]	; 0x44
\\TJAND17\sen.he\project\unc_linux_rls_25d\source\bsp\mcu\GD\GD ARM MCU Debug/../Firmware/GD32E23x_standard_peripheral/Source/gd32e23x_rcu.c:854

    /* calculate APB1 clock frequency */
    idx = GET_BITS(RCU_CFG0, 8, 10);
 800320e:	f241 0304 	movw	r3, #4100	; 0x1004
 8003212:	f2c4 0302 	movt	r3, #16386	; 0x4002
 8003216:	681b      	ldr	r3, [r3, #0]
 8003218:	0a1b      	lsrs	r3, r3, #8
 800321a:	2207      	movs	r2, #7
 800321c:	4013      	ands	r3, r2
 800321e:	62fb      	str	r3, [r7, #44]	; 0x2c
\\TJAND17\sen.he\project\unc_linux_rls_25d\source\bsp\mcu\GD\GD ARM MCU Debug/../Firmware/GD32E23x_standard_peripheral/Source/gd32e23x_rcu.c:855
    clk_exp = apb1_exp[idx];
 8003220:	2310      	movs	r3, #16
 8003222:	18fa      	adds	r2, r7, r3
 8003224:	6afb      	ldr	r3, [r7, #44]	; 0x2c
 8003226:	18d3      	adds	r3, r2, r3
 8003228:	781b      	ldrb	r3, [r3, #0]
 800322a:	62bb      	str	r3, [r7, #40]	; 0x28
\\TJAND17\sen.he\project\unc_linux_rls_25d\source\bsp\mcu\GD\GD ARM MCU Debug/../Firmware/GD32E23x_standard_peripheral/Source/gd32e23x_rcu.c:856
    apb1_freq = ahb_freq >> clk_exp;
 800322c:	6c7a      	ldr	r2, [r7, #68]	; 0x44
 800322e:	6abb      	ldr	r3, [r7, #40]	; 0x28
 8003230:	40da      	lsrs	r2, r3
 8003232:	0013      	movs	r3, r2
 8003234:	643b      	str	r3, [r7, #64]	; 0x40
\\TJAND17\sen.he\project\unc_linux_rls_25d\source\bsp\mcu\GD\GD ARM MCU Debug/../Firmware/GD32E23x_standard_peripheral/Source/gd32e23x_rcu.c:859

    /* calculate APB2 clock frequency */
    idx = GET_BITS(RCU_CFG0, 11, 13);
 8003236:	f241 0304 	movw	r3, #4100	; 0x1004
 800323a:	f2c4 0302 	movt	r3, #16386	; 0x4002
 800323e:	681b      	ldr	r3, [r3, #0]
 8003240:	0adb      	lsrs	r3, r3, #11
 8003242:	2207      	movs	r2, #7
 8003244:	4013      	ands	r3, r2
 8003246:	62fb      	str	r3, [r7, #44]	; 0x2c
\\TJAND17\sen.he\project\unc_linux_rls_25d\source\bsp\mcu\GD\GD ARM MCU Debug/../Firmware/GD32E23x_standard_peripheral/Source/gd32e23x_rcu.c:860
    clk_exp = apb2_exp[idx];
 8003248:	2308      	movs	r3, #8
 800324a:	18fa      	adds	r2, r7, r3
 800324c:	6afb      	ldr	r3, [r7, #44]	; 0x2c
 800324e:	18d3      	adds	r3, r2, r3
 8003250:	781b      	ldrb	r3, [r3, #0]
 8003252:	62bb      	str	r3, [r7, #40]	; 0x28
\\TJAND17\sen.he\project\unc_linux_rls_25d\source\bsp\mcu\GD\GD ARM MCU Debug/../Firmware/GD32E23x_standard_peripheral/Source/gd32e23x_rcu.c:861
    apb2_freq = ahb_freq >> clk_exp;
 8003254:	6c7a      	ldr	r2, [r7, #68]	; 0x44
 8003256:	6abb      	ldr	r3, [r7, #40]	; 0x28
 8003258:	40da      	lsrs	r2, r3
 800325a:	0013      	movs	r3, r2
 800325c:	63fb      	str	r3, [r7, #60]	; 0x3c
\\TJAND17\sen.he\project\unc_linux_rls_25d\source\bsp\mcu\GD\GD ARM MCU Debug/../Firmware/GD32E23x_standard_peripheral/Source/gd32e23x_rcu.c:864

    /* return the clocks frequency */
    switch(clock) {
 800325e:	1dfb      	adds	r3, r7, #7
 8003260:	781b      	ldrb	r3, [r3, #0]
 8003262:	2b05      	cmp	r3, #5
 8003264:	d900      	bls.n	8003268 <rcu_clock_freq_get+0x1e8>
 8003266:	e0c3      	b.n	80033f0 <rcu_clock_freq_get+0x370>
 8003268:	009a      	lsls	r2, r3, #2
 800326a:	4b64      	ldr	r3, [pc, #400]	; (80033fc <rcu_clock_freq_get+0x37c>)
 800326c:	18d3      	adds	r3, r2, r3
 800326e:	681b      	ldr	r3, [r3, #0]
 8003270:	469f      	mov	pc, r3
\\TJAND17\sen.he\project\unc_linux_rls_25d\source\bsp\mcu\GD\GD ARM MCU Debug/../Firmware/GD32E23x_standard_peripheral/Source/gd32e23x_rcu.c:866
    case CK_SYS:
        ck_freq = cksys_freq;
 8003272:	6e3b      	ldr	r3, [r7, #96]	; 0x60
 8003274:	667b      	str	r3, [r7, #100]	; 0x64
\\TJAND17\sen.he\project\unc_linux_rls_25d\source\bsp\mcu\GD\GD ARM MCU Debug/../Firmware/GD32E23x_standard_peripheral/Source/gd32e23x_rcu.c:867
        break;
 8003276:	e0bc      	b.n	80033f2 <rcu_clock_freq_get+0x372>
\\TJAND17\sen.he\project\unc_linux_rls_25d\source\bsp\mcu\GD\GD ARM MCU Debug/../Firmware/GD32E23x_standard_peripheral/Source/gd32e23x_rcu.c:869
    case CK_AHB:
        ck_freq = ahb_freq;
 8003278:	6c7b      	ldr	r3, [r7, #68]	; 0x44
 800327a:	667b      	str	r3, [r7, #100]	; 0x64
\\TJAND17\sen.he\project\unc_linux_rls_25d\source\bsp\mcu\GD\GD ARM MCU Debug/../Firmware/GD32E23x_standard_peripheral/Source/gd32e23x_rcu.c:870
        break;
 800327c:	e0b9      	b.n	80033f2 <rcu_clock_freq_get+0x372>
\\TJAND17\sen.he\project\unc_linux_rls_25d\source\bsp\mcu\GD\GD ARM MCU Debug/../Firmware/GD32E23x_standard_peripheral/Source/gd32e23x_rcu.c:872
    case CK_APB1:
        ck_freq = apb1_freq;
 800327e:	6c3b      	ldr	r3, [r7, #64]	; 0x40
 8003280:	667b      	str	r3, [r7, #100]	; 0x64
\\TJAND17\sen.he\project\unc_linux_rls_25d\source\bsp\mcu\GD\GD ARM MCU Debug/../Firmware/GD32E23x_standard_peripheral/Source/gd32e23x_rcu.c:873
        break;
 8003282:	e0b6      	b.n	80033f2 <rcu_clock_freq_get+0x372>
\\TJAND17\sen.he\project\unc_linux_rls_25d\source\bsp\mcu\GD\GD ARM MCU Debug/../Firmware/GD32E23x_standard_peripheral/Source/gd32e23x_rcu.c:875
    case CK_APB2:
        ck_freq = apb2_freq;
 8003284:	6bfb      	ldr	r3, [r7, #60]	; 0x3c
 8003286:	667b      	str	r3, [r7, #100]	; 0x64
\\TJAND17\sen.he\project\unc_linux_rls_25d\source\bsp\mcu\GD\GD ARM MCU Debug/../Firmware/GD32E23x_standard_peripheral/Source/gd32e23x_rcu.c:876
        break;
 8003288:	e0b3      	b.n	80033f2 <rcu_clock_freq_get+0x372>
\\TJAND17\sen.he\project\unc_linux_rls_25d\source\bsp\mcu\GD\GD ARM MCU Debug/../Firmware/GD32E23x_standard_peripheral/Source/gd32e23x_rcu.c:879
    case CK_ADC:
        /* calculate ADC clock frequency */
        if(RCU_ADCSRC_AHB_APB2DIV != (RCU_CFG2 & RCU_CFG2_ADCSEL)) {
 800328a:	f241 0330 	movw	r3, #4144	; 0x1030
 800328e:	f2c4 0302 	movt	r3, #16386	; 0x4002
 8003292:	681b      	ldr	r3, [r3, #0]
 8003294:	f240 1200 	movw	r2, #256	; 0x100
 8003298:	4013      	ands	r3, r2
 800329a:	f240 1200 	movw	r2, #256	; 0x100
 800329e:	4293      	cmp	r3, r2
 80032a0:	d017      	beq.n	80032d2 <rcu_clock_freq_get+0x252>
\\TJAND17\sen.he\project\unc_linux_rls_25d\source\bsp\mcu\GD\GD ARM MCU Debug/../Firmware/GD32E23x_standard_peripheral/Source/gd32e23x_rcu.c:880
            if(RCU_ADC_IRC28M_DIV1 != (RCU_CFG2 & RCU_CFG2_IRC28MDIV)) {
 80032a2:	f241 0330 	movw	r3, #4144	; 0x1030
 80032a6:	f2c4 0302 	movt	r3, #16386	; 0x4002
 80032aa:	681a      	ldr	r2, [r3, #0]
 80032ac:	2380      	movs	r3, #128	; 0x80
 80032ae:	025b      	lsls	r3, r3, #9
 80032b0:	401a      	ands	r2, r3
 80032b2:	2380      	movs	r3, #128	; 0x80
 80032b4:	025b      	lsls	r3, r3, #9
 80032b6:	429a      	cmp	r2, r3
 80032b8:	d005      	beq.n	80032c6 <rcu_clock_freq_get+0x246>
\\TJAND17\sen.he\project\unc_linux_rls_25d\source\bsp\mcu\GD\GD ARM MCU Debug/../Firmware/GD32E23x_standard_peripheral/Source/gd32e23x_rcu.c:881
                adc_freq = IRC28M_VALUE >> 1;
 80032ba:	f649 7380 	movw	r3, #40832	; 0x9f80
 80032be:	f2c0 03d5 	movt	r3, #213	; 0xd5
 80032c2:	65fb      	str	r3, [r7, #92]	; 0x5c
 80032c4:	e05c      	b.n	8003380 <rcu_clock_freq_get+0x300>
\\TJAND17\sen.he\project\unc_linux_rls_25d\source\bsp\mcu\GD\GD ARM MCU Debug/../Firmware/GD32E23x_standard_peripheral/Source/gd32e23x_rcu.c:883
            } else {
                adc_freq = IRC28M_VALUE;
 80032c6:	f643 7300 	movw	r3, #16128	; 0x3f00
 80032ca:	f2c0 13ab 	movt	r3, #427	; 0x1ab
 80032ce:	65fb      	str	r3, [r7, #92]	; 0x5c
 80032d0:	e056      	b.n	8003380 <rcu_clock_freq_get+0x300>
\\TJAND17\sen.he\project\unc_linux_rls_25d\source\bsp\mcu\GD\GD ARM MCU Debug/../Firmware/GD32E23x_standard_peripheral/Source/gd32e23x_rcu.c:887
            }
        } else {
            /* ADC clock select CK_APB2 divided by 2/4/6/8 or CK_AHB divided by 3/5/7/9 */
            adcps = GET_BITS(RCU_CFG0, 14, 15);
 80032d2:	f241 0304 	movw	r3, #4100	; 0x1004
 80032d6:	f2c4 0302 	movt	r3, #16386	; 0x4002
 80032da:	681b      	ldr	r3, [r3, #0]
 80032dc:	0b9b      	lsrs	r3, r3, #14
 80032de:	2203      	movs	r2, #3
 80032e0:	4013      	ands	r3, r2
 80032e2:	64fb      	str	r3, [r7, #76]	; 0x4c
\\TJAND17\sen.he\project\unc_linux_rls_25d\source\bsp\mcu\GD\GD ARM MCU Debug/../Firmware/GD32E23x_standard_peripheral/Source/gd32e23x_rcu.c:888
            adcps2 = GET_BITS(RCU_CFG2, 31, 31);
 80032e4:	f241 0330 	movw	r3, #4144	; 0x1030
 80032e8:	f2c4 0302 	movt	r3, #16386	; 0x4002
 80032ec:	681b      	ldr	r3, [r3, #0]
 80032ee:	0fdb      	lsrs	r3, r3, #31
 80032f0:	2201      	movs	r2, #1
 80032f2:	4013      	ands	r3, r2
 80032f4:	64bb      	str	r3, [r7, #72]	; 0x48
 80032f6:	6cfb      	ldr	r3, [r7, #76]	; 0x4c
 80032f8:	2b03      	cmp	r3, #3
 80032fa:	d034      	beq.n	8003366 <rcu_clock_freq_get+0x2e6>
 80032fc:	6cfb      	ldr	r3, [r7, #76]	; 0x4c
 80032fe:	2b03      	cmp	r3, #3
 8003300:	d83d      	bhi.n	800337e <rcu_clock_freq_get+0x2fe>
 8003302:	6cfb      	ldr	r3, [r7, #76]	; 0x4c
 8003304:	2b02      	cmp	r3, #2
 8003306:	d020      	beq.n	800334a <rcu_clock_freq_get+0x2ca>
 8003308:	6cfb      	ldr	r3, [r7, #76]	; 0x4c
 800330a:	2b02      	cmp	r3, #2
 800330c:	d837      	bhi.n	800337e <rcu_clock_freq_get+0x2fe>
 800330e:	6cfb      	ldr	r3, [r7, #76]	; 0x4c
 8003310:	b11b      	cbz	r3, 800331a <rcu_clock_freq_get+0x29a>
 8003312:	6cfb      	ldr	r3, [r7, #76]	; 0x4c
 8003314:	2b01      	cmp	r3, #1
 8003316:	d00c      	beq.n	8003332 <rcu_clock_freq_get+0x2b2>
\\TJAND17\sen.he\project\unc_linux_rls_25d\source\bsp\mcu\GD\GD ARM MCU Debug/../Firmware/GD32E23x_standard_peripheral/Source/gd32e23x_rcu.c:919
                } else {
                    adc_freq = ahb_freq / 9U;
                }
                break;
            default:
                break;
 8003318:	e031      	b.n	800337e <rcu_clock_freq_get+0x2fe>
\\TJAND17\sen.he\project\unc_linux_rls_25d\source\bsp\mcu\GD\GD ARM MCU Debug/../Firmware/GD32E23x_standard_peripheral/Source/gd32e23x_rcu.c:891
                if(0U == adcps2) {
 800331a:	6cbb      	ldr	r3, [r7, #72]	; 0x48
 800331c:	b91b      	cbnz	r3, 8003326 <rcu_clock_freq_get+0x2a6>
\\TJAND17\sen.he\project\unc_linux_rls_25d\source\bsp\mcu\GD\GD ARM MCU Debug/../Firmware/GD32E23x_standard_peripheral/Source/gd32e23x_rcu.c:892
                    adc_freq = apb2_freq / 2U;
 800331e:	6bfb      	ldr	r3, [r7, #60]	; 0x3c
 8003320:	085b      	lsrs	r3, r3, #1
 8003322:	65fb      	str	r3, [r7, #92]	; 0x5c
\\TJAND17\sen.he\project\unc_linux_rls_25d\source\bsp\mcu\GD\GD ARM MCU Debug/../Firmware/GD32E23x_standard_peripheral/Source/gd32e23x_rcu.c:896
                break;
 8003324:	e02c      	b.n	8003380 <rcu_clock_freq_get+0x300>
\\TJAND17\sen.he\project\unc_linux_rls_25d\source\bsp\mcu\GD\GD ARM MCU Debug/../Firmware/GD32E23x_standard_peripheral/Source/gd32e23x_rcu.c:894
                    adc_freq = ahb_freq / 3U;
 8003326:	6c7b      	ldr	r3, [r7, #68]	; 0x44
 8003328:	2203      	movs	r2, #3
 800332a:	fbb3 f3f2 	udiv	r3, r3, r2
 800332e:	65fb      	str	r3, [r7, #92]	; 0x5c
\\TJAND17\sen.he\project\unc_linux_rls_25d\source\bsp\mcu\GD\GD ARM MCU Debug/../Firmware/GD32E23x_standard_peripheral/Source/gd32e23x_rcu.c:896
                break;
 8003330:	e026      	b.n	8003380 <rcu_clock_freq_get+0x300>
\\TJAND17\sen.he\project\unc_linux_rls_25d\source\bsp\mcu\GD\GD ARM MCU Debug/../Firmware/GD32E23x_standard_peripheral/Source/gd32e23x_rcu.c:898
                if(0U == adcps2) {
 8003332:	6cbb      	ldr	r3, [r7, #72]	; 0x48
 8003334:	b91b      	cbnz	r3, 800333e <rcu_clock_freq_get+0x2be>
\\TJAND17\sen.he\project\unc_linux_rls_25d\source\bsp\mcu\GD\GD ARM MCU Debug/../Firmware/GD32E23x_standard_peripheral/Source/gd32e23x_rcu.c:899
                    adc_freq = apb2_freq / 4U;
 8003336:	6bfb      	ldr	r3, [r7, #60]	; 0x3c
 8003338:	089b      	lsrs	r3, r3, #2
 800333a:	65fb      	str	r3, [r7, #92]	; 0x5c
\\TJAND17\sen.he\project\unc_linux_rls_25d\source\bsp\mcu\GD\GD ARM MCU Debug/../Firmware/GD32E23x_standard_peripheral/Source/gd32e23x_rcu.c:903
                break;
 800333c:	e020      	b.n	8003380 <rcu_clock_freq_get+0x300>
\\TJAND17\sen.he\project\unc_linux_rls_25d\source\bsp\mcu\GD\GD ARM MCU Debug/../Firmware/GD32E23x_standard_peripheral/Source/gd32e23x_rcu.c:901
                    adc_freq = ahb_freq / 5U;
 800333e:	6c7b      	ldr	r3, [r7, #68]	; 0x44
 8003340:	2205      	movs	r2, #5
 8003342:	fbb3 f3f2 	udiv	r3, r3, r2
 8003346:	65fb      	str	r3, [r7, #92]	; 0x5c
\\TJAND17\sen.he\project\unc_linux_rls_25d\source\bsp\mcu\GD\GD ARM MCU Debug/../Firmware/GD32E23x_standard_peripheral/Source/gd32e23x_rcu.c:903
                break;
 8003348:	e01a      	b.n	8003380 <rcu_clock_freq_get+0x300>
\\TJAND17\sen.he\project\unc_linux_rls_25d\source\bsp\mcu\GD\GD ARM MCU Debug/../Firmware/GD32E23x_standard_peripheral/Source/gd32e23x_rcu.c:905
                if(0U == adcps2) {
 800334a:	6cbb      	ldr	r3, [r7, #72]	; 0x48
 800334c:	b92b      	cbnz	r3, 800335a <rcu_clock_freq_get+0x2da>
\\TJAND17\sen.he\project\unc_linux_rls_25d\source\bsp\mcu\GD\GD ARM MCU Debug/../Firmware/GD32E23x_standard_peripheral/Source/gd32e23x_rcu.c:906
                    adc_freq = apb2_freq / 6U;
 800334e:	6bfb      	ldr	r3, [r7, #60]	; 0x3c
 8003350:	2206      	movs	r2, #6
 8003352:	fbb3 f3f2 	udiv	r3, r3, r2
 8003356:	65fb      	str	r3, [r7, #92]	; 0x5c
\\TJAND17\sen.he\project\unc_linux_rls_25d\source\bsp\mcu\GD\GD ARM MCU Debug/../Firmware/GD32E23x_standard_peripheral/Source/gd32e23x_rcu.c:910
                break;
 8003358:	e012      	b.n	8003380 <rcu_clock_freq_get+0x300>
\\TJAND17\sen.he\project\unc_linux_rls_25d\source\bsp\mcu\GD\GD ARM MCU Debug/../Firmware/GD32E23x_standard_peripheral/Source/gd32e23x_rcu.c:908
                    adc_freq = ahb_freq / 7U;
 800335a:	6c7b      	ldr	r3, [r7, #68]	; 0x44
 800335c:	2207      	movs	r2, #7
 800335e:	fbb3 f3f2 	udiv	r3, r3, r2
 8003362:	65fb      	str	r3, [r7, #92]	; 0x5c
\\TJAND17\sen.he\project\unc_linux_rls_25d\source\bsp\mcu\GD\GD ARM MCU Debug/../Firmware/GD32E23x_standard_peripheral/Source/gd32e23x_rcu.c:910
                break;
 8003364:	e00c      	b.n	8003380 <rcu_clock_freq_get+0x300>
\\TJAND17\sen.he\project\unc_linux_rls_25d\source\bsp\mcu\GD\GD ARM MCU Debug/../Firmware/GD32E23x_standard_peripheral/Source/gd32e23x_rcu.c:912
                if(0U == adcps2) {
 8003366:	6cbb      	ldr	r3, [r7, #72]	; 0x48
 8003368:	b91b      	cbnz	r3, 8003372 <rcu_clock_freq_get+0x2f2>
\\TJAND17\sen.he\project\unc_linux_rls_25d\source\bsp\mcu\GD\GD ARM MCU Debug/../Firmware/GD32E23x_standard_peripheral/Source/gd32e23x_rcu.c:913
                    adc_freq = apb2_freq / 8U;
 800336a:	6bfb      	ldr	r3, [r7, #60]	; 0x3c
 800336c:	08db      	lsrs	r3, r3, #3
 800336e:	65fb      	str	r3, [r7, #92]	; 0x5c
\\TJAND17\sen.he\project\unc_linux_rls_25d\source\bsp\mcu\GD\GD ARM MCU Debug/../Firmware/GD32E23x_standard_peripheral/Source/gd32e23x_rcu.c:917
                break;
 8003370:	e006      	b.n	8003380 <rcu_clock_freq_get+0x300>
\\TJAND17\sen.he\project\unc_linux_rls_25d\source\bsp\mcu\GD\GD ARM MCU Debug/../Firmware/GD32E23x_standard_peripheral/Source/gd32e23x_rcu.c:915
                    adc_freq = ahb_freq / 9U;
 8003372:	6c7b      	ldr	r3, [r7, #68]	; 0x44
 8003374:	2209      	movs	r2, #9
 8003376:	fbb3 f3f2 	udiv	r3, r3, r2
 800337a:	65fb      	str	r3, [r7, #92]	; 0x5c
\\TJAND17\sen.he\project\unc_linux_rls_25d\source\bsp\mcu\GD\GD ARM MCU Debug/../Firmware/GD32E23x_standard_peripheral/Source/gd32e23x_rcu.c:917
                break;
 800337c:	e000      	b.n	8003380 <rcu_clock_freq_get+0x300>
\\TJAND17\sen.he\project\unc_linux_rls_25d\source\bsp\mcu\GD\GD ARM MCU Debug/../Firmware/GD32E23x_standard_peripheral/Source/gd32e23x_rcu.c:919
                break;
 800337e:	46c0      	nop			; (mov r8, r8)
\\TJAND17\sen.he\project\unc_linux_rls_25d\source\bsp\mcu\GD\GD ARM MCU Debug/../Firmware/GD32E23x_standard_peripheral/Source/gd32e23x_rcu.c:922
            }
        }
        ck_freq = adc_freq;
 8003380:	6dfb      	ldr	r3, [r7, #92]	; 0x5c
 8003382:	667b      	str	r3, [r7, #100]	; 0x64
\\TJAND17\sen.he\project\unc_linux_rls_25d\source\bsp\mcu\GD\GD ARM MCU Debug/../Firmware/GD32E23x_standard_peripheral/Source/gd32e23x_rcu.c:923
        break;
 8003384:	e035      	b.n	80033f2 <rcu_clock_freq_get+0x372>
\\TJAND17\sen.he\project\unc_linux_rls_25d\source\bsp\mcu\GD\GD ARM MCU Debug/../Firmware/GD32E23x_standard_peripheral/Source/gd32e23x_rcu.c:926
    case CK_USART:
        /* calculate USART0 clock frequency */
        if(RCU_USART0SRC_CKAPB2 == (RCU_CFG2 & RCU_CFG2_USART0SEL)) {
 8003386:	f241 0330 	movw	r3, #4144	; 0x1030
 800338a:	f2c4 0302 	movt	r3, #16386	; 0x4002
 800338e:	681b      	ldr	r3, [r3, #0]
 8003390:	2203      	movs	r2, #3
 8003392:	4013      	ands	r3, r2
 8003394:	b913      	cbnz	r3, 800339c <rcu_clock_freq_get+0x31c>
\\TJAND17\sen.he\project\unc_linux_rls_25d\source\bsp\mcu\GD\GD ARM MCU Debug/../Firmware/GD32E23x_standard_peripheral/Source/gd32e23x_rcu.c:927
            usart_freq = apb2_freq;
 8003396:	6bfb      	ldr	r3, [r7, #60]	; 0x3c
 8003398:	65bb      	str	r3, [r7, #88]	; 0x58
 800339a:	e026      	b.n	80033ea <rcu_clock_freq_get+0x36a>
\\TJAND17\sen.he\project\unc_linux_rls_25d\source\bsp\mcu\GD\GD ARM MCU Debug/../Firmware/GD32E23x_standard_peripheral/Source/gd32e23x_rcu.c:928
        } else if(RCU_USART0SRC_CKSYS == (RCU_CFG2 & RCU_CFG2_USART0SEL)) {
 800339c:	f241 0330 	movw	r3, #4144	; 0x1030
 80033a0:	f2c4 0302 	movt	r3, #16386	; 0x4002
 80033a4:	681b      	ldr	r3, [r3, #0]
 80033a6:	2203      	movs	r2, #3
 80033a8:	4013      	ands	r3, r2
 80033aa:	2b01      	cmp	r3, #1
 80033ac:	d102      	bne.n	80033b4 <rcu_clock_freq_get+0x334>
\\TJAND17\sen.he\project\unc_linux_rls_25d\source\bsp\mcu\GD\GD ARM MCU Debug/../Firmware/GD32E23x_standard_peripheral/Source/gd32e23x_rcu.c:929
            usart_freq = cksys_freq;
 80033ae:	6e3b      	ldr	r3, [r7, #96]	; 0x60
 80033b0:	65bb      	str	r3, [r7, #88]	; 0x58
 80033b2:	e01a      	b.n	80033ea <rcu_clock_freq_get+0x36a>
\\TJAND17\sen.he\project\unc_linux_rls_25d\source\bsp\mcu\GD\GD ARM MCU Debug/../Firmware/GD32E23x_standard_peripheral/Source/gd32e23x_rcu.c:930
        } else if(RCU_USART0SRC_LXTAL == (RCU_CFG2 & RCU_CFG2_USART0SEL)) {
 80033b4:	f241 0330 	movw	r3, #4144	; 0x1030
 80033b8:	f2c4 0302 	movt	r3, #16386	; 0x4002
 80033bc:	681b      	ldr	r3, [r3, #0]
 80033be:	2203      	movs	r2, #3
 80033c0:	4013      	ands	r3, r2
 80033c2:	2b02      	cmp	r3, #2
 80033c4:	d103      	bne.n	80033ce <rcu_clock_freq_get+0x34e>
\\TJAND17\sen.he\project\unc_linux_rls_25d\source\bsp\mcu\GD\GD ARM MCU Debug/../Firmware/GD32E23x_standard_peripheral/Source/gd32e23x_rcu.c:931
            usart_freq = LXTAL_VALUE;
 80033c6:	f248 0300 	movw	r3, #32768	; 0x8000
 80033ca:	65bb      	str	r3, [r7, #88]	; 0x58
 80033cc:	e00d      	b.n	80033ea <rcu_clock_freq_get+0x36a>
\\TJAND17\sen.he\project\unc_linux_rls_25d\source\bsp\mcu\GD\GD ARM MCU Debug/../Firmware/GD32E23x_standard_peripheral/Source/gd32e23x_rcu.c:932
        } else if(RCU_USART0SRC_IRC8M == (RCU_CFG2 & RCU_CFG2_USART0SEL)) {
 80033ce:	f241 0330 	movw	r3, #4144	; 0x1030
 80033d2:	f2c4 0302 	movt	r3, #16386	; 0x4002
 80033d6:	681b      	ldr	r3, [r3, #0]
 80033d8:	2203      	movs	r2, #3
 80033da:	4013      	ands	r3, r2
 80033dc:	2b03      	cmp	r3, #3
 80033de:	d104      	bne.n	80033ea <rcu_clock_freq_get+0x36a>
\\TJAND17\sen.he\project\unc_linux_rls_25d\source\bsp\mcu\GD\GD ARM MCU Debug/../Firmware/GD32E23x_standard_peripheral/Source/gd32e23x_rcu.c:933
            usart_freq = IRC8M_VALUE;
 80033e0:	f241 2300 	movw	r3, #4608	; 0x1200
 80033e4:	f2c0 037a 	movt	r3, #122	; 0x7a
 80033e8:	65bb      	str	r3, [r7, #88]	; 0x58
\\TJAND17\sen.he\project\unc_linux_rls_25d\source\bsp\mcu\GD\GD ARM MCU Debug/../Firmware/GD32E23x_standard_peripheral/Source/gd32e23x_rcu.c:936
        } else {
        }
        ck_freq = usart_freq;
 80033ea:	6dbb      	ldr	r3, [r7, #88]	; 0x58
 80033ec:	667b      	str	r3, [r7, #100]	; 0x64
\\TJAND17\sen.he\project\unc_linux_rls_25d\source\bsp\mcu\GD\GD ARM MCU Debug/../Firmware/GD32E23x_standard_peripheral/Source/gd32e23x_rcu.c:937
        break;
 80033ee:	e000      	b.n	80033f2 <rcu_clock_freq_get+0x372>
\\TJAND17\sen.he\project\unc_linux_rls_25d\source\bsp\mcu\GD\GD ARM MCU Debug/../Firmware/GD32E23x_standard_peripheral/Source/gd32e23x_rcu.c:939
    default:
        break;
 80033f0:	46c0      	nop			; (mov r8, r8)
\\TJAND17\sen.he\project\unc_linux_rls_25d\source\bsp\mcu\GD\GD ARM MCU Debug/../Firmware/GD32E23x_standard_peripheral/Source/gd32e23x_rcu.c:941
    }
    return ck_freq;
 80033f2:	6e7b      	ldr	r3, [r7, #100]	; 0x64
\\TJAND17\sen.he\project\unc_linux_rls_25d\source\bsp\mcu\GD\GD ARM MCU Debug/../Firmware/GD32E23x_standard_peripheral/Source/gd32e23x_rcu.c:942
}
 80033f4:	0018      	movs	r0, r3
 80033f6:	46bd      	mov	sp, r7
 80033f8:	b01b      	add	sp, #108	; 0x6c
 80033fa:	bd90      	pop	{r4, r7, pc}
 80033fc:	08005b58 	.word	0x08005b58

08003400 <pmu_to_deepsleepmode>:
pmu_to_deepsleepmode():
\\TJAND17\sen.he\project\unc_linux_rls_25d\source\bsp\mcu\GD\GD ARM MCU Debug/../Firmware/GD32E23x_standard_peripheral/Source/gd32e23x_pmu.c:143
      \arg        WFE_CMD: use WFE command
    \param[out] none
    \retval     none
*/
void pmu_to_deepsleepmode(uint32_t ldo, uint8_t deepsleepmodecmd)
{
 8003400:	b580      	push	{r7, lr}
 8003402:	b082      	sub	sp, #8
 8003404:	af00      	add	r7, sp, #0
 8003406:	6078      	str	r0, [r7, #4]
 8003408:	000a      	movs	r2, r1
 800340a:	1cfb      	adds	r3, r7, #3
 800340c:	701a      	strb	r2, [r3, #0]
\\TJAND17\sen.he\project\unc_linux_rls_25d\source\bsp\mcu\GD\GD ARM MCU Debug/../Firmware/GD32E23x_standard_peripheral/Source/gd32e23x_pmu.c:145
    /* clear stbmod and ldolp bits */
    PMU_CTL &= ~((uint32_t)(PMU_CTL_STBMOD | PMU_CTL_LDOLP));
 800340e:	f247 0300 	movw	r3, #28672	; 0x7000
 8003412:	f2c4 0300 	movt	r3, #16384	; 0x4000
 8003416:	681a      	ldr	r2, [r3, #0]
 8003418:	f247 0300 	movw	r3, #28672	; 0x7000
 800341c:	f2c4 0300 	movt	r3, #16384	; 0x4000
 8003420:	2103      	movs	r1, #3
 8003422:	438a      	bics	r2, r1
 8003424:	601a      	str	r2, [r3, #0]
\\TJAND17\sen.he\project\unc_linux_rls_25d\source\bsp\mcu\GD\GD ARM MCU Debug/../Firmware/GD32E23x_standard_peripheral/Source/gd32e23x_pmu.c:148

    /* set ldolp bit according to pmu_ldo */
    PMU_CTL |= ldo;
 8003426:	f247 0300 	movw	r3, #28672	; 0x7000
 800342a:	f2c4 0300 	movt	r3, #16384	; 0x4000
 800342e:	6819      	ldr	r1, [r3, #0]
 8003430:	f247 0300 	movw	r3, #28672	; 0x7000
 8003434:	f2c4 0300 	movt	r3, #16384	; 0x4000
 8003438:	687a      	ldr	r2, [r7, #4]
 800343a:	430a      	orrs	r2, r1
 800343c:	601a      	str	r2, [r3, #0]
\\TJAND17\sen.he\project\unc_linux_rls_25d\source\bsp\mcu\GD\GD ARM MCU Debug/../Firmware/GD32E23x_standard_peripheral/Source/gd32e23x_pmu.c:151

    /* set sleepdeep bit of Cortex-M23 system control register */
    SCB->SCR |= SCB_SCR_SLEEPDEEP_Msk;
 800343e:	f64e 5300 	movw	r3, #60672	; 0xed00
 8003442:	f2ce 0300 	movt	r3, #57344	; 0xe000
 8003446:	691a      	ldr	r2, [r3, #16]
 8003448:	f64e 5300 	movw	r3, #60672	; 0xed00
 800344c:	f2ce 0300 	movt	r3, #57344	; 0xe000
 8003450:	2104      	movs	r1, #4
 8003452:	430a      	orrs	r2, r1
 8003454:	611a      	str	r2, [r3, #16]
\\TJAND17\sen.he\project\unc_linux_rls_25d\source\bsp\mcu\GD\GD ARM MCU Debug/../Firmware/GD32E23x_standard_peripheral/Source/gd32e23x_pmu.c:154

    /* select WFI or WFE command to enter deepsleep mode */
    if(WFI_CMD == deepsleepmodecmd) {
 8003456:	1cfb      	adds	r3, r7, #3
 8003458:	781b      	ldrb	r3, [r3, #0]
 800345a:	b90b      	cbnz	r3, 8003460 <pmu_to_deepsleepmode+0x60>
\\TJAND17\sen.he\project\unc_linux_rls_25d\source\bsp\mcu\GD\GD ARM MCU Debug/../Firmware/GD32E23x_standard_peripheral/Source/gd32e23x_pmu.c:155
        __WFI();
 800345c:	bf30      	wfi
 800345e:	e002      	b.n	8003466 <pmu_to_deepsleepmode+0x66>
\\TJAND17\sen.he\project\unc_linux_rls_25d\source\bsp\mcu\GD\GD ARM MCU Debug/../Firmware/GD32E23x_standard_peripheral/Source/gd32e23x_pmu.c:157
    } else {
        __SEV();
 8003460:	bf40      	sev
\\TJAND17\sen.he\project\unc_linux_rls_25d\source\bsp\mcu\GD\GD ARM MCU Debug/../Firmware/GD32E23x_standard_peripheral/Source/gd32e23x_pmu.c:158
        __WFE();
 8003462:	bf20      	wfe
\\TJAND17\sen.he\project\unc_linux_rls_25d\source\bsp\mcu\GD\GD ARM MCU Debug/../Firmware/GD32E23x_standard_peripheral/Source/gd32e23x_pmu.c:159
        __WFE();
 8003464:	bf20      	wfe
\\TJAND17\sen.he\project\unc_linux_rls_25d\source\bsp\mcu\GD\GD ARM MCU Debug/../Firmware/GD32E23x_standard_peripheral/Source/gd32e23x_pmu.c:163
    }

    /* reset sleepdeep bit of Cortex-M23 system control register */
    SCB->SCR &= ~((uint32_t)SCB_SCR_SLEEPDEEP_Msk);
 8003466:	f64e 5300 	movw	r3, #60672	; 0xed00
 800346a:	f2ce 0300 	movt	r3, #57344	; 0xe000
 800346e:	691a      	ldr	r2, [r3, #16]
 8003470:	f64e 5300 	movw	r3, #60672	; 0xed00
 8003474:	f2ce 0300 	movt	r3, #57344	; 0xe000
 8003478:	2104      	movs	r1, #4
 800347a:	438a      	bics	r2, r1
 800347c:	611a      	str	r2, [r3, #16]
\\TJAND17\sen.he\project\unc_linux_rls_25d\source\bsp\mcu\GD\GD ARM MCU Debug/../Firmware/GD32E23x_standard_peripheral/Source/gd32e23x_pmu.c:164
}
 800347e:	46c0      	nop			; (mov r8, r8)
 8003480:	46bd      	mov	sp, r7
 8003482:	b002      	add	sp, #8
 8003484:	bd80      	pop	{r7, pc}

08003486 <__NVIC_EnableIRQ>:
__NVIC_EnableIRQ():
\\TJAND17\sen.he\project\unc_linux_rls_25d\source\bsp\mcu\GD\GD ARM MCU Debug/../Firmware/CMSIS/core_cm23.h:1263
{
 8003486:	b580      	push	{r7, lr}
 8003488:	b082      	sub	sp, #8
 800348a:	af00      	add	r7, sp, #0
 800348c:	0002      	movs	r2, r0
 800348e:	1dfb      	adds	r3, r7, #7
 8003490:	701a      	strb	r2, [r3, #0]
\\TJAND17\sen.he\project\unc_linux_rls_25d\source\bsp\mcu\GD\GD ARM MCU Debug/../Firmware/CMSIS/core_cm23.h:1264
  if ((int32_t)(IRQn) >= 0)
 8003492:	1dfb      	adds	r3, r7, #7
 8003494:	781b      	ldrb	r3, [r3, #0]
 8003496:	2b7f      	cmp	r3, #127	; 0x7f
 8003498:	d812      	bhi.n	80034c0 <__NVIC_EnableIRQ+0x3a>
\\TJAND17\sen.he\project\unc_linux_rls_25d\source\bsp\mcu\GD\GD ARM MCU Debug/../Firmware/CMSIS/core_cm23.h:1266
    NVIC->ISER[(((uint32_t)(int32_t)IRQn) >> 5UL)] = (uint32_t)(1UL << (((uint32_t)(int32_t)IRQn) & 0x1FUL));
 800349a:	1dfb      	adds	r3, r7, #7
 800349c:	781b      	ldrb	r3, [r3, #0]
 800349e:	001a      	movs	r2, r3
 80034a0:	231f      	movs	r3, #31
 80034a2:	401a      	ands	r2, r3
 80034a4:	0011      	movs	r1, r2
 80034a6:	f24e 1300 	movw	r3, #57600	; 0xe100
 80034aa:	f2ce 0300 	movt	r3, #57344	; 0xe000
 80034ae:	1dfa      	adds	r2, r7, #7
 80034b0:	7812      	ldrb	r2, [r2, #0]
 80034b2:	b252      	sxtb	r2, r2
 80034b4:	0952      	lsrs	r2, r2, #5
 80034b6:	2001      	movs	r0, #1
 80034b8:	4088      	lsls	r0, r1
 80034ba:	0001      	movs	r1, r0
 80034bc:	0092      	lsls	r2, r2, #2
 80034be:	50d1      	str	r1, [r2, r3]
\\TJAND17\sen.he\project\unc_linux_rls_25d\source\bsp\mcu\GD\GD ARM MCU Debug/../Firmware/CMSIS/core_cm23.h:1268
}
 80034c0:	46c0      	nop			; (mov r8, r8)
 80034c2:	46bd      	mov	sp, r7
 80034c4:	b002      	add	sp, #8
 80034c6:	bd80      	pop	{r7, pc}

080034c8 <__NVIC_DisableIRQ>:
__NVIC_DisableIRQ():
\\TJAND17\sen.he\project\unc_linux_rls_25d\source\bsp\mcu\GD\GD ARM MCU Debug/../Firmware/CMSIS/core_cm23.h:1299
{
 80034c8:	b580      	push	{r7, lr}
 80034ca:	b082      	sub	sp, #8
 80034cc:	af00      	add	r7, sp, #0
 80034ce:	0002      	movs	r2, r0
 80034d0:	1dfb      	adds	r3, r7, #7
 80034d2:	701a      	strb	r2, [r3, #0]
\\TJAND17\sen.he\project\unc_linux_rls_25d\source\bsp\mcu\GD\GD ARM MCU Debug/../Firmware/CMSIS/core_cm23.h:1300
  if ((int32_t)(IRQn) >= 0)
 80034d4:	1dfb      	adds	r3, r7, #7
 80034d6:	781b      	ldrb	r3, [r3, #0]
 80034d8:	2b7f      	cmp	r3, #127	; 0x7f
 80034da:	d819      	bhi.n	8003510 <__NVIC_DisableIRQ+0x48>
\\TJAND17\sen.he\project\unc_linux_rls_25d\source\bsp\mcu\GD\GD ARM MCU Debug/../Firmware/CMSIS/core_cm23.h:1302
    NVIC->ICER[(((uint32_t)(int32_t)IRQn) >> 5UL)] = (uint32_t)(1UL << (((uint32_t)(int32_t)IRQn) & 0x1FUL));
 80034dc:	1dfb      	adds	r3, r7, #7
 80034de:	781b      	ldrb	r3, [r3, #0]
 80034e0:	001a      	movs	r2, r3
 80034e2:	231f      	movs	r3, #31
 80034e4:	401a      	ands	r2, r3
 80034e6:	0011      	movs	r1, r2
 80034e8:	f24e 1300 	movw	r3, #57600	; 0xe100
 80034ec:	f2ce 0300 	movt	r3, #57344	; 0xe000
 80034f0:	1dfa      	adds	r2, r7, #7
 80034f2:	7812      	ldrb	r2, [r2, #0]
 80034f4:	b252      	sxtb	r2, r2
 80034f6:	0952      	lsrs	r2, r2, #5
 80034f8:	2001      	movs	r0, #1
 80034fa:	4088      	lsls	r0, r1
 80034fc:	0001      	movs	r1, r0
 80034fe:	3220      	adds	r2, #32
 8003500:	0092      	lsls	r2, r2, #2
 8003502:	50d1      	str	r1, [r2, r3]
__DSB():
\\TJAND17\sen.he\project\unc_linux_rls_25d\source\bsp\mcu\GD\GD ARM MCU Debug/../Firmware/CMSIS/cmsis_gcc.h:753
  \details Acts as a special kind of Data Memory Barrier.
           It completes when all explicit memory accesses before this instruction complete.
 */
__attribute__((always_inline)) __STATIC_INLINE void __DSB(void)
{
  __ASM volatile ("dsb 0xF":::"memory");
 8003504:	f3bf 8f4f 	dsb	sy
\\TJAND17\sen.he\project\unc_linux_rls_25d\source\bsp\mcu\GD\GD ARM MCU Debug/../Firmware/CMSIS/cmsis_gcc.h:754
}
 8003508:	46c0      	nop			; (mov r8, r8)
__ISB():
\\TJAND17\sen.he\project\unc_linux_rls_25d\source\bsp\mcu\GD\GD ARM MCU Debug/../Firmware/CMSIS/cmsis_gcc.h:742
  __ASM volatile ("isb 0xF":::"memory");
 800350a:	f3bf 8f6f 	isb	sy
\\TJAND17\sen.he\project\unc_linux_rls_25d\source\bsp\mcu\GD\GD ARM MCU Debug/../Firmware/CMSIS/cmsis_gcc.h:743
}
 800350e:	46c0      	nop			; (mov r8, r8)
__NVIC_DisableIRQ():
\\TJAND17\sen.he\project\unc_linux_rls_25d\source\bsp\mcu\GD\GD ARM MCU Debug/../Firmware/CMSIS/core_cm23.h:1306
}
 8003510:	46c0      	nop			; (mov r8, r8)
 8003512:	46bd      	mov	sp, r7
 8003514:	b002      	add	sp, #8
 8003516:	bd80      	pop	{r7, pc}

08003518 <__NVIC_SetPriority>:
__NVIC_SetPriority():
\\TJAND17\sen.he\project\unc_linux_rls_25d\source\bsp\mcu\GD\GD ARM MCU Debug/../Firmware/CMSIS/core_cm23.h:1458
{
 8003518:	b590      	push	{r4, r7, lr}
 800351a:	b083      	sub	sp, #12
 800351c:	af00      	add	r7, sp, #0
 800351e:	0002      	movs	r2, r0
 8003520:	6039      	str	r1, [r7, #0]
 8003522:	1dfb      	adds	r3, r7, #7
 8003524:	701a      	strb	r2, [r3, #0]
\\TJAND17\sen.he\project\unc_linux_rls_25d\source\bsp\mcu\GD\GD ARM MCU Debug/../Firmware/CMSIS/core_cm23.h:1459
  if ((int32_t)(IRQn) >= 0)
 8003526:	1dfb      	adds	r3, r7, #7
 8003528:	781b      	ldrb	r3, [r3, #0]
 800352a:	2b7f      	cmp	r3, #127	; 0x7f
 800352c:	d82f      	bhi.n	800358e <__NVIC_SetPriority+0x76>
\\TJAND17\sen.he\project\unc_linux_rls_25d\source\bsp\mcu\GD\GD ARM MCU Debug/../Firmware/CMSIS/core_cm23.h:1461
    NVIC->IPR[_IP_IDX(IRQn)]  = ((uint32_t)(NVIC->IPR[_IP_IDX(IRQn)]  & ~(0xFFUL << _BIT_SHIFT(IRQn))) |
 800352e:	f24e 1300 	movw	r3, #57600	; 0xe100
 8003532:	f2ce 0300 	movt	r3, #57344	; 0xe000
 8003536:	1dfa      	adds	r2, r7, #7
 8003538:	7812      	ldrb	r2, [r2, #0]
 800353a:	b252      	sxtb	r2, r2
 800353c:	0892      	lsrs	r2, r2, #2
 800353e:	32c0      	adds	r2, #192	; 0xc0
 8003540:	0092      	lsls	r2, r2, #2
 8003542:	58d3      	ldr	r3, [r2, r3]
 8003544:	1dfa      	adds	r2, r7, #7
 8003546:	7812      	ldrb	r2, [r2, #0]
 8003548:	0011      	movs	r1, r2
 800354a:	2203      	movs	r2, #3
 800354c:	400a      	ands	r2, r1
 800354e:	00d2      	lsls	r2, r2, #3
 8003550:	21ff      	movs	r1, #255	; 0xff
 8003552:	4091      	lsls	r1, r2
 8003554:	000a      	movs	r2, r1
 8003556:	43d2      	mvns	r2, r2
 8003558:	401a      	ands	r2, r3
 800355a:	0010      	movs	r0, r2
\\TJAND17\sen.he\project\unc_linux_rls_25d\source\bsp\mcu\GD\GD ARM MCU Debug/../Firmware/CMSIS/core_cm23.h:1462
       (((priority << (8U - __NVIC_PRIO_BITS)) & (uint32_t)0xFFUL) << _BIT_SHIFT(IRQn)));
 800355c:	683b      	ldr	r3, [r7, #0]
 800355e:	019b      	lsls	r3, r3, #6
 8003560:	22ff      	movs	r2, #255	; 0xff
 8003562:	401a      	ands	r2, r3
 8003564:	1dfb      	adds	r3, r7, #7
 8003566:	781b      	ldrb	r3, [r3, #0]
 8003568:	0019      	movs	r1, r3
 800356a:	2303      	movs	r3, #3
 800356c:	400b      	ands	r3, r1
 800356e:	00db      	lsls	r3, r3, #3
 8003570:	409a      	lsls	r2, r3
 8003572:	0011      	movs	r1, r2
\\TJAND17\sen.he\project\unc_linux_rls_25d\source\bsp\mcu\GD\GD ARM MCU Debug/../Firmware/CMSIS/core_cm23.h:1461
    NVIC->IPR[_IP_IDX(IRQn)]  = ((uint32_t)(NVIC->IPR[_IP_IDX(IRQn)]  & ~(0xFFUL << _BIT_SHIFT(IRQn))) |
 8003574:	f24e 1300 	movw	r3, #57600	; 0xe100
 8003578:	f2ce 0300 	movt	r3, #57344	; 0xe000
 800357c:	1dfa      	adds	r2, r7, #7
 800357e:	7812      	ldrb	r2, [r2, #0]
 8003580:	b252      	sxtb	r2, r2
 8003582:	0892      	lsrs	r2, r2, #2
 8003584:	4301      	orrs	r1, r0
 8003586:	32c0      	adds	r2, #192	; 0xc0
 8003588:	0092      	lsls	r2, r2, #2
 800358a:	50d1      	str	r1, [r2, r3]
\\TJAND17\sen.he\project\unc_linux_rls_25d\source\bsp\mcu\GD\GD ARM MCU Debug/../Firmware/CMSIS/core_cm23.h:1469
}
 800358c:	e037      	b.n	80035fe <__NVIC_SetPriority+0xe6>
\\TJAND17\sen.he\project\unc_linux_rls_25d\source\bsp\mcu\GD\GD ARM MCU Debug/../Firmware/CMSIS/core_cm23.h:1466
    SCB->SHPR[_SHP_IDX(IRQn)] = ((uint32_t)(SCB->SHPR[_SHP_IDX(IRQn)] & ~(0xFFUL << _BIT_SHIFT(IRQn))) |
 800358e:	f64e 5300 	movw	r3, #60672	; 0xed00
 8003592:	f2ce 0300 	movt	r3, #57344	; 0xe000
 8003596:	1dfa      	adds	r2, r7, #7
 8003598:	7812      	ldrb	r2, [r2, #0]
 800359a:	0011      	movs	r1, r2
 800359c:	220f      	movs	r2, #15
 800359e:	400a      	ands	r2, r1
 80035a0:	3a08      	subs	r2, #8
 80035a2:	0892      	lsrs	r2, r2, #2
 80035a4:	3206      	adds	r2, #6
 80035a6:	0092      	lsls	r2, r2, #2
 80035a8:	189b      	adds	r3, r3, r2
 80035aa:	3304      	adds	r3, #4
 80035ac:	681b      	ldr	r3, [r3, #0]
 80035ae:	1dfa      	adds	r2, r7, #7
 80035b0:	7812      	ldrb	r2, [r2, #0]
 80035b2:	0011      	movs	r1, r2
 80035b4:	2203      	movs	r2, #3
 80035b6:	400a      	ands	r2, r1
 80035b8:	00d2      	lsls	r2, r2, #3
 80035ba:	21ff      	movs	r1, #255	; 0xff
 80035bc:	4091      	lsls	r1, r2
 80035be:	000a      	movs	r2, r1
 80035c0:	43d2      	mvns	r2, r2
 80035c2:	401a      	ands	r2, r3
 80035c4:	0010      	movs	r0, r2
\\TJAND17\sen.he\project\unc_linux_rls_25d\source\bsp\mcu\GD\GD ARM MCU Debug/../Firmware/CMSIS/core_cm23.h:1467
       (((priority << (8U - __NVIC_PRIO_BITS)) & (uint32_t)0xFFUL) << _BIT_SHIFT(IRQn)));
 80035c6:	683b      	ldr	r3, [r7, #0]
 80035c8:	019b      	lsls	r3, r3, #6
 80035ca:	22ff      	movs	r2, #255	; 0xff
 80035cc:	401a      	ands	r2, r3
 80035ce:	1dfb      	adds	r3, r7, #7
 80035d0:	781b      	ldrb	r3, [r3, #0]
 80035d2:	0019      	movs	r1, r3
 80035d4:	2303      	movs	r3, #3
 80035d6:	400b      	ands	r3, r1
 80035d8:	00db      	lsls	r3, r3, #3
 80035da:	409a      	lsls	r2, r3
\\TJAND17\sen.he\project\unc_linux_rls_25d\source\bsp\mcu\GD\GD ARM MCU Debug/../Firmware/CMSIS/core_cm23.h:1466
    SCB->SHPR[_SHP_IDX(IRQn)] = ((uint32_t)(SCB->SHPR[_SHP_IDX(IRQn)] & ~(0xFFUL << _BIT_SHIFT(IRQn))) |
 80035dc:	f64e 5300 	movw	r3, #60672	; 0xed00
 80035e0:	f2ce 0300 	movt	r3, #57344	; 0xe000
 80035e4:	1df9      	adds	r1, r7, #7
 80035e6:	7809      	ldrb	r1, [r1, #0]
 80035e8:	000c      	movs	r4, r1
 80035ea:	210f      	movs	r1, #15
 80035ec:	4021      	ands	r1, r4
 80035ee:	3908      	subs	r1, #8
 80035f0:	0889      	lsrs	r1, r1, #2
 80035f2:	4302      	orrs	r2, r0
 80035f4:	3106      	adds	r1, #6
 80035f6:	0089      	lsls	r1, r1, #2
 80035f8:	185b      	adds	r3, r3, r1
 80035fa:	3304      	adds	r3, #4
 80035fc:	601a      	str	r2, [r3, #0]
\\TJAND17\sen.he\project\unc_linux_rls_25d\source\bsp\mcu\GD\GD ARM MCU Debug/../Firmware/CMSIS/core_cm23.h:1469
}
 80035fe:	46c0      	nop			; (mov r8, r8)
 8003600:	46bd      	mov	sp, r7
 8003602:	b003      	add	sp, #12
 8003604:	bd90      	pop	{r4, r7, pc}

08003606 <nvic_irq_enable>:
nvic_irq_enable():
\\TJAND17\sen.he\project\unc_linux_rls_25d\source\bsp\mcu\GD\GD ARM MCU Debug/../Firmware/GD32E23x_standard_peripheral/Source/gd32e23x_misc.c:46
    \param[out] none
    \retval     none
*/
void nvic_irq_enable(IRQn_Type nvic_irq,
                     uint8_t nvic_irq_priority)
{
 8003606:	b580      	push	{r7, lr}
 8003608:	b082      	sub	sp, #8
 800360a:	af00      	add	r7, sp, #0
 800360c:	0002      	movs	r2, r0
 800360e:	1dfb      	adds	r3, r7, #7
 8003610:	701a      	strb	r2, [r3, #0]
 8003612:	1dbb      	adds	r3, r7, #6
 8003614:	1c0a      	adds	r2, r1, #0
 8003616:	701a      	strb	r2, [r3, #0]
\\TJAND17\sen.he\project\unc_linux_rls_25d\source\bsp\mcu\GD\GD ARM MCU Debug/../Firmware/GD32E23x_standard_peripheral/Source/gd32e23x_misc.c:48
    /* set the priority and enable the selected IRQ */
    NVIC_SetPriority((IRQn_Type)nvic_irq, (uint32_t)nvic_irq_priority);
 8003618:	1dbb      	adds	r3, r7, #6
 800361a:	781a      	ldrb	r2, [r3, #0]
 800361c:	1dfb      	adds	r3, r7, #7
 800361e:	781b      	ldrb	r3, [r3, #0]
 8003620:	b25b      	sxtb	r3, r3
 8003622:	0011      	movs	r1, r2
 8003624:	0018      	movs	r0, r3
 8003626:	f7ff ff77 	bl	8003518 <__NVIC_SetPriority>
\\TJAND17\sen.he\project\unc_linux_rls_25d\source\bsp\mcu\GD\GD ARM MCU Debug/../Firmware/GD32E23x_standard_peripheral/Source/gd32e23x_misc.c:49
    NVIC_EnableIRQ((IRQn_Type)nvic_irq);
 800362a:	1dfb      	adds	r3, r7, #7
 800362c:	781b      	ldrb	r3, [r3, #0]
 800362e:	b25b      	sxtb	r3, r3
 8003630:	0018      	movs	r0, r3
 8003632:	f7ff ff28 	bl	8003486 <__NVIC_EnableIRQ>
\\TJAND17\sen.he\project\unc_linux_rls_25d\source\bsp\mcu\GD\GD ARM MCU Debug/../Firmware/GD32E23x_standard_peripheral/Source/gd32e23x_misc.c:50
}
 8003636:	46c0      	nop			; (mov r8, r8)
 8003638:	46bd      	mov	sp, r7
 800363a:	b002      	add	sp, #8
 800363c:	bd80      	pop	{r7, pc}

0800363e <nvic_irq_disable>:
nvic_irq_disable():
\\TJAND17\sen.he\project\unc_linux_rls_25d\source\bsp\mcu\GD\GD ARM MCU Debug/../Firmware/GD32E23x_standard_peripheral/Source/gd32e23x_misc.c:59
    \param[in]  nvic_irq: the NVIC interrupt request, detailed in IRQn_Type
    \param[out] none
    \retval     none
*/
void nvic_irq_disable(IRQn_Type nvic_irq)
{
 800363e:	b580      	push	{r7, lr}
 8003640:	b082      	sub	sp, #8
 8003642:	af00      	add	r7, sp, #0
 8003644:	0002      	movs	r2, r0
 8003646:	1dfb      	adds	r3, r7, #7
 8003648:	701a      	strb	r2, [r3, #0]
\\TJAND17\sen.he\project\unc_linux_rls_25d\source\bsp\mcu\GD\GD ARM MCU Debug/../Firmware/GD32E23x_standard_peripheral/Source/gd32e23x_misc.c:61
    /* disable the selected IRQ.*/
    NVIC_DisableIRQ((IRQn_Type)nvic_irq);
 800364a:	1dfb      	adds	r3, r7, #7
 800364c:	781b      	ldrb	r3, [r3, #0]
 800364e:	b25b      	sxtb	r3, r3
 8003650:	0018      	movs	r0, r3
 8003652:	f7ff ff39 	bl	80034c8 <__NVIC_DisableIRQ>
\\TJAND17\sen.he\project\unc_linux_rls_25d\source\bsp\mcu\GD\GD ARM MCU Debug/../Firmware/GD32E23x_standard_peripheral/Source/gd32e23x_misc.c:62
}
 8003656:	46c0      	nop			; (mov r8, r8)
 8003658:	46bd      	mov	sp, r7
 800365a:	b002      	add	sp, #8
 800365c:	bd80      	pop	{r7, pc}

0800365e <nvic_vector_table_set>:
nvic_vector_table_set():
\\TJAND17\sen.he\project\unc_linux_rls_25d\source\bsp\mcu\GD\GD ARM MCU Debug/../Firmware/GD32E23x_standard_peripheral/Source/gd32e23x_misc.c:86
    \param[in]  offset: Vector Table offset
    \param[out] none
    \retval     none
*/
void nvic_vector_table_set(uint32_t nvic_vict_tab, uint32_t offset)
{
 800365e:	b580      	push	{r7, lr}
 8003660:	b082      	sub	sp, #8
 8003662:	af00      	add	r7, sp, #0
 8003664:	6078      	str	r0, [r7, #4]
 8003666:	6039      	str	r1, [r7, #0]
\\TJAND17\sen.he\project\unc_linux_rls_25d\source\bsp\mcu\GD\GD ARM MCU Debug/../Firmware/GD32E23x_standard_peripheral/Source/gd32e23x_misc.c:87
    SCB->VTOR = nvic_vict_tab | (offset & NVIC_VECTTAB_OFFSET_MASK);
 8003668:	683a      	ldr	r2, [r7, #0]
 800366a:	f64f 7380 	movw	r3, #65408	; 0xff80
 800366e:	f6c1 73ff 	movt	r3, #8191	; 0x1fff
 8003672:	401a      	ands	r2, r3
 8003674:	0011      	movs	r1, r2
 8003676:	f64e 5300 	movw	r3, #60672	; 0xed00
 800367a:	f2ce 0300 	movt	r3, #57344	; 0xe000
 800367e:	687a      	ldr	r2, [r7, #4]
 8003680:	430a      	orrs	r2, r1
 8003682:	609a      	str	r2, [r3, #8]
__DSB():
\\TJAND17\sen.he\project\unc_linux_rls_25d\source\bsp\mcu\GD\GD ARM MCU Debug/../Firmware/CMSIS/cmsis_gcc.h:753
  __ASM volatile ("dsb 0xF":::"memory");
 8003684:	f3bf 8f4f 	dsb	sy
\\TJAND17\sen.he\project\unc_linux_rls_25d\source\bsp\mcu\GD\GD ARM MCU Debug/../Firmware/CMSIS/cmsis_gcc.h:754
}
 8003688:	46c0      	nop			; (mov r8, r8)
nvic_vector_table_set():
\\TJAND17\sen.he\project\unc_linux_rls_25d\source\bsp\mcu\GD\GD ARM MCU Debug/../Firmware/GD32E23x_standard_peripheral/Source/gd32e23x_misc.c:89
    __DSB();
}
 800368a:	46c0      	nop			; (mov r8, r8)
 800368c:	46bd      	mov	sp, r7
 800368e:	b002      	add	sp, #8
 8003690:	bd80      	pop	{r7, pc}

08003692 <gpio_mode_set>:
gpio_mode_set():
\\TJAND17\sen.he\project\unc_linux_rls_25d\source\bsp\mcu\GD\GD ARM MCU Debug/../Firmware/GD32E23x_standard_peripheral/Source/gd32e23x_gpio.c:96
      \arg        GPIO_PIN_x(x=0..15), GPIO_PIN_ALL
    \param[out] none
    \retval     none
*/
void gpio_mode_set(uint32_t gpio_periph, uint32_t mode, uint32_t pull_up_down, uint32_t pin)
{
 8003692:	b580      	push	{r7, lr}
 8003694:	b088      	sub	sp, #32
 8003696:	af00      	add	r7, sp, #0
 8003698:	60f8      	str	r0, [r7, #12]
 800369a:	60b9      	str	r1, [r7, #8]
 800369c:	607a      	str	r2, [r7, #4]
 800369e:	603b      	str	r3, [r7, #0]
\\TJAND17\sen.he\project\unc_linux_rls_25d\source\bsp\mcu\GD\GD ARM MCU Debug/../Firmware/GD32E23x_standard_peripheral/Source/gd32e23x_gpio.c:100
    uint16_t i;
    uint32_t ctl, pupd;

    ctl = GPIO_CTL(gpio_periph);
 80036a0:	68fb      	ldr	r3, [r7, #12]
 80036a2:	681b      	ldr	r3, [r3, #0]
 80036a4:	61bb      	str	r3, [r7, #24]
\\TJAND17\sen.he\project\unc_linux_rls_25d\source\bsp\mcu\GD\GD ARM MCU Debug/../Firmware/GD32E23x_standard_peripheral/Source/gd32e23x_gpio.c:101
    pupd = GPIO_PUD(gpio_periph);
 80036a6:	68fb      	ldr	r3, [r7, #12]
 80036a8:	330c      	adds	r3, #12
 80036aa:	681b      	ldr	r3, [r3, #0]
 80036ac:	617b      	str	r3, [r7, #20]
\\TJAND17\sen.he\project\unc_linux_rls_25d\source\bsp\mcu\GD\GD ARM MCU Debug/../Firmware/GD32E23x_standard_peripheral/Source/gd32e23x_gpio.c:103

    for(i = 0U; i < 16U; i++) {
 80036ae:	231e      	movs	r3, #30
 80036b0:	18fb      	adds	r3, r7, r3
 80036b2:	2200      	movs	r2, #0
 80036b4:	801a      	strh	r2, [r3, #0]
 80036b6:	e034      	b.n	8003722 <gpio_mode_set+0x90>
\\TJAND17\sen.he\project\unc_linux_rls_25d\source\bsp\mcu\GD\GD ARM MCU Debug/../Firmware/GD32E23x_standard_peripheral/Source/gd32e23x_gpio.c:104
        if((1U << i) & pin) {
 80036b8:	211e      	movs	r1, #30
 80036ba:	187b      	adds	r3, r7, r1
 80036bc:	881b      	ldrh	r3, [r3, #0]
 80036be:	2201      	movs	r2, #1
 80036c0:	409a      	lsls	r2, r3
 80036c2:	0013      	movs	r3, r2
 80036c4:	683a      	ldr	r2, [r7, #0]
 80036c6:	4013      	ands	r3, r2
 80036c8:	b32b      	cbz	r3, 8003716 <gpio_mode_set+0x84>
\\TJAND17\sen.he\project\unc_linux_rls_25d\source\bsp\mcu\GD\GD ARM MCU Debug/../Firmware/GD32E23x_standard_peripheral/Source/gd32e23x_gpio.c:106
            /* clear the specified pin mode bits */
            ctl &= ~GPIO_MODE_MASK(i);
 80036ca:	187b      	adds	r3, r7, r1
 80036cc:	881b      	ldrh	r3, [r3, #0]
 80036ce:	005b      	lsls	r3, r3, #1
 80036d0:	2203      	movs	r2, #3
 80036d2:	409a      	lsls	r2, r3
 80036d4:	0013      	movs	r3, r2
 80036d6:	43da      	mvns	r2, r3
 80036d8:	69bb      	ldr	r3, [r7, #24]
 80036da:	4013      	ands	r3, r2
 80036dc:	61bb      	str	r3, [r7, #24]
\\TJAND17\sen.he\project\unc_linux_rls_25d\source\bsp\mcu\GD\GD ARM MCU Debug/../Firmware/GD32E23x_standard_peripheral/Source/gd32e23x_gpio.c:108
            /* set the specified pin mode bits */
            ctl |= GPIO_MODE_SET(i, mode);
 80036de:	187b      	adds	r3, r7, r1
 80036e0:	881b      	ldrh	r3, [r3, #0]
 80036e2:	005b      	lsls	r3, r3, #1
 80036e4:	68ba      	ldr	r2, [r7, #8]
 80036e6:	409a      	lsls	r2, r3
 80036e8:	0013      	movs	r3, r2
 80036ea:	69ba      	ldr	r2, [r7, #24]
 80036ec:	4313      	orrs	r3, r2
 80036ee:	61bb      	str	r3, [r7, #24]
\\TJAND17\sen.he\project\unc_linux_rls_25d\source\bsp\mcu\GD\GD ARM MCU Debug/../Firmware/GD32E23x_standard_peripheral/Source/gd32e23x_gpio.c:111

            /* clear the specified pin pupd bits */
            pupd &= ~GPIO_PUPD_MASK(i);
 80036f0:	187b      	adds	r3, r7, r1
 80036f2:	881b      	ldrh	r3, [r3, #0]
 80036f4:	005b      	lsls	r3, r3, #1
 80036f6:	2203      	movs	r2, #3
 80036f8:	409a      	lsls	r2, r3
 80036fa:	0013      	movs	r3, r2
 80036fc:	43da      	mvns	r2, r3
 80036fe:	697b      	ldr	r3, [r7, #20]
 8003700:	4013      	ands	r3, r2
 8003702:	617b      	str	r3, [r7, #20]
\\TJAND17\sen.he\project\unc_linux_rls_25d\source\bsp\mcu\GD\GD ARM MCU Debug/../Firmware/GD32E23x_standard_peripheral/Source/gd32e23x_gpio.c:113
            /* set the specified pin pupd bits */
            pupd |= GPIO_PUPD_SET(i, pull_up_down);
 8003704:	187b      	adds	r3, r7, r1
 8003706:	881b      	ldrh	r3, [r3, #0]
 8003708:	005b      	lsls	r3, r3, #1
 800370a:	687a      	ldr	r2, [r7, #4]
 800370c:	409a      	lsls	r2, r3
 800370e:	0013      	movs	r3, r2
 8003710:	697a      	ldr	r2, [r7, #20]
 8003712:	4313      	orrs	r3, r2
 8003714:	617b      	str	r3, [r7, #20]
\\TJAND17\sen.he\project\unc_linux_rls_25d\source\bsp\mcu\GD\GD ARM MCU Debug/../Firmware/GD32E23x_standard_peripheral/Source/gd32e23x_gpio.c:103 (discriminator 2)
    for(i = 0U; i < 16U; i++) {
 8003716:	211e      	movs	r1, #30
 8003718:	187b      	adds	r3, r7, r1
 800371a:	881a      	ldrh	r2, [r3, #0]
 800371c:	187b      	adds	r3, r7, r1
 800371e:	3201      	adds	r2, #1
 8003720:	801a      	strh	r2, [r3, #0]
\\TJAND17\sen.he\project\unc_linux_rls_25d\source\bsp\mcu\GD\GD ARM MCU Debug/../Firmware/GD32E23x_standard_peripheral/Source/gd32e23x_gpio.c:103 (discriminator 1)
 8003722:	231e      	movs	r3, #30
 8003724:	18fb      	adds	r3, r7, r3
 8003726:	881b      	ldrh	r3, [r3, #0]
 8003728:	2b0f      	cmp	r3, #15
 800372a:	d9c5      	bls.n	80036b8 <gpio_mode_set+0x26>
\\TJAND17\sen.he\project\unc_linux_rls_25d\source\bsp\mcu\GD\GD ARM MCU Debug/../Firmware/GD32E23x_standard_peripheral/Source/gd32e23x_gpio.c:117
        }
    }

    GPIO_CTL(gpio_periph) = ctl;
 800372c:	68fb      	ldr	r3, [r7, #12]
 800372e:	69ba      	ldr	r2, [r7, #24]
 8003730:	601a      	str	r2, [r3, #0]
\\TJAND17\sen.he\project\unc_linux_rls_25d\source\bsp\mcu\GD\GD ARM MCU Debug/../Firmware/GD32E23x_standard_peripheral/Source/gd32e23x_gpio.c:118
    GPIO_PUD(gpio_periph) = pupd;
 8003732:	68fb      	ldr	r3, [r7, #12]
 8003734:	330c      	adds	r3, #12
 8003736:	697a      	ldr	r2, [r7, #20]
 8003738:	601a      	str	r2, [r3, #0]
\\TJAND17\sen.he\project\unc_linux_rls_25d\source\bsp\mcu\GD\GD ARM MCU Debug/../Firmware/GD32E23x_standard_peripheral/Source/gd32e23x_gpio.c:119
}
 800373a:	46c0      	nop			; (mov r8, r8)
 800373c:	46bd      	mov	sp, r7
 800373e:	b008      	add	sp, #32
 8003740:	bd80      	pop	{r7, pc}

08003742 <gpio_output_options_set>:
gpio_output_options_set():
\\TJAND17\sen.he\project\unc_linux_rls_25d\source\bsp\mcu\GD\GD ARM MCU Debug/../Firmware/GD32E23x_standard_peripheral/Source/gd32e23x_gpio.c:140
      \arg        GPIO_PIN_x(x=0..15), GPIO_PIN_ALL
    \param[out] none
    \retval     none
*/
void gpio_output_options_set(uint32_t gpio_periph, uint8_t otype, uint32_t speed, uint32_t pin)
{
 8003742:	b580      	push	{r7, lr}
 8003744:	b086      	sub	sp, #24
 8003746:	af00      	add	r7, sp, #0
 8003748:	60f8      	str	r0, [r7, #12]
 800374a:	607a      	str	r2, [r7, #4]
 800374c:	603b      	str	r3, [r7, #0]
 800374e:	200b      	movs	r0, #11
 8003750:	183b      	adds	r3, r7, r0
 8003752:	1c0a      	adds	r2, r1, #0
 8003754:	701a      	strb	r2, [r3, #0]
\\TJAND17\sen.he\project\unc_linux_rls_25d\source\bsp\mcu\GD\GD ARM MCU Debug/../Firmware/GD32E23x_standard_peripheral/Source/gd32e23x_gpio.c:144
    uint16_t i;
    uint32_t ospeed;

    if(GPIO_OTYPE_OD == otype) {
 8003756:	183b      	adds	r3, r7, r0
 8003758:	781b      	ldrb	r3, [r3, #0]
 800375a:	2b01      	cmp	r3, #1
 800375c:	d108      	bne.n	8003770 <gpio_output_options_set+0x2e>
\\TJAND17\sen.he\project\unc_linux_rls_25d\source\bsp\mcu\GD\GD ARM MCU Debug/../Firmware/GD32E23x_standard_peripheral/Source/gd32e23x_gpio.c:145
        GPIO_OMODE(gpio_periph) |= (uint32_t)pin;
 800375e:	68fb      	ldr	r3, [r7, #12]
 8003760:	3304      	adds	r3, #4
 8003762:	6819      	ldr	r1, [r3, #0]
 8003764:	68fb      	ldr	r3, [r7, #12]
 8003766:	3304      	adds	r3, #4
 8003768:	683a      	ldr	r2, [r7, #0]
 800376a:	430a      	orrs	r2, r1
 800376c:	601a      	str	r2, [r3, #0]
 800376e:	e008      	b.n	8003782 <gpio_output_options_set+0x40>
\\TJAND17\sen.he\project\unc_linux_rls_25d\source\bsp\mcu\GD\GD ARM MCU Debug/../Firmware/GD32E23x_standard_peripheral/Source/gd32e23x_gpio.c:147
    } else {
        GPIO_OMODE(gpio_periph) &= (uint32_t)(~pin);
 8003770:	68fb      	ldr	r3, [r7, #12]
 8003772:	3304      	adds	r3, #4
 8003774:	681a      	ldr	r2, [r3, #0]
 8003776:	683b      	ldr	r3, [r7, #0]
 8003778:	43d9      	mvns	r1, r3
 800377a:	68fb      	ldr	r3, [r7, #12]
 800377c:	3304      	adds	r3, #4
 800377e:	400a      	ands	r2, r1
 8003780:	601a      	str	r2, [r3, #0]
\\TJAND17\sen.he\project\unc_linux_rls_25d\source\bsp\mcu\GD\GD ARM MCU Debug/../Firmware/GD32E23x_standard_peripheral/Source/gd32e23x_gpio.c:151
    }

    /* get the specified pin output speed bits value */
    ospeed = GPIO_OSPD(gpio_periph);
 8003782:	68fb      	ldr	r3, [r7, #12]
 8003784:	3308      	adds	r3, #8
 8003786:	681b      	ldr	r3, [r3, #0]
 8003788:	613b      	str	r3, [r7, #16]
\\TJAND17\sen.he\project\unc_linux_rls_25d\source\bsp\mcu\GD\GD ARM MCU Debug/../Firmware/GD32E23x_standard_peripheral/Source/gd32e23x_gpio.c:153

    for(i = 0U; i < 16U; i++) {
 800378a:	2316      	movs	r3, #22
 800378c:	18fb      	adds	r3, r7, r3
 800378e:	2200      	movs	r2, #0
 8003790:	801a      	strh	r2, [r3, #0]
 8003792:	e021      	b.n	80037d8 <gpio_output_options_set+0x96>
\\TJAND17\sen.he\project\unc_linux_rls_25d\source\bsp\mcu\GD\GD ARM MCU Debug/../Firmware/GD32E23x_standard_peripheral/Source/gd32e23x_gpio.c:154
        if((1U << i) & pin) {
 8003794:	2116      	movs	r1, #22
 8003796:	187b      	adds	r3, r7, r1
 8003798:	881b      	ldrh	r3, [r3, #0]
 800379a:	2201      	movs	r2, #1
 800379c:	409a      	lsls	r2, r3
 800379e:	0013      	movs	r3, r2
 80037a0:	683a      	ldr	r2, [r7, #0]
 80037a2:	4013      	ands	r3, r2
 80037a4:	b193      	cbz	r3, 80037cc <gpio_output_options_set+0x8a>
\\TJAND17\sen.he\project\unc_linux_rls_25d\source\bsp\mcu\GD\GD ARM MCU Debug/../Firmware/GD32E23x_standard_peripheral/Source/gd32e23x_gpio.c:156
            /* clear the specified pin output speed bits */
            ospeed &= ~GPIO_OSPEED_MASK(i);
 80037a6:	187b      	adds	r3, r7, r1
 80037a8:	881b      	ldrh	r3, [r3, #0]
 80037aa:	005b      	lsls	r3, r3, #1
 80037ac:	2203      	movs	r2, #3
 80037ae:	409a      	lsls	r2, r3
 80037b0:	0013      	movs	r3, r2
 80037b2:	43da      	mvns	r2, r3
 80037b4:	693b      	ldr	r3, [r7, #16]
 80037b6:	4013      	ands	r3, r2
 80037b8:	613b      	str	r3, [r7, #16]
\\TJAND17\sen.he\project\unc_linux_rls_25d\source\bsp\mcu\GD\GD ARM MCU Debug/../Firmware/GD32E23x_standard_peripheral/Source/gd32e23x_gpio.c:158
            /* set the specified pin output speed bits */
            ospeed |= GPIO_OSPEED_SET(i, speed);
 80037ba:	187b      	adds	r3, r7, r1
 80037bc:	881b      	ldrh	r3, [r3, #0]
 80037be:	005b      	lsls	r3, r3, #1
 80037c0:	687a      	ldr	r2, [r7, #4]
 80037c2:	409a      	lsls	r2, r3
 80037c4:	0013      	movs	r3, r2
 80037c6:	693a      	ldr	r2, [r7, #16]
 80037c8:	4313      	orrs	r3, r2
 80037ca:	613b      	str	r3, [r7, #16]
\\TJAND17\sen.he\project\unc_linux_rls_25d\source\bsp\mcu\GD\GD ARM MCU Debug/../Firmware/GD32E23x_standard_peripheral/Source/gd32e23x_gpio.c:153 (discriminator 2)
    for(i = 0U; i < 16U; i++) {
 80037cc:	2116      	movs	r1, #22
 80037ce:	187b      	adds	r3, r7, r1
 80037d0:	881a      	ldrh	r2, [r3, #0]
 80037d2:	187b      	adds	r3, r7, r1
 80037d4:	3201      	adds	r2, #1
 80037d6:	801a      	strh	r2, [r3, #0]
\\TJAND17\sen.he\project\unc_linux_rls_25d\source\bsp\mcu\GD\GD ARM MCU Debug/../Firmware/GD32E23x_standard_peripheral/Source/gd32e23x_gpio.c:153 (discriminator 1)
 80037d8:	2316      	movs	r3, #22
 80037da:	18fb      	adds	r3, r7, r3
 80037dc:	881b      	ldrh	r3, [r3, #0]
 80037de:	2b0f      	cmp	r3, #15
 80037e0:	d9d8      	bls.n	8003794 <gpio_output_options_set+0x52>
\\TJAND17\sen.he\project\unc_linux_rls_25d\source\bsp\mcu\GD\GD ARM MCU Debug/../Firmware/GD32E23x_standard_peripheral/Source/gd32e23x_gpio.c:161
        }
    }
    GPIO_OSPD(gpio_periph) = ospeed;
 80037e2:	68fb      	ldr	r3, [r7, #12]
 80037e4:	3308      	adds	r3, #8
 80037e6:	693a      	ldr	r2, [r7, #16]
 80037e8:	601a      	str	r2, [r3, #0]
\\TJAND17\sen.he\project\unc_linux_rls_25d\source\bsp\mcu\GD\GD ARM MCU Debug/../Firmware/GD32E23x_standard_peripheral/Source/gd32e23x_gpio.c:162
}
 80037ea:	46c0      	nop			; (mov r8, r8)
 80037ec:	46bd      	mov	sp, r7
 80037ee:	b006      	add	sp, #24
 80037f0:	bd80      	pop	{r7, pc}

080037f2 <gpio_bit_set>:
gpio_bit_set():
\\TJAND17\sen.he\project\unc_linux_rls_25d\source\bsp\mcu\GD\GD ARM MCU Debug/../Firmware/GD32E23x_standard_peripheral/Source/gd32e23x_gpio.c:176
      \arg        GPIO_PIN_x(x=0..15), GPIO_PIN_ALL
    \param[out] none
    \retval     none
*/
void gpio_bit_set(uint32_t gpio_periph, uint32_t pin)
{
 80037f2:	b580      	push	{r7, lr}
 80037f4:	b082      	sub	sp, #8
 80037f6:	af00      	add	r7, sp, #0
 80037f8:	6078      	str	r0, [r7, #4]
 80037fa:	6039      	str	r1, [r7, #0]
\\TJAND17\sen.he\project\unc_linux_rls_25d\source\bsp\mcu\GD\GD ARM MCU Debug/../Firmware/GD32E23x_standard_peripheral/Source/gd32e23x_gpio.c:177
    GPIO_BOP(gpio_periph) = (uint32_t)pin;
 80037fc:	687b      	ldr	r3, [r7, #4]
 80037fe:	3318      	adds	r3, #24
 8003800:	683a      	ldr	r2, [r7, #0]
 8003802:	601a      	str	r2, [r3, #0]
\\TJAND17\sen.he\project\unc_linux_rls_25d\source\bsp\mcu\GD\GD ARM MCU Debug/../Firmware/GD32E23x_standard_peripheral/Source/gd32e23x_gpio.c:178
}
 8003804:	46c0      	nop			; (mov r8, r8)
 8003806:	46bd      	mov	sp, r7
 8003808:	b002      	add	sp, #8
 800380a:	bd80      	pop	{r7, pc}

0800380c <gpio_bit_reset>:
gpio_bit_reset():
\\TJAND17\sen.he\project\unc_linux_rls_25d\source\bsp\mcu\GD\GD ARM MCU Debug/../Firmware/GD32E23x_standard_peripheral/Source/gd32e23x_gpio.c:192
      \arg        GPIO_PIN_x(x=0..15), GPIO_PIN_ALL
    \param[out] none
    \retval     none
*/
void gpio_bit_reset(uint32_t gpio_periph, uint32_t pin)
{
 800380c:	b580      	push	{r7, lr}
 800380e:	b082      	sub	sp, #8
 8003810:	af00      	add	r7, sp, #0
 8003812:	6078      	str	r0, [r7, #4]
 8003814:	6039      	str	r1, [r7, #0]
\\TJAND17\sen.he\project\unc_linux_rls_25d\source\bsp\mcu\GD\GD ARM MCU Debug/../Firmware/GD32E23x_standard_peripheral/Source/gd32e23x_gpio.c:193
    GPIO_BC(gpio_periph) = (uint32_t)pin;
 8003816:	687b      	ldr	r3, [r7, #4]
 8003818:	3328      	adds	r3, #40	; 0x28
 800381a:	683a      	ldr	r2, [r7, #0]
 800381c:	601a      	str	r2, [r3, #0]
\\TJAND17\sen.he\project\unc_linux_rls_25d\source\bsp\mcu\GD\GD ARM MCU Debug/../Firmware/GD32E23x_standard_peripheral/Source/gd32e23x_gpio.c:194
}
 800381e:	46c0      	nop			; (mov r8, r8)
 8003820:	46bd      	mov	sp, r7
 8003822:	b002      	add	sp, #8
 8003824:	bd80      	pop	{r7, pc}

08003826 <gpio_input_bit_get>:
gpio_input_bit_get():
\\TJAND17\sen.he\project\unc_linux_rls_25d\source\bsp\mcu\GD\GD ARM MCU Debug/../Firmware/GD32E23x_standard_peripheral/Source/gd32e23x_gpio.c:245
      \arg        GPIO_PIN_x(x=0..15), GPIO_PIN_ALL
    \param[out] none
    \retval     SET or RESET
*/
FlagStatus gpio_input_bit_get(uint32_t gpio_periph, uint32_t pin)
{
 8003826:	b580      	push	{r7, lr}
 8003828:	b082      	sub	sp, #8
 800382a:	af00      	add	r7, sp, #0
 800382c:	6078      	str	r0, [r7, #4]
 800382e:	6039      	str	r1, [r7, #0]
\\TJAND17\sen.he\project\unc_linux_rls_25d\source\bsp\mcu\GD\GD ARM MCU Debug/../Firmware/GD32E23x_standard_peripheral/Source/gd32e23x_gpio.c:246
    if((uint32_t)RESET != (GPIO_ISTAT(gpio_periph) & (pin))) {
 8003830:	687b      	ldr	r3, [r7, #4]
 8003832:	3310      	adds	r3, #16
 8003834:	681b      	ldr	r3, [r3, #0]
 8003836:	683a      	ldr	r2, [r7, #0]
 8003838:	4013      	ands	r3, r2
 800383a:	b10b      	cbz	r3, 8003840 <gpio_input_bit_get+0x1a>
\\TJAND17\sen.he\project\unc_linux_rls_25d\source\bsp\mcu\GD\GD ARM MCU Debug/../Firmware/GD32E23x_standard_peripheral/Source/gd32e23x_gpio.c:247
        return SET;
 800383c:	2301      	movs	r3, #1
 800383e:	e000      	b.n	8003842 <gpio_input_bit_get+0x1c>
\\TJAND17\sen.he\project\unc_linux_rls_25d\source\bsp\mcu\GD\GD ARM MCU Debug/../Firmware/GD32E23x_standard_peripheral/Source/gd32e23x_gpio.c:249
    } else {
        return RESET;
 8003840:	2300      	movs	r3, #0
\\TJAND17\sen.he\project\unc_linux_rls_25d\source\bsp\mcu\GD\GD ARM MCU Debug/../Firmware/GD32E23x_standard_peripheral/Source/gd32e23x_gpio.c:251
    }
}
 8003842:	0018      	movs	r0, r3
 8003844:	46bd      	mov	sp, r7
 8003846:	b002      	add	sp, #8
 8003848:	bd80      	pop	{r7, pc}

0800384a <gpio_af_set>:
gpio_af_set():
\\TJAND17\sen.he\project\unc_linux_rls_25d\source\bsp\mcu\GD\GD ARM MCU Debug/../Firmware/GD32E23x_standard_peripheral/Source/gd32e23x_gpio.c:321
      \arg        GPIO_PIN_x(x=0..15), GPIO_PIN_ALL
    \param[out] none
    \retval     none
*/
void gpio_af_set(uint32_t gpio_periph, uint32_t alt_func_num, uint32_t pin)
{
 800384a:	b580      	push	{r7, lr}
 800384c:	b088      	sub	sp, #32
 800384e:	af00      	add	r7, sp, #0
 8003850:	60f8      	str	r0, [r7, #12]
 8003852:	60b9      	str	r1, [r7, #8]
 8003854:	607a      	str	r2, [r7, #4]
\\TJAND17\sen.he\project\unc_linux_rls_25d\source\bsp\mcu\GD\GD ARM MCU Debug/../Firmware/GD32E23x_standard_peripheral/Source/gd32e23x_gpio.c:325
    uint16_t i;
    uint32_t afrl, afrh;

    afrl = GPIO_AFSEL0(gpio_periph);
 8003856:	68fb      	ldr	r3, [r7, #12]
 8003858:	3320      	adds	r3, #32
 800385a:	681b      	ldr	r3, [r3, #0]
 800385c:	61bb      	str	r3, [r7, #24]
\\TJAND17\sen.he\project\unc_linux_rls_25d\source\bsp\mcu\GD\GD ARM MCU Debug/../Firmware/GD32E23x_standard_peripheral/Source/gd32e23x_gpio.c:326
    afrh = GPIO_AFSEL1(gpio_periph);
 800385e:	68fb      	ldr	r3, [r7, #12]
 8003860:	3324      	adds	r3, #36	; 0x24
 8003862:	681b      	ldr	r3, [r3, #0]
 8003864:	617b      	str	r3, [r7, #20]
\\TJAND17\sen.he\project\unc_linux_rls_25d\source\bsp\mcu\GD\GD ARM MCU Debug/../Firmware/GD32E23x_standard_peripheral/Source/gd32e23x_gpio.c:328

    for(i = 0U; i < 8U; i++) {
 8003866:	231e      	movs	r3, #30
 8003868:	18fb      	adds	r3, r7, r3
 800386a:	2200      	movs	r2, #0
 800386c:	801a      	strh	r2, [r3, #0]
 800386e:	e021      	b.n	80038b4 <gpio_af_set+0x6a>
\\TJAND17\sen.he\project\unc_linux_rls_25d\source\bsp\mcu\GD\GD ARM MCU Debug/../Firmware/GD32E23x_standard_peripheral/Source/gd32e23x_gpio.c:329
        if((1U << i) & pin) {
 8003870:	211e      	movs	r1, #30
 8003872:	187b      	adds	r3, r7, r1
 8003874:	881b      	ldrh	r3, [r3, #0]
 8003876:	2201      	movs	r2, #1
 8003878:	409a      	lsls	r2, r3
 800387a:	0013      	movs	r3, r2
 800387c:	687a      	ldr	r2, [r7, #4]
 800387e:	4013      	ands	r3, r2
 8003880:	b193      	cbz	r3, 80038a8 <gpio_af_set+0x5e>
\\TJAND17\sen.he\project\unc_linux_rls_25d\source\bsp\mcu\GD\GD ARM MCU Debug/../Firmware/GD32E23x_standard_peripheral/Source/gd32e23x_gpio.c:331
            /* clear the specified pin alternate function bits */
            afrl &= ~GPIO_AFR_MASK(i);
 8003882:	187b      	adds	r3, r7, r1
 8003884:	881b      	ldrh	r3, [r3, #0]
 8003886:	009b      	lsls	r3, r3, #2
 8003888:	220f      	movs	r2, #15
 800388a:	409a      	lsls	r2, r3
 800388c:	0013      	movs	r3, r2
 800388e:	43da      	mvns	r2, r3
 8003890:	69bb      	ldr	r3, [r7, #24]
 8003892:	4013      	ands	r3, r2
 8003894:	61bb      	str	r3, [r7, #24]
\\TJAND17\sen.he\project\unc_linux_rls_25d\source\bsp\mcu\GD\GD ARM MCU Debug/../Firmware/GD32E23x_standard_peripheral/Source/gd32e23x_gpio.c:332
            afrl |= GPIO_AFR_SET(i, alt_func_num);
 8003896:	187b      	adds	r3, r7, r1
 8003898:	881b      	ldrh	r3, [r3, #0]
 800389a:	009b      	lsls	r3, r3, #2
 800389c:	68ba      	ldr	r2, [r7, #8]
 800389e:	409a      	lsls	r2, r3
 80038a0:	0013      	movs	r3, r2
 80038a2:	69ba      	ldr	r2, [r7, #24]
 80038a4:	4313      	orrs	r3, r2
 80038a6:	61bb      	str	r3, [r7, #24]
\\TJAND17\sen.he\project\unc_linux_rls_25d\source\bsp\mcu\GD\GD ARM MCU Debug/../Firmware/GD32E23x_standard_peripheral/Source/gd32e23x_gpio.c:328 (discriminator 2)
    for(i = 0U; i < 8U; i++) {
 80038a8:	211e      	movs	r1, #30
 80038aa:	187b      	adds	r3, r7, r1
 80038ac:	881a      	ldrh	r2, [r3, #0]
 80038ae:	187b      	adds	r3, r7, r1
 80038b0:	3201      	adds	r2, #1
 80038b2:	801a      	strh	r2, [r3, #0]
\\TJAND17\sen.he\project\unc_linux_rls_25d\source\bsp\mcu\GD\GD ARM MCU Debug/../Firmware/GD32E23x_standard_peripheral/Source/gd32e23x_gpio.c:328 (discriminator 1)
 80038b4:	221e      	movs	r2, #30
 80038b6:	18bb      	adds	r3, r7, r2
 80038b8:	881b      	ldrh	r3, [r3, #0]
 80038ba:	2b07      	cmp	r3, #7
 80038bc:	d9d8      	bls.n	8003870 <gpio_af_set+0x26>
\\TJAND17\sen.he\project\unc_linux_rls_25d\source\bsp\mcu\GD\GD ARM MCU Debug/../Firmware/GD32E23x_standard_peripheral/Source/gd32e23x_gpio.c:336
        }
    }

    for(i = 8U; i < 16U; i++) {
 80038be:	18bb      	adds	r3, r7, r2
 80038c0:	2208      	movs	r2, #8
 80038c2:	801a      	strh	r2, [r3, #0]
 80038c4:	e023      	b.n	800390e <gpio_af_set+0xc4>
\\TJAND17\sen.he\project\unc_linux_rls_25d\source\bsp\mcu\GD\GD ARM MCU Debug/../Firmware/GD32E23x_standard_peripheral/Source/gd32e23x_gpio.c:337
        if((1U << i) & pin) {
 80038c6:	211e      	movs	r1, #30
 80038c8:	187b      	adds	r3, r7, r1
 80038ca:	881b      	ldrh	r3, [r3, #0]
 80038cc:	2201      	movs	r2, #1
 80038ce:	409a      	lsls	r2, r3
 80038d0:	0013      	movs	r3, r2
 80038d2:	687a      	ldr	r2, [r7, #4]
 80038d4:	4013      	ands	r3, r2
 80038d6:	b1a3      	cbz	r3, 8003902 <gpio_af_set+0xb8>
\\TJAND17\sen.he\project\unc_linux_rls_25d\source\bsp\mcu\GD\GD ARM MCU Debug/../Firmware/GD32E23x_standard_peripheral/Source/gd32e23x_gpio.c:339
            /* clear the specified pin alternate function bits */
            afrh &= ~GPIO_AFR_MASK(i - 8U);
 80038d8:	187b      	adds	r3, r7, r1
 80038da:	881b      	ldrh	r3, [r3, #0]
 80038dc:	3b08      	subs	r3, #8
 80038de:	009b      	lsls	r3, r3, #2
 80038e0:	220f      	movs	r2, #15
 80038e2:	409a      	lsls	r2, r3
 80038e4:	0013      	movs	r3, r2
 80038e6:	43da      	mvns	r2, r3
 80038e8:	697b      	ldr	r3, [r7, #20]
 80038ea:	4013      	ands	r3, r2
 80038ec:	617b      	str	r3, [r7, #20]
\\TJAND17\sen.he\project\unc_linux_rls_25d\source\bsp\mcu\GD\GD ARM MCU Debug/../Firmware/GD32E23x_standard_peripheral/Source/gd32e23x_gpio.c:340
            afrh |= GPIO_AFR_SET(i - 8U, alt_func_num);
 80038ee:	187b      	adds	r3, r7, r1
 80038f0:	881b      	ldrh	r3, [r3, #0]
 80038f2:	3b08      	subs	r3, #8
 80038f4:	009b      	lsls	r3, r3, #2
 80038f6:	68ba      	ldr	r2, [r7, #8]
 80038f8:	409a      	lsls	r2, r3
 80038fa:	0013      	movs	r3, r2
 80038fc:	697a      	ldr	r2, [r7, #20]
 80038fe:	4313      	orrs	r3, r2
 8003900:	617b      	str	r3, [r7, #20]
\\TJAND17\sen.he\project\unc_linux_rls_25d\source\bsp\mcu\GD\GD ARM MCU Debug/../Firmware/GD32E23x_standard_peripheral/Source/gd32e23x_gpio.c:336 (discriminator 2)
    for(i = 8U; i < 16U; i++) {
 8003902:	211e      	movs	r1, #30
 8003904:	187b      	adds	r3, r7, r1
 8003906:	881a      	ldrh	r2, [r3, #0]
 8003908:	187b      	adds	r3, r7, r1
 800390a:	3201      	adds	r2, #1
 800390c:	801a      	strh	r2, [r3, #0]
\\TJAND17\sen.he\project\unc_linux_rls_25d\source\bsp\mcu\GD\GD ARM MCU Debug/../Firmware/GD32E23x_standard_peripheral/Source/gd32e23x_gpio.c:336 (discriminator 1)
 800390e:	231e      	movs	r3, #30
 8003910:	18fb      	adds	r3, r7, r3
 8003912:	881b      	ldrh	r3, [r3, #0]
 8003914:	2b0f      	cmp	r3, #15
 8003916:	d9d6      	bls.n	80038c6 <gpio_af_set+0x7c>
\\TJAND17\sen.he\project\unc_linux_rls_25d\source\bsp\mcu\GD\GD ARM MCU Debug/../Firmware/GD32E23x_standard_peripheral/Source/gd32e23x_gpio.c:344
        }
    }

    GPIO_AFSEL0(gpio_periph) = afrl;
 8003918:	68fb      	ldr	r3, [r7, #12]
 800391a:	3320      	adds	r3, #32
 800391c:	69ba      	ldr	r2, [r7, #24]
 800391e:	601a      	str	r2, [r3, #0]
\\TJAND17\sen.he\project\unc_linux_rls_25d\source\bsp\mcu\GD\GD ARM MCU Debug/../Firmware/GD32E23x_standard_peripheral/Source/gd32e23x_gpio.c:345
    GPIO_AFSEL1(gpio_periph) = afrh;
 8003920:	68fb      	ldr	r3, [r7, #12]
 8003922:	3324      	adds	r3, #36	; 0x24
 8003924:	697a      	ldr	r2, [r7, #20]
 8003926:	601a      	str	r2, [r3, #0]
\\TJAND17\sen.he\project\unc_linux_rls_25d\source\bsp\mcu\GD\GD ARM MCU Debug/../Firmware/GD32E23x_standard_peripheral/Source/gd32e23x_gpio.c:346
}
 8003928:	46c0      	nop			; (mov r8, r8)
 800392a:	46bd      	mov	sp, r7
 800392c:	b008      	add	sp, #32
 800392e:	bd80      	pop	{r7, pc}

08003930 <_soft_delay_>:
_soft_delay_():
\\TJAND17\sen.he\project\unc_linux_rls_25d\source\bsp\mcu\GD\GD ARM MCU Debug/../Firmware/CMSIS/GD/GD32E23x/Source/system_gd32e23x.c:122
static void _soft_delay_(uint32_t time);

/* software delay to prevent the impact of Vcore fluctuations.
   It is strongly recommended to include it to avoid issues caused by self-removal. */
static void _soft_delay_(uint32_t time)
{
 8003930:	b580      	push	{r7, lr}
 8003932:	b084      	sub	sp, #16
 8003934:	af00      	add	r7, sp, #0
 8003936:	6078      	str	r0, [r7, #4]
\\TJAND17\sen.he\project\unc_linux_rls_25d\source\bsp\mcu\GD\GD ARM MCU Debug/../Firmware/CMSIS/GD/GD32E23x/Source/system_gd32e23x.c:124
    __IO uint32_t i;
    for(i=0U; i<time*10U; i++){
 8003938:	2300      	movs	r3, #0
 800393a:	60fb      	str	r3, [r7, #12]
 800393c:	e002      	b.n	8003944 <_soft_delay_+0x14>
\\TJAND17\sen.he\project\unc_linux_rls_25d\source\bsp\mcu\GD\GD ARM MCU Debug/../Firmware/CMSIS/GD/GD32E23x/Source/system_gd32e23x.c:124 (discriminator 3)
 800393e:	68fb      	ldr	r3, [r7, #12]
 8003940:	3301      	adds	r3, #1
 8003942:	60fb      	str	r3, [r7, #12]
\\TJAND17\sen.he\project\unc_linux_rls_25d\source\bsp\mcu\GD\GD ARM MCU Debug/../Firmware/CMSIS/GD/GD32E23x/Source/system_gd32e23x.c:124 (discriminator 1)
 8003944:	687a      	ldr	r2, [r7, #4]
 8003946:	0013      	movs	r3, r2
 8003948:	009b      	lsls	r3, r3, #2
 800394a:	189b      	adds	r3, r3, r2
 800394c:	005b      	lsls	r3, r3, #1
 800394e:	001a      	movs	r2, r3
 8003950:	68fb      	ldr	r3, [r7, #12]
 8003952:	429a      	cmp	r2, r3
 8003954:	d8f3      	bhi.n	800393e <_soft_delay_+0xe>
\\TJAND17\sen.he\project\unc_linux_rls_25d\source\bsp\mcu\GD\GD ARM MCU Debug/../Firmware/CMSIS/GD/GD32E23x/Source/system_gd32e23x.c:126
    }
}
 8003956:	46c0      	nop			; (mov r8, r8)
 8003958:	46c0      	nop			; (mov r8, r8)
 800395a:	46bd      	mov	sp, r7
 800395c:	b004      	add	sp, #16
 800395e:	bd80      	pop	{r7, pc}

08003960 <SystemInit>:
SystemInit():
\\TJAND17\sen.he\project\unc_linux_rls_25d\source\bsp\mcu\GD\GD ARM MCU Debug/../Firmware/CMSIS/GD/GD32E23x/Source/system_gd32e23x.c:137
    \retval     none
    \note       This function contains scenarios leading to an infinite loop.
                Modify according to the use's actual usage scenarios.
*/
void SystemInit(void)
{
 8003960:	b580      	push	{r7, lr}
 8003962:	b082      	sub	sp, #8
 8003964:	af00      	add	r7, sp, #0
\\TJAND17\sen.he\project\unc_linux_rls_25d\source\bsp\mcu\GD\GD ARM MCU Debug/../Firmware/CMSIS/GD/GD32E23x/Source/system_gd32e23x.c:139
    /* enable IRC8M */
    RCU_CTL0 |= RCU_CTL0_IRC8MEN;
 8003966:	f241 0300 	movw	r3, #4096	; 0x1000
 800396a:	f2c4 0302 	movt	r3, #16386	; 0x4002
 800396e:	681a      	ldr	r2, [r3, #0]
 8003970:	f241 0300 	movw	r3, #4096	; 0x1000
 8003974:	f2c4 0302 	movt	r3, #16386	; 0x4002
 8003978:	2101      	movs	r1, #1
 800397a:	430a      	orrs	r2, r1
 800397c:	601a      	str	r2, [r3, #0]
\\TJAND17\sen.he\project\unc_linux_rls_25d\source\bsp\mcu\GD\GD ARM MCU Debug/../Firmware/CMSIS/GD/GD32E23x/Source/system_gd32e23x.c:140
    while(0U == (RCU_CTL0 & RCU_CTL0_IRC8MSTB)){
 800397e:	46c0      	nop			; (mov r8, r8)
\\TJAND17\sen.he\project\unc_linux_rls_25d\source\bsp\mcu\GD\GD ARM MCU Debug/../Firmware/CMSIS/GD/GD32E23x/Source/system_gd32e23x.c:140 (discriminator 1)
 8003980:	f241 0300 	movw	r3, #4096	; 0x1000
 8003984:	f2c4 0302 	movt	r3, #16386	; 0x4002
 8003988:	681b      	ldr	r3, [r3, #0]
 800398a:	2202      	movs	r2, #2
 800398c:	4013      	ands	r3, r2
 800398e:	2b00      	cmp	r3, #0
 8003990:	d0f6      	beq.n	8003980 <SystemInit+0x20>
\\TJAND17\sen.he\project\unc_linux_rls_25d\source\bsp\mcu\GD\GD ARM MCU Debug/../Firmware/CMSIS/GD/GD32E23x/Source/system_gd32e23x.c:142
    }
    if(((RCU_CFG0 & RCU_CFG0_SCSS) == RCU_SCSS_PLL)){
 8003992:	f241 0304 	movw	r3, #4100	; 0x1004
 8003996:	f2c4 0302 	movt	r3, #16386	; 0x4002
 800399a:	681b      	ldr	r3, [r3, #0]
 800399c:	220c      	movs	r2, #12
 800399e:	4013      	ands	r3, r2
 80039a0:	2b08      	cmp	r3, #8
 80039a2:	d139      	bne.n	8003a18 <SystemInit+0xb8>
\\TJAND17\sen.he\project\unc_linux_rls_25d\source\bsp\mcu\GD\GD ARM MCU Debug/../Firmware/CMSIS/GD/GD32E23x/Source/system_gd32e23x.c:143 (discriminator 1)
        RCU_MODIFY(0x80U);
 80039a4:	f241 0304 	movw	r3, #4100	; 0x1004
 80039a8:	f2c4 0302 	movt	r3, #16386	; 0x4002
 80039ac:	681b      	ldr	r3, [r3, #0]
 80039ae:	603b      	str	r3, [r7, #0]
 80039b0:	683b      	ldr	r3, [r7, #0]
 80039b2:	22f0      	movs	r2, #240	; 0xf0
 80039b4:	4393      	bics	r3, r2
 80039b6:	603b      	str	r3, [r7, #0]
 80039b8:	683b      	ldr	r3, [r7, #0]
 80039ba:	2280      	movs	r2, #128	; 0x80
 80039bc:	4313      	orrs	r3, r2
 80039be:	603b      	str	r3, [r7, #0]
 80039c0:	f241 0304 	movw	r3, #4100	; 0x1004
 80039c4:	f2c4 0302 	movt	r3, #16386	; 0x4002
 80039c8:	683a      	ldr	r2, [r7, #0]
 80039ca:	601a      	str	r2, [r3, #0]
 80039cc:	2300      	movs	r3, #0
 80039ce:	607b      	str	r3, [r7, #4]
 80039d0:	e002      	b.n	80039d8 <SystemInit+0x78>
\\TJAND17\sen.he\project\unc_linux_rls_25d\source\bsp\mcu\GD\GD ARM MCU Debug/../Firmware/CMSIS/GD/GD32E23x/Source/system_gd32e23x.c:143 (discriminator 4)
 80039d2:	687b      	ldr	r3, [r7, #4]
 80039d4:	3301      	adds	r3, #1
 80039d6:	607b      	str	r3, [r7, #4]
\\TJAND17\sen.he\project\unc_linux_rls_25d\source\bsp\mcu\GD\GD ARM MCU Debug/../Firmware/CMSIS/GD/GD32E23x/Source/system_gd32e23x.c:143 (discriminator 2)
 80039d8:	687b      	ldr	r3, [r7, #4]
 80039da:	2b7f      	cmp	r3, #127	; 0x7f
 80039dc:	d9f9      	bls.n	80039d2 <SystemInit+0x72>
\\TJAND17\sen.he\project\unc_linux_rls_25d\source\bsp\mcu\GD\GD ARM MCU Debug/../Firmware/CMSIS/GD/GD32E23x/Source/system_gd32e23x.c:143 (discriminator 5)
 80039de:	f241 0304 	movw	r3, #4100	; 0x1004
 80039e2:	f2c4 0302 	movt	r3, #16386	; 0x4002
 80039e6:	681b      	ldr	r3, [r3, #0]
 80039e8:	603b      	str	r3, [r7, #0]
 80039ea:	683b      	ldr	r3, [r7, #0]
 80039ec:	22f0      	movs	r2, #240	; 0xf0
 80039ee:	4393      	bics	r3, r2
 80039f0:	603b      	str	r3, [r7, #0]
 80039f2:	683b      	ldr	r3, [r7, #0]
 80039f4:	2290      	movs	r2, #144	; 0x90
 80039f6:	4313      	orrs	r3, r2
 80039f8:	603b      	str	r3, [r7, #0]
 80039fa:	f241 0304 	movw	r3, #4100	; 0x1004
 80039fe:	f2c4 0302 	movt	r3, #16386	; 0x4002
 8003a02:	683a      	ldr	r2, [r7, #0]
 8003a04:	601a      	str	r2, [r3, #0]
 8003a06:	2300      	movs	r3, #0
 8003a08:	607b      	str	r3, [r7, #4]
 8003a0a:	e002      	b.n	8003a12 <SystemInit+0xb2>
\\TJAND17\sen.he\project\unc_linux_rls_25d\source\bsp\mcu\GD\GD ARM MCU Debug/../Firmware/CMSIS/GD/GD32E23x/Source/system_gd32e23x.c:143 (discriminator 8)
 8003a0c:	687b      	ldr	r3, [r7, #4]
 8003a0e:	3301      	adds	r3, #1
 8003a10:	607b      	str	r3, [r7, #4]
\\TJAND17\sen.he\project\unc_linux_rls_25d\source\bsp\mcu\GD\GD ARM MCU Debug/../Firmware/CMSIS/GD/GD32E23x/Source/system_gd32e23x.c:143 (discriminator 6)
 8003a12:	687b      	ldr	r3, [r7, #4]
 8003a14:	2b7f      	cmp	r3, #127	; 0x7f
 8003a16:	d9f9      	bls.n	8003a0c <SystemInit+0xac>
\\TJAND17\sen.he\project\unc_linux_rls_25d\source\bsp\mcu\GD\GD ARM MCU Debug/../Firmware/CMSIS/GD/GD32E23x/Source/system_gd32e23x.c:145
    }
    RCU_CFG0 &= ~RCU_CFG0_SCS;
 8003a18:	f241 0304 	movw	r3, #4100	; 0x1004
 8003a1c:	f2c4 0302 	movt	r3, #16386	; 0x4002
 8003a20:	681a      	ldr	r2, [r3, #0]
 8003a22:	f241 0304 	movw	r3, #4100	; 0x1004
 8003a26:	f2c4 0302 	movt	r3, #16386	; 0x4002
 8003a2a:	2103      	movs	r1, #3
 8003a2c:	438a      	bics	r2, r1
 8003a2e:	601a      	str	r2, [r3, #0]
\\TJAND17\sen.he\project\unc_linux_rls_25d\source\bsp\mcu\GD\GD ARM MCU Debug/../Firmware/CMSIS/GD/GD32E23x/Source/system_gd32e23x.c:146
    _soft_delay_(100U);
 8003a30:	2064      	movs	r0, #100	; 0x64
 8003a32:	f7ff ff7d 	bl	8003930 <_soft_delay_>
\\TJAND17\sen.he\project\unc_linux_rls_25d\source\bsp\mcu\GD\GD ARM MCU Debug/../Firmware/CMSIS/GD/GD32E23x/Source/system_gd32e23x.c:147
    RCU_CTL0 &= ~(RCU_CTL0_HXTALEN | RCU_CTL0_CKMEN | RCU_CTL0_PLLEN | RCU_CTL0_HXTALBPS);
 8003a36:	f241 0300 	movw	r3, #4096	; 0x1000
 8003a3a:	f2c4 0302 	movt	r3, #16386	; 0x4002
 8003a3e:	6819      	ldr	r1, [r3, #0]
 8003a40:	f241 0300 	movw	r3, #4096	; 0x1000
 8003a44:	f2c4 0302 	movt	r3, #16386	; 0x4002
 8003a48:	f64f 72ff 	movw	r2, #65535	; 0xffff
 8003a4c:	f6cf 62f2 	movt	r2, #65266	; 0xfef2
 8003a50:	400a      	ands	r2, r1
 8003a52:	601a      	str	r2, [r3, #0]
\\TJAND17\sen.he\project\unc_linux_rls_25d\source\bsp\mcu\GD\GD ARM MCU Debug/../Firmware/CMSIS/GD/GD32E23x/Source/system_gd32e23x.c:149
    /* reset RCU */
    RCU_CFG0 &= ~(RCU_CFG0_SCS | RCU_CFG0_AHBPSC | RCU_CFG0_APB1PSC | RCU_CFG0_APB2PSC |\
 8003a54:	f241 0304 	movw	r3, #4100	; 0x1004
 8003a58:	f2c4 0302 	movt	r3, #16386	; 0x4002
 8003a5c:	6819      	ldr	r1, [r3, #0]
 8003a5e:	f241 0304 	movw	r3, #4100	; 0x1004
 8003a62:	f2c4 0302 	movt	r3, #16386	; 0x4002
 8003a66:	220c      	movs	r2, #12
 8003a68:	f6c0 02ff 	movt	r2, #2303	; 0x8ff
 8003a6c:	400a      	ands	r2, r1
 8003a6e:	601a      	str	r2, [r3, #0]
\\TJAND17\sen.he\project\unc_linux_rls_25d\source\bsp\mcu\GD\GD ARM MCU Debug/../Firmware/CMSIS/GD/GD32E23x/Source/system_gd32e23x.c:151
                  RCU_CFG0_ADCPSC | RCU_CFG0_CKOUTSEL | RCU_CFG0_CKOUTDIV | RCU_CFG0_PLLDV);
    RCU_CFG0 &= ~(RCU_CFG0_PLLSEL | RCU_CFG0_PLLMF | RCU_CFG0_PLLMF4 | RCU_CFG0_PLLDV);
 8003a70:	f241 0304 	movw	r3, #4100	; 0x1004
 8003a74:	f2c4 0302 	movt	r3, #16386	; 0x4002
 8003a78:	6819      	ldr	r1, [r3, #0]
 8003a7a:	f241 0304 	movw	r3, #4100	; 0x1004
 8003a7e:	f2c4 0302 	movt	r3, #16386	; 0x4002
 8003a82:	f64f 72ff 	movw	r2, #65535	; 0xffff
 8003a86:	f2c7 72c2 	movt	r2, #30658	; 0x77c2
 8003a8a:	400a      	ands	r2, r1
 8003a8c:	601a      	str	r2, [r3, #0]
\\TJAND17\sen.he\project\unc_linux_rls_25d\source\bsp\mcu\GD\GD ARM MCU Debug/../Firmware/CMSIS/GD/GD32E23x/Source/system_gd32e23x.c:152
    RCU_CFG1 &= ~(RCU_CFG1_PREDV);
 8003a8e:	f241 032c 	movw	r3, #4140	; 0x102c
 8003a92:	f2c4 0302 	movt	r3, #16386	; 0x4002
 8003a96:	681a      	ldr	r2, [r3, #0]
 8003a98:	f241 032c 	movw	r3, #4140	; 0x102c
 8003a9c:	f2c4 0302 	movt	r3, #16386	; 0x4002
 8003aa0:	210f      	movs	r1, #15
 8003aa2:	438a      	bics	r2, r1
 8003aa4:	601a      	str	r2, [r3, #0]
\\TJAND17\sen.he\project\unc_linux_rls_25d\source\bsp\mcu\GD\GD ARM MCU Debug/../Firmware/CMSIS/GD/GD32E23x/Source/system_gd32e23x.c:153
    RCU_CFG2 &= ~(RCU_CFG2_USART0SEL | RCU_CFG2_ADCSEL);
 8003aa6:	f241 0330 	movw	r3, #4144	; 0x1030
 8003aaa:	f2c4 0302 	movt	r3, #16386	; 0x4002
 8003aae:	681a      	ldr	r2, [r3, #0]
 8003ab0:	f241 0330 	movw	r3, #4144	; 0x1030
 8003ab4:	f2c4 0302 	movt	r3, #16386	; 0x4002
 8003ab8:	491c      	ldr	r1, [pc, #112]	; (8003b2c <SystemInit+0x1cc>)
 8003aba:	400a      	ands	r2, r1
 8003abc:	601a      	str	r2, [r3, #0]
\\TJAND17\sen.he\project\unc_linux_rls_25d\source\bsp\mcu\GD\GD ARM MCU Debug/../Firmware/CMSIS/GD/GD32E23x/Source/system_gd32e23x.c:154
    RCU_CFG2 &= ~RCU_CFG2_IRC28MDIV;
 8003abe:	f241 0330 	movw	r3, #4144	; 0x1030
 8003ac2:	f2c4 0302 	movt	r3, #16386	; 0x4002
 8003ac6:	681a      	ldr	r2, [r3, #0]
 8003ac8:	f241 0330 	movw	r3, #4144	; 0x1030
 8003acc:	f2c4 0302 	movt	r3, #16386	; 0x4002
 8003ad0:	4917      	ldr	r1, [pc, #92]	; (8003b30 <SystemInit+0x1d0>)
 8003ad2:	400a      	ands	r2, r1
 8003ad4:	601a      	str	r2, [r3, #0]
\\TJAND17\sen.he\project\unc_linux_rls_25d\source\bsp\mcu\GD\GD ARM MCU Debug/../Firmware/CMSIS/GD/GD32E23x/Source/system_gd32e23x.c:155
    RCU_CFG2 &= ~RCU_CFG2_ADCPSC2;
 8003ad6:	f241 0330 	movw	r3, #4144	; 0x1030
 8003ada:	f2c4 0302 	movt	r3, #16386	; 0x4002
 8003ade:	681a      	ldr	r2, [r3, #0]
 8003ae0:	f241 0330 	movw	r3, #4144	; 0x1030
 8003ae4:	f2c4 0302 	movt	r3, #16386	; 0x4002
 8003ae8:	0052      	lsls	r2, r2, #1
 8003aea:	0852      	lsrs	r2, r2, #1
 8003aec:	601a      	str	r2, [r3, #0]
\\TJAND17\sen.he\project\unc_linux_rls_25d\source\bsp\mcu\GD\GD ARM MCU Debug/../Firmware/CMSIS/GD/GD32E23x/Source/system_gd32e23x.c:156
    RCU_CTL1 &= ~RCU_CTL1_IRC28MEN;
 8003aee:	f241 0334 	movw	r3, #4148	; 0x1034
 8003af2:	f2c4 0302 	movt	r3, #16386	; 0x4002
 8003af6:	681a      	ldr	r2, [r3, #0]
 8003af8:	f241 0334 	movw	r3, #4148	; 0x1034
 8003afc:	f2c4 0302 	movt	r3, #16386	; 0x4002
 8003b00:	2101      	movs	r1, #1
 8003b02:	438a      	bics	r2, r1
 8003b04:	601a      	str	r2, [r3, #0]
\\TJAND17\sen.he\project\unc_linux_rls_25d\source\bsp\mcu\GD\GD ARM MCU Debug/../Firmware/CMSIS/GD/GD32E23x/Source/system_gd32e23x.c:157
    RCU_INT = 0x00000000U;
 8003b06:	f241 0308 	movw	r3, #4104	; 0x1008
 8003b0a:	f2c4 0302 	movt	r3, #16386	; 0x4002
 8003b0e:	2200      	movs	r2, #0
 8003b10:	601a      	str	r2, [r3, #0]
\\TJAND17\sen.he\project\unc_linux_rls_25d\source\bsp\mcu\GD\GD ARM MCU Debug/../Firmware/CMSIS/GD/GD32E23x/Source/system_gd32e23x.c:160

    /* configure system clock */
    system_clock_config();
 8003b12:	f000 f80f 	bl	8003b34 <system_clock_config>
\\TJAND17\sen.he\project\unc_linux_rls_25d\source\bsp\mcu\GD\GD ARM MCU Debug/../Firmware/CMSIS/GD/GD32E23x/Source/system_gd32e23x.c:165
    
#ifdef VECT_TAB_SRAM
    nvic_vector_table_set(NVIC_VECTTAB_RAM,VECT_TAB_OFFSET);
#else
    nvic_vector_table_set(NVIC_VECTTAB_FLASH,VECT_TAB_OFFSET);
 8003b16:	2380      	movs	r3, #128	; 0x80
 8003b18:	051b      	lsls	r3, r3, #20
 8003b1a:	2100      	movs	r1, #0
 8003b1c:	0018      	movs	r0, r3
 8003b1e:	f7ff fd9e 	bl	800365e <nvic_vector_table_set>
\\TJAND17\sen.he\project\unc_linux_rls_25d\source\bsp\mcu\GD\GD ARM MCU Debug/../Firmware/CMSIS/GD/GD32E23x/Source/system_gd32e23x.c:167
#endif
}
 8003b22:	46c0      	nop			; (mov r8, r8)
 8003b24:	46bd      	mov	sp, r7
 8003b26:	b002      	add	sp, #8
 8003b28:	bd80      	pop	{r7, pc}
 8003b2a:	46c0      	nop			; (mov r8, r8)
 8003b2c:	fffffefc 	.word	0xfffffefc
 8003b30:	fffeffff 	.word	0xfffeffff

08003b34 <system_clock_config>:
system_clock_config():
\\TJAND17\sen.he\project\unc_linux_rls_25d\source\bsp\mcu\GD\GD ARM MCU Debug/../Firmware/CMSIS/GD/GD32E23x/Source/system_gd32e23x.c:176
    \param[in]  none
    \param[out] none
    \retval     none
*/
void system_clock_config(void)
{
 8003b34:	b580      	push	{r7, lr}
 8003b36:	af00      	add	r7, sp, #0
\\TJAND17\sen.he\project\unc_linux_rls_25d\source\bsp\mcu\GD\GD ARM MCU Debug/../Firmware/CMSIS/GD/GD32E23x/Source/system_gd32e23x.c:182
#ifdef __SYSTEM_CLOCK_8M_HXTAL
    system_clock_8m_hxtal();
#elif defined (__SYSTEM_CLOCK_72M_PLL_HXTAL)
    system_clock_72m_hxtal();
#elif defined (__SYSTEM_CLOCK_72M_PLL_IRC8M_DIV2)
    system_clock_72m_irc8m();
 8003b38:	f000 f803 	bl	8003b42 <system_clock_72m_irc8m>
\\TJAND17\sen.he\project\unc_linux_rls_25d\source\bsp\mcu\GD\GD ARM MCU Debug/../Firmware/CMSIS/GD/GD32E23x/Source/system_gd32e23x.c:188
#elif defined (__SYSTEM_CLOCK_72M_PLL_IRC48M_DIV2)
    system_clock_72m_irc48m();
#else
    system_clock_8m_irc8m();
#endif /* __SYSTEM_CLOCK_8M_HXTAL */
}
 8003b3c:	46c0      	nop			; (mov r8, r8)
 8003b3e:	46bd      	mov	sp, r7
 8003b40:	bd80      	pop	{r7, pc}

08003b42 <system_clock_72m_irc8m>:
system_clock_72m_irc8m():
\\TJAND17\sen.he\project\unc_linux_rls_25d\source\bsp\mcu\GD\GD ARM MCU Debug/../Firmware/CMSIS/GD/GD32E23x/Source/system_gd32e23x.c:313
    \retval     none
    \note       This function contains scenarios leading to an infinite loop.
                Modify according to the use's actual usage scenarios.
*/
static void system_clock_72m_irc8m(void)
{
 8003b42:	b580      	push	{r7, lr}
 8003b44:	b086      	sub	sp, #24
 8003b46:	af00      	add	r7, sp, #0
\\TJAND17\sen.he\project\unc_linux_rls_25d\source\bsp\mcu\GD\GD ARM MCU Debug/../Firmware/CMSIS/GD/GD32E23x/Source/system_gd32e23x.c:314
    uint32_t timeout = 0U;
 8003b48:	2300      	movs	r3, #0
 8003b4a:	617b      	str	r3, [r7, #20]
\\TJAND17\sen.he\project\unc_linux_rls_25d\source\bsp\mcu\GD\GD ARM MCU Debug/../Firmware/CMSIS/GD/GD32E23x/Source/system_gd32e23x.c:315
    uint32_t stab_flag = 0U;
 8003b4c:	2300      	movs	r3, #0
 8003b4e:	613b      	str	r3, [r7, #16]
\\TJAND17\sen.he\project\unc_linux_rls_25d\source\bsp\mcu\GD\GD ARM MCU Debug/../Firmware/CMSIS/GD/GD32E23x/Source/system_gd32e23x.c:319
    __IO uint32_t reg_temp;
    
    /* enable IRC8M */
    RCU_CTL0 |= RCU_CTL0_IRC8MEN;
 8003b50:	f241 0300 	movw	r3, #4096	; 0x1000
 8003b54:	f2c4 0302 	movt	r3, #16386	; 0x4002
 8003b58:	681a      	ldr	r2, [r3, #0]
 8003b5a:	f241 0300 	movw	r3, #4096	; 0x1000
 8003b5e:	f2c4 0302 	movt	r3, #16386	; 0x4002
 8003b62:	2101      	movs	r1, #1
 8003b64:	430a      	orrs	r2, r1
 8003b66:	601a      	str	r2, [r3, #0]
\\TJAND17\sen.he\project\unc_linux_rls_25d\source\bsp\mcu\GD\GD ARM MCU Debug/../Firmware/CMSIS/GD/GD32E23x/Source/system_gd32e23x.c:323 (discriminator 2)

    /* wait until IRC8M is stable or the startup time is longer than IRC8M_STARTUP_TIMEOUT */
    do{
        timeout++;
 8003b68:	697b      	ldr	r3, [r7, #20]
 8003b6a:	3301      	adds	r3, #1
 8003b6c:	617b      	str	r3, [r7, #20]
\\TJAND17\sen.he\project\unc_linux_rls_25d\source\bsp\mcu\GD\GD ARM MCU Debug/../Firmware/CMSIS/GD/GD32E23x/Source/system_gd32e23x.c:324 (discriminator 2)
        stab_flag = (RCU_CTL0 & RCU_CTL0_IRC8MSTB);
 8003b6e:	f241 0300 	movw	r3, #4096	; 0x1000
 8003b72:	f2c4 0302 	movt	r3, #16386	; 0x4002
 8003b76:	681b      	ldr	r3, [r3, #0]
 8003b78:	2202      	movs	r2, #2
 8003b7a:	4013      	ands	r3, r2
 8003b7c:	613b      	str	r3, [r7, #16]
\\TJAND17\sen.he\project\unc_linux_rls_25d\source\bsp\mcu\GD\GD ARM MCU Debug/../Firmware/CMSIS/GD/GD32E23x/Source/system_gd32e23x.c:326 (discriminator 2)
    }
    while((0U == stab_flag) && (IRC8M_STARTUP_TIMEOUT != timeout));
 8003b7e:	693b      	ldr	r3, [r7, #16]
 8003b80:	b923      	cbnz	r3, 8003b8c <system_clock_72m_irc8m+0x4a>
\\TJAND17\sen.he\project\unc_linux_rls_25d\source\bsp\mcu\GD\GD ARM MCU Debug/../Firmware/CMSIS/GD/GD32E23x/Source/system_gd32e23x.c:326 (discriminator 1)
 8003b82:	697b      	ldr	r3, [r7, #20]
 8003b84:	f240 5200 	movw	r2, #1280	; 0x500
 8003b88:	4293      	cmp	r3, r2
 8003b8a:	d1ed      	bne.n	8003b68 <system_clock_72m_irc8m+0x26>
\\TJAND17\sen.he\project\unc_linux_rls_25d\source\bsp\mcu\GD\GD ARM MCU Debug/../Firmware/CMSIS/GD/GD32E23x/Source/system_gd32e23x.c:329

    /* if fail */
    if(0U == (RCU_CTL0 & RCU_CTL0_IRC8MSTB)){
 8003b8c:	f241 0300 	movw	r3, #4096	; 0x1000
 8003b90:	f2c4 0302 	movt	r3, #16386	; 0x4002
 8003b94:	681b      	ldr	r3, [r3, #0]
 8003b96:	2202      	movs	r2, #2
 8003b98:	4013      	ands	r3, r2
 8003b9a:	b903      	cbnz	r3, 8003b9e <system_clock_72m_irc8m+0x5c>
\\TJAND17\sen.he\project\unc_linux_rls_25d\source\bsp\mcu\GD\GD ARM MCU Debug/../Firmware/CMSIS/GD/GD32E23x/Source/system_gd32e23x.c:330 (discriminator 1)
        while(1){
 8003b9c:	e7fe      	b.n	8003b9c <system_clock_72m_irc8m+0x5a>
\\TJAND17\sen.he\project\unc_linux_rls_25d\source\bsp\mcu\GD\GD ARM MCU Debug/../Firmware/CMSIS/GD/GD32E23x/Source/system_gd32e23x.c:334
        }
    }

    FMC_WS = (FMC_WS & (~FMC_WS_WSCNT)) | WS_WSCNT_2;
 8003b9e:	f242 0300 	movw	r3, #8192	; 0x2000
 8003ba2:	f2c4 0302 	movt	r3, #16386	; 0x4002
 8003ba6:	681b      	ldr	r3, [r3, #0]
 8003ba8:	2207      	movs	r2, #7
 8003baa:	4393      	bics	r3, r2
 8003bac:	001a      	movs	r2, r3
 8003bae:	f242 0300 	movw	r3, #8192	; 0x2000
 8003bb2:	f2c4 0302 	movt	r3, #16386	; 0x4002
 8003bb6:	2102      	movs	r1, #2
 8003bb8:	430a      	orrs	r2, r1
 8003bba:	601a      	str	r2, [r3, #0]
\\TJAND17\sen.he\project\unc_linux_rls_25d\source\bsp\mcu\GD\GD ARM MCU Debug/../Firmware/CMSIS/GD/GD32E23x/Source/system_gd32e23x.c:337
    
    /* AHB = SYSCLK/4 */
    RCU_CFG0 |= RCU_AHB_CKSYS_DIV4;
 8003bbc:	f241 0304 	movw	r3, #4100	; 0x1004
 8003bc0:	f2c4 0302 	movt	r3, #16386	; 0x4002
 8003bc4:	681a      	ldr	r2, [r3, #0]
 8003bc6:	f241 0304 	movw	r3, #4100	; 0x1004
 8003bca:	f2c4 0302 	movt	r3, #16386	; 0x4002
 8003bce:	2190      	movs	r1, #144	; 0x90
 8003bd0:	430a      	orrs	r2, r1
 8003bd2:	601a      	str	r2, [r3, #0]
\\TJAND17\sen.he\project\unc_linux_rls_25d\source\bsp\mcu\GD\GD ARM MCU Debug/../Firmware/CMSIS/GD/GD32E23x/Source/system_gd32e23x.c:339
    /* APB2 = AHB */
    RCU_CFG0 |= RCU_APB2_CKAHB_DIV1;
 8003bd4:	f241 0204 	movw	r2, #4100	; 0x1004
 8003bd8:	f2c4 0202 	movt	r2, #16386	; 0x4002
 8003bdc:	f241 0304 	movw	r3, #4100	; 0x1004
 8003be0:	f2c4 0302 	movt	r3, #16386	; 0x4002
 8003be4:	6812      	ldr	r2, [r2, #0]
 8003be6:	601a      	str	r2, [r3, #0]
\\TJAND17\sen.he\project\unc_linux_rls_25d\source\bsp\mcu\GD\GD ARM MCU Debug/../Firmware/CMSIS/GD/GD32E23x/Source/system_gd32e23x.c:341
    /* APB1 = AHB */
    RCU_CFG0 |= RCU_APB1_CKAHB_DIV1;
 8003be8:	f241 0204 	movw	r2, #4100	; 0x1004
 8003bec:	f2c4 0202 	movt	r2, #16386	; 0x4002
 8003bf0:	f241 0304 	movw	r3, #4100	; 0x1004
 8003bf4:	f2c4 0302 	movt	r3, #16386	; 0x4002
 8003bf8:	6812      	ldr	r2, [r2, #0]
 8003bfa:	601a      	str	r2, [r3, #0]
\\TJAND17\sen.he\project\unc_linux_rls_25d\source\bsp\mcu\GD\GD ARM MCU Debug/../Firmware/CMSIS/GD/GD32E23x/Source/system_gd32e23x.c:343
    /* PLL = (IRC8M/2) * 18 = 72 MHz */
    RCU_CFG0 &= ~(RCU_CFG0_PLLSEL | RCU_CFG0_PLLMF);
 8003bfc:	f241 0304 	movw	r3, #4100	; 0x1004
 8003c00:	f2c4 0302 	movt	r3, #16386	; 0x4002
 8003c04:	6819      	ldr	r1, [r3, #0]
 8003c06:	f241 0304 	movw	r3, #4100	; 0x1004
 8003c0a:	f2c4 0302 	movt	r3, #16386	; 0x4002
 8003c0e:	f64f 72ff 	movw	r2, #65535	; 0xffff
 8003c12:	f2cf 72c2 	movt	r2, #63426	; 0xf7c2
 8003c16:	400a      	ands	r2, r1
 8003c18:	601a      	str	r2, [r3, #0]
\\TJAND17\sen.he\project\unc_linux_rls_25d\source\bsp\mcu\GD\GD ARM MCU Debug/../Firmware/CMSIS/GD/GD32E23x/Source/system_gd32e23x.c:344
    RCU_CFG0 |= (RCU_PLLSRC_IRC8M_DIV2 | RCU_PLL_MUL18);
 8003c1a:	f241 0304 	movw	r3, #4100	; 0x1004
 8003c1e:	f2c4 0302 	movt	r3, #16386	; 0x4002
 8003c22:	6819      	ldr	r1, [r3, #0]
 8003c24:	f241 0304 	movw	r3, #4100	; 0x1004
 8003c28:	f2c4 0302 	movt	r3, #16386	; 0x4002
 8003c2c:	2200      	movs	r2, #0
 8003c2e:	f6c0 0204 	movt	r2, #2052	; 0x804
 8003c32:	430a      	orrs	r2, r1
 8003c34:	601a      	str	r2, [r3, #0]
\\TJAND17\sen.he\project\unc_linux_rls_25d\source\bsp\mcu\GD\GD ARM MCU Debug/../Firmware/CMSIS/GD/GD32E23x/Source/system_gd32e23x.c:347
    
    /* enable PLL */
    RCU_CTL0 |= RCU_CTL0_PLLEN;
 8003c36:	f241 0300 	movw	r3, #4096	; 0x1000
 8003c3a:	f2c4 0302 	movt	r3, #16386	; 0x4002
 8003c3e:	681a      	ldr	r2, [r3, #0]
 8003c40:	f241 0300 	movw	r3, #4096	; 0x1000
 8003c44:	f2c4 0302 	movt	r3, #16386	; 0x4002
 8003c48:	2180      	movs	r1, #128	; 0x80
 8003c4a:	0449      	lsls	r1, r1, #17
 8003c4c:	430a      	orrs	r2, r1
 8003c4e:	601a      	str	r2, [r3, #0]
\\TJAND17\sen.he\project\unc_linux_rls_25d\source\bsp\mcu\GD\GD ARM MCU Debug/../Firmware/CMSIS/GD/GD32E23x/Source/system_gd32e23x.c:350

    /* wait until PLL is stable */
    while(0U == (RCU_CTL0 & RCU_CTL0_PLLSTB)){
 8003c50:	46c0      	nop			; (mov r8, r8)
\\TJAND17\sen.he\project\unc_linux_rls_25d\source\bsp\mcu\GD\GD ARM MCU Debug/../Firmware/CMSIS/GD/GD32E23x/Source/system_gd32e23x.c:350 (discriminator 1)
 8003c52:	f241 0300 	movw	r3, #4096	; 0x1000
 8003c56:	f2c4 0302 	movt	r3, #16386	; 0x4002
 8003c5a:	681a      	ldr	r2, [r3, #0]
 8003c5c:	2380      	movs	r3, #128	; 0x80
 8003c5e:	049b      	lsls	r3, r3, #18
 8003c60:	4013      	ands	r3, r2
 8003c62:	2b00      	cmp	r3, #0
 8003c64:	d0f5      	beq.n	8003c52 <system_clock_72m_irc8m+0x110>
\\TJAND17\sen.he\project\unc_linux_rls_25d\source\bsp\mcu\GD\GD ARM MCU Debug/../Firmware/CMSIS/GD/GD32E23x/Source/system_gd32e23x.c:353
    }

    reg_temp = RCU_CFG0;
 8003c66:	f241 0304 	movw	r3, #4100	; 0x1004
 8003c6a:	f2c4 0302 	movt	r3, #16386	; 0x4002
 8003c6e:	681b      	ldr	r3, [r3, #0]
 8003c70:	60fb      	str	r3, [r7, #12]
\\TJAND17\sen.he\project\unc_linux_rls_25d\source\bsp\mcu\GD\GD ARM MCU Debug/../Firmware/CMSIS/GD/GD32E23x/Source/system_gd32e23x.c:355
    /* select PLL as system clock */
    reg_temp &= ~RCU_CFG0_SCS;
 8003c72:	68fb      	ldr	r3, [r7, #12]
 8003c74:	2203      	movs	r2, #3
 8003c76:	4393      	bics	r3, r2
 8003c78:	60fb      	str	r3, [r7, #12]
\\TJAND17\sen.he\project\unc_linux_rls_25d\source\bsp\mcu\GD\GD ARM MCU Debug/../Firmware/CMSIS/GD/GD32E23x/Source/system_gd32e23x.c:356
    reg_temp |= RCU_CKSYSSRC_PLL;
 8003c7a:	68fb      	ldr	r3, [r7, #12]
 8003c7c:	2202      	movs	r2, #2
 8003c7e:	4313      	orrs	r3, r2
 8003c80:	60fb      	str	r3, [r7, #12]
\\TJAND17\sen.he\project\unc_linux_rls_25d\source\bsp\mcu\GD\GD ARM MCU Debug/../Firmware/CMSIS/GD/GD32E23x/Source/system_gd32e23x.c:357
    RCU_CFG0 = reg_temp;
 8003c82:	f241 0304 	movw	r3, #4100	; 0x1004
 8003c86:	f2c4 0302 	movt	r3, #16386	; 0x4002
 8003c8a:	68fa      	ldr	r2, [r7, #12]
 8003c8c:	601a      	str	r2, [r3, #0]
\\TJAND17\sen.he\project\unc_linux_rls_25d\source\bsp\mcu\GD\GD ARM MCU Debug/../Firmware/CMSIS/GD/GD32E23x/Source/system_gd32e23x.c:360

    /* wait until PLL is selected as system clock */
    while(RCU_SCSS_PLL != (RCU_CFG0 & RCU_CFG0_SCSS)){
 8003c8e:	46c0      	nop			; (mov r8, r8)
\\TJAND17\sen.he\project\unc_linux_rls_25d\source\bsp\mcu\GD\GD ARM MCU Debug/../Firmware/CMSIS/GD/GD32E23x/Source/system_gd32e23x.c:360 (discriminator 1)
 8003c90:	f241 0304 	movw	r3, #4100	; 0x1004
 8003c94:	f2c4 0302 	movt	r3, #16386	; 0x4002
 8003c98:	681b      	ldr	r3, [r3, #0]
 8003c9a:	220c      	movs	r2, #12
 8003c9c:	4013      	ands	r3, r2
 8003c9e:	2b08      	cmp	r3, #8
 8003ca0:	d1f6      	bne.n	8003c90 <system_clock_72m_irc8m+0x14e>
\\TJAND17\sen.he\project\unc_linux_rls_25d\source\bsp\mcu\GD\GD ARM MCU Debug/../Firmware/CMSIS/GD/GD32E23x/Source/system_gd32e23x.c:363 (discriminator 1)
    }

    RCU_MODIFY_UP_2(0x80);
 8003ca2:	2300      	movs	r3, #0
 8003ca4:	60bb      	str	r3, [r7, #8]
 8003ca6:	e002      	b.n	8003cae <system_clock_72m_irc8m+0x16c>
\\TJAND17\sen.he\project\unc_linux_rls_25d\source\bsp\mcu\GD\GD ARM MCU Debug/../Firmware/CMSIS/GD/GD32E23x/Source/system_gd32e23x.c:363 (discriminator 4)
 8003ca8:	68bb      	ldr	r3, [r7, #8]
 8003caa:	3301      	adds	r3, #1
 8003cac:	60bb      	str	r3, [r7, #8]
\\TJAND17\sen.he\project\unc_linux_rls_25d\source\bsp\mcu\GD\GD ARM MCU Debug/../Firmware/CMSIS/GD/GD32E23x/Source/system_gd32e23x.c:363 (discriminator 2)
 8003cae:	68bb      	ldr	r3, [r7, #8]
 8003cb0:	2b7f      	cmp	r3, #127	; 0x7f
 8003cb2:	d9f9      	bls.n	8003ca8 <system_clock_72m_irc8m+0x166>
\\TJAND17\sen.he\project\unc_linux_rls_25d\source\bsp\mcu\GD\GD ARM MCU Debug/../Firmware/CMSIS/GD/GD32E23x/Source/system_gd32e23x.c:363 (discriminator 5)
 8003cb4:	f241 0304 	movw	r3, #4100	; 0x1004
 8003cb8:	f2c4 0302 	movt	r3, #16386	; 0x4002
 8003cbc:	681b      	ldr	r3, [r3, #0]
 8003cbe:	607b      	str	r3, [r7, #4]
 8003cc0:	687b      	ldr	r3, [r7, #4]
 8003cc2:	22f0      	movs	r2, #240	; 0xf0
 8003cc4:	4393      	bics	r3, r2
 8003cc6:	607b      	str	r3, [r7, #4]
 8003cc8:	687b      	ldr	r3, [r7, #4]
 8003cca:	2280      	movs	r2, #128	; 0x80
 8003ccc:	4313      	orrs	r3, r2
 8003cce:	607b      	str	r3, [r7, #4]
 8003cd0:	f241 0304 	movw	r3, #4100	; 0x1004
 8003cd4:	f2c4 0302 	movt	r3, #16386	; 0x4002
 8003cd8:	687a      	ldr	r2, [r7, #4]
 8003cda:	601a      	str	r2, [r3, #0]
 8003cdc:	2300      	movs	r3, #0
 8003cde:	60bb      	str	r3, [r7, #8]
 8003ce0:	e002      	b.n	8003ce8 <system_clock_72m_irc8m+0x1a6>
\\TJAND17\sen.he\project\unc_linux_rls_25d\source\bsp\mcu\GD\GD ARM MCU Debug/../Firmware/CMSIS/GD/GD32E23x/Source/system_gd32e23x.c:363 (discriminator 8)
 8003ce2:	68bb      	ldr	r3, [r7, #8]
 8003ce4:	3301      	adds	r3, #1
 8003ce6:	60bb      	str	r3, [r7, #8]
\\TJAND17\sen.he\project\unc_linux_rls_25d\source\bsp\mcu\GD\GD ARM MCU Debug/../Firmware/CMSIS/GD/GD32E23x/Source/system_gd32e23x.c:363 (discriminator 6)
 8003ce8:	68bb      	ldr	r3, [r7, #8]
 8003cea:	2b7f      	cmp	r3, #127	; 0x7f
 8003cec:	d9f9      	bls.n	8003ce2 <system_clock_72m_irc8m+0x1a0>
\\TJAND17\sen.he\project\unc_linux_rls_25d\source\bsp\mcu\GD\GD ARM MCU Debug/../Firmware/CMSIS/GD/GD32E23x/Source/system_gd32e23x.c:363 (discriminator 9)
 8003cee:	f241 0304 	movw	r3, #4100	; 0x1004
 8003cf2:	f2c4 0302 	movt	r3, #16386	; 0x4002
 8003cf6:	681b      	ldr	r3, [r3, #0]
 8003cf8:	607b      	str	r3, [r7, #4]
 8003cfa:	687b      	ldr	r3, [r7, #4]
 8003cfc:	22f0      	movs	r2, #240	; 0xf0
 8003cfe:	4393      	bics	r3, r2
 8003d00:	607b      	str	r3, [r7, #4]
 8003d02:	687b      	ldr	r3, [r7, #4]
 8003d04:	607b      	str	r3, [r7, #4]
 8003d06:	f241 0304 	movw	r3, #4100	; 0x1004
 8003d0a:	f2c4 0302 	movt	r3, #16386	; 0x4002
 8003d0e:	687a      	ldr	r2, [r7, #4]
 8003d10:	601a      	str	r2, [r3, #0]
\\TJAND17\sen.he\project\unc_linux_rls_25d\source\bsp\mcu\GD\GD ARM MCU Debug/../Firmware/CMSIS/GD/GD32E23x/Source/system_gd32e23x.c:364 (discriminator 9)
}
 8003d12:	46c0      	nop			; (mov r8, r8)
 8003d14:	46bd      	mov	sp, r7
 8003d16:	b006      	add	sp, #24
 8003d18:	bd80      	pop	{r7, pc}

08003d1a <_sbrk>:
_sbrk():
\\TJAND17\sen.he\project\unc_linux_rls_25d\source\bsp\mcu\GD\GD ARM MCU Debug/../Firmware/CMSIS/GD/GD32E23x/Source/syscalls.c:26

extern int __io_putchar(int ch) __attribute__((weak));
extern int __io_getchar(void) __attribute__((weak));

caddr_t _sbrk(int incr)
{
 8003d1a:	b580      	push	{r7, lr}
 8003d1c:	b082      	sub	sp, #8
 8003d1e:	af00      	add	r7, sp, #0
 8003d20:	6078      	str	r0, [r7, #4]
\\TJAND17\sen.he\project\unc_linux_rls_25d\source\bsp\mcu\GD\GD ARM MCU Debug/../Firmware/CMSIS/GD/GD32E23x/Source/syscalls.c:31
  extern char _end[];
  extern char _heap_end[];
  static char *curbrk = _end;

  if ((curbrk + incr < _end) || (curbrk + incr > _heap_end))
 8003d22:	f240 13d4 	movw	r3, #468	; 0x1d4
 8003d26:	f2c2 0300 	movt	r3, #8192	; 0x2000
 8003d2a:	681a      	ldr	r2, [r3, #0]
 8003d2c:	687b      	ldr	r3, [r7, #4]
 8003d2e:	18d2      	adds	r2, r2, r3
 8003d30:	f241 03d8 	movw	r3, #4312	; 0x10d8
 8003d34:	f2c2 0300 	movt	r3, #8192	; 0x2000
 8003d38:	429a      	cmp	r2, r3
 8003d3a:	d30c      	bcc.n	8003d56 <_sbrk+0x3c>
\\TJAND17\sen.he\project\unc_linux_rls_25d\source\bsp\mcu\GD\GD ARM MCU Debug/../Firmware/CMSIS/GD/GD32E23x/Source/syscalls.c:31 (discriminator 1)
 8003d3c:	f240 13d4 	movw	r3, #468	; 0x1d4
 8003d40:	f2c2 0300 	movt	r3, #8192	; 0x2000
 8003d44:	681a      	ldr	r2, [r3, #0]
 8003d46:	687b      	ldr	r3, [r7, #4]
 8003d48:	18d2      	adds	r2, r2, r3
 8003d4a:	f241 43d8 	movw	r3, #5336	; 0x14d8
 8003d4e:	f2c2 0300 	movt	r3, #8192	; 0x2000
 8003d52:	429a      	cmp	r2, r3
 8003d54:	d902      	bls.n	8003d5c <_sbrk+0x42>
\\TJAND17\sen.he\project\unc_linux_rls_25d\source\bsp\mcu\GD\GD ARM MCU Debug/../Firmware/CMSIS/GD/GD32E23x/Source/syscalls.c:32
    return NULL - 1;
 8003d56:	2301      	movs	r3, #1
 8003d58:	425b      	negs	r3, r3
 8003d5a:	e013      	b.n	8003d84 <_sbrk+0x6a>
\\TJAND17\sen.he\project\unc_linux_rls_25d\source\bsp\mcu\GD\GD ARM MCU Debug/../Firmware/CMSIS/GD/GD32E23x/Source/syscalls.c:34

  curbrk += incr;
 8003d5c:	f240 13d4 	movw	r3, #468	; 0x1d4
 8003d60:	f2c2 0300 	movt	r3, #8192	; 0x2000
 8003d64:	681a      	ldr	r2, [r3, #0]
 8003d66:	687b      	ldr	r3, [r7, #4]
 8003d68:	18d2      	adds	r2, r2, r3
 8003d6a:	f240 13d4 	movw	r3, #468	; 0x1d4
 8003d6e:	f2c2 0300 	movt	r3, #8192	; 0x2000
 8003d72:	601a      	str	r2, [r3, #0]
\\TJAND17\sen.he\project\unc_linux_rls_25d\source\bsp\mcu\GD\GD ARM MCU Debug/../Firmware/CMSIS/GD/GD32E23x/Source/syscalls.c:35
  return curbrk - incr;
 8003d74:	f240 13d4 	movw	r3, #468	; 0x1d4
 8003d78:	f2c2 0300 	movt	r3, #8192	; 0x2000
 8003d7c:	681a      	ldr	r2, [r3, #0]
 8003d7e:	687b      	ldr	r3, [r7, #4]
 8003d80:	425b      	negs	r3, r3
 8003d82:	18d3      	adds	r3, r2, r3
\\TJAND17\sen.he\project\unc_linux_rls_25d\source\bsp\mcu\GD\GD ARM MCU Debug/../Firmware/CMSIS/GD/GD32E23x/Source/syscalls.c:36
}
 8003d84:	0018      	movs	r0, r3
 8003d86:	46bd      	mov	sp, r7
 8003d88:	b002      	add	sp, #8
 8003d8a:	bd80      	pop	{r7, pc}

08003d8c <_write>:
_write():
\\TJAND17\sen.he\project\unc_linux_rls_25d\source\bsp\mcu\GD\GD ARM MCU Debug/../Firmware/CMSIS/GD/GD32E23x/Source/syscalls.c:74
	_kill(status, -1);
	while (1) {}
}

int _write(int file, char *ptr, int len)
{
 8003d8c:	b580      	push	{r7, lr}
 8003d8e:	b086      	sub	sp, #24
 8003d90:	af00      	add	r7, sp, #0
 8003d92:	60f8      	str	r0, [r7, #12]
 8003d94:	60b9      	str	r1, [r7, #8]
 8003d96:	607a      	str	r2, [r7, #4]
\\TJAND17\sen.he\project\unc_linux_rls_25d\source\bsp\mcu\GD\GD ARM MCU Debug/../Firmware/CMSIS/GD/GD32E23x/Source/syscalls.c:77
	int DataIdx;

		for (DataIdx = 0; DataIdx < len; DataIdx++)
 8003d98:	2300      	movs	r3, #0
 8003d9a:	617b      	str	r3, [r7, #20]
 8003d9c:	e00a      	b.n	8003db4 <_write+0x28>
\\TJAND17\sen.he\project\unc_linux_rls_25d\source\bsp\mcu\GD\GD ARM MCU Debug/../Firmware/CMSIS/GD/GD32E23x/Source/syscalls.c:79 (discriminator 3)
		{
		   __io_putchar( *ptr++ );
 8003d9e:	68bb      	ldr	r3, [r7, #8]
 8003da0:	1c5a      	adds	r2, r3, #1
 8003da2:	60ba      	str	r2, [r7, #8]
 8003da4:	781b      	ldrb	r3, [r3, #0]
 8003da6:	b25b      	sxtb	r3, r3
 8003da8:	0018      	movs	r0, r3
 8003daa:	f7fc fc5d 	bl	8000668 <__io_putchar>
\\TJAND17\sen.he\project\unc_linux_rls_25d\source\bsp\mcu\GD\GD ARM MCU Debug/../Firmware/CMSIS/GD/GD32E23x/Source/syscalls.c:77 (discriminator 3)
		for (DataIdx = 0; DataIdx < len; DataIdx++)
 8003dae:	697b      	ldr	r3, [r7, #20]
 8003db0:	3301      	adds	r3, #1
 8003db2:	617b      	str	r3, [r7, #20]
\\TJAND17\sen.he\project\unc_linux_rls_25d\source\bsp\mcu\GD\GD ARM MCU Debug/../Firmware/CMSIS/GD/GD32E23x/Source/syscalls.c:77 (discriminator 1)
 8003db4:	697a      	ldr	r2, [r7, #20]
 8003db6:	687b      	ldr	r3, [r7, #4]
 8003db8:	429a      	cmp	r2, r3
 8003dba:	dbf0      	blt.n	8003d9e <_write+0x12>
\\TJAND17\sen.he\project\unc_linux_rls_25d\source\bsp\mcu\GD\GD ARM MCU Debug/../Firmware/CMSIS/GD/GD32E23x/Source/syscalls.c:81
		}
	return len;
 8003dbc:	687b      	ldr	r3, [r7, #4]
\\TJAND17\sen.he\project\unc_linux_rls_25d\source\bsp\mcu\GD\GD ARM MCU Debug/../Firmware/CMSIS/GD/GD32E23x/Source/syscalls.c:82
}
 8003dbe:	0018      	movs	r0, r3
 8003dc0:	46bd      	mov	sp, r7
 8003dc2:	b006      	add	sp, #24
 8003dc4:	bd80      	pop	{r7, pc}

08003dc6 <_close>:
_close():
\\TJAND17\sen.he\project\unc_linux_rls_25d\source\bsp\mcu\GD\GD ARM MCU Debug/../Firmware/CMSIS/GD/GD32E23x/Source/syscalls.c:85

int _close(int file)
{
 8003dc6:	b580      	push	{r7, lr}
 8003dc8:	b082      	sub	sp, #8
 8003dca:	af00      	add	r7, sp, #0
 8003dcc:	6078      	str	r0, [r7, #4]
\\TJAND17\sen.he\project\unc_linux_rls_25d\source\bsp\mcu\GD\GD ARM MCU Debug/../Firmware/CMSIS/GD/GD32E23x/Source/syscalls.c:86
	return -1;
 8003dce:	2301      	movs	r3, #1
 8003dd0:	425b      	negs	r3, r3
\\TJAND17\sen.he\project\unc_linux_rls_25d\source\bsp\mcu\GD\GD ARM MCU Debug/../Firmware/CMSIS/GD/GD32E23x/Source/syscalls.c:87
}
 8003dd2:	0018      	movs	r0, r3
 8003dd4:	46bd      	mov	sp, r7
 8003dd6:	b002      	add	sp, #8
 8003dd8:	bd80      	pop	{r7, pc}

08003dda <_fstat>:
_fstat():
\\TJAND17\sen.he\project\unc_linux_rls_25d\source\bsp\mcu\GD\GD ARM MCU Debug/../Firmware/CMSIS/GD/GD32E23x/Source/syscalls.c:90

int _fstat(int file, struct stat *st)
{
 8003dda:	b580      	push	{r7, lr}
 8003ddc:	b082      	sub	sp, #8
 8003dde:	af00      	add	r7, sp, #0
 8003de0:	6078      	str	r0, [r7, #4]
 8003de2:	6039      	str	r1, [r7, #0]
\\TJAND17\sen.he\project\unc_linux_rls_25d\source\bsp\mcu\GD\GD ARM MCU Debug/../Firmware/CMSIS/GD/GD32E23x/Source/syscalls.c:91
	st->st_mode = S_IFCHR;
 8003de4:	683b      	ldr	r3, [r7, #0]
 8003de6:	f242 0200 	movw	r2, #8192	; 0x2000
 8003dea:	605a      	str	r2, [r3, #4]
\\TJAND17\sen.he\project\unc_linux_rls_25d\source\bsp\mcu\GD\GD ARM MCU Debug/../Firmware/CMSIS/GD/GD32E23x/Source/syscalls.c:92
	return 0;
 8003dec:	2300      	movs	r3, #0
\\TJAND17\sen.he\project\unc_linux_rls_25d\source\bsp\mcu\GD\GD ARM MCU Debug/../Firmware/CMSIS/GD/GD32E23x/Source/syscalls.c:93
}
 8003dee:	0018      	movs	r0, r3
 8003df0:	46bd      	mov	sp, r7
 8003df2:	b002      	add	sp, #8
 8003df4:	bd80      	pop	{r7, pc}

08003df6 <_isatty>:
_isatty():
\\TJAND17\sen.he\project\unc_linux_rls_25d\source\bsp\mcu\GD\GD ARM MCU Debug/../Firmware/CMSIS/GD/GD32E23x/Source/syscalls.c:96

int _isatty(int file)
{
 8003df6:	b580      	push	{r7, lr}
 8003df8:	b082      	sub	sp, #8
 8003dfa:	af00      	add	r7, sp, #0
 8003dfc:	6078      	str	r0, [r7, #4]
\\TJAND17\sen.he\project\unc_linux_rls_25d\source\bsp\mcu\GD\GD ARM MCU Debug/../Firmware/CMSIS/GD/GD32E23x/Source/syscalls.c:97
	return 1;
 8003dfe:	2301      	movs	r3, #1
\\TJAND17\sen.he\project\unc_linux_rls_25d\source\bsp\mcu\GD\GD ARM MCU Debug/../Firmware/CMSIS/GD/GD32E23x/Source/syscalls.c:98
}
 8003e00:	0018      	movs	r0, r3
 8003e02:	46bd      	mov	sp, r7
 8003e04:	b002      	add	sp, #8
 8003e06:	bd80      	pop	{r7, pc}

08003e08 <_lseek>:
_lseek():
\\TJAND17\sen.he\project\unc_linux_rls_25d\source\bsp\mcu\GD\GD ARM MCU Debug/../Firmware/CMSIS/GD/GD32E23x/Source/syscalls.c:101

int _lseek(int file, int ptr, int dir)
{
 8003e08:	b580      	push	{r7, lr}
 8003e0a:	b084      	sub	sp, #16
 8003e0c:	af00      	add	r7, sp, #0
 8003e0e:	60f8      	str	r0, [r7, #12]
 8003e10:	60b9      	str	r1, [r7, #8]
 8003e12:	607a      	str	r2, [r7, #4]
\\TJAND17\sen.he\project\unc_linux_rls_25d\source\bsp\mcu\GD\GD ARM MCU Debug/../Firmware/CMSIS/GD/GD32E23x/Source/syscalls.c:102
	return 0;
 8003e14:	2300      	movs	r3, #0
\\TJAND17\sen.he\project\unc_linux_rls_25d\source\bsp\mcu\GD\GD ARM MCU Debug/../Firmware/CMSIS/GD/GD32E23x/Source/syscalls.c:103
}
 8003e16:	0018      	movs	r0, r3
 8003e18:	46bd      	mov	sp, r7
 8003e1a:	b004      	add	sp, #16
 8003e1c:	bd80      	pop	{r7, pc}

08003e1e <_read>:
_read():
\\TJAND17\sen.he\project\unc_linux_rls_25d\source\bsp\mcu\GD\GD ARM MCU Debug/../Firmware/CMSIS/GD/GD32E23x/Source/syscalls.c:106

int _read(int file, char *ptr, int len)
{
 8003e1e:	b580      	push	{r7, lr}
 8003e20:	b086      	sub	sp, #24
 8003e22:	af00      	add	r7, sp, #0
 8003e24:	60f8      	str	r0, [r7, #12]
 8003e26:	60b9      	str	r1, [r7, #8]
 8003e28:	607a      	str	r2, [r7, #4]
\\TJAND17\sen.he\project\unc_linux_rls_25d\source\bsp\mcu\GD\GD ARM MCU Debug/../Firmware/CMSIS/GD/GD32E23x/Source/syscalls.c:109
	int DataIdx;

	for (DataIdx = 0; DataIdx < len; DataIdx++)
 8003e2a:	2300      	movs	r3, #0
 8003e2c:	617b      	str	r3, [r7, #20]
 8003e2e:	e00a      	b.n	8003e46 <_read+0x28>
\\TJAND17\sen.he\project\unc_linux_rls_25d\source\bsp\mcu\GD\GD ARM MCU Debug/../Firmware/CMSIS/GD/GD32E23x/Source/syscalls.c:111 (discriminator 3)
	{
	  *ptr++ = __io_getchar();
 8003e30:	e000      	b.n	8003e34 <_read+0x16>
 8003e32:	bf00      	nop
 8003e34:	0001      	movs	r1, r0
 8003e36:	68bb      	ldr	r3, [r7, #8]
 8003e38:	1c5a      	adds	r2, r3, #1
 8003e3a:	60ba      	str	r2, [r7, #8]
 8003e3c:	b24a      	sxtb	r2, r1
 8003e3e:	701a      	strb	r2, [r3, #0]
\\TJAND17\sen.he\project\unc_linux_rls_25d\source\bsp\mcu\GD\GD ARM MCU Debug/../Firmware/CMSIS/GD/GD32E23x/Source/syscalls.c:109 (discriminator 3)
	for (DataIdx = 0; DataIdx < len; DataIdx++)
 8003e40:	697b      	ldr	r3, [r7, #20]
 8003e42:	3301      	adds	r3, #1
 8003e44:	617b      	str	r3, [r7, #20]
\\TJAND17\sen.he\project\unc_linux_rls_25d\source\bsp\mcu\GD\GD ARM MCU Debug/../Firmware/CMSIS/GD/GD32E23x/Source/syscalls.c:109 (discriminator 1)
 8003e46:	697a      	ldr	r2, [r7, #20]
 8003e48:	687b      	ldr	r3, [r7, #4]
 8003e4a:	429a      	cmp	r2, r3
 8003e4c:	dbf0      	blt.n	8003e30 <_read+0x12>
\\TJAND17\sen.he\project\unc_linux_rls_25d\source\bsp\mcu\GD\GD ARM MCU Debug/../Firmware/CMSIS/GD/GD32E23x/Source/syscalls.c:114
	}

   return len;
 8003e4e:	687b      	ldr	r3, [r7, #4]
\\TJAND17\sen.he\project\unc_linux_rls_25d\source\bsp\mcu\GD\GD ARM MCU Debug/../Firmware/CMSIS/GD/GD32E23x/Source/syscalls.c:115
}
 8003e50:	0018      	movs	r0, r3
 8003e52:	46bd      	mov	sp, r7
 8003e54:	b006      	add	sp, #24
 8003e56:	bd80      	pop	{r7, pc}

08003e58 <usart_send_data>:
usart_send_data():
D:\project\N5_MCU\V610_MCU\trunk\GD\GD32_Process_Lib\GD ARM MCU Debug/../src/drivers/packet_process/Process_Packet.c:155
    }
    return OPT_SUCCESS;
}

static int usart_send_data(unsigned char *write_buf, int write_len)
{
 8003e58:	b570      	push	{r4, r5, r6, lr}
 8003e5a:	000c      	movs	r4, r1
D:\project\N5_MCU\V610_MCU\trunk\GD\GD32_Process_Lib\GD ARM MCU Debug/../src/drivers/packet_process/Process_Packet.c:159
  int i = 0;
  unsigned short crc = 0;

  crc = crc_16_l_calc (write_buf, write_len - 2);
 8003e5c:	3902      	subs	r1, #2
D:\project\N5_MCU\V610_MCU\trunk\GD\GD32_Process_Lib\GD ARM MCU Debug/../src/drivers/packet_process/Process_Packet.c:155
{
 8003e5e:	0005      	movs	r5, r0
D:\project\N5_MCU\V610_MCU\trunk\GD\GD32_Process_Lib\GD ARM MCU Debug/../src/drivers/packet_process/Process_Packet.c:159
  crc = crc_16_l_calc (write_buf, write_len - 2);
 8003e60:	f7fd f84c 	bl	8000efc <crc_16_l_calc>
D:\project\N5_MCU\V610_MCU\trunk\GD\GD32_Process_Lib\GD ARM MCU Debug/../src/drivers/packet_process/Process_Packet.c:161

  *(write_buf + write_len - 2) = (crc >> 8) & 0x0FF;
 8003e64:	192b      	adds	r3, r5, r4
 8003e66:	b282      	uxth	r2, r0
 8003e68:	1e99      	subs	r1, r3, #2
 8003e6a:	0a12      	lsrs	r2, r2, #8
D:\project\N5_MCU\V610_MCU\trunk\GD\GD32_Process_Lib\GD ARM MCU Debug/../src/drivers/packet_process/Process_Packet.c:162
  *(write_buf + write_len - 1) = crc & 0x0FF;
 8003e6c:	3b01      	subs	r3, #1
D:\project\N5_MCU\V610_MCU\trunk\GD\GD32_Process_Lib\GD ARM MCU Debug/../src/drivers/packet_process/Process_Packet.c:161
  *(write_buf + write_len - 2) = (crc >> 8) & 0x0FF;
 8003e6e:	700a      	strb	r2, [r1, #0]
D:\project\N5_MCU\V610_MCU\trunk\GD\GD32_Process_Lib\GD ARM MCU Debug/../src/drivers/packet_process/Process_Packet.c:162
  *(write_buf + write_len - 1) = crc & 0x0FF;
 8003e70:	7018      	strb	r0, [r3, #0]
D:\project\N5_MCU\V610_MCU\trunk\GD\GD32_Process_Lib\GD ARM MCU Debug/../src/drivers/packet_process/Process_Packet.c:168

#ifdef DEBUG_DATA
  hexdump(write_buf, write_len);
#endif

  usart_put_char(USART0,PKT_HDLC_FLAG);
 8003e72:	217e      	movs	r1, #126	; 0x7e
 8003e74:	480f      	ldr	r0, [pc, #60]	; (8003eb4 <usart_send_data+0x5c>)
 8003e76:	f7fc ffad 	bl	8000dd4 <usart_put_char>
D:\project\N5_MCU\V610_MCU\trunk\GD\GD32_Process_Lib\GD ARM MCU Debug/../src/drivers/packet_process/Process_Packet.c:170

  for (i = 0;i < write_len; i++)
 8003e7a:	2600      	movs	r6, #0
D:\project\N5_MCU\V610_MCU\trunk\GD\GD32_Process_Lib\GD ARM MCU Debug/../src/drivers/packet_process/Process_Packet.c:170 (discriminator 1)
 8003e7c:	42a6      	cmp	r6, r4
 8003e7e:	db05      	blt.n	8003e8c <usart_send_data+0x34>
D:\project\N5_MCU\V610_MCU\trunk\GD\GD32_Process_Lib\GD ARM MCU Debug/../src/drivers/packet_process/Process_Packet.c:187
      usart_put_char(USART0, *write_buf);
    }
    write_buf++;
  }

  usart_put_char(USART0,PKT_HDLC_FLAG);
 8003e80:	217e      	movs	r1, #126	; 0x7e
 8003e82:	480c      	ldr	r0, [pc, #48]	; (8003eb4 <usart_send_data+0x5c>)
 8003e84:	f7fc ffa6 	bl	8000dd4 <usart_put_char>
D:\project\N5_MCU\V610_MCU\trunk\GD\GD32_Process_Lib\GD ARM MCU Debug/../src/drivers/packet_process/Process_Packet.c:189
  return 0;
}
 8003e88:	2000      	movs	r0, #0
 8003e8a:	bd70      	pop	{r4, r5, r6, pc}
D:\project\N5_MCU\V610_MCU\trunk\GD\GD32_Process_Lib\GD ARM MCU Debug/../src/drivers/packet_process/Process_Packet.c:172
    if (*write_buf == PKT_HDLC_FLAG)
 8003e8c:	5da9      	ldrb	r1, [r5, r6]
 8003e8e:	297e      	cmp	r1, #126	; 0x7e
 8003e90:	d109      	bne.n	8003ea6 <usart_send_data+0x4e>
D:\project\N5_MCU\V610_MCU\trunk\GD\GD32_Process_Lib\GD ARM MCU Debug/../src/drivers/packet_process/Process_Packet.c:174
       usart_put_char(USART0,PKT_HDLC_ESCAPE);
 8003e92:	3901      	subs	r1, #1
 8003e94:	4807      	ldr	r0, [pc, #28]	; (8003eb4 <usart_send_data+0x5c>)
 8003e96:	f7fc ff9d 	bl	8000dd4 <usart_put_char>
D:\project\N5_MCU\V610_MCU\trunk\GD\GD32_Process_Lib\GD ARM MCU Debug/../src/drivers/packet_process/Process_Packet.c:175
       usart_put_char(USART0,PKT_HDLC_ESCAPEL);
 8003e9a:	215e      	movs	r1, #94	; 0x5e
D:\project\N5_MCU\V610_MCU\trunk\GD\GD32_Process_Lib\GD ARM MCU Debug/../src/drivers/packet_process/Process_Packet.c:180
       usart_put_char(USART0,PKT_HDLC_ESCAPEH);
 8003e9c:	4805      	ldr	r0, [pc, #20]	; (8003eb4 <usart_send_data+0x5c>)
D:\project\N5_MCU\V610_MCU\trunk\GD\GD32_Process_Lib\GD ARM MCU Debug/../src/drivers/packet_process/Process_Packet.c:182
      usart_put_char(USART0, *write_buf);
 8003e9e:	f7fc ff99 	bl	8000dd4 <usart_put_char>
D:\project\N5_MCU\V610_MCU\trunk\GD\GD32_Process_Lib\GD ARM MCU Debug/../src/drivers/packet_process/Process_Packet.c:170
  for (i = 0;i < write_len; i++)
 8003ea2:	3601      	adds	r6, #1
 8003ea4:	e7ea      	b.n	8003e7c <usart_send_data+0x24>
D:\project\N5_MCU\V610_MCU\trunk\GD\GD32_Process_Lib\GD ARM MCU Debug/../src/drivers/packet_process/Process_Packet.c:179
       usart_put_char(USART0,PKT_HDLC_ESCAPE);
 8003ea6:	4803      	ldr	r0, [pc, #12]	; (8003eb4 <usart_send_data+0x5c>)
D:\project\N5_MCU\V610_MCU\trunk\GD\GD32_Process_Lib\GD ARM MCU Debug/../src/drivers/packet_process/Process_Packet.c:177
    else if (*write_buf == PKT_HDLC_ESCAPE)
 8003ea8:	297d      	cmp	r1, #125	; 0x7d
 8003eaa:	d1f8      	bne.n	8003e9e <usart_send_data+0x46>
D:\project\N5_MCU\V610_MCU\trunk\GD\GD32_Process_Lib\GD ARM MCU Debug/../src/drivers/packet_process/Process_Packet.c:179
       usart_put_char(USART0,PKT_HDLC_ESCAPE);
 8003eac:	f7fc ff92 	bl	8000dd4 <usart_put_char>
D:\project\N5_MCU\V610_MCU\trunk\GD\GD32_Process_Lib\GD ARM MCU Debug/../src/drivers/packet_process/Process_Packet.c:180
       usart_put_char(USART0,PKT_HDLC_ESCAPEH);
 8003eb0:	215d      	movs	r1, #93	; 0x5d
 8003eb2:	e7f3      	b.n	8003e9c <usart_send_data+0x44>
 8003eb4:	40013800 	.word	0x40013800

08003eb8 <Send_Connect_CMD>:
Send_Connect_CMD():
D:\project\N5_MCU\V610_MCU\trunk\GD\GD32_Process_Lib\GD ARM MCU Debug/../src/drivers/packet_process/Process_Packet.c:220
  return ret;
}
#endif

int Send_Connect_CMD(void)
{
 8003eb8:	b570      	push	{r4, r5, r6, lr}
D:\project\N5_MCU\V610_MCU\trunk\GD\GD32_Process_Lib\GD ARM MCU Debug/../src/drivers/packet_process/Process_Packet.c:222
    int ret = 0;
    printf("enter Send_Connect_CMD\n");
 8003eba:	4809      	ldr	r0, [pc, #36]	; (8003ee0 <Send_Connect_CMD+0x28>)
D:\project\N5_MCU\V610_MCU\trunk\GD\GD32_Process_Lib\GD ARM MCU Debug/../src/drivers/packet_process/Process_Packet.c:223
    ((pkt_header_ptr) global_sio_handle.write_ptr)->pkt_type = ENDIAN_CONVERT_16 (BSL_CMD_CONNECT);
 8003ebc:	4c09      	ldr	r4, [pc, #36]	; (8003ee4 <Send_Connect_CMD+0x2c>)
D:\project\N5_MCU\V610_MCU\trunk\GD\GD32_Process_Lib\GD ARM MCU Debug/../src/drivers/packet_process/Process_Packet.c:222
    printf("enter Send_Connect_CMD\n");
 8003ebe:	f000 fccb 	bl	8004858 <puts>
D:\project\N5_MCU\V610_MCU\trunk\GD\GD32_Process_Lib\GD ARM MCU Debug/../src/drivers/packet_process/Process_Packet.c:223
    ((pkt_header_ptr) global_sio_handle.write_ptr)->pkt_type = ENDIAN_CONVERT_16 (BSL_CMD_CONNECT);
 8003ec2:	2000      	movs	r0, #0
 8003ec4:	69a5      	ldr	r5, [r4, #24]
 8003ec6:	f7fd f864 	bl	8000f92 <ENDIAN_CONVERT_16>
D:\project\N5_MCU\V610_MCU\trunk\GD\GD32_Process_Lib\GD ARM MCU Debug/../src/drivers/packet_process/Process_Packet.c:224
    ((pkt_header_ptr) global_sio_handle.write_ptr)->pkt_size = 0;
 8003eca:	2300      	movs	r3, #0
D:\project\N5_MCU\V610_MCU\trunk\GD\GD32_Process_Lib\GD ARM MCU Debug/../src/drivers/packet_process/Process_Packet.c:223
    ((pkt_header_ptr) global_sio_handle.write_ptr)->pkt_type = ENDIAN_CONVERT_16 (BSL_CMD_CONNECT);
 8003ecc:	8028      	strh	r0, [r5, #0]
D:\project\N5_MCU\V610_MCU\trunk\GD\GD32_Process_Lib\GD ARM MCU Debug/../src/drivers/packet_process/Process_Packet.c:224
    ((pkt_header_ptr) global_sio_handle.write_ptr)->pkt_size = 0;
 8003ece:	69a0      	ldr	r0, [r4, #24]
D:\project\N5_MCU\V610_MCU\trunk\GD\GD32_Process_Lib\GD ARM MCU Debug/../src/drivers/packet_process/Process_Packet.c:225
    ret= usart_send_data(global_sio_handle.write_ptr,sizeof(pkt_header_ptr)+PKT_CRC_SIZE);
 8003ed0:	2106      	movs	r1, #6
D:\project\N5_MCU\V610_MCU\trunk\GD\GD32_Process_Lib\GD ARM MCU Debug/../src/drivers/packet_process/Process_Packet.c:224
    ((pkt_header_ptr) global_sio_handle.write_ptr)->pkt_size = 0;
 8003ed2:	8043      	strh	r3, [r0, #2]
D:\project\N5_MCU\V610_MCU\trunk\GD\GD32_Process_Lib\GD ARM MCU Debug/../src/drivers/packet_process/Process_Packet.c:225
    ret= usart_send_data(global_sio_handle.write_ptr,sizeof(pkt_header_ptr)+PKT_CRC_SIZE);
 8003ed4:	f7ff ffc0 	bl	8003e58 <usart_send_data>
D:\project\N5_MCU\V610_MCU\trunk\GD\GD32_Process_Lib\GD ARM MCU Debug/../src/drivers/packet_process/Process_Packet.c:227
#ifdef UART_SPEED_UP
    global_sio_handle.pkt_type = BSL_CMD_CHANGE_BAUD;
 8003ed8:	2309      	movs	r3, #9
 8003eda:	80e3      	strh	r3, [r4, #6]
D:\project\N5_MCU\V610_MCU\trunk\GD\GD32_Process_Lib\GD ARM MCU Debug/../src/drivers/packet_process/Process_Packet.c:233
#else
    global_sio_handle.pkt_type = BSL_CMD_START_DATA;
#endif

    return ret;
}
 8003edc:	bd70      	pop	{r4, r5, r6, pc}
 8003ede:	46c0      	nop			; (mov r8, r8)
 8003ee0:	08005b70 	.word	0x08005b70
 8003ee4:	2000109c 	.word	0x2000109c

08003ee8 <Send_Nand_ID_CMD>:
Send_Nand_ID_CMD():
D:\project\N5_MCU\V610_MCU\trunk\GD\GD32_Process_Lib\GD ARM MCU Debug/../src/drivers/packet_process/Process_Packet.c:317
  }
  return ret;
}

int Send_Nand_ID_CMD(void)
{
 8003ee8:	b570      	push	{r4, r5, r6, lr}
D:\project\N5_MCU\V610_MCU\trunk\GD\GD32_Process_Lib\GD ARM MCU Debug/../src/drivers/packet_process/Process_Packet.c:320
  int ret = 0;

  printf("enter Send_Nand_ID_CMD\n");
 8003eea:	480d      	ldr	r0, [pc, #52]	; (8003f20 <Send_Nand_ID_CMD+0x38>)
D:\project\N5_MCU\V610_MCU\trunk\GD\GD32_Process_Lib\GD ARM MCU Debug/../src/drivers/packet_process/Process_Packet.c:321
  ((pkt_header_ptr) global_sio_handle.write_ptr)->pkt_type = ENDIAN_CONVERT_16 (BSL_CMD_MIDST_DATA);
 8003eec:	4c0d      	ldr	r4, [pc, #52]	; (8003f24 <Send_Nand_ID_CMD+0x3c>)
D:\project\N5_MCU\V610_MCU\trunk\GD\GD32_Process_Lib\GD ARM MCU Debug/../src/drivers/packet_process/Process_Packet.c:320
  printf("enter Send_Nand_ID_CMD\n");
 8003eee:	f000 fcb3 	bl	8004858 <puts>
D:\project\N5_MCU\V610_MCU\trunk\GD\GD32_Process_Lib\GD ARM MCU Debug/../src/drivers/packet_process/Process_Packet.c:321
  ((pkt_header_ptr) global_sio_handle.write_ptr)->pkt_type = ENDIAN_CONVERT_16 (BSL_CMD_MIDST_DATA);
 8003ef2:	2002      	movs	r0, #2
 8003ef4:	69a5      	ldr	r5, [r4, #24]
 8003ef6:	f7fd f84c 	bl	8000f92 <ENDIAN_CONVERT_16>
 8003efa:	8028      	strh	r0, [r5, #0]
D:\project\N5_MCU\V610_MCU\trunk\GD\GD32_Process_Lib\GD ARM MCU Debug/../src/drivers/packet_process/Process_Packet.c:322
  ((pkt_header_ptr) global_sio_handle.write_ptr)->pkt_size = ENDIAN_CONVERT_16(0x05);
 8003efc:	2005      	movs	r0, #5
 8003efe:	69a5      	ldr	r5, [r4, #24]
 8003f00:	f7fd f847 	bl	8000f92 <ENDIAN_CONVERT_16>
D:\project\N5_MCU\V610_MCU\trunk\GD\GD32_Process_Lib\GD ARM MCU Debug/../src/drivers/packet_process/Process_Packet.c:323
  memcpy((char *)&global_sio_handle.write_ptr[sizeof(pkt_header_ptr)], (char *)spi_nand_id, 5);
 8003f04:	69a3      	ldr	r3, [r4, #24]
D:\project\N5_MCU\V610_MCU\trunk\GD\GD32_Process_Lib\GD ARM MCU Debug/../src/drivers/packet_process/Process_Packet.c:322
  ((pkt_header_ptr) global_sio_handle.write_ptr)->pkt_size = ENDIAN_CONVERT_16(0x05);
 8003f06:	8068      	strh	r0, [r5, #2]
D:\project\N5_MCU\V610_MCU\trunk\GD\GD32_Process_Lib\GD ARM MCU Debug/../src/drivers/packet_process/Process_Packet.c:323
  memcpy((char *)&global_sio_handle.write_ptr[sizeof(pkt_header_ptr)], (char *)spi_nand_id, 5);
 8003f08:	2205      	movs	r2, #5
 8003f0a:	1d18      	adds	r0, r3, #4
 8003f0c:	4906      	ldr	r1, [pc, #24]	; (8003f28 <Send_Nand_ID_CMD+0x40>)
 8003f0e:	f7fd f899 	bl	8001044 <memcpy>
D:\project\N5_MCU\V610_MCU\trunk\GD\GD32_Process_Lib\GD ARM MCU Debug/../src/drivers/packet_process/Process_Packet.c:324
  ret = usart_send_data(global_sio_handle.write_ptr, sizeof(pkt_header_ptr) + PKT_CRC_SIZE + 5);
 8003f12:	210b      	movs	r1, #11
 8003f14:	69a0      	ldr	r0, [r4, #24]
 8003f16:	f7ff ff9f 	bl	8003e58 <usart_send_data>
D:\project\N5_MCU\V610_MCU\trunk\GD\GD32_Process_Lib\GD ARM MCU Debug/../src/drivers/packet_process/Process_Packet.c:325
  global_sio_handle.pkt_type = BSL_CMD_END_DATA;
 8003f1a:	2303      	movs	r3, #3
 8003f1c:	80e3      	strh	r3, [r4, #6]
D:\project\N5_MCU\V610_MCU\trunk\GD\GD32_Process_Lib\GD ARM MCU Debug/../src/drivers/packet_process/Process_Packet.c:327
  return ret;
}
 8003f1e:	bd70      	pop	{r4, r5, r6, pc}
 8003f20:	08005b87 	.word	0x08005b87
 8003f24:	2000109c 	.word	0x2000109c
 8003f28:	20000264 	.word	0x20000264

08003f2c <Send_Data_End_CMD>:
Send_Data_End_CMD():
D:\project\N5_MCU\V610_MCU\trunk\GD\GD32_Process_Lib\GD ARM MCU Debug/../src/drivers/packet_process/Process_Packet.c:330

int Send_Data_End_CMD(void)
{
 8003f2c:	b570      	push	{r4, r5, r6, lr}
D:\project\N5_MCU\V610_MCU\trunk\GD\GD32_Process_Lib\GD ARM MCU Debug/../src/drivers/packet_process/Process_Packet.c:333
  int ret = 0;

  printf("enter Send_Data_End_CMD\n");
 8003f2e:	4809      	ldr	r0, [pc, #36]	; (8003f54 <Send_Data_End_CMD+0x28>)
D:\project\N5_MCU\V610_MCU\trunk\GD\GD32_Process_Lib\GD ARM MCU Debug/../src/drivers/packet_process/Process_Packet.c:334
  ((pkt_header_ptr) global_sio_handle.write_ptr)->pkt_type = ENDIAN_CONVERT_16 (BSL_CMD_END_DATA);
 8003f30:	4c09      	ldr	r4, [pc, #36]	; (8003f58 <Send_Data_End_CMD+0x2c>)
D:\project\N5_MCU\V610_MCU\trunk\GD\GD32_Process_Lib\GD ARM MCU Debug/../src/drivers/packet_process/Process_Packet.c:333
  printf("enter Send_Data_End_CMD\n");
 8003f32:	f000 fc91 	bl	8004858 <puts>
D:\project\N5_MCU\V610_MCU\trunk\GD\GD32_Process_Lib\GD ARM MCU Debug/../src/drivers/packet_process/Process_Packet.c:334
  ((pkt_header_ptr) global_sio_handle.write_ptr)->pkt_type = ENDIAN_CONVERT_16 (BSL_CMD_END_DATA);
 8003f36:	2003      	movs	r0, #3
 8003f38:	69a5      	ldr	r5, [r4, #24]
 8003f3a:	f7fd f82a 	bl	8000f92 <ENDIAN_CONVERT_16>
D:\project\N5_MCU\V610_MCU\trunk\GD\GD32_Process_Lib\GD ARM MCU Debug/../src/drivers/packet_process/Process_Packet.c:335
  ((pkt_header_ptr) global_sio_handle.write_ptr)->pkt_size = 0;
 8003f3e:	2300      	movs	r3, #0
D:\project\N5_MCU\V610_MCU\trunk\GD\GD32_Process_Lib\GD ARM MCU Debug/../src/drivers/packet_process/Process_Packet.c:334
  ((pkt_header_ptr) global_sio_handle.write_ptr)->pkt_type = ENDIAN_CONVERT_16 (BSL_CMD_END_DATA);
 8003f40:	8028      	strh	r0, [r5, #0]
D:\project\N5_MCU\V610_MCU\trunk\GD\GD32_Process_Lib\GD ARM MCU Debug/../src/drivers/packet_process/Process_Packet.c:335
  ((pkt_header_ptr) global_sio_handle.write_ptr)->pkt_size = 0;
 8003f42:	69a0      	ldr	r0, [r4, #24]
D:\project\N5_MCU\V610_MCU\trunk\GD\GD32_Process_Lib\GD ARM MCU Debug/../src/drivers/packet_process/Process_Packet.c:336
  ret = usart_send_data(global_sio_handle.write_ptr, sizeof(pkt_header_ptr)+PKT_CRC_SIZE);
 8003f44:	2106      	movs	r1, #6
D:\project\N5_MCU\V610_MCU\trunk\GD\GD32_Process_Lib\GD ARM MCU Debug/../src/drivers/packet_process/Process_Packet.c:335
  ((pkt_header_ptr) global_sio_handle.write_ptr)->pkt_size = 0;
 8003f46:	8043      	strh	r3, [r0, #2]
D:\project\N5_MCU\V610_MCU\trunk\GD\GD32_Process_Lib\GD ARM MCU Debug/../src/drivers/packet_process/Process_Packet.c:336
  ret = usart_send_data(global_sio_handle.write_ptr, sizeof(pkt_header_ptr)+PKT_CRC_SIZE);
 8003f48:	f7ff ff86 	bl	8003e58 <usart_send_data>
D:\project\N5_MCU\V610_MCU\trunk\GD\GD32_Process_Lib\GD ARM MCU Debug/../src/drivers/packet_process/Process_Packet.c:337
  global_sio_handle.pkt_type = BSL_CMD_EXEC_DATA;
 8003f4c:	2304      	movs	r3, #4
 8003f4e:	80e3      	strh	r3, [r4, #6]
D:\project\N5_MCU\V610_MCU\trunk\GD\GD32_Process_Lib\GD ARM MCU Debug/../src/drivers/packet_process/Process_Packet.c:340

  return ret;
}
 8003f50:	bd70      	pop	{r4, r5, r6, pc}
 8003f52:	46c0      	nop			; (mov r8, r8)
 8003f54:	08005b9e 	.word	0x08005b9e
 8003f58:	2000109c 	.word	0x2000109c

08003f5c <Send_Data_Exec_CMD>:
Send_Data_Exec_CMD():
D:\project\N5_MCU\V610_MCU\trunk\GD\GD32_Process_Lib\GD ARM MCU Debug/../src/drivers/packet_process/Process_Packet.c:343

int Send_Data_Exec_CMD(void)
{
 8003f5c:	b570      	push	{r4, r5, r6, lr}
D:\project\N5_MCU\V610_MCU\trunk\GD\GD32_Process_Lib\GD ARM MCU Debug/../src/drivers/packet_process/Process_Packet.c:346
  int ret = 0;

  printf("enter Send_Data_Exec_CMD\n");
 8003f5e:	480d      	ldr	r0, [pc, #52]	; (8003f94 <Send_Data_Exec_CMD+0x38>)
D:\project\N5_MCU\V610_MCU\trunk\GD\GD32_Process_Lib\GD ARM MCU Debug/../src/drivers/packet_process/Process_Packet.c:347
  ((pkt_header_ptr) global_sio_handle.write_ptr)->pkt_type = ENDIAN_CONVERT_16 (BSL_CMD_EXEC_DATA);
 8003f60:	4d0d      	ldr	r5, [pc, #52]	; (8003f98 <Send_Data_Exec_CMD+0x3c>)
D:\project\N5_MCU\V610_MCU\trunk\GD\GD32_Process_Lib\GD ARM MCU Debug/../src/drivers/packet_process/Process_Packet.c:346
  printf("enter Send_Data_Exec_CMD\n");
 8003f62:	f000 fc79 	bl	8004858 <puts>
D:\project\N5_MCU\V610_MCU\trunk\GD\GD32_Process_Lib\GD ARM MCU Debug/../src/drivers/packet_process/Process_Packet.c:347
  ((pkt_header_ptr) global_sio_handle.write_ptr)->pkt_type = ENDIAN_CONVERT_16 (BSL_CMD_EXEC_DATA);
 8003f66:	2004      	movs	r0, #4
 8003f68:	69ac      	ldr	r4, [r5, #24]
 8003f6a:	f7fd f812 	bl	8000f92 <ENDIAN_CONVERT_16>
D:\project\N5_MCU\V610_MCU\trunk\GD\GD32_Process_Lib\GD ARM MCU Debug/../src/drivers/packet_process/Process_Packet.c:348
  ((pkt_header_ptr) global_sio_handle.write_ptr)->pkt_size = 0;
 8003f6e:	2300      	movs	r3, #0
D:\project\N5_MCU\V610_MCU\trunk\GD\GD32_Process_Lib\GD ARM MCU Debug/../src/drivers/packet_process/Process_Packet.c:347
  ((pkt_header_ptr) global_sio_handle.write_ptr)->pkt_type = ENDIAN_CONVERT_16 (BSL_CMD_EXEC_DATA);
 8003f70:	8020      	strh	r0, [r4, #0]
D:\project\N5_MCU\V610_MCU\trunk\GD\GD32_Process_Lib\GD ARM MCU Debug/../src/drivers/packet_process/Process_Packet.c:348
  ((pkt_header_ptr) global_sio_handle.write_ptr)->pkt_size = 0;
 8003f72:	69a8      	ldr	r0, [r5, #24]
D:\project\N5_MCU\V610_MCU\trunk\GD\GD32_Process_Lib\GD ARM MCU Debug/../src/drivers/packet_process/Process_Packet.c:349
  ret = usart_send_data(global_sio_handle.write_ptr, sizeof(pkt_header_ptr) + PKT_CRC_SIZE);
 8003f74:	2106      	movs	r1, #6
D:\project\N5_MCU\V610_MCU\trunk\GD\GD32_Process_Lib\GD ARM MCU Debug/../src/drivers/packet_process/Process_Packet.c:348
  ((pkt_header_ptr) global_sio_handle.write_ptr)->pkt_size = 0;
 8003f76:	8043      	strh	r3, [r0, #2]
D:\project\N5_MCU\V610_MCU\trunk\GD\GD32_Process_Lib\GD ARM MCU Debug/../src/drivers/packet_process/Process_Packet.c:349
  ret = usart_send_data(global_sio_handle.write_ptr, sizeof(pkt_header_ptr) + PKT_CRC_SIZE);
 8003f78:	f7ff ff6e 	bl	8003e58 <usart_send_data>
D:\project\N5_MCU\V610_MCU\trunk\GD\GD32_Process_Lib\GD ARM MCU Debug/../src/drivers/packet_process/Process_Packet.c:350
  global_sio_handle.pkt_type = BSL_CMD_UART_DOWNLOAD_END;
 8003f7c:	2305      	movs	r3, #5
 8003f7e:	80eb      	strh	r3, [r5, #6]
D:\project\N5_MCU\V610_MCU\trunk\GD\GD32_Process_Lib\GD ARM MCU Debug/../src/drivers/packet_process/Process_Packet.c:351
  if(s_spinand_spec_info_ptr->spinnad_operation->spinand_recovery != NULL)
 8003f80:	4b06      	ldr	r3, [pc, #24]	; (8003f9c <Send_Data_Exec_CMD+0x40>)
D:\project\N5_MCU\V610_MCU\trunk\GD\GD32_Process_Lib\GD ARM MCU Debug/../src/drivers/packet_process/Process_Packet.c:349
  ret = usart_send_data(global_sio_handle.write_ptr, sizeof(pkt_header_ptr) + PKT_CRC_SIZE);
 8003f82:	0004      	movs	r4, r0
D:\project\N5_MCU\V610_MCU\trunk\GD\GD32_Process_Lib\GD ARM MCU Debug/../src/drivers/packet_process/Process_Packet.c:351
  if(s_spinand_spec_info_ptr->spinnad_operation->spinand_recovery != NULL)
 8003f84:	681b      	ldr	r3, [r3, #0]
 8003f86:	689b      	ldr	r3, [r3, #8]
 8003f88:	6a9b      	ldr	r3, [r3, #40]	; 0x28
 8003f8a:	b103      	cbz	r3, 8003f8e <Send_Data_Exec_CMD+0x32>
D:\project\N5_MCU\V610_MCU\trunk\GD\GD32_Process_Lib\GD ARM MCU Debug/../src/drivers/packet_process/Process_Packet.c:352
    s_spinand_spec_info_ptr->spinnad_operation->spinand_recovery();
 8003f8c:	4798      	blx	r3
D:\project\N5_MCU\V610_MCU\trunk\GD\GD32_Process_Lib\GD ARM MCU Debug/../src/drivers/packet_process/Process_Packet.c:354
  return ret;
}
 8003f8e:	0020      	movs	r0, r4
 8003f90:	bd70      	pop	{r4, r5, r6, pc}
 8003f92:	46c0      	nop			; (mov r8, r8)
 8003f94:	08005bb6 	.word	0x08005bb6
 8003f98:	2000109c 	.word	0x2000109c
 8003f9c:	20000260 	.word	0x20000260

08003fa0 <Change_Baud_CMD>:
Change_Baud_CMD():
D:\project\N5_MCU\V610_MCU\trunk\GD\GD32_Process_Lib\GD ARM MCU Debug/../src/drivers/packet_process/Process_Packet.c:200
{
 8003fa0:	b537      	push	{r0, r1, r2, r4, r5, lr}
D:\project\N5_MCU\V610_MCU\trunk\GD\GD32_Process_Lib\GD ARM MCU Debug/../src/drivers/packet_process/Process_Packet.c:204
  printf("enter Change_Baud_CMD\n");
 8003fa2:	4810      	ldr	r0, [pc, #64]	; (8003fe4 <Change_Baud_CMD+0x44>)
 8003fa4:	f000 fc58 	bl	8004858 <puts>
D:\project\N5_MCU\V610_MCU\trunk\GD\GD32_Process_Lib\GD ARM MCU Debug/../src/drivers/packet_process/Process_Packet.c:205
  baud = ENDIAN_CONVERT_32(CONFIG_BAUDRATE_SPEEDUP);
 8003fa8:	20e1      	movs	r0, #225	; 0xe1
 8003faa:	0300      	lsls	r0, r0, #12
 8003fac:	f7fd f80c 	bl	8000fc8 <ENDIAN_CONVERT_32>
D:\project\N5_MCU\V610_MCU\trunk\GD\GD32_Process_Lib\GD ARM MCU Debug/../src/drivers/packet_process/Process_Packet.c:206
  ((pkt_header_ptr) global_sio_handle.write_ptr)->pkt_type = ENDIAN_CONVERT_16 (BSL_CMD_CHANGE_BAUD);
 8003fb0:	4c0d      	ldr	r4, [pc, #52]	; (8003fe8 <Change_Baud_CMD+0x48>)
D:\project\N5_MCU\V610_MCU\trunk\GD\GD32_Process_Lib\GD ARM MCU Debug/../src/drivers/packet_process/Process_Packet.c:205
  baud = ENDIAN_CONVERT_32(CONFIG_BAUDRATE_SPEEDUP);
 8003fb2:	9001      	str	r0, [sp, #4]
D:\project\N5_MCU\V610_MCU\trunk\GD\GD32_Process_Lib\GD ARM MCU Debug/../src/drivers/packet_process/Process_Packet.c:206
  ((pkt_header_ptr) global_sio_handle.write_ptr)->pkt_type = ENDIAN_CONVERT_16 (BSL_CMD_CHANGE_BAUD);
 8003fb4:	2009      	movs	r0, #9
 8003fb6:	69a5      	ldr	r5, [r4, #24]
 8003fb8:	f7fc ffeb 	bl	8000f92 <ENDIAN_CONVERT_16>
 8003fbc:	8028      	strh	r0, [r5, #0]
D:\project\N5_MCU\V610_MCU\trunk\GD\GD32_Process_Lib\GD ARM MCU Debug/../src/drivers/packet_process/Process_Packet.c:207
  ((pkt_header_ptr) global_sio_handle.write_ptr)->pkt_size = ENDIAN_CONVERT_16(0x04);
 8003fbe:	2004      	movs	r0, #4
 8003fc0:	69a5      	ldr	r5, [r4, #24]
 8003fc2:	f7fc ffe6 	bl	8000f92 <ENDIAN_CONVERT_16>
D:\project\N5_MCU\V610_MCU\trunk\GD\GD32_Process_Lib\GD ARM MCU Debug/../src/drivers/packet_process/Process_Packet.c:209
  memcpy((char *)&global_sio_handle.write_ptr[sizeof(pkt_header_ptr)], (char *)&baud, 4);
 8003fc6:	69a3      	ldr	r3, [r4, #24]
D:\project\N5_MCU\V610_MCU\trunk\GD\GD32_Process_Lib\GD ARM MCU Debug/../src/drivers/packet_process/Process_Packet.c:207
  ((pkt_header_ptr) global_sio_handle.write_ptr)->pkt_size = ENDIAN_CONVERT_16(0x04);
 8003fc8:	8068      	strh	r0, [r5, #2]
D:\project\N5_MCU\V610_MCU\trunk\GD\GD32_Process_Lib\GD ARM MCU Debug/../src/drivers/packet_process/Process_Packet.c:209
  memcpy((char *)&global_sio_handle.write_ptr[sizeof(pkt_header_ptr)], (char *)&baud, 4);
 8003fca:	2204      	movs	r2, #4
 8003fcc:	1d18      	adds	r0, r3, #4
 8003fce:	a901      	add	r1, sp, #4
 8003fd0:	f7fd f838 	bl	8001044 <memcpy>
D:\project\N5_MCU\V610_MCU\trunk\GD\GD32_Process_Lib\GD ARM MCU Debug/../src/drivers/packet_process/Process_Packet.c:211
  ret = usart_send_data(global_sio_handle.write_ptr, sizeof(pkt_header_ptr) + PKT_CRC_SIZE + 4);
 8003fd4:	210a      	movs	r1, #10
 8003fd6:	69a0      	ldr	r0, [r4, #24]
 8003fd8:	f7ff ff3e 	bl	8003e58 <usart_send_data>
D:\project\N5_MCU\V610_MCU\trunk\GD\GD32_Process_Lib\GD ARM MCU Debug/../src/drivers/packet_process/Process_Packet.c:213
  global_sio_handle.pkt_type = BSL_CMD_START_DATA;
 8003fdc:	2301      	movs	r3, #1
 8003fde:	80e3      	strh	r3, [r4, #6]
D:\project\N5_MCU\V610_MCU\trunk\GD\GD32_Process_Lib\GD ARM MCU Debug/../src/drivers/packet_process/Process_Packet.c:216
}
 8003fe0:	bd3e      	pop	{r1, r2, r3, r4, r5, pc}
 8003fe2:	46c0      	nop			; (mov r8, r8)
 8003fe4:	08005bcf 	.word	0x08005bcf
 8003fe8:	2000109c 	.word	0x2000109c

08003fec <Uart_Download_end>:
Uart_Download_end():
D:\project\N5_MCU\V610_MCU\trunk\GD\GD32_Process_Lib\GD ARM MCU Debug/../src/drivers/packet_process/Process_Packet.c:357

int Uart_Download_end(void)
{
 8003fec:	b510      	push	{r4, lr}
D:\project\N5_MCU\V610_MCU\trunk\GD\GD32_Process_Lib\GD ARM MCU Debug/../src/drivers/packet_process/Process_Packet.c:358
  printf("enter Uart_Download_end\n");
 8003fee:	4808      	ldr	r0, [pc, #32]	; (8004010 <Uart_Download_end+0x24>)
 8003ff0:	f000 fc32 	bl	8004858 <puts>
D:\project\N5_MCU\V610_MCU\trunk\GD\GD32_Process_Lib\GD ARM MCU Debug/../src/drivers/packet_process/Process_Packet.c:359
  Set_SPI_High_Resistance();
 8003ff4:	f7fe fa7a 	bl	80024ec <Set_SPI_High_Resistance>
D:\project\N5_MCU\V610_MCU\trunk\GD\GD32_Process_Lib\GD ARM MCU Debug/../src/drivers/packet_process/Process_Packet.c:363 (discriminator 1)
  /* Interactive startup status with soc */

  /* 1.get spl bootup result */
  while (MCU_Detect_Soc_bootup());
 8003ff8:	f7fe fac8 	bl	800258c <MCU_Detect_Soc_bootup>
 8003ffc:	0004      	movs	r4, r0
 8003ffe:	2800      	cmp	r0, #0
 8004000:	d1fa      	bne.n	8003ff8 <Uart_Download_end+0xc>
D:\project\N5_MCU\V610_MCU\trunk\GD\GD32_Process_Lib\GD ARM MCU Debug/../src/drivers/packet_process/Process_Packet.c:364
  printf("soc spl bootup success\n");
 8004002:	4804      	ldr	r0, [pc, #16]	; (8004014 <Uart_Download_end+0x28>)
 8004004:	f000 fc28 	bl	8004858 <puts>
D:\project\N5_MCU\V610_MCU\trunk\GD\GD32_Process_Lib\GD ARM MCU Debug/../src/drivers/packet_process/Process_Packet.c:367

#ifdef CONFIG_WAKEUP_FROM_DEEPSLEEP
  mcu_enter_deepsleep();
 8004008:	f7fe fad2 	bl	80025b0 <mcu_enter_deepsleep>
D:\project\N5_MCU\V610_MCU\trunk\GD\GD32_Process_Lib\GD ARM MCU Debug/../src/drivers/packet_process/Process_Packet.c:370
#endif
  return 0;
}
 800400c:	0020      	movs	r0, r4
 800400e:	bd10      	pop	{r4, pc}
 8004010:	08005be5 	.word	0x08005be5
 8004014:	08005bfd 	.word	0x08005bfd

08004018 <Process_packets>:
Process_packets():
D:\project\N5_MCU\V610_MCU\trunk\GD\GD32_Process_Lib\GD ARM MCU Debug/../src/drivers/packet_process/Process_Packet.c:39
{
 8004018:	b5f8      	push	{r3, r4, r5, r6, r7, lr}
D:\project\N5_MCU\V610_MCU\trunk\GD\GD32_Process_Lib\GD ARM MCU Debug/../src/drivers/packet_process/Process_Packet.c:51
    if (global_sio_handle.data_size > 0) {
 800401a:	4c4d      	ldr	r4, [pc, #308]	; (8004150 <Process_packets+0x138>)
 800401c:	6926      	ldr	r6, [r4, #16]
 800401e:	2e00      	cmp	r6, #0
 8004020:	dd40      	ble.n	80040a4 <Process_packets+0x8c>
D:\project\N5_MCU\V610_MCU\trunk\GD\GD32_Process_Lib\GD ARM MCU Debug/../src/drivers/packet_process/Process_Packet.c:87
                      global_sio_handle.pkt_state=PKT_RECV;
 8004022:	2703      	movs	r7, #3
D:\project\N5_MCU\V610_MCU\trunk\GD\GD32_Process_Lib\GD ARM MCU Debug/../src/drivers/packet_process/Process_Packet.c:53
      for (ch = global_sio_handle.read_ptr; cnt--; ch++) {
 8004024:	69e5      	ldr	r5, [r4, #28]
D:\project\N5_MCU\V610_MCU\trunk\GD\GD32_Process_Lib\GD ARM MCU Debug/../src/drivers/packet_process/Process_Packet.c:53 (discriminator 1)
 8004026:	7920      	ldrb	r0, [r4, #4]
 8004028:	3e01      	subs	r6, #1
 800402a:	d205      	bcs.n	8004038 <Process_packets+0x20>
D:\project\N5_MCU\V610_MCU\trunk\GD\GD32_Process_Lib\GD ARM MCU Debug/../src/drivers/packet_process/Process_Packet.c:97
      if (global_sio_handle.pkt_state != PKT_RECV) {
 800402c:	2803      	cmp	r0, #3
 800402e:	d039      	beq.n	80040a4 <Process_packets+0x8c>
D:\project\N5_MCU\V610_MCU\trunk\GD\GD32_Process_Lib\GD ARM MCU Debug/../src/drivers/packet_process/Process_Packet.c:98
        global_sio_handle.pkt_state = PKT_NONE;
 8004030:	2000      	movs	r0, #0
 8004032:	7120      	strb	r0, [r4, #4]
D:\project\N5_MCU\V610_MCU\trunk\GD\GD32_Process_Lib\GD ARM MCU Debug/../src/drivers/packet_process/Process_Packet.c:99
        global_sio_handle.buf_size = 0;
 8004034:	60e0      	str	r0, [r4, #12]
D:\project\N5_MCU\V610_MCU\trunk\GD\GD32_Process_Lib\GD ARM MCU Debug/../src/drivers/packet_process/Process_Packet.c:100
        return OPT_SUCCESS;
 8004036:	e01e      	b.n	8004076 <Process_packets+0x5e>
D:\project\N5_MCU\V610_MCU\trunk\GD\GD32_Process_Lib\GD ARM MCU Debug/../src/drivers/packet_process/Process_Packet.c:54
        switch (global_sio_handle.pkt_state)
 8004038:	2801      	cmp	r0, #1
 800403a:	d020      	beq.n	800407e <Process_packets+0x66>
 800403c:	2802      	cmp	r0, #2
 800403e:	d02a      	beq.n	8004096 <Process_packets+0x7e>
 8004040:	b928      	cbnz	r0, 800404e <Process_packets+0x36>
D:\project\N5_MCU\V610_MCU\trunk\GD\GD32_Process_Lib\GD ARM MCU Debug/../src/drivers/packet_process/Process_Packet.c:57
                if (PKT_HDLC_FLAG == *ch)
 8004042:	782b      	ldrb	r3, [r5, #0]
 8004044:	2b7e      	cmp	r3, #126	; 0x7e
 8004046:	d104      	bne.n	8004052 <Process_packets+0x3a>
D:\project\N5_MCU\V610_MCU\trunk\GD\GD32_Process_Lib\GD ARM MCU Debug/../src/drivers/packet_process/Process_Packet.c:59
                  global_sio_handle.pkt_state = PKT_HEAD;
 8004048:	3b7d      	subs	r3, #125	; 0x7d
 800404a:	7123      	strb	r3, [r4, #4]
D:\project\N5_MCU\V610_MCU\trunk\GD\GD32_Process_Lib\GD ARM MCU Debug/../src/drivers/packet_process/Process_Packet.c:60
                  global_sio_handle.buf_size = 0;
 800404c:	60e0      	str	r0, [r4, #12]
D:\project\N5_MCU\V610_MCU\trunk\GD\GD32_Process_Lib\GD ARM MCU Debug/../src/drivers/packet_process/Process_Packet.c:53 (discriminator 2)
      for (ch = global_sio_handle.read_ptr; cnt--; ch++) {
 800404e:	3501      	adds	r5, #1
 8004050:	e7e9      	b.n	8004026 <Process_packets+0xe>
D:\project\N5_MCU\V610_MCU\trunk\GD\GD32_Process_Lib\GD ARM MCU Debug/../src/drivers/packet_process/Process_Packet.c:62
                else if(PKT_HDLC_START == *ch)
 8004052:	2b55      	cmp	r3, #85	; 0x55
 8004054:	d110      	bne.n	8004078 <Process_packets+0x60>
D:\project\N5_MCU\V610_MCU\trunk\GD\GD32_Process_Lib\GD ARM MCU Debug/../src/drivers/packet_process/Process_Packet.c:64
                  global_sio_handle.buf_ptr[global_sio_handle.buf_size++] = *ch;
 8004056:	68e3      	ldr	r3, [r4, #12]
 8004058:	6961      	ldr	r1, [r4, #20]
 800405a:	1c5a      	adds	r2, r3, #1
 800405c:	60e2      	str	r2, [r4, #12]
 800405e:	782a      	ldrb	r2, [r5, #0]
 8004060:	54ca      	strb	r2, [r1, r3]
D:\project\N5_MCU\V610_MCU\trunk\GD\GD32_Process_Lib\GD ARM MCU Debug/../src/drivers/packet_process/Process_Packet.c:65
                  start_num++;
 8004062:	4a3c      	ldr	r2, [pc, #240]	; (8004154 <Process_packets+0x13c>)
 8004064:	7813      	ldrb	r3, [r2, #0]
 8004066:	3301      	adds	r3, #1
 8004068:	b25b      	sxtb	r3, r3
 800406a:	7013      	strb	r3, [r2, #0]
D:\project\N5_MCU\V610_MCU\trunk\GD\GD32_Process_Lib\GD ARM MCU Debug/../src/drivers/packet_process/Process_Packet.c:66
                  if(start_num>=1)
 800406c:	2b00      	cmp	r3, #0
 800406e:	ddee      	ble.n	800404e <Process_packets+0x36>
D:\project\N5_MCU\V610_MCU\trunk\GD\GD32_Process_Lib\GD ARM MCU Debug/../src/drivers/packet_process/Process_Packet.c:69
                    global_sio_handle.pkt_state=PKT_RECV;
 8004070:	2303      	movs	r3, #3
D:\project\N5_MCU\V610_MCU\trunk\GD\GD32_Process_Lib\GD ARM MCU Debug/../src/drivers/packet_process/Process_Packet.c:68
                    start_num = 0;
 8004072:	7010      	strb	r0, [r2, #0]
D:\project\N5_MCU\V610_MCU\trunk\GD\GD32_Process_Lib\GD ARM MCU Debug/../src/drivers/packet_process/Process_Packet.c:69
                    global_sio_handle.pkt_state=PKT_RECV;
 8004074:	7123      	strb	r3, [r4, #4]
D:\project\N5_MCU\V610_MCU\trunk\GD\GD32_Process_Lib\GD ARM MCU Debug/../src/drivers/packet_process/Process_Packet.c:152
}
 8004076:	bdf8      	pop	{r3, r4, r5, r6, r7, pc}
D:\project\N5_MCU\V610_MCU\trunk\GD\GD32_Process_Lib\GD ARM MCU Debug/../src/drivers/packet_process/Process_Packet.c:75
                  sio_handle_init();
 8004078:	f7fc fd8c 	bl	8000b94 <sio_handle_init>
 800407c:	e7e7      	b.n	800404e <Process_packets+0x36>
D:\project\N5_MCU\V610_MCU\trunk\GD\GD32_Process_Lib\GD ARM MCU Debug/../src/drivers/packet_process/Process_Packet.c:79
                if (PKT_HDLC_FLAG != *ch)
 800407e:	782b      	ldrb	r3, [r5, #0]
 8004080:	2b7e      	cmp	r3, #126	; 0x7e
 8004082:	d0e4      	beq.n	800404e <Process_packets+0x36>
D:\project\N5_MCU\V610_MCU\trunk\GD\GD32_Process_Lib\GD ARM MCU Debug/../src/drivers/packet_process/Process_Packet.c:81
                  global_sio_handle.pkt_state = PKT_GATHER;
 8004084:	2302      	movs	r3, #2
 8004086:	7123      	strb	r3, [r4, #4]
D:\project\N5_MCU\V610_MCU\trunk\GD\GD32_Process_Lib\GD ARM MCU Debug/../src/drivers/packet_process/Process_Packet.c:89
                      global_sio_handle.buf_ptr[global_sio_handle.buf_size++] = *ch;
 8004088:	68e3      	ldr	r3, [r4, #12]
 800408a:	6961      	ldr	r1, [r4, #20]
 800408c:	1c5a      	adds	r2, r3, #1
 800408e:	60e2      	str	r2, [r4, #12]
 8004090:	782a      	ldrb	r2, [r5, #0]
 8004092:	54ca      	strb	r2, [r1, r3]
 8004094:	e7db      	b.n	800404e <Process_packets+0x36>
D:\project\N5_MCU\V610_MCU\trunk\GD\GD32_Process_Lib\GD ARM MCU Debug/../src/drivers/packet_process/Process_Packet.c:85
                if(cnt < PKT_RECIVE_LIMIT) {
 8004096:	2eef      	cmp	r6, #239	; 0xef
 8004098:	dcd9      	bgt.n	800404e <Process_packets+0x36>
D:\project\N5_MCU\V610_MCU\trunk\GD\GD32_Process_Lib\GD ARM MCU Debug/../src/drivers/packet_process/Process_Packet.c:86
                    if (PKT_HDLC_FLAG == *ch) {
 800409a:	782b      	ldrb	r3, [r5, #0]
 800409c:	2b7e      	cmp	r3, #126	; 0x7e
 800409e:	d1f3      	bne.n	8004088 <Process_packets+0x70>
D:\project\N5_MCU\V610_MCU\trunk\GD\GD32_Process_Lib\GD ARM MCU Debug/../src/drivers/packet_process/Process_Packet.c:87
                      global_sio_handle.pkt_state=PKT_RECV;
 80040a0:	7127      	strb	r7, [r4, #4]
 80040a2:	e7d4      	b.n	800404e <Process_packets+0x36>
D:\project\N5_MCU\V610_MCU\trunk\GD\GD32_Process_Lib\GD ARM MCU Debug/../src/drivers/packet_process/Process_Packet.c:104
    if (global_sio_handle.buf_size > 0) {
 80040a4:	2000      	movs	r0, #0
 80040a6:	68e3      	ldr	r3, [r4, #12]
 80040a8:	4283      	cmp	r3, r0
 80040aa:	dde4      	ble.n	8004076 <Process_packets+0x5e>
D:\project\N5_MCU\V610_MCU\trunk\GD\GD32_Process_Lib\GD ARM MCU Debug/../src/drivers/packet_process/Process_Packet.c:113
       usart_interrupt_enable(USART0,USART_INT_IDLE);
 80040ac:	2104      	movs	r1, #4
D:\project\N5_MCU\V610_MCU\trunk\GD\GD32_Process_Lib\GD ARM MCU Debug/../src/drivers/packet_process/Process_Packet.c:109
       global_sio_handle.buf_size=0;
 80040ae:	60e0      	str	r0, [r4, #12]
D:\project\N5_MCU\V610_MCU\trunk\GD\GD32_Process_Lib\GD ARM MCU Debug/../src/drivers/packet_process/Process_Packet.c:110
       global_sio_handle.data_size=0;
 80040b0:	6120      	str	r0, [r4, #16]
D:\project\N5_MCU\V610_MCU\trunk\GD\GD32_Process_Lib\GD ARM MCU Debug/../src/drivers/packet_process/Process_Packet.c:111
       global_sio_handle.pkt_state=PKT_NONE;
 80040b2:	7120      	strb	r0, [r4, #4]
D:\project\N5_MCU\V610_MCU\trunk\GD\GD32_Process_Lib\GD ARM MCU Debug/../src/drivers/packet_process/Process_Packet.c:113
       usart_interrupt_enable(USART0,USART_INT_IDLE);
 80040b4:	4828      	ldr	r0, [pc, #160]	; (8004158 <Process_packets+0x140>)
 80040b6:	f7fe fcf3 	bl	8002aa0 <usart_interrupt_enable>
D:\project\N5_MCU\V610_MCU\trunk\GD\GD32_Process_Lib\GD ARM MCU Debug/../src/drivers/packet_process/Process_Packet.c:114
       usart_interrupt_enable(USART0,USART_INT_RBNE);
 80040ba:	2105      	movs	r1, #5
 80040bc:	4826      	ldr	r0, [pc, #152]	; (8004158 <Process_packets+0x140>)
 80040be:	f7fe fcef 	bl	8002aa0 <usart_interrupt_enable>
D:\project\N5_MCU\V610_MCU\trunk\GD\GD32_Process_Lib\GD ARM MCU Debug/../src/drivers/packet_process/Process_Packet.c:116
       crc = crc_16_l_calc(global_sio_handle.buf_ptr, global_sio_handle.buf_size);
 80040c2:	68e1      	ldr	r1, [r4, #12]
 80040c4:	6960      	ldr	r0, [r4, #20]
 80040c6:	f7fc ff19 	bl	8000efc <crc_16_l_calc>
 80040ca:	0005      	movs	r5, r0
D:\project\N5_MCU\V610_MCU\trunk\GD\GD32_Process_Lib\GD ARM MCU Debug/../src/drivers/packet_process/Process_Packet.c:117
       if (crc == 0) {
 80040cc:	bbe0      	cbnz	r0, 8004148 <Process_packets+0x130>
D:\project\N5_MCU\V610_MCU\trunk\GD\GD32_Process_Lib\GD ARM MCU Debug/../src/drivers/packet_process/Process_Packet.c:118
         if (global_sio_handle.buf_ptr[1]==BSL_REP_VER) {
 80040ce:	6963      	ldr	r3, [r4, #20]
 80040d0:	785b      	ldrb	r3, [r3, #1]
 80040d2:	2b81      	cmp	r3, #129	; 0x81
 80040d4:	d119      	bne.n	800410a <Process_packets+0xf2>
D:\project\N5_MCU\V610_MCU\trunk\GD\GD32_Process_Lib\GD ARM MCU Debug/../src/drivers/packet_process/Process_Packet.c:119
            printf("get soc version ack\n");
 80040d6:	4821      	ldr	r0, [pc, #132]	; (800415c <Process_packets+0x144>)
 80040d8:	f000 fbbe 	bl	8004858 <puts>
D:\project\N5_MCU\V610_MCU\trunk\GD\GD32_Process_Lib\GD ARM MCU Debug/../src/drivers/packet_process/Process_Packet.c:120
            s_spinand_spec_info_ptr = spinand_get_specinfo();
 80040dc:	f7fd f90c 	bl	80012f8 <spinand_get_specinfo>
 80040e0:	4b1f      	ldr	r3, [pc, #124]	; (8004160 <Process_packets+0x148>)
 80040e2:	6018      	str	r0, [r3, #0]
D:\project\N5_MCU\V610_MCU\trunk\GD\GD32_Process_Lib\GD ARM MCU Debug/../src/drivers/packet_process/Process_Packet.c:121
            if (s_spinand_spec_info_ptr == NULL) {
 80040e4:	b920      	cbnz	r0, 80040f0 <Process_packets+0xd8>
D:\project\N5_MCU\V610_MCU\trunk\GD\GD32_Process_Lib\GD ARM MCU Debug/../src/drivers/packet_process/Process_Packet.c:122
              printf("s_spinand_spec_info_ptr == NULL\n");
 80040e6:	481f      	ldr	r0, [pc, #124]	; (8004164 <Process_packets+0x14c>)
 80040e8:	f000 fbb6 	bl	8004858 <puts>
D:\project\N5_MCU\V610_MCU\trunk\GD\GD32_Process_Lib\GD ARM MCU Debug/../src/drivers/packet_process/Process_Packet.c:123
              return READ_NANDFLASH_ID_ERROR;
 80040ec:	2086      	movs	r0, #134	; 0x86
 80040ee:	e7c2      	b.n	8004076 <Process_packets+0x5e>
D:\project\N5_MCU\V610_MCU\trunk\GD\GD32_Process_Lib\GD ARM MCU Debug/../src/drivers/packet_process/Process_Packet.c:125
            s_spinand_spec_info_ptr->spinnad_operation->spinand_config();
 80040f0:	6883      	ldr	r3, [r0, #8]
 80040f2:	6a5b      	ldr	r3, [r3, #36]	; 0x24
 80040f4:	4798      	blx	r3
D:\project\N5_MCU\V610_MCU\trunk\GD\GD32_Process_Lib\GD ARM MCU Debug/../src/drivers/packet_process/Process_Packet.c:126
            global_sio_handle.pkt_type = BSL_CMD_CONNECT;
 80040f6:	80e5      	strh	r5, [r4, #6]
D:\project\N5_MCU\V610_MCU\trunk\GD\GD32_Process_Lib\GD ARM MCU Debug/../src/drivers/packet_process/Process_Packet.c:127
            proc_tab[global_sio_handle.pkt_type]();
 80040f8:	f7ff fede 	bl	8003eb8 <Send_Connect_CMD>
D:\project\N5_MCU\V610_MCU\trunk\GD\GD32_Process_Lib\GD ARM MCU Debug/../src/drivers/packet_process/Process_Packet.c:149
       memset(global_sio_handle.buf_ptr, 0, global_sio_handle.buf_size);
 80040fc:	2100      	movs	r1, #0
 80040fe:	68e2      	ldr	r2, [r4, #12]
 8004100:	6960      	ldr	r0, [r4, #20]
 8004102:	f7fc ff7d 	bl	8001000 <memset>
D:\project\N5_MCU\V610_MCU\trunk\GD\GD32_Process_Lib\GD ARM MCU Debug/../src/drivers/packet_process/Process_Packet.c:151
    return OPT_SUCCESS;
 8004106:	2000      	movs	r0, #0
 8004108:	e7b5      	b.n	8004076 <Process_packets+0x5e>
D:\project\N5_MCU\V610_MCU\trunk\GD\GD32_Process_Lib\GD ARM MCU Debug/../src/drivers/packet_process/Process_Packet.c:128
         } else if (global_sio_handle.buf_ptr[1] == BSL_REP_ACK) {
 800410a:	2b80      	cmp	r3, #128	; 0x80
 800410c:	d1f6      	bne.n	80040fc <Process_packets+0xe4>
D:\project\N5_MCU\V610_MCU\trunk\GD\GD32_Process_Lib\GD ARM MCU Debug/../src/drivers/packet_process/Process_Packet.c:133
            if (global_sio_handle.pkt_type == BSL_CMD_START_DATA) {
 800410e:	88e3      	ldrh	r3, [r4, #6]
 8004110:	2b01      	cmp	r3, #1
 8004112:	d109      	bne.n	8004128 <Process_packets+0x110>
D:\project\N5_MCU\V610_MCU\trunk\GD\GD32_Process_Lib\GD ARM MCU Debug/../src/drivers/packet_process/Process_Packet.c:134
              printf("change data transport uart baud to 921600\n");
 8004114:	4814      	ldr	r0, [pc, #80]	; (8004168 <Process_packets+0x150>)
 8004116:	f000 fb9f 	bl	8004858 <puts>
D:\project\N5_MCU\V610_MCU\trunk\GD\GD32_Process_Lib\GD ARM MCU Debug/../src/drivers/packet_process/Process_Packet.c:135
              com_usart_change_baud(CONFIG_BAUDRATE_SPEEDUP);
 800411a:	20e1      	movs	r0, #225	; 0xe1
 800411c:	0300      	lsls	r0, r0, #12
 800411e:	f7fc fe26 	bl	8000d6e <com_usart_change_baud>
D:\project\N5_MCU\V610_MCU\trunk\GD\GD32_Process_Lib\GD ARM MCU Debug/../src/drivers/packet_process/Process_Packet.c:136
              delay_1ms(5);
 8004122:	2005      	movs	r0, #5
 8004124:	f7fc f8bf 	bl	80002a6 <delay_1ms>
D:\project\N5_MCU\V610_MCU\trunk\GD\GD32_Process_Lib\GD ARM MCU Debug/../src/drivers/packet_process/Process_Packet.c:139
            if (global_sio_handle.pkt_type != BSL_PKT_TYPE_MAX) {
 8004128:	f64f 72ff 	movw	r2, #65535	; 0xffff
 800412c:	88e3      	ldrh	r3, [r4, #6]
 800412e:	4293      	cmp	r3, r2
 8004130:	d004      	beq.n	800413c <Process_packets+0x124>
D:\project\N5_MCU\V610_MCU\trunk\GD\GD32_Process_Lib\GD ARM MCU Debug/../src/drivers/packet_process/Process_Packet.c:140
              proc_tab[global_sio_handle.pkt_type]();
 8004132:	4a0e      	ldr	r2, [pc, #56]	; (800416c <Process_packets+0x154>)
 8004134:	009b      	lsls	r3, r3, #2
 8004136:	589b      	ldr	r3, [r3, r2]
 8004138:	4798      	blx	r3
 800413a:	e7df      	b.n	80040fc <Process_packets+0xe4>
D:\project\N5_MCU\V610_MCU\trunk\GD\GD32_Process_Lib\GD ARM MCU Debug/../src/drivers/packet_process/Process_Packet.c:142
              sio_handle_init();
 800413c:	f7fc fd2a 	bl	8000b94 <sio_handle_init>
D:\project\N5_MCU\V610_MCU\trunk\GD\GD32_Process_Lib\GD ARM MCU Debug/../src/drivers/packet_process/Process_Packet.c:143
              global_sio_handle.pkt_type = BSL_PKT_TYPE_MAX;
 8004140:	2301      	movs	r3, #1
 8004142:	425b      	negs	r3, r3
 8004144:	80e3      	strh	r3, [r4, #6]
 8004146:	e7d9      	b.n	80040fc <Process_packets+0xe4>
D:\project\N5_MCU\V610_MCU\trunk\GD\GD32_Process_Lib\GD ARM MCU Debug/../src/drivers/packet_process/Process_Packet.c:147
          printf("global_sio_handle.buf crc err\n");
 8004148:	4809      	ldr	r0, [pc, #36]	; (8004170 <Process_packets+0x158>)
 800414a:	f000 fb85 	bl	8004858 <puts>
 800414e:	e7d5      	b.n	80040fc <Process_packets+0xe4>
 8004150:	2000109c 	.word	0x2000109c
 8004154:	20000280 	.word	0x20000280
 8004158:	40013800 	.word	0x40013800
 800415c:	08005c14 	.word	0x08005c14
 8004160:	20000260 	.word	0x20000260
 8004164:	08005c28 	.word	0x08005c28
 8004168:	08005c48 	.word	0x08005c48
 800416c:	08005e7c 	.word	0x08005e7c
 8004170:	08005c72 	.word	0x08005c72

08004174 <Send_Error_Code>:
Send_Error_Code():
D:\project\N5_MCU\V610_MCU\trunk\GD\GD32_Process_Lib\GD ARM MCU Debug/../src/drivers/packet_process/Process_Packet.c:192
{
 8004174:	b570      	push	{r4, r5, r6, lr}
D:\project\N5_MCU\V610_MCU\trunk\GD\GD32_Process_Lib\GD ARM MCU Debug/../src/drivers/packet_process/Process_Packet.c:193
    ((pkt_header_ptr) global_sio_handle.write_ptr)->pkt_type = ENDIAN_CONVERT_16 (val);
 8004176:	4c06      	ldr	r4, [pc, #24]	; (8004190 <Send_Error_Code+0x1c>)
 8004178:	69a5      	ldr	r5, [r4, #24]
 800417a:	f7fc ff0a 	bl	8000f92 <ENDIAN_CONVERT_16>
D:\project\N5_MCU\V610_MCU\trunk\GD\GD32_Process_Lib\GD ARM MCU Debug/../src/drivers/packet_process/Process_Packet.c:194
    ((pkt_header_ptr) global_sio_handle.write_ptr)->pkt_size = 0;
 800417e:	2300      	movs	r3, #0
D:\project\N5_MCU\V610_MCU\trunk\GD\GD32_Process_Lib\GD ARM MCU Debug/../src/drivers/packet_process/Process_Packet.c:193
    ((pkt_header_ptr) global_sio_handle.write_ptr)->pkt_type = ENDIAN_CONVERT_16 (val);
 8004180:	8028      	strh	r0, [r5, #0]
D:\project\N5_MCU\V610_MCU\trunk\GD\GD32_Process_Lib\GD ARM MCU Debug/../src/drivers/packet_process/Process_Packet.c:194
    ((pkt_header_ptr) global_sio_handle.write_ptr)->pkt_size = 0;
 8004182:	69a0      	ldr	r0, [r4, #24]
D:\project\N5_MCU\V610_MCU\trunk\GD\GD32_Process_Lib\GD ARM MCU Debug/../src/drivers/packet_process/Process_Packet.c:195
    usart_send_data(global_sio_handle.write_ptr,sizeof(pkt_header_ptr)+PKT_CRC_SIZE);
 8004184:	2106      	movs	r1, #6
D:\project\N5_MCU\V610_MCU\trunk\GD\GD32_Process_Lib\GD ARM MCU Debug/../src/drivers/packet_process/Process_Packet.c:194
    ((pkt_header_ptr) global_sio_handle.write_ptr)->pkt_size = 0;
 8004186:	8043      	strh	r3, [r0, #2]
D:\project\N5_MCU\V610_MCU\trunk\GD\GD32_Process_Lib\GD ARM MCU Debug/../src/drivers/packet_process/Process_Packet.c:195
    usart_send_data(global_sio_handle.write_ptr,sizeof(pkt_header_ptr)+PKT_CRC_SIZE);
 8004188:	f7ff fe66 	bl	8003e58 <usart_send_data>
D:\project\N5_MCU\V610_MCU\trunk\GD\GD32_Process_Lib\GD ARM MCU Debug/../src/drivers/packet_process/Process_Packet.c:196
}
 800418c:	bd70      	pop	{r4, r5, r6, pc}
 800418e:	46c0      	nop			; (mov r8, r8)
 8004190:	2000109c 	.word	0x2000109c

08004194 <SPL_GetNandFlashData>:
SPL_GetNandFlashData():
D:\project\N5_MCU\V610_MCU\trunk\GD\GD32_Process_Lib\GD ARM MCU Debug/../src/drivers/packet_process/Process_Packet.c:430
int SPL_GetNandFlashData(int length)
{
  int ret = 0;
  static int cnt = 0;
  static int start = 0;
  if (spl_handle.SPL_ADDR.Page > spl_page_num)
 8004194:	f240 4312 	movw	r3, #1042	; 0x412
D:\project\N5_MCU\V610_MCU\trunk\GD\GD32_Process_Lib\GD ARM MCU Debug/../src/drivers/packet_process/Process_Packet.c:426
{
 8004198:	b5f7      	push	{r0, r1, r2, r4, r5, r6, r7, lr}
D:\project\N5_MCU\V610_MCU\trunk\GD\GD32_Process_Lib\GD ARM MCU Debug/../src/drivers/packet_process/Process_Packet.c:430
  if (spl_handle.SPL_ADDR.Page > spl_page_num)
 800419a:	4c59      	ldr	r4, [pc, #356]	; (8004300 <SPL_GetNandFlashData+0x16c>)
D:\project\N5_MCU\V610_MCU\trunk\GD\GD32_Process_Lib\GD ARM MCU Debug/../src/drivers/packet_process/Process_Packet.c:432
  {
    return READ_NANDFLASH_PAGE_LIMIT_ERROR;
 800419c:	2589      	movs	r5, #137	; 0x89
D:\project\N5_MCU\V610_MCU\trunk\GD\GD32_Process_Lib\GD ARM MCU Debug/../src/drivers/packet_process/Process_Packet.c:430
  if (spl_handle.SPL_ADDR.Page > spl_page_num)
 800419e:	5ae2      	ldrh	r2, [r4, r3]
 80041a0:	4b58      	ldr	r3, [pc, #352]	; (8004304 <SPL_GetNandFlashData+0x170>)
 80041a2:	681b      	ldr	r3, [r3, #0]
 80041a4:	429a      	cmp	r2, r3
 80041a6:	dd00      	ble.n	80041aa <SPL_GetNandFlashData+0x16>
 80041a8:	e0a5      	b.n	80042f6 <SPL_GetNandFlashData+0x162>
D:\project\N5_MCU\V610_MCU\trunk\GD\GD32_Process_Lib\GD ARM MCU Debug/../src/drivers/packet_process/Process_Packet.c:435
  }

  spl_handle.SPL_ADDR.Area = cnt * length;
 80041aa:	4a57      	ldr	r2, [pc, #348]	; (8004308 <SPL_GetNandFlashData+0x174>)
 80041ac:	b283      	uxth	r3, r0
 80041ae:	9300      	str	r3, [sp, #0]
D:\project\N5_MCU\V610_MCU\trunk\GD\GD32_Process_Lib\GD ARM MCU Debug/../src/drivers/packet_process/Process_Packet.c:439
#ifdef DEBUG_DATA
  printf("spl_handle.SPL_ADDR.Block:0x%x, spl_handle.SPL_ADDR.Page:0x%x, spl_handle.SPL_ADDR.Area:0x%x, cnt:0x%x, start:0x%x\n", spl_handle.SPL_ADDR.Block, spl_handle.SPL_ADDR.Page, spl_handle.SPL_ADDR.Area, cnt, start);
#endif
  ret = NANDFLASH_Read(spl_handle.SPL_ADDR,spl_handle.SPL_Buffer,length);
 80041b0:	f240 4610 	movw	r6, #1040	; 0x410
D:\project\N5_MCU\V610_MCU\trunk\GD\GD32_Process_Lib\GD ARM MCU Debug/../src/drivers/packet_process/Process_Packet.c:435
  spl_handle.SPL_ADDR.Area = cnt * length;
 80041b4:	6813      	ldr	r3, [r2, #0]
 80041b6:	f240 4214 	movw	r2, #1044	; 0x414
 80041ba:	9900      	ldr	r1, [sp, #0]
 80041bc:	9301      	str	r3, [sp, #4]
 80041be:	434b      	muls	r3, r1
D:\project\N5_MCU\V610_MCU\trunk\GD\GD32_Process_Lib\GD ARM MCU Debug/../src/drivers/packet_process/Process_Packet.c:439
  ret = NANDFLASH_Read(spl_handle.SPL_ADDR,spl_handle.SPL_Buffer,length);
 80041c0:	19a7      	adds	r7, r4, r6
D:\project\N5_MCU\V610_MCU\trunk\GD\GD32_Process_Lib\GD ARM MCU Debug/../src/drivers/packet_process/Process_Packet.c:435
  spl_handle.SPL_ADDR.Area = cnt * length;
 80041c2:	52a3      	strh	r3, [r4, r2]
D:\project\N5_MCU\V610_MCU\trunk\GD\GD32_Process_Lib\GD ARM MCU Debug/../src/drivers/packet_process/Process_Packet.c:439
  ret = NANDFLASH_Read(spl_handle.SPL_ADDR,spl_handle.SPL_Buffer,length);
 80041c4:	59a0      	ldr	r0, [r4, r6]
 80041c6:	000b      	movs	r3, r1
 80041c8:	0022      	movs	r2, r4
 80041ca:	6879      	ldr	r1, [r7, #4]
 80041cc:	f7fd f978 	bl	80014c0 <NANDFLASH_Read>
D:\project\N5_MCU\V610_MCU\trunk\GD\GD32_Process_Lib\GD ARM MCU Debug/../src/drivers/packet_process/Process_Packet.c:440
  cnt++;
 80041d0:	4a4d      	ldr	r2, [pc, #308]	; (8004308 <SPL_GetNandFlashData+0x174>)
D:\project\N5_MCU\V610_MCU\trunk\GD\GD32_Process_Lib\GD ARM MCU Debug/../src/drivers/packet_process/Process_Packet.c:439
  ret = NANDFLASH_Read(spl_handle.SPL_ADDR,spl_handle.SPL_Buffer,length);
 80041d2:	0005      	movs	r5, r0
D:\project\N5_MCU\V610_MCU\trunk\GD\GD32_Process_Lib\GD ARM MCU Debug/../src/drivers/packet_process/Process_Packet.c:440
  cnt++;
 80041d4:	6813      	ldr	r3, [r2, #0]
 80041d6:	9201      	str	r2, [sp, #4]
 80041d8:	3301      	adds	r3, #1
 80041da:	6013      	str	r3, [r2, #0]
D:\project\N5_MCU\V610_MCU\trunk\GD\GD32_Process_Lib\GD ARM MCU Debug/../src/drivers/packet_process/Process_Packet.c:441
  if((ret==READ_NANDFLASH_ECC_ERROR && spl_handle.blockArea[0].BlockStatus==0xFFFF && spl_handle.blockArea[1].BlockStatus==0xFFFF))
 80041dc:	289a      	cmp	r0, #154	; 0x9a
 80041de:	d146      	bne.n	800426e <SPL_GetNandFlashData+0xda>
 80041e0:	f240 4308 	movw	r3, #1032	; 0x408
 80041e4:	5ae2      	ldrh	r2, [r4, r3]
 80041e6:	3304      	adds	r3, #4
 80041e8:	5ae3      	ldrh	r3, [r4, r3]
 80041ea:	4013      	ands	r3, r2
 80041ec:	f64f 72ff 	movw	r2, #65535	; 0xffff
 80041f0:	4293      	cmp	r3, r2
 80041f2:	d000      	beq.n	80041f6 <SPL_GetNandFlashData+0x62>
 80041f4:	e07b      	b.n	80042ee <SPL_GetNandFlashData+0x15a>
D:\project\N5_MCU\V610_MCU\trunk\GD\GD32_Process_Lib\GD ARM MCU Debug/../src/drivers/packet_process/Process_Packet.c:443
  {
    printf("ecc error!\n");
 80041f6:	4845      	ldr	r0, [pc, #276]	; (800430c <SPL_GetNandFlashData+0x178>)
 80041f8:	f000 fb2e 	bl	8004858 <puts>
D:\project\N5_MCU\V610_MCU\trunk\GD\GD32_Process_Lib\GD ARM MCU Debug/../src/drivers/packet_process/Process_Packet.c:444
    if (NAND_PAGE_SIZE == 0x800) {
 80041fc:	f640 0200 	movw	r2, #2048	; 0x800
 8004200:	4b43      	ldr	r3, [pc, #268]	; (8004310 <SPL_GetNandFlashData+0x17c>)
 8004202:	681b      	ldr	r3, [r3, #0]
 8004204:	4293      	cmp	r3, r2
 8004206:	d164      	bne.n	80042d2 <SPL_GetNandFlashData+0x13e>
D:\project\N5_MCU\V610_MCU\trunk\GD\GD32_Process_Lib\GD ARM MCU Debug/../src/drivers/packet_process/Process_Packet.c:445
      if (spl_handle.SPL_ADDR.Block == SPL_BLOCK_ID) {
 8004208:	5ba3      	ldrh	r3, [r4, r6]
 800420a:	9301      	str	r3, [sp, #4]
 800420c:	9a01      	ldr	r2, [sp, #4]
 800420e:	4b41      	ldr	r3, [pc, #260]	; (8004314 <SPL_GetNandFlashData+0x180>)
 8004210:	681b      	ldr	r3, [r3, #0]
 8004212:	b94a      	cbnz	r2, 8004228 <SPL_GetNandFlashData+0x94>
D:\project\N5_MCU\V610_MCU\trunk\GD\GD32_Process_Lib\GD ARM MCU Debug/../src/drivers/packet_process/Process_Packet.c:464
        ret = NANDFLASH_Read(spl_handle.SPL_ADDR,spl_handle.SPL_Buffer,length);
        spl_handle.SPL_ADDR.Block = spl_bakcup_block_id+1;
      }
    } else if (NAND_PAGE_SIZE == 0x1000) {
      if (spl_handle.SPL_ADDR.Block == SPL_BLOCK_ID) {
        spl_handle.SPL_ADDR.Block = spl_bakcup_block_id;
 8004214:	53a3      	strh	r3, [r4, r6]
D:\project\N5_MCU\V610_MCU\trunk\GD\GD32_Process_Lib\GD ARM MCU Debug/../src/drivers/packet_process/Process_Packet.c:465
        ret = NANDFLASH_Read(spl_handle.SPL_ADDR,spl_handle.SPL_Buffer,length);  //read blcok1
 8004216:	0022      	movs	r2, r4
 8004218:	9b00      	ldr	r3, [sp, #0]
 800421a:	59a0      	ldr	r0, [r4, r6]
 800421c:	6879      	ldr	r1, [r7, #4]
 800421e:	f7fd f94f 	bl	80014c0 <NANDFLASH_Read>
D:\project\N5_MCU\V610_MCU\trunk\GD\GD32_Process_Lib\GD ARM MCU Debug/../src/drivers/packet_process/Process_Packet.c:466
        spl_handle.SPL_ADDR.Block = SPL_BLOCK_ID;
 8004222:	9b01      	ldr	r3, [sp, #4]
D:\project\N5_MCU\V610_MCU\trunk\GD\GD32_Process_Lib\GD ARM MCU Debug/../src/drivers/packet_process/Process_Packet.c:465
        ret = NANDFLASH_Read(spl_handle.SPL_ADDR,spl_handle.SPL_Buffer,length);  //read blcok1
 8004224:	0005      	movs	r5, r0
D:\project\N5_MCU\V610_MCU\trunk\GD\GD32_Process_Lib\GD ARM MCU Debug/../src/drivers/packet_process/Process_Packet.c:466
        spl_handle.SPL_ADDR.Block = SPL_BLOCK_ID;
 8004226:	e021      	b.n	800426c <SPL_GetNandFlashData+0xd8>
D:\project\N5_MCU\V610_MCU\trunk\GD\GD32_Process_Lib\GD ARM MCU Debug/../src/drivers/packet_process/Process_Packet.c:449
      } else if (spl_handle.SPL_ADDR.Block == spl_bakcup_block_id) {
 8004228:	9a01      	ldr	r2, [sp, #4]
 800422a:	429a      	cmp	r2, r3
 800422c:	d10b      	bne.n	8004246 <SPL_GetNandFlashData+0xb2>
D:\project\N5_MCU\V610_MCU\trunk\GD\GD32_Process_Lib\GD ARM MCU Debug/../src/drivers/packet_process/Process_Packet.c:468
      } else if (spl_handle.SPL_ADDR.Block==spl_bakcup_block_id) {
        spl_handle.SPL_ADDR.Block = SPL_BLOCK_ID;
 800422e:	2300      	movs	r3, #0
 8004230:	53a3      	strh	r3, [r4, r6]
D:\project\N5_MCU\V610_MCU\trunk\GD\GD32_Process_Lib\GD ARM MCU Debug/../src/drivers/packet_process/Process_Packet.c:469
        ret = NANDFLASH_Read(spl_handle.SPL_ADDR,spl_handle.SPL_Buffer,length);
 8004232:	0022      	movs	r2, r4
 8004234:	9b00      	ldr	r3, [sp, #0]
 8004236:	59a0      	ldr	r0, [r4, r6]
 8004238:	6879      	ldr	r1, [r7, #4]
 800423a:	f7fd f941 	bl	80014c0 <NANDFLASH_Read>
D:\project\N5_MCU\V610_MCU\trunk\GD\GD32_Process_Lib\GD ARM MCU Debug/../src/drivers/packet_process/Process_Packet.c:470
        spl_handle.SPL_ADDR.Block = spl_bakcup_block_id;
 800423e:	4b35      	ldr	r3, [pc, #212]	; (8004314 <SPL_GetNandFlashData+0x180>)
D:\project\N5_MCU\V610_MCU\trunk\GD\GD32_Process_Lib\GD ARM MCU Debug/../src/drivers/packet_process/Process_Packet.c:469
        ret = NANDFLASH_Read(spl_handle.SPL_ADDR,spl_handle.SPL_Buffer,length);
 8004240:	0005      	movs	r5, r0
D:\project\N5_MCU\V610_MCU\trunk\GD\GD32_Process_Lib\GD ARM MCU Debug/../src/drivers/packet_process/Process_Packet.c:470
        spl_handle.SPL_ADDR.Block = spl_bakcup_block_id;
 8004242:	681b      	ldr	r3, [r3, #0]
 8004244:	e012      	b.n	800426c <SPL_GetNandFlashData+0xd8>
D:\project\N5_MCU\V610_MCU\trunk\GD\GD32_Process_Lib\GD ARM MCU Debug/../src/drivers/packet_process/Process_Packet.c:453
      } else if (spl_handle.SPL_ADDR.Block == SPL_BLOCK_ID+1) {
 8004246:	9a01      	ldr	r2, [sp, #4]
 8004248:	3301      	adds	r3, #1
 800424a:	2a01      	cmp	r2, #1
 800424c:	d0e2      	beq.n	8004214 <SPL_GetNandFlashData+0x80>
D:\project\N5_MCU\V610_MCU\trunk\GD\GD32_Process_Lib\GD ARM MCU Debug/../src/drivers/packet_process/Process_Packet.c:457
      } else if (spl_handle.SPL_ADDR.Block==spl_bakcup_block_id+1) {
 800424e:	9a01      	ldr	r2, [sp, #4]
 8004250:	429a      	cmp	r2, r3
 8004252:	d14c      	bne.n	80042ee <SPL_GetNandFlashData+0x15a>
D:\project\N5_MCU\V610_MCU\trunk\GD\GD32_Process_Lib\GD ARM MCU Debug/../src/drivers/packet_process/Process_Packet.c:458
        spl_handle.SPL_ADDR.Block = SPL_BLOCK_ID+1;
 8004254:	2301      	movs	r3, #1
 8004256:	53a3      	strh	r3, [r4, r6]
D:\project\N5_MCU\V610_MCU\trunk\GD\GD32_Process_Lib\GD ARM MCU Debug/../src/drivers/packet_process/Process_Packet.c:459
        ret = NANDFLASH_Read(spl_handle.SPL_ADDR,spl_handle.SPL_Buffer,length);
 8004258:	0022      	movs	r2, r4
 800425a:	9b00      	ldr	r3, [sp, #0]
 800425c:	59a0      	ldr	r0, [r4, r6]
 800425e:	6879      	ldr	r1, [r7, #4]
 8004260:	f7fd f92e 	bl	80014c0 <NANDFLASH_Read>
 8004264:	0005      	movs	r5, r0
D:\project\N5_MCU\V610_MCU\trunk\GD\GD32_Process_Lib\GD ARM MCU Debug/../src/drivers/packet_process/Process_Packet.c:460
        spl_handle.SPL_ADDR.Block = spl_bakcup_block_id+1;
 8004266:	4b2b      	ldr	r3, [pc, #172]	; (8004314 <SPL_GetNandFlashData+0x180>)
 8004268:	681b      	ldr	r3, [r3, #0]
 800426a:	3301      	adds	r3, #1
D:\project\N5_MCU\V610_MCU\trunk\GD\GD32_Process_Lib\GD ARM MCU Debug/../src/drivers/packet_process/Process_Packet.c:470
        spl_handle.SPL_ADDR.Block = spl_bakcup_block_id;
 800426c:	53a3      	strh	r3, [r4, r6]
D:\project\N5_MCU\V610_MCU\trunk\GD\GD32_Process_Lib\GD ARM MCU Debug/../src/drivers/packet_process/Process_Packet.c:475
      }
    }
  }

  if (ret != 0) {
 800426e:	2d00      	cmp	r5, #0
 8004270:	d13d      	bne.n	80042ee <SPL_GetNandFlashData+0x15a>
D:\project\N5_MCU\V610_MCU\trunk\GD\GD32_Process_Lib\GD ARM MCU Debug/../src/drivers/packet_process/Process_Packet.c:481
    printf("nand flash read error, ret = %d\n", ret);
    return ret;
  }

  //for loop read
  if (start >= (spl_cycle_page_count-1)) {
 8004272:	4b29      	ldr	r3, [pc, #164]	; (8004318 <SPL_GetNandFlashData+0x184>)
 8004274:	4829      	ldr	r0, [pc, #164]	; (800431c <SPL_GetNandFlashData+0x188>)
 8004276:	681b      	ldr	r3, [r3, #0]
 8004278:	6802      	ldr	r2, [r0, #0]
 800427a:	1e5e      	subs	r6, r3, #1
 800427c:	0001      	movs	r1, r0
 800427e:	4296      	cmp	r6, r2
 8004280:	dc3b      	bgt.n	80042fa <SPL_GetNandFlashData+0x166>
D:\project\N5_MCU\V610_MCU\trunk\GD\GD32_Process_Lib\GD ARM MCU Debug/../src/drivers/packet_process/Process_Packet.c:482
    if ((cnt % spl_cycle_page_count) == 0) {
 8004282:	4a21      	ldr	r2, [pc, #132]	; (8004308 <SPL_GetNandFlashData+0x174>)
 8004284:	6812      	ldr	r2, [r2, #0]
 8004286:	fb92 f0f3 	sdiv	r0, r2, r3
 800428a:	4343      	muls	r3, r0
 800428c:	429a      	cmp	r2, r3
 800428e:	d109      	bne.n	80042a4 <SPL_GetNandFlashData+0x110>
 8004290:	f240 4212 	movw	r2, #1042	; 0x412
 8004294:	5aa3      	ldrh	r3, [r4, r2]
D:\project\N5_MCU\V610_MCU\trunk\GD\GD32_Process_Lib\GD ARM MCU Debug/../src/drivers/packet_process/Process_Packet.c:483
      cnt = 0;
 8004296:	481c      	ldr	r0, [pc, #112]	; (8004308 <SPL_GetNandFlashData+0x174>)
D:\project\N5_MCU\V610_MCU\trunk\GD\GD32_Process_Lib\GD ARM MCU Debug/../src/drivers/packet_process/Process_Packet.c:484
      spl_handle.SPL_ADDR.Page++;
 8004298:	3301      	adds	r3, #1
 800429a:	52a3      	strh	r3, [r4, r2]
D:\project\N5_MCU\V610_MCU\trunk\GD\GD32_Process_Lib\GD ARM MCU Debug/../src/drivers/packet_process/Process_Packet.c:485
      spl_handle.SPL_ADDR.Area = 0;
 800429c:	f240 4314 	movw	r3, #1044	; 0x414
D:\project\N5_MCU\V610_MCU\trunk\GD\GD32_Process_Lib\GD ARM MCU Debug/../src/drivers/packet_process/Process_Packet.c:483
      cnt = 0;
 80042a0:	6005      	str	r5, [r0, #0]
D:\project\N5_MCU\V610_MCU\trunk\GD\GD32_Process_Lib\GD ARM MCU Debug/../src/drivers/packet_process/Process_Packet.c:485
      spl_handle.SPL_ADDR.Area = 0;
 80042a2:	52e5      	strh	r5, [r4, r3]
D:\project\N5_MCU\V610_MCU\trunk\GD\GD32_Process_Lib\GD ARM MCU Debug/../src/drivers/packet_process/Process_Packet.c:487
    }
    if ((spl_handle.SPL_ADDR.Page % spl_cycle_block_count) == 0) {
 80042a4:	f240 4612 	movw	r6, #1042	; 0x412
 80042a8:	4b1d      	ldr	r3, [pc, #116]	; (8004320 <SPL_GetNandFlashData+0x18c>)
 80042aa:	5ba0      	ldrh	r0, [r4, r6]
 80042ac:	681b      	ldr	r3, [r3, #0]
 80042ae:	fb90 f2f3 	sdiv	r2, r0, r3
 80042b2:	4353      	muls	r3, r2
 80042b4:	1ac2      	subs	r2, r0, r3
 80042b6:	4298      	cmp	r0, r3
 80042b8:	d11d      	bne.n	80042f6 <SPL_GetNandFlashData+0x162>
D:\project\N5_MCU\V610_MCU\trunk\GD\GD32_Process_Lib\GD ARM MCU Debug/../src/drivers/packet_process/Process_Packet.c:489
      spl_handle.SPL_ADDR.Page=0;
      spl_handle.SPL_ADDR.Area=0;
 80042ba:	f240 4314 	movw	r3, #1044	; 0x414
D:\project\N5_MCU\V610_MCU\trunk\GD\GD32_Process_Lib\GD ARM MCU Debug/../src/drivers/packet_process/Process_Packet.c:490
      spl_handle.SPL_ADDR.Block++;
 80042be:	f240 4010 	movw	r0, #1040	; 0x410
D:\project\N5_MCU\V610_MCU\trunk\GD\GD32_Process_Lib\GD ARM MCU Debug/../src/drivers/packet_process/Process_Packet.c:488
      spl_handle.SPL_ADDR.Page=0;
 80042c2:	53a2      	strh	r2, [r4, r6]
D:\project\N5_MCU\V610_MCU\trunk\GD\GD32_Process_Lib\GD ARM MCU Debug/../src/drivers/packet_process/Process_Packet.c:489
      spl_handle.SPL_ADDR.Area=0;
 80042c4:	52e2      	strh	r2, [r4, r3]
D:\project\N5_MCU\V610_MCU\trunk\GD\GD32_Process_Lib\GD ARM MCU Debug/../src/drivers/packet_process/Process_Packet.c:490
      spl_handle.SPL_ADDR.Block++;
 80042c6:	5a23      	ldrh	r3, [r4, r0]
D:\project\N5_MCU\V610_MCU\trunk\GD\GD32_Process_Lib\GD ARM MCU Debug/../src/drivers/packet_process/Process_Packet.c:496
      start = 0;
    }
  } else {
    start++;
  }
  return ret;
 80042c8:	0015      	movs	r5, r2
D:\project\N5_MCU\V610_MCU\trunk\GD\GD32_Process_Lib\GD ARM MCU Debug/../src/drivers/packet_process/Process_Packet.c:490
      spl_handle.SPL_ADDR.Block++;
 80042ca:	3301      	adds	r3, #1
 80042cc:	5223      	strh	r3, [r4, r0]
D:\project\N5_MCU\V610_MCU\trunk\GD\GD32_Process_Lib\GD ARM MCU Debug/../src/drivers/packet_process/Process_Packet.c:491
      start = 0;
 80042ce:	600a      	str	r2, [r1, #0]
 80042d0:	e011      	b.n	80042f6 <SPL_GetNandFlashData+0x162>
D:\project\N5_MCU\V610_MCU\trunk\GD\GD32_Process_Lib\GD ARM MCU Debug/../src/drivers/packet_process/Process_Packet.c:462
    } else if (NAND_PAGE_SIZE == 0x1000) {
 80042d2:	f241 0200 	movw	r2, #4096	; 0x1000
 80042d6:	4293      	cmp	r3, r2
 80042d8:	d109      	bne.n	80042ee <SPL_GetNandFlashData+0x15a>
D:\project\N5_MCU\V610_MCU\trunk\GD\GD32_Process_Lib\GD ARM MCU Debug/../src/drivers/packet_process/Process_Packet.c:463
      if (spl_handle.SPL_ADDR.Block == SPL_BLOCK_ID) {
 80042da:	5ba3      	ldrh	r3, [r4, r6]
 80042dc:	9301      	str	r3, [sp, #4]
 80042de:	9a01      	ldr	r2, [sp, #4]
 80042e0:	4b0c      	ldr	r3, [pc, #48]	; (8004314 <SPL_GetNandFlashData+0x180>)
 80042e2:	681b      	ldr	r3, [r3, #0]
 80042e4:	2a00      	cmp	r2, #0
 80042e6:	d095      	beq.n	8004214 <SPL_GetNandFlashData+0x80>
D:\project\N5_MCU\V610_MCU\trunk\GD\GD32_Process_Lib\GD ARM MCU Debug/../src/drivers/packet_process/Process_Packet.c:467
      } else if (spl_handle.SPL_ADDR.Block==spl_bakcup_block_id) {
 80042e8:	9a01      	ldr	r2, [sp, #4]
 80042ea:	429a      	cmp	r2, r3
 80042ec:	d09f      	beq.n	800422e <SPL_GetNandFlashData+0x9a>
D:\project\N5_MCU\V610_MCU\trunk\GD\GD32_Process_Lib\GD ARM MCU Debug/../src/drivers/packet_process/Process_Packet.c:476
    printf("nand flash read error, ret = %d\n", ret);
 80042ee:	0029      	movs	r1, r5
 80042f0:	480c      	ldr	r0, [pc, #48]	; (8004324 <SPL_GetNandFlashData+0x190>)
 80042f2:	f000 fa19 	bl	8004728 <iprintf>
D:\project\N5_MCU\V610_MCU\trunk\GD\GD32_Process_Lib\GD ARM MCU Debug/../src/drivers/packet_process/Process_Packet.c:497
}
 80042f6:	0028      	movs	r0, r5
 80042f8:	bdfe      	pop	{r1, r2, r3, r4, r5, r6, r7, pc}
D:\project\N5_MCU\V610_MCU\trunk\GD\GD32_Process_Lib\GD ARM MCU Debug/../src/drivers/packet_process/Process_Packet.c:494
    start++;
 80042fa:	3201      	adds	r2, #1
 80042fc:	6002      	str	r2, [r0, #0]
 80042fe:	e7fa      	b.n	80042f6 <SPL_GetNandFlashData+0x162>
 8004300:	20000c7c 	.word	0x20000c7c
 8004304:	20000c78 	.word	0x20000c78
 8004308:	20000278 	.word	0x20000278
 800430c:	08005c90 	.word	0x08005c90
 8004310:	20000000 	.word	0x20000000
 8004314:	200010c0 	.word	0x200010c0
 8004318:	200010c4 	.word	0x200010c4
 800431c:	2000027c 	.word	0x2000027c
 8004320:	20001098 	.word	0x20001098
 8004324:	08005c9b 	.word	0x08005c9b

08004328 <check_spl_magic>:
check_spl_magic():
D:\project\N5_MCU\V610_MCU\trunk\GD\GD32_Process_Lib\GD ARM MCU Debug/../src/drivers/packet_process/Process_Packet.c:500

int check_spl_magic(void)
{
 8004328:	b5f7      	push	{r0, r1, r2, r4, r5, r6, r7, lr}
D:\project\N5_MCU\V610_MCU\trunk\GD\GD32_Process_Lib\GD ARM MCU Debug/../src/drivers/packet_process/Process_Packet.c:503
  uint8_t spl_buffer[8] = {0};

  NANDFLASH_Read(spl_handle.SPL_ADDR, spl_buffer,4);
 800432a:	f240 4410 	movw	r4, #1040	; 0x410
D:\project\N5_MCU\V610_MCU\trunk\GD\GD32_Process_Lib\GD ARM MCU Debug/../src/drivers/packet_process/Process_Packet.c:501
  uint8_t spl_buffer[8] = {0};
 800432e:	2700      	movs	r7, #0
D:\project\N5_MCU\V610_MCU\trunk\GD\GD32_Process_Lib\GD ARM MCU Debug/../src/drivers/packet_process/Process_Packet.c:503
  NANDFLASH_Read(spl_handle.SPL_ADDR, spl_buffer,4);
 8004330:	4d2c      	ldr	r5, [pc, #176]	; (80043e4 <check_spl_magic+0xbc>)
 8004332:	2304      	movs	r3, #4
 8004334:	1929      	adds	r1, r5, r4
 8004336:	466a      	mov	r2, sp
 8004338:	5928      	ldr	r0, [r5, r4]
 800433a:	6849      	ldr	r1, [r1, #4]
D:\project\N5_MCU\V610_MCU\trunk\GD\GD32_Process_Lib\GD ARM MCU Debug/../src/drivers/packet_process/Process_Packet.c:501
  uint8_t spl_buffer[8] = {0};
 800433c:	9700      	str	r7, [sp, #0]
 800433e:	9701      	str	r7, [sp, #4]
D:\project\N5_MCU\V610_MCU\trunk\GD\GD32_Process_Lib\GD ARM MCU Debug/../src/drivers/packet_process/Process_Packet.c:503
  NANDFLASH_Read(spl_handle.SPL_ADDR, spl_buffer,4);
 8004340:	f7fd f8be 	bl	80014c0 <NANDFLASH_Read>
D:\project\N5_MCU\V610_MCU\trunk\GD\GD32_Process_Lib\GD ARM MCU Debug/../src/drivers/packet_process/Process_Packet.c:504
  if(spl_buffer[0] != 0x44||spl_buffer[1] != 0x48||spl_buffer[2] != 0x54||spl_buffer[3] != 0x42){
 8004344:	466b      	mov	r3, sp
 8004346:	781b      	ldrb	r3, [r3, #0]
 8004348:	002e      	movs	r6, r5
 800434a:	2b44      	cmp	r3, #68	; 0x44
 800434c:	d10b      	bne.n	8004366 <check_spl_magic+0x3e>
D:\project\N5_MCU\V610_MCU\trunk\GD\GD32_Process_Lib\GD ARM MCU Debug/../src/drivers/packet_process/Process_Packet.c:504 (discriminator 1)
 800434e:	466b      	mov	r3, sp
 8004350:	785b      	ldrb	r3, [r3, #1]
 8004352:	2b48      	cmp	r3, #72	; 0x48
 8004354:	d107      	bne.n	8004366 <check_spl_magic+0x3e>
D:\project\N5_MCU\V610_MCU\trunk\GD\GD32_Process_Lib\GD ARM MCU Debug/../src/drivers/packet_process/Process_Packet.c:504 (discriminator 2)
 8004356:	466b      	mov	r3, sp
 8004358:	789b      	ldrb	r3, [r3, #2]
 800435a:	2b54      	cmp	r3, #84	; 0x54
 800435c:	d103      	bne.n	8004366 <check_spl_magic+0x3e>
D:\project\N5_MCU\V610_MCU\trunk\GD\GD32_Process_Lib\GD ARM MCU Debug/../src/drivers/packet_process/Process_Packet.c:504 (discriminator 3)
 800435e:	466b      	mov	r3, sp
 8004360:	78db      	ldrb	r3, [r3, #3]
 8004362:	2b42      	cmp	r3, #66	; 0x42
 8004364:	d039      	beq.n	80043da <check_spl_magic+0xb2>
D:\project\N5_MCU\V610_MCU\trunk\GD\GD32_Process_Lib\GD ARM MCU Debug/../src/drivers/packet_process/Process_Packet.c:505
    printf("check main spl magic error\n");
 8004366:	4820      	ldr	r0, [pc, #128]	; (80043e8 <check_spl_magic+0xc0>)
 8004368:	f000 fa76 	bl	8004858 <puts>
D:\project\N5_MCU\V610_MCU\trunk\GD\GD32_Process_Lib\GD ARM MCU Debug/../src/drivers/packet_process/Process_Packet.c:506
    spl_handle.SPL_ADDR.Block = spl_bakcup_block_id;
 800436c:	4b1f      	ldr	r3, [pc, #124]	; (80043ec <check_spl_magic+0xc4>)
D:\project\N5_MCU\V610_MCU\trunk\GD\GD32_Process_Lib\GD ARM MCU Debug/../src/drivers/packet_process/Process_Packet.c:507
    memset(spl_buffer,0,4);
 800436e:	2204      	movs	r2, #4
D:\project\N5_MCU\V610_MCU\trunk\GD\GD32_Process_Lib\GD ARM MCU Debug/../src/drivers/packet_process/Process_Packet.c:506
    spl_handle.SPL_ADDR.Block = spl_bakcup_block_id;
 8004370:	681b      	ldr	r3, [r3, #0]
D:\project\N5_MCU\V610_MCU\trunk\GD\GD32_Process_Lib\GD ARM MCU Debug/../src/drivers/packet_process/Process_Packet.c:507
    memset(spl_buffer,0,4);
 8004372:	2100      	movs	r1, #0
 8004374:	4668      	mov	r0, sp
D:\project\N5_MCU\V610_MCU\trunk\GD\GD32_Process_Lib\GD ARM MCU Debug/../src/drivers/packet_process/Process_Packet.c:506
    spl_handle.SPL_ADDR.Block = spl_bakcup_block_id;
 8004376:	5333      	strh	r3, [r6, r4]
D:\project\N5_MCU\V610_MCU\trunk\GD\GD32_Process_Lib\GD ARM MCU Debug/../src/drivers/packet_process/Process_Packet.c:507
    memset(spl_buffer,0,4);
 8004378:	f7fc fe42 	bl	8001000 <memset>
D:\project\N5_MCU\V610_MCU\trunk\GD\GD32_Process_Lib\GD ARM MCU Debug/../src/drivers/packet_process/Process_Packet.c:508
    NANDFLASH_Read(spl_handle.SPL_ADDR,spl_buffer,4);
 800437c:	4919      	ldr	r1, [pc, #100]	; (80043e4 <check_spl_magic+0xbc>)
 800437e:	5930      	ldr	r0, [r6, r4]
 8004380:	1864      	adds	r4, r4, r1
 8004382:	2304      	movs	r3, #4
 8004384:	466a      	mov	r2, sp
 8004386:	6861      	ldr	r1, [r4, #4]
 8004388:	f7fd f89a 	bl	80014c0 <NANDFLASH_Read>
D:\project\N5_MCU\V610_MCU\trunk\GD\GD32_Process_Lib\GD ARM MCU Debug/../src/drivers/packet_process/Process_Packet.c:509
    if(spl_buffer[0] != 0x44 || spl_buffer[1] != 0x48 || spl_buffer[2] != 0x54 || spl_buffer[3] != 0x42){
 800438c:	466b      	mov	r3, sp
 800438e:	781b      	ldrb	r3, [r3, #0]
 8004390:	2b44      	cmp	r3, #68	; 0x44
 8004392:	d10b      	bne.n	80043ac <check_spl_magic+0x84>
D:\project\N5_MCU\V610_MCU\trunk\GD\GD32_Process_Lib\GD ARM MCU Debug/../src/drivers/packet_process/Process_Packet.c:509 (discriminator 1)
 8004394:	466b      	mov	r3, sp
 8004396:	785b      	ldrb	r3, [r3, #1]
 8004398:	2b48      	cmp	r3, #72	; 0x48
 800439a:	d107      	bne.n	80043ac <check_spl_magic+0x84>
D:\project\N5_MCU\V610_MCU\trunk\GD\GD32_Process_Lib\GD ARM MCU Debug/../src/drivers/packet_process/Process_Packet.c:509 (discriminator 2)
 800439c:	466b      	mov	r3, sp
 800439e:	789b      	ldrb	r3, [r3, #2]
 80043a0:	2b54      	cmp	r3, #84	; 0x54
 80043a2:	d103      	bne.n	80043ac <check_spl_magic+0x84>
D:\project\N5_MCU\V610_MCU\trunk\GD\GD32_Process_Lib\GD ARM MCU Debug/../src/drivers/packet_process/Process_Packet.c:509 (discriminator 3)
 80043a4:	466b      	mov	r3, sp
 80043a6:	78db      	ldrb	r3, [r3, #3]
 80043a8:	2b42      	cmp	r3, #66	; 0x42
 80043aa:	d00c      	beq.n	80043c6 <check_spl_magic+0x9e>
D:\project\N5_MCU\V610_MCU\trunk\GD\GD32_Process_Lib\GD ARM MCU Debug/../src/drivers/packet_process/Process_Packet.c:510
        global_sio_handle.pkt_state = PKT_ERROR;
 80043ac:	2204      	movs	r2, #4
 80043ae:	4b10      	ldr	r3, [pc, #64]	; (80043f0 <check_spl_magic+0xc8>)
D:\project\N5_MCU\V610_MCU\trunk\GD\GD32_Process_Lib\GD ARM MCU Debug/../src/drivers/packet_process/Process_Packet.c:511
        printf("check bak spl magic error\n");
 80043b0:	4810      	ldr	r0, [pc, #64]	; (80043f4 <check_spl_magic+0xcc>)
D:\project\N5_MCU\V610_MCU\trunk\GD\GD32_Process_Lib\GD ARM MCU Debug/../src/drivers/packet_process/Process_Packet.c:510
        global_sio_handle.pkt_state = PKT_ERROR;
 80043b2:	711a      	strb	r2, [r3, #4]
D:\project\N5_MCU\V610_MCU\trunk\GD\GD32_Process_Lib\GD ARM MCU Debug/../src/drivers/packet_process/Process_Packet.c:511
        printf("check bak spl magic error\n");
 80043b4:	f000 fa50 	bl	8004858 <puts>
D:\project\N5_MCU\V610_MCU\trunk\GD\GD32_Process_Lib\GD ARM MCU Debug/../src/drivers/packet_process/Process_Packet.c:512
        Set_SPI_High_Resistance();
 80043b8:	f7fe f898 	bl	80024ec <Set_SPI_High_Resistance>
D:\project\N5_MCU\V610_MCU\trunk\GD\GD32_Process_Lib\GD ARM MCU Debug/../src/drivers/packet_process/Process_Packet.c:513
        MCU_DeepSleepMode();
 80043bc:	f7fe f8a6 	bl	800250c <MCU_DeepSleepMode>
D:\project\N5_MCU\V610_MCU\trunk\GD\GD32_Process_Lib\GD ARM MCU Debug/../src/drivers/packet_process/Process_Packet.c:514
        return -1;
 80043c0:	2001      	movs	r0, #1
 80043c2:	4240      	negs	r0, r0
D:\project\N5_MCU\V610_MCU\trunk\GD\GD32_Process_Lib\GD ARM MCU Debug/../src/drivers/packet_process/Process_Packet.c:524
    spl_handle.SplBlock0_Flag = 0;
  }
  printf("use %s spl for boot\n", spl_handle.SplBlock0_Flag ? "bak" : "main");
  // Set_SPI_High_Resistance();
  return 0;
}
 80043c4:	bdfe      	pop	{r1, r2, r3, r4, r5, r6, r7, pc}
D:\project\N5_MCU\V610_MCU\trunk\GD\GD32_Process_Lib\GD ARM MCU Debug/../src/drivers/packet_process/Process_Packet.c:516
        spl_handle.SplBlock0_Flag = 1;
 80043c6:	f240 4318 	movw	r3, #1048	; 0x418
 80043ca:	2201      	movs	r2, #1
D:\project\N5_MCU\V610_MCU\trunk\GD\GD32_Process_Lib\GD ARM MCU Debug/../src/drivers/packet_process/Process_Packet.c:521
  printf("use %s spl for boot\n", spl_handle.SplBlock0_Flag ? "bak" : "main");
 80043cc:	490a      	ldr	r1, [pc, #40]	; (80043f8 <check_spl_magic+0xd0>)
D:\project\N5_MCU\V610_MCU\trunk\GD\GD32_Process_Lib\GD ARM MCU Debug/../src/drivers/packet_process/Process_Packet.c:516
        spl_handle.SplBlock0_Flag = 1;
 80043ce:	50f2      	str	r2, [r6, r3]
D:\project\N5_MCU\V610_MCU\trunk\GD\GD32_Process_Lib\GD ARM MCU Debug/../src/drivers/packet_process/Process_Packet.c:521 (discriminator 4)
  printf("use %s spl for boot\n", spl_handle.SplBlock0_Flag ? "bak" : "main");
 80043d0:	480a      	ldr	r0, [pc, #40]	; (80043fc <check_spl_magic+0xd4>)
 80043d2:	f000 f9a9 	bl	8004728 <iprintf>
D:\project\N5_MCU\V610_MCU\trunk\GD\GD32_Process_Lib\GD ARM MCU Debug/../src/drivers/packet_process/Process_Packet.c:523 (discriminator 4)
  return 0;
 80043d6:	2000      	movs	r0, #0
 80043d8:	e7f4      	b.n	80043c4 <check_spl_magic+0x9c>
D:\project\N5_MCU\V610_MCU\trunk\GD\GD32_Process_Lib\GD ARM MCU Debug/../src/drivers/packet_process/Process_Packet.c:519
    spl_handle.SplBlock0_Flag = 0;
 80043da:	f240 4318 	movw	r3, #1048	; 0x418
D:\project\N5_MCU\V610_MCU\trunk\GD\GD32_Process_Lib\GD ARM MCU Debug/../src/drivers/packet_process/Process_Packet.c:521
  printf("use %s spl for boot\n", spl_handle.SplBlock0_Flag ? "bak" : "main");
 80043de:	4908      	ldr	r1, [pc, #32]	; (8004400 <check_spl_magic+0xd8>)
D:\project\N5_MCU\V610_MCU\trunk\GD\GD32_Process_Lib\GD ARM MCU Debug/../src/drivers/packet_process/Process_Packet.c:519
    spl_handle.SplBlock0_Flag = 0;
 80043e0:	50ef      	str	r7, [r5, r3]
D:\project\N5_MCU\V610_MCU\trunk\GD\GD32_Process_Lib\GD ARM MCU Debug/../src/drivers/packet_process/Process_Packet.c:521
  printf("use %s spl for boot\n", spl_handle.SplBlock0_Flag ? "bak" : "main");
 80043e2:	e7f5      	b.n	80043d0 <check_spl_magic+0xa8>
 80043e4:	20000c7c 	.word	0x20000c7c
 80043e8:	08005cc5 	.word	0x08005cc5
 80043ec:	200010c0 	.word	0x200010c0
 80043f0:	2000109c 	.word	0x2000109c
 80043f4:	08005ce0 	.word	0x08005ce0
 80043f8:	08005cbc 	.word	0x08005cbc
 80043fc:	08005cfa 	.word	0x08005cfa
 8004400:	08005cc0 	.word	0x08005cc0

08004404 <check_failed_process>:
check_failed_process():
D:\project\N5_MCU\V610_MCU\trunk\GD\GD32_Process_Lib\GD ARM MCU Debug/../src/drivers/packet_process/Process_Packet.c:527

void check_failed_process(unsigned short val)
{
 8004404:	b510      	push	{r4, lr}
 8004406:	0004      	movs	r4, r0
D:\project\N5_MCU\V610_MCU\trunk\GD\GD32_Process_Lib\GD ARM MCU Debug/../src/drivers/packet_process/Process_Packet.c:528
  printf("enter check_failed_process");
 8004408:	480c      	ldr	r0, [pc, #48]	; (800443c <check_failed_process+0x38>)
 800440a:	f000 f98d 	bl	8004728 <iprintf>
D:\project\N5_MCU\V610_MCU\trunk\GD\GD32_Process_Lib\GD ARM MCU Debug/../src/drivers/packet_process/Process_Packet.c:529
  Send_Error_Code(val);
 800440e:	0020      	movs	r0, r4
 8004410:	f7ff feb0 	bl	8004174 <Send_Error_Code>
D:\project\N5_MCU\V610_MCU\trunk\GD\GD32_Process_Lib\GD ARM MCU Debug/../src/drivers/packet_process/Process_Packet.c:530
  Set_SPI_High_Resistance();
 8004414:	f7fe f86a 	bl	80024ec <Set_SPI_High_Resistance>
D:\project\N5_MCU\V610_MCU\trunk\GD\GD32_Process_Lib\GD ARM MCU Debug/../src/drivers/packet_process/Process_Packet.c:531
  MCU_Set_Soc_Pbint();
 8004418:	f7fe f88d 	bl	8002536 <MCU_Set_Soc_Pbint>
D:\project\N5_MCU\V610_MCU\trunk\GD\GD32_Process_Lib\GD ARM MCU Debug/../src/drivers/packet_process/Process_Packet.c:532
  if (val != CHECK_MAGIC_FAILED) {
 800441c:	2c8c      	cmp	r4, #140	; 0x8c
 800441e:	d00b      	beq.n	8004438 <check_failed_process+0x34>
D:\project\N5_MCU\V610_MCU\trunk\GD\GD32_Process_Lib\GD ARM MCU Debug/../src/drivers/packet_process/Process_Packet.c:533
    com_usart_change_baud(CONFIG_BAUDRATE);
 8004420:	20e1      	movs	r0, #225	; 0xe1
 8004422:	0240      	lsls	r0, r0, #9
 8004424:	f7fc fca3 	bl	8000d6e <com_usart_change_baud>
D:\project\N5_MCU\V610_MCU\trunk\GD\GD32_Process_Lib\GD ARM MCU Debug/../src/drivers/packet_process/Process_Packet.c:534
    Set_SPI_High_Resistance();
 8004428:	f7fe f860 	bl	80024ec <Set_SPI_High_Resistance>
D:\project\N5_MCU\V610_MCU\trunk\GD\GD32_Process_Lib\GD ARM MCU Debug/../src/drivers/packet_process/Process_Packet.c:535
    sio_handle_init();
 800442c:	f7fc fbb2 	bl	8000b94 <sio_handle_init>
D:\project\N5_MCU\V610_MCU\trunk\GD\GD32_Process_Lib\GD ARM MCU Debug/../src/drivers/packet_process/Process_Packet.c:536
    Timer_handler_Start(PMIC_RESET_TIME);
 8004430:	f641 7040 	movw	r0, #8000	; 0x1f40
 8004434:	f7fc fcf6 	bl	8000e24 <Timer_handler_Start>
D:\project\N5_MCU\V610_MCU\trunk\GD\GD32_Process_Lib\GD ARM MCU Debug/../src/drivers/packet_process/Process_Packet.c:538
  }
}
 8004438:	bd10      	pop	{r4, pc}
 800443a:	46c0      	nop			; (mov r8, r8)
 800443c:	08005d0f 	.word	0x08005d0f

08004440 <Send_Data_Midst_CMD>:
Send_Data_Midst_CMD():
D:\project\N5_MCU\V610_MCU\trunk\GD\GD32_Process_Lib\GD ARM MCU Debug/../src/drivers/packet_process/Process_Packet.c:289
  if (global_sio_handle.pkt_count + SPL_SUBPACKAGE_SIZE >= spl_handle.SPL_Size) {
 8004440:	f240 4104 	movw	r1, #1028	; 0x404
D:\project\N5_MCU\V610_MCU\trunk\GD\GD32_Process_Lib\GD ARM MCU Debug/../src/drivers/packet_process/Process_Packet.c:285
{
 8004444:	b5f8      	push	{r3, r4, r5, r6, r7, lr}
D:\project\N5_MCU\V610_MCU\trunk\GD\GD32_Process_Lib\GD ARM MCU Debug/../src/drivers/packet_process/Process_Packet.c:289
  if (global_sio_handle.pkt_count + SPL_SUBPACKAGE_SIZE >= spl_handle.SPL_Size) {
 8004446:	f240 4300 	movw	r3, #1024	; 0x400
 800444a:	4c1f      	ldr	r4, [pc, #124]	; (80044c8 <Send_Data_Midst_CMD+0x88>)
 800444c:	4e1f      	ldr	r6, [pc, #124]	; (80044cc <Send_Data_Midst_CMD+0x8c>)
 800444e:	68a2      	ldr	r2, [r4, #8]
 8004450:	5875      	ldr	r5, [r6, r1]
 8004452:	18d3      	adds	r3, r2, r3
 8004454:	42ab      	cmp	r3, r5
 8004456:	d331      	bcc.n	80044bc <Send_Data_Midst_CMD+0x7c>
D:\project\N5_MCU\V610_MCU\trunk\GD\GD32_Process_Lib\GD ARM MCU Debug/../src/drivers/packet_process/Process_Packet.c:291
    global_sio_handle.pkt_count = 0;
 8004458:	2300      	movs	r3, #0
D:\project\N5_MCU\V610_MCU\trunk\GD\GD32_Process_Lib\GD ARM MCU Debug/../src/drivers/packet_process/Process_Packet.c:290
    remain_count = spl_handle.SPL_Size - global_sio_handle.pkt_count - 5;
 800445a:	3d05      	subs	r5, #5
D:\project\N5_MCU\V610_MCU\trunk\GD\GD32_Process_Lib\GD ARM MCU Debug/../src/drivers/packet_process/Process_Packet.c:291
    global_sio_handle.pkt_count = 0;
 800445c:	60a3      	str	r3, [r4, #8]
D:\project\N5_MCU\V610_MCU\trunk\GD\GD32_Process_Lib\GD ARM MCU Debug/../src/drivers/packet_process/Process_Packet.c:293
    printf("send latest packet\n");
 800445e:	481c      	ldr	r0, [pc, #112]	; (80044d0 <Send_Data_Midst_CMD+0x90>)
D:\project\N5_MCU\V610_MCU\trunk\GD\GD32_Process_Lib\GD ARM MCU Debug/../src/drivers/packet_process/Process_Packet.c:292
    global_sio_handle.pkt_type = BSL_CMD_SEND_NAND_ID;
 8004460:	3306      	adds	r3, #6
D:\project\N5_MCU\V610_MCU\trunk\GD\GD32_Process_Lib\GD ARM MCU Debug/../src/drivers/packet_process/Process_Packet.c:290
    remain_count = spl_handle.SPL_Size - global_sio_handle.pkt_count - 5;
 8004462:	1aad      	subs	r5, r5, r2
D:\project\N5_MCU\V610_MCU\trunk\GD\GD32_Process_Lib\GD ARM MCU Debug/../src/drivers/packet_process/Process_Packet.c:292
    global_sio_handle.pkt_type = BSL_CMD_SEND_NAND_ID;
 8004464:	80e3      	strh	r3, [r4, #6]
D:\project\N5_MCU\V610_MCU\trunk\GD\GD32_Process_Lib\GD ARM MCU Debug/../src/drivers/packet_process/Process_Packet.c:293
    printf("send latest packet\n");
 8004466:	f000 f9f7 	bl	8004858 <puts>
D:\project\N5_MCU\V610_MCU\trunk\GD\GD32_Process_Lib\GD ARM MCU Debug/../src/drivers/packet_process/Process_Packet.c:300
  ((pkt_header_ptr) global_sio_handle.write_ptr)->pkt_type = ENDIAN_CONVERT_16(BSL_CMD_MIDST_DATA);
 800446a:	2002      	movs	r0, #2
 800446c:	69a7      	ldr	r7, [r4, #24]
 800446e:	f7fc fd90 	bl	8000f92 <ENDIAN_CONVERT_16>
 8004472:	8038      	strh	r0, [r7, #0]
D:\project\N5_MCU\V610_MCU\trunk\GD\GD32_Process_Lib\GD ARM MCU Debug/../src/drivers/packet_process/Process_Packet.c:301
  ((pkt_header_ptr) global_sio_handle.write_ptr)->pkt_size = ENDIAN_CONVERT_16(remain_count);
 8004474:	b2a8      	uxth	r0, r5
 8004476:	69a7      	ldr	r7, [r4, #24]
 8004478:	f7fc fd8b 	bl	8000f92 <ENDIAN_CONVERT_16>
 800447c:	8078      	strh	r0, [r7, #2]
D:\project\N5_MCU\V610_MCU\trunk\GD\GD32_Process_Lib\GD ARM MCU Debug/../src/drivers/packet_process/Process_Packet.c:303
  memcpy((char *)&global_sio_handle.write_ptr[sizeof(pkt_header_ptr)], spl_handle.SPL_Temp, remain_count);
 800447e:	f240 4700 	movw	r7, #1024	; 0x400
 8004482:	69a3      	ldr	r3, [r4, #24]
 8004484:	002a      	movs	r2, r5
 8004486:	1d18      	adds	r0, r3, #4
 8004488:	59f1      	ldr	r1, [r6, r7]
 800448a:	f7fc fddb 	bl	8001044 <memcpy>
D:\project\N5_MCU\V610_MCU\trunk\GD\GD32_Process_Lib\GD ARM MCU Debug/../src/drivers/packet_process/Process_Packet.c:305
  usart_send_data(global_sio_handle.write_ptr, sizeof(pkt_header_ptr) + PKT_CRC_SIZE + remain_count);
 800448e:	69a0      	ldr	r0, [r4, #24]
 8004490:	1da9      	adds	r1, r5, #6
 8004492:	f7ff fce1 	bl	8003e58 <usart_send_data>
D:\project\N5_MCU\V610_MCU\trunk\GD\GD32_Process_Lib\GD ARM MCU Debug/../src/drivers/packet_process/Process_Packet.c:307
  memset(spl_handle.SPL_Temp,0,SPL_PACKET_SIZE);
 8004496:	003a      	movs	r2, r7
 8004498:	2100      	movs	r1, #0
 800449a:	59f0      	ldr	r0, [r6, r7]
 800449c:	f7fc fdb0 	bl	8001000 <memset>
D:\project\N5_MCU\V610_MCU\trunk\GD\GD32_Process_Lib\GD ARM MCU Debug/../src/drivers/packet_process/Process_Packet.c:308
  if(global_sio_handle.pkt_type == BSL_CMD_MIDST_DATA)
 80044a0:	88e3      	ldrh	r3, [r4, #6]
D:\project\N5_MCU\V610_MCU\trunk\GD\GD32_Process_Lib\GD ARM MCU Debug/../src/drivers/packet_process/Process_Packet.c:287
  int ret = 0;
 80044a2:	2400      	movs	r4, #0
D:\project\N5_MCU\V610_MCU\trunk\GD\GD32_Process_Lib\GD ARM MCU Debug/../src/drivers/packet_process/Process_Packet.c:308
  if(global_sio_handle.pkt_type == BSL_CMD_MIDST_DATA)
 80044a4:	2b02      	cmp	r3, #2
 80044a6:	d107      	bne.n	80044b8 <Send_Data_Midst_CMD+0x78>
D:\project\N5_MCU\V610_MCU\trunk\GD\GD32_Process_Lib\GD ARM MCU Debug/../src/drivers/packet_process/Process_Packet.c:309
    ret = SPL_GetNandFlashData(remain_count);
 80044a8:	0028      	movs	r0, r5
 80044aa:	f7ff fe73 	bl	8004194 <SPL_GetNandFlashData>
 80044ae:	0004      	movs	r4, r0
D:\project\N5_MCU\V610_MCU\trunk\GD\GD32_Process_Lib\GD ARM MCU Debug/../src/drivers/packet_process/Process_Packet.c:310
  if(ret != 0){
 80044b0:	b110      	cbz	r0, 80044b8 <Send_Data_Midst_CMD+0x78>
D:\project\N5_MCU\V610_MCU\trunk\GD\GD32_Process_Lib\GD ARM MCU Debug/../src/drivers/packet_process/Process_Packet.c:311
    check_failed_process(ret);
 80044b2:	b280      	uxth	r0, r0
 80044b4:	f7ff ffa6 	bl	8004404 <check_failed_process>
D:\project\N5_MCU\V610_MCU\trunk\GD\GD32_Process_Lib\GD ARM MCU Debug/../src/drivers/packet_process/Process_Packet.c:314
}
 80044b8:	0020      	movs	r0, r4
 80044ba:	bdf8      	pop	{r3, r4, r5, r6, r7, pc}
D:\project\N5_MCU\V610_MCU\trunk\GD\GD32_Process_Lib\GD ARM MCU Debug/../src/drivers/packet_process/Process_Packet.c:295
    global_sio_handle.pkt_count += SPL_SUBPACKAGE_SIZE; 
 80044bc:	60a3      	str	r3, [r4, #8]
D:\project\N5_MCU\V610_MCU\trunk\GD\GD32_Process_Lib\GD ARM MCU Debug/../src/drivers/packet_process/Process_Packet.c:297
    global_sio_handle.pkt_type = BSL_CMD_MIDST_DATA;
 80044be:	2302      	movs	r3, #2
D:\project\N5_MCU\V610_MCU\trunk\GD\GD32_Process_Lib\GD ARM MCU Debug/../src/drivers/packet_process/Process_Packet.c:296
    remain_count = SPL_SUBPACKAGE_SIZE;
 80044c0:	f240 4500 	movw	r5, #1024	; 0x400
D:\project\N5_MCU\V610_MCU\trunk\GD\GD32_Process_Lib\GD ARM MCU Debug/../src/drivers/packet_process/Process_Packet.c:297
    global_sio_handle.pkt_type = BSL_CMD_MIDST_DATA;
 80044c4:	80e3      	strh	r3, [r4, #6]
 80044c6:	e7d0      	b.n	800446a <Send_Data_Midst_CMD+0x2a>
 80044c8:	2000109c 	.word	0x2000109c
 80044cc:	20000c7c 	.word	0x20000c7c
 80044d0:	08005d2a 	.word	0x08005d2a

080044d4 <nand_flash_init>:
nand_flash_init():
D:\project\N5_MCU\V610_MCU\trunk\GD\GD32_Process_Lib\GD ARM MCU Debug/../src/drivers/packet_process/Process_Packet.c:373
{
 80044d4:	b5f7      	push	{r0, r1, r2, r4, r5, r6, r7, lr}
D:\project\N5_MCU\V610_MCU\trunk\GD\GD32_Process_Lib\GD ARM MCU Debug/../src/drivers/packet_process/Process_Packet.c:374
  NAND_ADDRESS Address = {0, 0, NAND_PAGE_SIZE};
 80044d6:	2300      	movs	r3, #0
 80044d8:	466a      	mov	r2, sp
 80044da:	4d3f      	ldr	r5, [pc, #252]	; (80045d8 <nand_flash_init+0x104>)
 80044dc:	9300      	str	r3, [sp, #0]
 80044de:	682b      	ldr	r3, [r5, #0]
D:\project\N5_MCU\V610_MCU\trunk\GD\GD32_Process_Lib\GD ARM MCU Debug/../src/drivers/packet_process/Process_Packet.c:376
  s_spinand_spec_info_ptr = spinand_get_specinfo();
 80044e0:	4f3e      	ldr	r7, [pc, #248]	; (80045dc <nand_flash_init+0x108>)
D:\project\N5_MCU\V610_MCU\trunk\GD\GD32_Process_Lib\GD ARM MCU Debug/../src/drivers/packet_process/Process_Packet.c:374
  NAND_ADDRESS Address = {0, 0, NAND_PAGE_SIZE};
 80044e2:	8093      	strh	r3, [r2, #4]
D:\project\N5_MCU\V610_MCU\trunk\GD\GD32_Process_Lib\GD ARM MCU Debug/../src/drivers/packet_process/Process_Packet.c:376
  s_spinand_spec_info_ptr = spinand_get_specinfo();
 80044e4:	f7fc ff08 	bl	80012f8 <spinand_get_specinfo>
 80044e8:	6038      	str	r0, [r7, #0]
D:\project\N5_MCU\V610_MCU\trunk\GD\GD32_Process_Lib\GD ARM MCU Debug/../src/drivers/packet_process/Process_Packet.c:377
  if(s_spinand_spec_info_ptr == NULL)
 80044ea:	b920      	cbnz	r0, 80044f6 <nand_flash_init+0x22>
D:\project\N5_MCU\V610_MCU\trunk\GD\GD32_Process_Lib\GD ARM MCU Debug/../src/drivers/packet_process/Process_Packet.c:379
    printf("s_spinand_spec_info_ptr == NULL\n");
 80044ec:	483c      	ldr	r0, [pc, #240]	; (80045e0 <nand_flash_init+0x10c>)
 80044ee:	f000 f9b3 	bl	8004858 <puts>
D:\project\N5_MCU\V610_MCU\trunk\GD\GD32_Process_Lib\GD ARM MCU Debug/../src/drivers/packet_process/Process_Packet.c:380
    return -1;
 80044f2:	20ff      	movs	r0, #255	; 0xff
D:\project\N5_MCU\V610_MCU\trunk\GD\GD32_Process_Lib\GD ARM MCU Debug/../src/drivers/packet_process/Process_Packet.c:423
}
 80044f4:	bdfe      	pop	{r1, r2, r3, r4, r5, r6, r7, pc}
D:\project\N5_MCU\V610_MCU\trunk\GD\GD32_Process_Lib\GD ARM MCU Debug/../src/drivers/packet_process/Process_Packet.c:382
  s_spinand_spec_info_ptr->spinnad_operation->spinand_config();
 80044f6:	6883      	ldr	r3, [r0, #8]
D:\project\N5_MCU\V610_MCU\trunk\GD\GD32_Process_Lib\GD ARM MCU Debug/../src/drivers/packet_process/Process_Packet.c:389
  spl_cycle_block_count = nand_block_size/NAND_PAGE_SIZE;
 80044f8:	4e3a      	ldr	r6, [pc, #232]	; (80045e4 <nand_flash_init+0x110>)
D:\project\N5_MCU\V610_MCU\trunk\GD\GD32_Process_Lib\GD ARM MCU Debug/../src/drivers/packet_process/Process_Packet.c:382
  s_spinand_spec_info_ptr->spinnad_operation->spinand_config();
 80044fa:	6a5b      	ldr	r3, [r3, #36]	; 0x24
 80044fc:	4798      	blx	r3
D:\project\N5_MCU\V610_MCU\trunk\GD\GD32_Process_Lib\GD ARM MCU Debug/../src/drivers/packet_process/Process_Packet.c:384
  nand_block_size = NAND_PAGE_SIZE * NAND_PAGE_PER_BLK;
 80044fe:	4b3a      	ldr	r3, [pc, #232]	; (80045e8 <nand_flash_init+0x114>)
 8004500:	6829      	ldr	r1, [r5, #0]
 8004502:	681a      	ldr	r2, [r3, #0]
 8004504:	4b39      	ldr	r3, [pc, #228]	; (80045ec <nand_flash_init+0x118>)
 8004506:	0010      	movs	r0, r2
 8004508:	4348      	muls	r0, r1
 800450a:	6018      	str	r0, [r3, #0]
D:\project\N5_MCU\V610_MCU\trunk\GD\GD32_Process_Lib\GD ARM MCU Debug/../src/drivers/packet_process/Process_Packet.c:385
  spl_bakcup_block_id = SPL_MTD_PART_SIZE / nand_block_size;
 800450c:	2380      	movs	r3, #128	; 0x80
 800450e:	031b      	lsls	r3, r3, #12
 8004510:	fb93 f3f0 	sdiv	r3, r3, r0
 8004514:	4836      	ldr	r0, [pc, #216]	; (80045f0 <nand_flash_init+0x11c>)
D:\project\N5_MCU\V610_MCU\trunk\GD\GD32_Process_Lib\GD ARM MCU Debug/../src/drivers/packet_process/Process_Packet.c:394
      s_spinand_spec_info_ptr->spinnad_operation->spinand_check_blockstatus(Address, &spl_handle.blockArea[i]);
 8004516:	4c37      	ldr	r4, [pc, #220]	; (80045f4 <nand_flash_init+0x120>)
D:\project\N5_MCU\V610_MCU\trunk\GD\GD32_Process_Lib\GD ARM MCU Debug/../src/drivers/packet_process/Process_Packet.c:385
  spl_bakcup_block_id = SPL_MTD_PART_SIZE / nand_block_size;
 8004518:	6003      	str	r3, [r0, #0]
D:\project\N5_MCU\V610_MCU\trunk\GD\GD32_Process_Lib\GD ARM MCU Debug/../src/drivers/packet_process/Process_Packet.c:387
  spl_page_num = nand_block_size/NAND_PAGE_SIZE;
 800451a:	4b37      	ldr	r3, [pc, #220]	; (80045f8 <nand_flash_init+0x124>)
D:\project\N5_MCU\V610_MCU\trunk\GD\GD32_Process_Lib\GD ARM MCU Debug/../src/drivers/packet_process/Process_Packet.c:394
      s_spinand_spec_info_ptr->spinnad_operation->spinand_check_blockstatus(Address, &spl_handle.blockArea[i]);
 800451c:	9800      	ldr	r0, [sp, #0]
D:\project\N5_MCU\V610_MCU\trunk\GD\GD32_Process_Lib\GD ARM MCU Debug/../src/drivers/packet_process/Process_Packet.c:387
  spl_page_num = nand_block_size/NAND_PAGE_SIZE;
 800451e:	601a      	str	r2, [r3, #0]
D:\project\N5_MCU\V610_MCU\trunk\GD\GD32_Process_Lib\GD ARM MCU Debug/../src/drivers/packet_process/Process_Packet.c:388
  spl_cycle_page_count = NAND_PAGE_SIZE/SPL_SUBPACKAGE_SIZE;
 8004520:	17cb      	asrs	r3, r1, #31
 8004522:	059b      	lsls	r3, r3, #22
 8004524:	0d9b      	lsrs	r3, r3, #22
 8004526:	185b      	adds	r3, r3, r1
 8004528:	4934      	ldr	r1, [pc, #208]	; (80045fc <nand_flash_init+0x128>)
 800452a:	129b      	asrs	r3, r3, #10
 800452c:	600b      	str	r3, [r1, #0]
D:\project\N5_MCU\V610_MCU\trunk\GD\GD32_Process_Lib\GD ARM MCU Debug/../src/drivers/packet_process/Process_Packet.c:394
      s_spinand_spec_info_ptr->spinnad_operation->spinand_check_blockstatus(Address, &spl_handle.blockArea[i]);
 800452e:	683b      	ldr	r3, [r7, #0]
 8004530:	9901      	ldr	r1, [sp, #4]
 8004532:	689b      	ldr	r3, [r3, #8]
D:\project\N5_MCU\V610_MCU\trunk\GD\GD32_Process_Lib\GD ARM MCU Debug/../src/drivers/packet_process/Process_Packet.c:389
  spl_cycle_block_count = nand_block_size/NAND_PAGE_SIZE;
 8004534:	6032      	str	r2, [r6, #0]
D:\project\N5_MCU\V610_MCU\trunk\GD\GD32_Process_Lib\GD ARM MCU Debug/../src/drivers/packet_process/Process_Packet.c:394
      s_spinand_spec_info_ptr->spinnad_operation->spinand_check_blockstatus(Address, &spl_handle.blockArea[i]);
 8004536:	6adb      	ldr	r3, [r3, #44]	; 0x2c
 8004538:	0022      	movs	r2, r4
 800453a:	4798      	blx	r3
D:\project\N5_MCU\V610_MCU\trunk\GD\GD32_Process_Lib\GD ARM MCU Debug/../src/drivers/packet_process/Process_Packet.c:393
      Address.Block = i;
 800453c:	2301      	movs	r3, #1
 800453e:	466a      	mov	r2, sp
 8004540:	8013      	strh	r3, [r2, #0]
D:\project\N5_MCU\V610_MCU\trunk\GD\GD32_Process_Lib\GD ARM MCU Debug/../src/drivers/packet_process/Process_Packet.c:394
      s_spinand_spec_info_ptr->spinnad_operation->spinand_check_blockstatus(Address, &spl_handle.blockArea[i]);
 8004542:	683b      	ldr	r3, [r7, #0]
 8004544:	4a2e      	ldr	r2, [pc, #184]	; (8004600 <nand_flash_init+0x12c>)
 8004546:	689b      	ldr	r3, [r3, #8]
 8004548:	9800      	ldr	r0, [sp, #0]
 800454a:	6adb      	ldr	r3, [r3, #44]	; 0x2c
 800454c:	9901      	ldr	r1, [sp, #4]
 800454e:	4798      	blx	r3
D:\project\N5_MCU\V610_MCU\trunk\GD\GD32_Process_Lib\GD ARM MCU Debug/../src/drivers/packet_process/Process_Packet.c:397
  if(spl_handle.blockArea[0].BlockStatus==0xFFFF)
 8004550:	f64f 73ff 	movw	r3, #65535	; 0xffff
 8004554:	4928      	ldr	r1, [pc, #160]	; (80045f8 <nand_flash_init+0x124>)
 8004556:	8820      	ldrh	r0, [r4, #0]
 8004558:	468c      	mov	ip, r1
 800455a:	492a      	ldr	r1, [pc, #168]	; (8004604 <nand_flash_init+0x130>)
 800455c:	4a24      	ldr	r2, [pc, #144]	; (80045f0 <nand_flash_init+0x11c>)
 800455e:	4f27      	ldr	r7, [pc, #156]	; (80045fc <nand_flash_init+0x128>)
 8004560:	1864      	adds	r4, r4, r1
 8004562:	4298      	cmp	r0, r3
 8004564:	d12a      	bne.n	80045bc <nand_flash_init+0xe8>
D:\project\N5_MCU\V610_MCU\trunk\GD\GD32_Process_Lib\GD ARM MCU Debug/../src/drivers/packet_process/Process_Packet.c:399
    spl_handle.SPL_ADDR.Block=SPL_BLOCK_ID;
 8004566:	f240 4310 	movw	r3, #1040	; 0x410
 800456a:	2100      	movs	r1, #0
D:\project\N5_MCU\V610_MCU\trunk\GD\GD32_Process_Lib\GD ARM MCU Debug/../src/drivers/packet_process/Process_Packet.c:403
    spl_handle.SPL_ADDR.Block=spl_bakcup_block_id;
 800456c:	52e1      	strh	r1, [r4, r3]
D:\project\N5_MCU\V610_MCU\trunk\GD\GD32_Process_Lib\GD ARM MCU Debug/../src/drivers/packet_process/Process_Packet.c:411
  printf("NAND_PAGE_SIZE:%x, spl_bakcup_block_id:%d, spl_page_num:%d\n", NAND_PAGE_SIZE, spl_bakcup_block_id, spl_page_num);
 800456e:	4663      	mov	r3, ip
 8004570:	6829      	ldr	r1, [r5, #0]
 8004572:	681b      	ldr	r3, [r3, #0]
 8004574:	6812      	ldr	r2, [r2, #0]
 8004576:	4824      	ldr	r0, [pc, #144]	; (8004608 <nand_flash_init+0x134>)
 8004578:	f000 f8d6 	bl	8004728 <iprintf>
D:\project\N5_MCU\V610_MCU\trunk\GD\GD32_Process_Lib\GD ARM MCU Debug/../src/drivers/packet_process/Process_Packet.c:414
  spl_handle.SPL_ADDR.Page = SPL_START_PAGE_ID;
 800457c:	2500      	movs	r5, #0
D:\project\N5_MCU\V610_MCU\trunk\GD\GD32_Process_Lib\GD ARM MCU Debug/../src/drivers/packet_process/Process_Packet.c:412
  printf("spl_cycle_page_count:%d, spl_cycle_block_count:%d\n", spl_cycle_page_count, spl_cycle_block_count);
 800457e:	6832      	ldr	r2, [r6, #0]
 8004580:	6839      	ldr	r1, [r7, #0]
 8004582:	4822      	ldr	r0, [pc, #136]	; (800460c <nand_flash_init+0x138>)
 8004584:	f000 f8d0 	bl	8004728 <iprintf>
D:\project\N5_MCU\V610_MCU\trunk\GD\GD32_Process_Lib\GD ARM MCU Debug/../src/drivers/packet_process/Process_Packet.c:414
  spl_handle.SPL_ADDR.Page = SPL_START_PAGE_ID;
 8004588:	f240 4612 	movw	r6, #1042	; 0x412
D:\project\N5_MCU\V610_MCU\trunk\GD\GD32_Process_Lib\GD ARM MCU Debug/../src/drivers/packet_process/Process_Packet.c:416
  spl_handle.SPL_Temp = spl_handle.SPL_Buffer;
 800458c:	f240 4200 	movw	r2, #1024	; 0x400
D:\project\N5_MCU\V610_MCU\trunk\GD\GD32_Process_Lib\GD ARM MCU Debug/../src/drivers/packet_process/Process_Packet.c:417
  spl_handle.SPL_Size = 0;
 8004590:	f240 4304 	movw	r3, #1028	; 0x404
D:\project\N5_MCU\V610_MCU\trunk\GD\GD32_Process_Lib\GD ARM MCU Debug/../src/drivers/packet_process/Process_Packet.c:415
  spl_handle.SPL_ADDR.Area = 0;
 8004594:	f240 4714 	movw	r7, #1044	; 0x414
D:\project\N5_MCU\V610_MCU\trunk\GD\GD32_Process_Lib\GD ARM MCU Debug/../src/drivers/packet_process/Process_Packet.c:418
  memset(spl_handle.SPL_Temp, 0, SPL_PACKET_SIZE);
 8004598:	0029      	movs	r1, r5
 800459a:	481d      	ldr	r0, [pc, #116]	; (8004610 <nand_flash_init+0x13c>)
D:\project\N5_MCU\V610_MCU\trunk\GD\GD32_Process_Lib\GD ARM MCU Debug/../src/drivers/packet_process/Process_Packet.c:416
  spl_handle.SPL_Temp = spl_handle.SPL_Buffer;
 800459c:	50a4      	str	r4, [r4, r2]
D:\project\N5_MCU\V610_MCU\trunk\GD\GD32_Process_Lib\GD ARM MCU Debug/../src/drivers/packet_process/Process_Packet.c:417
  spl_handle.SPL_Size = 0;
 800459e:	50e5      	str	r5, [r4, r3]
D:\project\N5_MCU\V610_MCU\trunk\GD\GD32_Process_Lib\GD ARM MCU Debug/../src/drivers/packet_process/Process_Packet.c:414
  spl_handle.SPL_ADDR.Page = SPL_START_PAGE_ID;
 80045a0:	53a5      	strh	r5, [r4, r6]
D:\project\N5_MCU\V610_MCU\trunk\GD\GD32_Process_Lib\GD ARM MCU Debug/../src/drivers/packet_process/Process_Packet.c:415
  spl_handle.SPL_ADDR.Area = 0;
 80045a2:	53e5      	strh	r5, [r4, r7]
D:\project\N5_MCU\V610_MCU\trunk\GD\GD32_Process_Lib\GD ARM MCU Debug/../src/drivers/packet_process/Process_Packet.c:418
  memset(spl_handle.SPL_Temp, 0, SPL_PACKET_SIZE);
 80045a4:	f7fc fd2c 	bl	8001000 <memset>
D:\project\N5_MCU\V610_MCU\trunk\GD\GD32_Process_Lib\GD ARM MCU Debug/../src/drivers/packet_process/Process_Packet.c:420
  printf("spl_handle.SPL_ADDR.Block:0x%x, spl_handle.SPL_ADDR.Page:0x%x, spl_handle.SPL_ADDR.Area:0x%x\n", spl_handle.SPL_ADDR.Block, spl_handle.SPL_ADDR.Page, spl_handle.SPL_ADDR.Area);
 80045a8:	f240 4110 	movw	r1, #1040	; 0x410
 80045ac:	5be3      	ldrh	r3, [r4, r7]
 80045ae:	5ba2      	ldrh	r2, [r4, r6]
 80045b0:	5a61      	ldrh	r1, [r4, r1]
 80045b2:	4818      	ldr	r0, [pc, #96]	; (8004614 <nand_flash_init+0x140>)
 80045b4:	f000 f8b8 	bl	8004728 <iprintf>
D:\project\N5_MCU\V610_MCU\trunk\GD\GD32_Process_Lib\GD ARM MCU Debug/../src/drivers/packet_process/Process_Packet.c:422
  return NAND_OK;
 80045b8:	0028      	movs	r0, r5
 80045ba:	e79b      	b.n	80044f4 <nand_flash_init+0x20>
D:\project\N5_MCU\V610_MCU\trunk\GD\GD32_Process_Lib\GD ARM MCU Debug/../src/drivers/packet_process/Process_Packet.c:401
  else if(spl_handle.blockArea[1].BlockStatus==0xFFFF)
 80045bc:	f240 400c 	movw	r0, #1036	; 0x40c
 80045c0:	5a20      	ldrh	r0, [r4, r0]
 80045c2:	4298      	cmp	r0, r3
 80045c4:	d103      	bne.n	80045ce <nand_flash_init+0xfa>
D:\project\N5_MCU\V610_MCU\trunk\GD\GD32_Process_Lib\GD ARM MCU Debug/../src/drivers/packet_process/Process_Packet.c:403
    spl_handle.SPL_ADDR.Block=spl_bakcup_block_id;
 80045c6:	f240 4310 	movw	r3, #1040	; 0x410
 80045ca:	6811      	ldr	r1, [r2, #0]
 80045cc:	e7ce      	b.n	800456c <nand_flash_init+0x98>
D:\project\N5_MCU\V610_MCU\trunk\GD\GD32_Process_Lib\GD ARM MCU Debug/../src/drivers/packet_process/Process_Packet.c:407
    check_failed_process(READ_NANDFLASH_BLOCK1_ERROR);
 80045ce:	2088      	movs	r0, #136	; 0x88
 80045d0:	f7ff ff18 	bl	8004404 <check_failed_process>
D:\project\N5_MCU\V610_MCU\trunk\GD\GD32_Process_Lib\GD ARM MCU Debug/../src/drivers/packet_process/Process_Packet.c:408
    return READ_NANDFLASH_BLOCK1_ERROR;
 80045d4:	2088      	movs	r0, #136	; 0x88
 80045d6:	e78d      	b.n	80044f4 <nand_flash_init+0x20>
 80045d8:	20000000 	.word	0x20000000
 80045dc:	20000260 	.word	0x20000260
 80045e0:	08005c28 	.word	0x08005c28
 80045e4:	20001098 	.word	0x20001098
 80045e8:	20000004 	.word	0x20000004
 80045ec:	200010bc 	.word	0x200010bc
 80045f0:	200010c0 	.word	0x200010c0
 80045f4:	20001084 	.word	0x20001084
 80045f8:	20000c78 	.word	0x20000c78
 80045fc:	200010c4 	.word	0x200010c4
 8004600:	20001088 	.word	0x20001088
 8004604:	fffffbf8 	.word	0xfffffbf8
 8004608:	08005d3d 	.word	0x08005d3d
 800460c:	08005d79 	.word	0x08005d79
 8004610:	20000c7c 	.word	0x20000c7c
 8004614:	08005dac 	.word	0x08005dac

08004618 <Send_Start_CMD>:
Send_Start_CMD():
D:\project\N5_MCU\V610_MCU\trunk\GD\GD32_Process_Lib\GD ARM MCU Debug/../src/drivers/packet_process/Process_Packet.c:238
  int size=0;
 8004618:	2300      	movs	r3, #0
D:\project\N5_MCU\V610_MCU\trunk\GD\GD32_Process_Lib\GD ARM MCU Debug/../src/drivers/packet_process/Process_Packet.c:236
{
 800461a:	b537      	push	{r0, r1, r2, r4, r5, lr}
D:\project\N5_MCU\V610_MCU\trunk\GD\GD32_Process_Lib\GD ARM MCU Debug/../src/drivers/packet_process/Process_Packet.c:242
  printf("enter Send_Start_CMD\n");
 800461c:	4828      	ldr	r0, [pc, #160]	; (80046c0 <Send_Start_CMD+0xa8>)
D:\project\N5_MCU\V610_MCU\trunk\GD\GD32_Process_Lib\GD ARM MCU Debug/../src/drivers/packet_process/Process_Packet.c:238
  int size=0;
 800461e:	9300      	str	r3, [sp, #0]
D:\project\N5_MCU\V610_MCU\trunk\GD\GD32_Process_Lib\GD ARM MCU Debug/../src/drivers/packet_process/Process_Packet.c:242
  printf("enter Send_Start_CMD\n");
 8004620:	f000 f91a 	bl	8004858 <puts>
D:\project\N5_MCU\V610_MCU\trunk\GD\GD32_Process_Lib\GD ARM MCU Debug/../src/drivers/packet_process/Process_Packet.c:244
  nand_flash_init();
 8004624:	f7ff ff56 	bl	80044d4 <nand_flash_init>
D:\project\N5_MCU\V610_MCU\trunk\GD\GD32_Process_Lib\GD ARM MCU Debug/../src/drivers/packet_process/Process_Packet.c:246
  ret = check_spl_magic();
 8004628:	f7ff fe7e 	bl	8004328 <check_spl_magic>
D:\project\N5_MCU\V610_MCU\trunk\GD\GD32_Process_Lib\GD ARM MCU Debug/../src/drivers/packet_process/Process_Packet.c:247
  if (ret) {
 800462c:	b120      	cbz	r0, 8004638 <Send_Start_CMD+0x20>
D:\project\N5_MCU\V610_MCU\trunk\GD\GD32_Process_Lib\GD ARM MCU Debug/../src/drivers/packet_process/Process_Packet.c:248
      delay_1ms(10);
 800462e:	200a      	movs	r0, #10
 8004630:	f7fb fe39 	bl	80002a6 <delay_1ms>
D:\project\N5_MCU\V610_MCU\trunk\GD\GD32_Process_Lib\GD ARM MCU Debug/../src/drivers/packet_process/Process_Packet.c:249
      check_spl_magic();
 8004634:	f7ff fe78 	bl	8004328 <check_spl_magic>
D:\project\N5_MCU\V610_MCU\trunk\GD\GD32_Process_Lib\GD ARM MCU Debug/../src/drivers/packet_process/Process_Packet.c:252
  unsigned int start_addr = ENDIAN_CONVERT_32(PKT_RUNNING_START_ADDR);
 8004638:	4822      	ldr	r0, [pc, #136]	; (80046c4 <Send_Start_CMD+0xac>)
 800463a:	f7fc fcc5 	bl	8000fc8 <ENDIAN_CONVERT_32>
 800463e:	9001      	str	r0, [sp, #4]
D:\project\N5_MCU\V610_MCU\trunk\GD\GD32_Process_Lib\GD ARM MCU Debug/../src/drivers/packet_process/Process_Packet.c:255
  ret=SPL_GetNandFlashData(SPL_PACKET_SIZE);
 8004640:	f240 4000 	movw	r0, #1024	; 0x400
 8004644:	f7ff fda6 	bl	8004194 <SPL_GetNandFlashData>
 8004648:	0004      	movs	r4, r0
D:\project\N5_MCU\V610_MCU\trunk\GD\GD32_Process_Lib\GD ARM MCU Debug/../src/drivers/packet_process/Process_Packet.c:256
  if (ret != 0) {
 800464a:	b120      	cbz	r0, 8004656 <Send_Start_CMD+0x3e>
D:\project\N5_MCU\V610_MCU\trunk\GD\GD32_Process_Lib\GD ARM MCU Debug/../src/drivers/packet_process/Process_Packet.c:257
    check_failed_process(ret);
 800464c:	b280      	uxth	r0, r0
 800464e:	f7ff fed9 	bl	8004404 <check_failed_process>
D:\project\N5_MCU\V610_MCU\trunk\GD\GD32_Process_Lib\GD ARM MCU Debug/../src/drivers/packet_process/Process_Packet.c:282
}
 8004652:	0020      	movs	r0, r4
 8004654:	bd3e      	pop	{r1, r2, r3, r4, r5, pc}
D:\project\N5_MCU\V610_MCU\trunk\GD\GD32_Process_Lib\GD ARM MCU Debug/../src/drivers/packet_process/Process_Packet.c:263
  spl_handle.SPL_Size = postrom_offset + postrom_size;
 8004656:	f240 4504 	movw	r5, #1028	; 0x404
 800465a:	4c1b      	ldr	r4, [pc, #108]	; (80046c8 <Send_Start_CMD+0xb0>)
D:\project\N5_MCU\V610_MCU\trunk\GD\GD32_Process_Lib\GD ARM MCU Debug/../src/drivers/packet_process/Process_Packet.c:264
  printf("spl_handle.SPL_Size:0x%x, postrom_offset:0x%x, postrom_size:0x%x\n", spl_handle.SPL_Size, postrom_offset, postrom_size);
 800465c:	481b      	ldr	r0, [pc, #108]	; (80046cc <Send_Start_CMD+0xb4>)
D:\project\N5_MCU\V610_MCU\trunk\GD\GD32_Process_Lib\GD ARM MCU Debug/../src/drivers/packet_process/Process_Packet.c:263
  spl_handle.SPL_Size = postrom_offset + postrom_size;
 800465e:	6d62      	ldr	r2, [r4, #84]	; 0x54
 8004660:	6da3      	ldr	r3, [r4, #88]	; 0x58
 8004662:	1899      	adds	r1, r3, r2
D:\project\N5_MCU\V610_MCU\trunk\GD\GD32_Process_Lib\GD ARM MCU Debug/../src/drivers/packet_process/Process_Packet.c:264
  printf("spl_handle.SPL_Size:0x%x, postrom_offset:0x%x, postrom_size:0x%x\n", spl_handle.SPL_Size, postrom_offset, postrom_size);
 8004664:	0013      	movs	r3, r2
 8004666:	6da2      	ldr	r2, [r4, #88]	; 0x58
D:\project\N5_MCU\V610_MCU\trunk\GD\GD32_Process_Lib\GD ARM MCU Debug/../src/drivers/packet_process/Process_Packet.c:263
  spl_handle.SPL_Size = postrom_offset + postrom_size;
 8004668:	5161      	str	r1, [r4, r5]
D:\project\N5_MCU\V610_MCU\trunk\GD\GD32_Process_Lib\GD ARM MCU Debug/../src/drivers/packet_process/Process_Packet.c:264
  printf("spl_handle.SPL_Size:0x%x, postrom_offset:0x%x, postrom_size:0x%x\n", spl_handle.SPL_Size, postrom_offset, postrom_size);
 800466a:	f000 f85d 	bl	8004728 <iprintf>
D:\project\N5_MCU\V610_MCU\trunk\GD\GD32_Process_Lib\GD ARM MCU Debug/../src/drivers/packet_process/Process_Packet.c:269
  spl_handle.SPL_Size = SPL_MAX_PART_SIZE;
 800466e:	2180      	movs	r1, #128	; 0x80
D:\project\N5_MCU\V610_MCU\trunk\GD\GD32_Process_Lib\GD ARM MCU Debug/../src/drivers/packet_process/Process_Packet.c:270
  printf("spl_handle.SPL_Size:0x%x\n", spl_handle.SPL_Size);
 8004670:	4817      	ldr	r0, [pc, #92]	; (80046d0 <Send_Start_CMD+0xb8>)
D:\project\N5_MCU\V610_MCU\trunk\GD\GD32_Process_Lib\GD ARM MCU Debug/../src/drivers/packet_process/Process_Packet.c:269
  spl_handle.SPL_Size = SPL_MAX_PART_SIZE;
 8004672:	02c9      	lsls	r1, r1, #11
 8004674:	5161      	str	r1, [r4, r5]
D:\project\N5_MCU\V610_MCU\trunk\GD\GD32_Process_Lib\GD ARM MCU Debug/../src/drivers/packet_process/Process_Packet.c:270
  printf("spl_handle.SPL_Size:0x%x\n", spl_handle.SPL_Size);
 8004676:	f000 f857 	bl	8004728 <iprintf>
D:\project\N5_MCU\V610_MCU\trunk\GD\GD32_Process_Lib\GD ARM MCU Debug/../src/drivers/packet_process/Process_Packet.c:272
  size = ENDIAN_CONVERT_32(spl_handle.SPL_Size);
 800467a:	5960      	ldr	r0, [r4, r5]
 800467c:	f7fc fca4 	bl	8000fc8 <ENDIAN_CONVERT_32>
D:\project\N5_MCU\V610_MCU\trunk\GD\GD32_Process_Lib\GD ARM MCU Debug/../src/drivers/packet_process/Process_Packet.c:273
  ((pkt_header_ptr) global_sio_handle.write_ptr)->pkt_type = ENDIAN_CONVERT_16 (BSL_CMD_START_DATA);
 8004680:	4d14      	ldr	r5, [pc, #80]	; (80046d4 <Send_Start_CMD+0xbc>)
D:\project\N5_MCU\V610_MCU\trunk\GD\GD32_Process_Lib\GD ARM MCU Debug/../src/drivers/packet_process/Process_Packet.c:272
  size = ENDIAN_CONVERT_32(spl_handle.SPL_Size);
 8004682:	9000      	str	r0, [sp, #0]
D:\project\N5_MCU\V610_MCU\trunk\GD\GD32_Process_Lib\GD ARM MCU Debug/../src/drivers/packet_process/Process_Packet.c:273
  ((pkt_header_ptr) global_sio_handle.write_ptr)->pkt_type = ENDIAN_CONVERT_16 (BSL_CMD_START_DATA);
 8004684:	2001      	movs	r0, #1
 8004686:	69ac      	ldr	r4, [r5, #24]
 8004688:	f7fc fc83 	bl	8000f92 <ENDIAN_CONVERT_16>
 800468c:	8020      	strh	r0, [r4, #0]
D:\project\N5_MCU\V610_MCU\trunk\GD\GD32_Process_Lib\GD ARM MCU Debug/../src/drivers/packet_process/Process_Packet.c:274
  ((pkt_header_ptr) global_sio_handle.write_ptr)->pkt_size = ENDIAN_CONVERT_16(0x08);
 800468e:	2008      	movs	r0, #8
 8004690:	69ac      	ldr	r4, [r5, #24]
 8004692:	f7fc fc7e 	bl	8000f92 <ENDIAN_CONVERT_16>
D:\project\N5_MCU\V610_MCU\trunk\GD\GD32_Process_Lib\GD ARM MCU Debug/../src/drivers/packet_process/Process_Packet.c:276
  memcpy((char *)&global_sio_handle.write_ptr[sizeof(pkt_header_ptr)], (char *)&start_addr, 4);
 8004696:	69ab      	ldr	r3, [r5, #24]
D:\project\N5_MCU\V610_MCU\trunk\GD\GD32_Process_Lib\GD ARM MCU Debug/../src/drivers/packet_process/Process_Packet.c:274
  ((pkt_header_ptr) global_sio_handle.write_ptr)->pkt_size = ENDIAN_CONVERT_16(0x08);
 8004698:	8060      	strh	r0, [r4, #2]
D:\project\N5_MCU\V610_MCU\trunk\GD\GD32_Process_Lib\GD ARM MCU Debug/../src/drivers/packet_process/Process_Packet.c:276
  memcpy((char *)&global_sio_handle.write_ptr[sizeof(pkt_header_ptr)], (char *)&start_addr, 4);
 800469a:	2204      	movs	r2, #4
 800469c:	1d18      	adds	r0, r3, #4
 800469e:	a901      	add	r1, sp, #4
 80046a0:	f7fc fcd0 	bl	8001044 <memcpy>
D:\project\N5_MCU\V610_MCU\trunk\GD\GD32_Process_Lib\GD ARM MCU Debug/../src/drivers/packet_process/Process_Packet.c:277
  memcpy((char *)&global_sio_handle.write_ptr[sizeof(pkt_header_ptr)+4], (char *)&size, 4);
 80046a4:	69a8      	ldr	r0, [r5, #24]
 80046a6:	2204      	movs	r2, #4
 80046a8:	4669      	mov	r1, sp
 80046aa:	3008      	adds	r0, #8
 80046ac:	f7fc fcca 	bl	8001044 <memcpy>
D:\project\N5_MCU\V610_MCU\trunk\GD\GD32_Process_Lib\GD ARM MCU Debug/../src/drivers/packet_process/Process_Packet.c:279
  ret = usart_send_data(global_sio_handle.write_ptr, sizeof(pkt_header_ptr) + PKT_CRC_SIZE + 8);
 80046b0:	210e      	movs	r1, #14
 80046b2:	69a8      	ldr	r0, [r5, #24]
 80046b4:	f7ff fbd0 	bl	8003e58 <usart_send_data>
D:\project\N5_MCU\V610_MCU\trunk\GD\GD32_Process_Lib\GD ARM MCU Debug/../src/drivers/packet_process/Process_Packet.c:280
  global_sio_handle.pkt_type = BSL_CMD_MIDST_DATA;
 80046b8:	2302      	movs	r3, #2
D:\project\N5_MCU\V610_MCU\trunk\GD\GD32_Process_Lib\GD ARM MCU Debug/../src/drivers/packet_process/Process_Packet.c:279
  ret = usart_send_data(global_sio_handle.write_ptr, sizeof(pkt_header_ptr) + PKT_CRC_SIZE + 8);
 80046ba:	0004      	movs	r4, r0
D:\project\N5_MCU\V610_MCU\trunk\GD\GD32_Process_Lib\GD ARM MCU Debug/../src/drivers/packet_process/Process_Packet.c:280
  global_sio_handle.pkt_type = BSL_CMD_MIDST_DATA;
 80046bc:	80eb      	strh	r3, [r5, #6]
D:\project\N5_MCU\V610_MCU\trunk\GD\GD32_Process_Lib\GD ARM MCU Debug/../src/drivers/packet_process/Process_Packet.c:281
  return ret;
 80046be:	e7c8      	b.n	8004652 <Send_Start_CMD+0x3a>
 80046c0:	08005e0a 	.word	0x08005e0a
 80046c4:	65008000 	.word	0x65008000
 80046c8:	20000c7c 	.word	0x20000c7c
 80046cc:	08005e1f 	.word	0x08005e1f
 80046d0:	08005e61 	.word	0x08005e61
 80046d4:	2000109c 	.word	0x2000109c

080046d8 <__libc_init_array>:
__libc_init_array():
 80046d8:	b570      	push	{r4, r5, r6, lr}
 80046da:	2500      	movs	r5, #0
 80046dc:	4c0e      	ldr	r4, [pc, #56]	; (8004718 <__libc_init_array+0x40>)
 80046de:	4b0f      	ldr	r3, [pc, #60]	; (800471c <__libc_init_array+0x44>)
 80046e0:	1ae4      	subs	r4, r4, r3
 80046e2:	10a4      	asrs	r4, r4, #2
 80046e4:	42a5      	cmp	r5, r4
 80046e6:	d109      	bne.n	80046fc <__libc_init_array+0x24>
 80046e8:	2500      	movs	r5, #0
 80046ea:	f001 f859 	bl	80057a0 <_init>
 80046ee:	4c0c      	ldr	r4, [pc, #48]	; (8004720 <__libc_init_array+0x48>)
 80046f0:	4b0c      	ldr	r3, [pc, #48]	; (8004724 <__libc_init_array+0x4c>)
 80046f2:	1ae4      	subs	r4, r4, r3
 80046f4:	10a4      	asrs	r4, r4, #2
 80046f6:	42a5      	cmp	r5, r4
 80046f8:	d107      	bne.n	800470a <__libc_init_array+0x32>
 80046fa:	bd70      	pop	{r4, r5, r6, pc}
 80046fc:	4a07      	ldr	r2, [pc, #28]	; (800471c <__libc_init_array+0x44>)
 80046fe:	00ab      	lsls	r3, r5, #2
 8004700:	189b      	adds	r3, r3, r2
 8004702:	681b      	ldr	r3, [r3, #0]
 8004704:	4798      	blx	r3
 8004706:	3501      	adds	r5, #1
 8004708:	e7ec      	b.n	80046e4 <__libc_init_array+0xc>
 800470a:	4a06      	ldr	r2, [pc, #24]	; (8004724 <__libc_init_array+0x4c>)
 800470c:	00ab      	lsls	r3, r5, #2
 800470e:	189b      	adds	r3, r3, r2
 8004710:	681b      	ldr	r3, [r3, #0]
 8004712:	4798      	blx	r3
 8004714:	3501      	adds	r5, #1
 8004716:	e7ee      	b.n	80046f6 <__libc_init_array+0x1e>
 8004718:	08005f3c 	.word	0x08005f3c
 800471c:	08005f3c 	.word	0x08005f3c
 8004720:	08005f40 	.word	0x08005f40
 8004724:	08005f3c 	.word	0x08005f3c

08004728 <iprintf>:
iprintf():
 8004728:	b40f      	push	{r0, r1, r2, r3}
 800472a:	4b0a      	ldr	r3, [pc, #40]	; (8004754 <iprintf+0x2c>)
 800472c:	b513      	push	{r0, r1, r4, lr}
 800472e:	681c      	ldr	r4, [r3, #0]
 8004730:	b124      	cbz	r4, 800473c <iprintf+0x14>
 8004732:	69a3      	ldr	r3, [r4, #24]
 8004734:	b913      	cbnz	r3, 800473c <iprintf+0x14>
 8004736:	0020      	movs	r0, r4
 8004738:	f000 fa86 	bl	8004c48 <__sinit>
 800473c:	ab05      	add	r3, sp, #20
 800473e:	0020      	movs	r0, r4
 8004740:	9a04      	ldr	r2, [sp, #16]
 8004742:	68a1      	ldr	r1, [r4, #8]
 8004744:	9301      	str	r3, [sp, #4]
 8004746:	f000 fc57 	bl	8004ff8 <_vfiprintf_r>
 800474a:	bc16      	pop	{r1, r2, r4}
 800474c:	bc08      	pop	{r3}
 800474e:	b004      	add	sp, #16
 8004750:	4718      	bx	r3
 8004752:	46c0      	nop			; (mov r8, r8)
 8004754:	200001d8 	.word	0x200001d8

08004758 <putchar>:
putchar():
 8004758:	4b07      	ldr	r3, [pc, #28]	; (8004778 <putchar+0x20>)
 800475a:	b570      	push	{r4, r5, r6, lr}
 800475c:	681c      	ldr	r4, [r3, #0]
 800475e:	0005      	movs	r5, r0
 8004760:	b124      	cbz	r4, 800476c <putchar+0x14>
 8004762:	69a3      	ldr	r3, [r4, #24]
 8004764:	b913      	cbnz	r3, 800476c <putchar+0x14>
 8004766:	0020      	movs	r0, r4
 8004768:	f000 fa6e 	bl	8004c48 <__sinit>
 800476c:	0029      	movs	r1, r5
 800476e:	0020      	movs	r0, r4
 8004770:	68a2      	ldr	r2, [r4, #8]
 8004772:	f000 feed 	bl	8005550 <_putc_r>
 8004776:	bd70      	pop	{r4, r5, r6, pc}
 8004778:	200001d8 	.word	0x200001d8

0800477c <_puts_r>:
_puts_r():
 800477c:	b570      	push	{r4, r5, r6, lr}
 800477e:	0005      	movs	r5, r0
 8004780:	000e      	movs	r6, r1
 8004782:	b118      	cbz	r0, 800478c <_puts_r+0x10>
 8004784:	6983      	ldr	r3, [r0, #24]
 8004786:	b90b      	cbnz	r3, 800478c <_puts_r+0x10>
 8004788:	f000 fa5e 	bl	8004c48 <__sinit>
 800478c:	69ab      	ldr	r3, [r5, #24]
 800478e:	68ac      	ldr	r4, [r5, #8]
 8004790:	b913      	cbnz	r3, 8004798 <_puts_r+0x1c>
 8004792:	0028      	movs	r0, r5
 8004794:	f000 fa58 	bl	8004c48 <__sinit>
 8004798:	4b2c      	ldr	r3, [pc, #176]	; (800484c <_puts_r+0xd0>)
 800479a:	429c      	cmp	r4, r3
 800479c:	d120      	bne.n	80047e0 <_puts_r+0x64>
 800479e:	686c      	ldr	r4, [r5, #4]
 80047a0:	6e63      	ldr	r3, [r4, #100]	; 0x64
 80047a2:	07db      	lsls	r3, r3, #31
 80047a4:	d405      	bmi.n	80047b2 <_puts_r+0x36>
 80047a6:	89a3      	ldrh	r3, [r4, #12]
 80047a8:	059b      	lsls	r3, r3, #22
 80047aa:	d402      	bmi.n	80047b2 <_puts_r+0x36>
 80047ac:	6da0      	ldr	r0, [r4, #88]	; 0x58
 80047ae:	f000 faea 	bl	8004d86 <__retarget_lock_acquire_recursive>
 80047b2:	89a3      	ldrh	r3, [r4, #12]
 80047b4:	071b      	lsls	r3, r3, #28
 80047b6:	d501      	bpl.n	80047bc <_puts_r+0x40>
 80047b8:	6923      	ldr	r3, [r4, #16]
 80047ba:	bb43      	cbnz	r3, 800480e <_puts_r+0x92>
 80047bc:	0021      	movs	r1, r4
 80047be:	0028      	movs	r0, r5
 80047c0:	f000 f8a6 	bl	8004910 <__swsetup_r>
 80047c4:	b318      	cbz	r0, 800480e <_puts_r+0x92>
 80047c6:	2501      	movs	r5, #1
 80047c8:	426d      	negs	r5, r5
 80047ca:	6e63      	ldr	r3, [r4, #100]	; 0x64
 80047cc:	07db      	lsls	r3, r3, #31
 80047ce:	d405      	bmi.n	80047dc <_puts_r+0x60>
 80047d0:	89a3      	ldrh	r3, [r4, #12]
 80047d2:	059b      	lsls	r3, r3, #22
 80047d4:	d402      	bmi.n	80047dc <_puts_r+0x60>
 80047d6:	6da0      	ldr	r0, [r4, #88]	; 0x58
 80047d8:	f000 fad6 	bl	8004d88 <__retarget_lock_release_recursive>
 80047dc:	0028      	movs	r0, r5
 80047de:	bd70      	pop	{r4, r5, r6, pc}
 80047e0:	4b1b      	ldr	r3, [pc, #108]	; (8004850 <_puts_r+0xd4>)
 80047e2:	429c      	cmp	r4, r3
 80047e4:	d101      	bne.n	80047ea <_puts_r+0x6e>
 80047e6:	68ac      	ldr	r4, [r5, #8]
 80047e8:	e7da      	b.n	80047a0 <_puts_r+0x24>
 80047ea:	4b1a      	ldr	r3, [pc, #104]	; (8004854 <_puts_r+0xd8>)
 80047ec:	429c      	cmp	r4, r3
 80047ee:	d1d7      	bne.n	80047a0 <_puts_r+0x24>
 80047f0:	68ec      	ldr	r4, [r5, #12]
 80047f2:	e7d5      	b.n	80047a0 <_puts_r+0x24>
 80047f4:	3601      	adds	r6, #1
 80047f6:	60a3      	str	r3, [r4, #8]
 80047f8:	2b00      	cmp	r3, #0
 80047fa:	da04      	bge.n	8004806 <_puts_r+0x8a>
 80047fc:	69a2      	ldr	r2, [r4, #24]
 80047fe:	429a      	cmp	r2, r3
 8004800:	dc16      	bgt.n	8004830 <_puts_r+0xb4>
 8004802:	290a      	cmp	r1, #10
 8004804:	d014      	beq.n	8004830 <_puts_r+0xb4>
 8004806:	6823      	ldr	r3, [r4, #0]
 8004808:	1c5a      	adds	r2, r3, #1
 800480a:	6022      	str	r2, [r4, #0]
 800480c:	7019      	strb	r1, [r3, #0]
 800480e:	68a3      	ldr	r3, [r4, #8]
 8004810:	7831      	ldrb	r1, [r6, #0]
 8004812:	3b01      	subs	r3, #1
 8004814:	2900      	cmp	r1, #0
 8004816:	d1ed      	bne.n	80047f4 <_puts_r+0x78>
 8004818:	60a3      	str	r3, [r4, #8]
 800481a:	2b00      	cmp	r3, #0
 800481c:	da0f      	bge.n	800483e <_puts_r+0xc2>
 800481e:	0028      	movs	r0, r5
 8004820:	0022      	movs	r2, r4
 8004822:	310a      	adds	r1, #10
 8004824:	f000 f822 	bl	800486c <__swbuf_r>
 8004828:	250a      	movs	r5, #10
 800482a:	1c43      	adds	r3, r0, #1
 800482c:	d1cd      	bne.n	80047ca <_puts_r+0x4e>
 800482e:	e7ca      	b.n	80047c6 <_puts_r+0x4a>
 8004830:	0022      	movs	r2, r4
 8004832:	0028      	movs	r0, r5
 8004834:	f000 f81a 	bl	800486c <__swbuf_r>
 8004838:	1c43      	adds	r3, r0, #1
 800483a:	d1e8      	bne.n	800480e <_puts_r+0x92>
 800483c:	e7c3      	b.n	80047c6 <_puts_r+0x4a>
 800483e:	250a      	movs	r5, #10
 8004840:	6823      	ldr	r3, [r4, #0]
 8004842:	1c5a      	adds	r2, r3, #1
 8004844:	6022      	str	r2, [r4, #0]
 8004846:	701d      	strb	r5, [r3, #0]
 8004848:	e7bf      	b.n	80047ca <_puts_r+0x4e>
 800484a:	46c0      	nop			; (mov r8, r8)
 800484c:	08005ec8 	.word	0x08005ec8
 8004850:	08005ee8 	.word	0x08005ee8
 8004854:	08005ea8 	.word	0x08005ea8

08004858 <puts>:
puts():
 8004858:	b510      	push	{r4, lr}
 800485a:	4b03      	ldr	r3, [pc, #12]	; (8004868 <puts+0x10>)
 800485c:	0001      	movs	r1, r0
 800485e:	6818      	ldr	r0, [r3, #0]
 8004860:	f7ff ff8c 	bl	800477c <_puts_r>
 8004864:	bd10      	pop	{r4, pc}
 8004866:	46c0      	nop			; (mov r8, r8)
 8004868:	200001d8 	.word	0x200001d8

0800486c <__swbuf_r>:
__swbuf_r():
 800486c:	b5f8      	push	{r3, r4, r5, r6, r7, lr}
 800486e:	0005      	movs	r5, r0
 8004870:	000e      	movs	r6, r1
 8004872:	0014      	movs	r4, r2
 8004874:	b118      	cbz	r0, 800487e <__swbuf_r+0x12>
 8004876:	6983      	ldr	r3, [r0, #24]
 8004878:	b90b      	cbnz	r3, 800487e <__swbuf_r+0x12>
 800487a:	f000 f9e5 	bl	8004c48 <__sinit>
 800487e:	4b21      	ldr	r3, [pc, #132]	; (8004904 <__swbuf_r+0x98>)
 8004880:	429c      	cmp	r4, r3
 8004882:	d12c      	bne.n	80048de <__swbuf_r+0x72>
 8004884:	686c      	ldr	r4, [r5, #4]
 8004886:	69a3      	ldr	r3, [r4, #24]
 8004888:	60a3      	str	r3, [r4, #8]
 800488a:	89a3      	ldrh	r3, [r4, #12]
 800488c:	071b      	lsls	r3, r3, #28
 800488e:	d530      	bpl.n	80048f2 <__swbuf_r+0x86>
 8004890:	6923      	ldr	r3, [r4, #16]
 8004892:	2b00      	cmp	r3, #0
 8004894:	d02d      	beq.n	80048f2 <__swbuf_r+0x86>
 8004896:	6823      	ldr	r3, [r4, #0]
 8004898:	6922      	ldr	r2, [r4, #16]
 800489a:	b2f7      	uxtb	r7, r6
 800489c:	1a98      	subs	r0, r3, r2
 800489e:	6963      	ldr	r3, [r4, #20]
 80048a0:	b2f6      	uxtb	r6, r6
 80048a2:	4283      	cmp	r3, r0
 80048a4:	dc04      	bgt.n	80048b0 <__swbuf_r+0x44>
 80048a6:	0021      	movs	r1, r4
 80048a8:	0028      	movs	r0, r5
 80048aa:	f000 f92f 	bl	8004b0c <_fflush_r>
 80048ae:	bb30      	cbnz	r0, 80048fe <__swbuf_r+0x92>
 80048b0:	68a3      	ldr	r3, [r4, #8]
 80048b2:	3001      	adds	r0, #1
 80048b4:	3b01      	subs	r3, #1
 80048b6:	60a3      	str	r3, [r4, #8]
 80048b8:	6823      	ldr	r3, [r4, #0]
 80048ba:	1c5a      	adds	r2, r3, #1
 80048bc:	6022      	str	r2, [r4, #0]
 80048be:	701f      	strb	r7, [r3, #0]
 80048c0:	6963      	ldr	r3, [r4, #20]
 80048c2:	4283      	cmp	r3, r0
 80048c4:	d004      	beq.n	80048d0 <__swbuf_r+0x64>
 80048c6:	89a3      	ldrh	r3, [r4, #12]
 80048c8:	07db      	lsls	r3, r3, #31
 80048ca:	d506      	bpl.n	80048da <__swbuf_r+0x6e>
 80048cc:	2e0a      	cmp	r6, #10
 80048ce:	d104      	bne.n	80048da <__swbuf_r+0x6e>
 80048d0:	0021      	movs	r1, r4
 80048d2:	0028      	movs	r0, r5
 80048d4:	f000 f91a 	bl	8004b0c <_fflush_r>
 80048d8:	b988      	cbnz	r0, 80048fe <__swbuf_r+0x92>
 80048da:	0030      	movs	r0, r6
 80048dc:	bdf8      	pop	{r3, r4, r5, r6, r7, pc}
 80048de:	4b0a      	ldr	r3, [pc, #40]	; (8004908 <__swbuf_r+0x9c>)
 80048e0:	429c      	cmp	r4, r3
 80048e2:	d101      	bne.n	80048e8 <__swbuf_r+0x7c>
 80048e4:	68ac      	ldr	r4, [r5, #8]
 80048e6:	e7ce      	b.n	8004886 <__swbuf_r+0x1a>
 80048e8:	4b08      	ldr	r3, [pc, #32]	; (800490c <__swbuf_r+0xa0>)
 80048ea:	429c      	cmp	r4, r3
 80048ec:	d1cb      	bne.n	8004886 <__swbuf_r+0x1a>
 80048ee:	68ec      	ldr	r4, [r5, #12]
 80048f0:	e7c9      	b.n	8004886 <__swbuf_r+0x1a>
 80048f2:	0021      	movs	r1, r4
 80048f4:	0028      	movs	r0, r5
 80048f6:	f000 f80b 	bl	8004910 <__swsetup_r>
 80048fa:	2800      	cmp	r0, #0
 80048fc:	d0cb      	beq.n	8004896 <__swbuf_r+0x2a>
 80048fe:	2601      	movs	r6, #1
 8004900:	4276      	negs	r6, r6
 8004902:	e7ea      	b.n	80048da <__swbuf_r+0x6e>
 8004904:	08005ec8 	.word	0x08005ec8
 8004908:	08005ee8 	.word	0x08005ee8
 800490c:	08005ea8 	.word	0x08005ea8

08004910 <__swsetup_r>:
__swsetup_r():
 8004910:	4b35      	ldr	r3, [pc, #212]	; (80049e8 <__swsetup_r+0xd8>)
 8004912:	b570      	push	{r4, r5, r6, lr}
 8004914:	681d      	ldr	r5, [r3, #0]
 8004916:	0006      	movs	r6, r0
 8004918:	000c      	movs	r4, r1
 800491a:	b125      	cbz	r5, 8004926 <__swsetup_r+0x16>
 800491c:	69ab      	ldr	r3, [r5, #24]
 800491e:	b913      	cbnz	r3, 8004926 <__swsetup_r+0x16>
 8004920:	0028      	movs	r0, r5
 8004922:	f000 f991 	bl	8004c48 <__sinit>
 8004926:	4b31      	ldr	r3, [pc, #196]	; (80049ec <__swsetup_r+0xdc>)
 8004928:	429c      	cmp	r4, r3
 800492a:	d10f      	bne.n	800494c <__swsetup_r+0x3c>
 800492c:	686c      	ldr	r4, [r5, #4]
 800492e:	230c      	movs	r3, #12
 8004930:	5ee2      	ldrsh	r2, [r4, r3]
 8004932:	b293      	uxth	r3, r2
 8004934:	0711      	lsls	r1, r2, #28
 8004936:	d42c      	bmi.n	8004992 <__swsetup_r+0x82>
 8004938:	06d9      	lsls	r1, r3, #27
 800493a:	d411      	bmi.n	8004960 <__swsetup_r+0x50>
 800493c:	2309      	movs	r3, #9
 800493e:	2001      	movs	r0, #1
 8004940:	6033      	str	r3, [r6, #0]
 8004942:	3337      	adds	r3, #55	; 0x37
 8004944:	4313      	orrs	r3, r2
 8004946:	81a3      	strh	r3, [r4, #12]
 8004948:	4240      	negs	r0, r0
 800494a:	bd70      	pop	{r4, r5, r6, pc}
 800494c:	4b28      	ldr	r3, [pc, #160]	; (80049f0 <__swsetup_r+0xe0>)
 800494e:	429c      	cmp	r4, r3
 8004950:	d101      	bne.n	8004956 <__swsetup_r+0x46>
 8004952:	68ac      	ldr	r4, [r5, #8]
 8004954:	e7eb      	b.n	800492e <__swsetup_r+0x1e>
 8004956:	4b27      	ldr	r3, [pc, #156]	; (80049f4 <__swsetup_r+0xe4>)
 8004958:	429c      	cmp	r4, r3
 800495a:	d1e8      	bne.n	800492e <__swsetup_r+0x1e>
 800495c:	68ec      	ldr	r4, [r5, #12]
 800495e:	e7e6      	b.n	800492e <__swsetup_r+0x1e>
 8004960:	075b      	lsls	r3, r3, #29
 8004962:	d512      	bpl.n	800498a <__swsetup_r+0x7a>
 8004964:	6b61      	ldr	r1, [r4, #52]	; 0x34
 8004966:	b141      	cbz	r1, 800497a <__swsetup_r+0x6a>
 8004968:	0023      	movs	r3, r4
 800496a:	3344      	adds	r3, #68	; 0x44
 800496c:	4299      	cmp	r1, r3
 800496e:	d002      	beq.n	8004976 <__swsetup_r+0x66>
 8004970:	0030      	movs	r0, r6
 8004972:	f000 fa73 	bl	8004e5c <_free_r>
 8004976:	2300      	movs	r3, #0
 8004978:	6363      	str	r3, [r4, #52]	; 0x34
 800497a:	2224      	movs	r2, #36	; 0x24
 800497c:	89a3      	ldrh	r3, [r4, #12]
 800497e:	4393      	bics	r3, r2
 8004980:	81a3      	strh	r3, [r4, #12]
 8004982:	2300      	movs	r3, #0
 8004984:	6063      	str	r3, [r4, #4]
 8004986:	6923      	ldr	r3, [r4, #16]
 8004988:	6023      	str	r3, [r4, #0]
 800498a:	2308      	movs	r3, #8
 800498c:	89a2      	ldrh	r2, [r4, #12]
 800498e:	4313      	orrs	r3, r2
 8004990:	81a3      	strh	r3, [r4, #12]
 8004992:	6923      	ldr	r3, [r4, #16]
 8004994:	b95b      	cbnz	r3, 80049ae <__swsetup_r+0x9e>
 8004996:	f240 2180 	movw	r1, #640	; 0x280
 800499a:	f240 2200 	movw	r2, #512	; 0x200
 800499e:	89a3      	ldrh	r3, [r4, #12]
 80049a0:	400b      	ands	r3, r1
 80049a2:	4293      	cmp	r3, r2
 80049a4:	d003      	beq.n	80049ae <__swsetup_r+0x9e>
 80049a6:	0021      	movs	r1, r4
 80049a8:	0030      	movs	r0, r6
 80049aa:	f000 fa17 	bl	8004ddc <__smakebuf_r>
 80049ae:	220c      	movs	r2, #12
 80049b0:	5ea3      	ldrsh	r3, [r4, r2]
 80049b2:	2001      	movs	r0, #1
 80049b4:	001a      	movs	r2, r3
 80049b6:	b299      	uxth	r1, r3
 80049b8:	4002      	ands	r2, r0
 80049ba:	4203      	tst	r3, r0
 80049bc:	d00f      	beq.n	80049de <__swsetup_r+0xce>
 80049be:	2200      	movs	r2, #0
 80049c0:	60a2      	str	r2, [r4, #8]
 80049c2:	6962      	ldr	r2, [r4, #20]
 80049c4:	4252      	negs	r2, r2
 80049c6:	61a2      	str	r2, [r4, #24]
 80049c8:	6922      	ldr	r2, [r4, #16]
 80049ca:	2000      	movs	r0, #0
 80049cc:	2a00      	cmp	r2, #0
 80049ce:	d1bc      	bne.n	800494a <__swsetup_r+0x3a>
 80049d0:	060a      	lsls	r2, r1, #24
 80049d2:	d5ba      	bpl.n	800494a <__swsetup_r+0x3a>
 80049d4:	2240      	movs	r2, #64	; 0x40
 80049d6:	4313      	orrs	r3, r2
 80049d8:	81a3      	strh	r3, [r4, #12]
 80049da:	3801      	subs	r0, #1
 80049dc:	e7b5      	b.n	800494a <__swsetup_r+0x3a>
 80049de:	0788      	lsls	r0, r1, #30
 80049e0:	d400      	bmi.n	80049e4 <__swsetup_r+0xd4>
 80049e2:	6962      	ldr	r2, [r4, #20]
 80049e4:	60a2      	str	r2, [r4, #8]
 80049e6:	e7ef      	b.n	80049c8 <__swsetup_r+0xb8>
 80049e8:	200001d8 	.word	0x200001d8
 80049ec:	08005ec8 	.word	0x08005ec8
 80049f0:	08005ee8 	.word	0x08005ee8
 80049f4:	08005ea8 	.word	0x08005ea8

080049f8 <__sflush_r>:
__sflush_r():
 80049f8:	b5f7      	push	{r0, r1, r2, r4, r5, r6, r7, lr}
 80049fa:	898b      	ldrh	r3, [r1, #12]
 80049fc:	0005      	movs	r5, r0
 80049fe:	000c      	movs	r4, r1
 8004a00:	071a      	lsls	r2, r3, #28
 8004a02:	d45d      	bmi.n	8004ac0 <__sflush_r+0xc8>
 8004a04:	684a      	ldr	r2, [r1, #4]
 8004a06:	2a00      	cmp	r2, #0
 8004a08:	dc04      	bgt.n	8004a14 <__sflush_r+0x1c>
 8004a0a:	6c0a      	ldr	r2, [r1, #64]	; 0x40
 8004a0c:	2a00      	cmp	r2, #0
 8004a0e:	dc01      	bgt.n	8004a14 <__sflush_r+0x1c>
 8004a10:	2000      	movs	r0, #0
 8004a12:	bdfe      	pop	{r1, r2, r3, r4, r5, r6, r7, pc}
 8004a14:	6ae7      	ldr	r7, [r4, #44]	; 0x2c
 8004a16:	2f00      	cmp	r7, #0
 8004a18:	d0fa      	beq.n	8004a10 <__sflush_r+0x18>
 8004a1a:	2200      	movs	r2, #0
 8004a1c:	f241 0100 	movw	r1, #4096	; 0x1000
 8004a20:	682e      	ldr	r6, [r5, #0]
 8004a22:	602a      	str	r2, [r5, #0]
 8004a24:	001a      	movs	r2, r3
 8004a26:	400a      	ands	r2, r1
 8004a28:	420b      	tst	r3, r1
 8004a2a:	d032      	beq.n	8004a92 <__sflush_r+0x9a>
 8004a2c:	6d60      	ldr	r0, [r4, #84]	; 0x54
 8004a2e:	89a3      	ldrh	r3, [r4, #12]
 8004a30:	075b      	lsls	r3, r3, #29
 8004a32:	d505      	bpl.n	8004a40 <__sflush_r+0x48>
 8004a34:	6863      	ldr	r3, [r4, #4]
 8004a36:	1ac0      	subs	r0, r0, r3
 8004a38:	6b63      	ldr	r3, [r4, #52]	; 0x34
 8004a3a:	b10b      	cbz	r3, 8004a40 <__sflush_r+0x48>
 8004a3c:	6c23      	ldr	r3, [r4, #64]	; 0x40
 8004a3e:	1ac0      	subs	r0, r0, r3
 8004a40:	0002      	movs	r2, r0
 8004a42:	6a21      	ldr	r1, [r4, #32]
 8004a44:	2300      	movs	r3, #0
 8004a46:	0028      	movs	r0, r5
 8004a48:	6ae7      	ldr	r7, [r4, #44]	; 0x2c
 8004a4a:	47b8      	blx	r7
 8004a4c:	89a1      	ldrh	r1, [r4, #12]
 8004a4e:	1c43      	adds	r3, r0, #1
 8004a50:	d106      	bne.n	8004a60 <__sflush_r+0x68>
 8004a52:	682b      	ldr	r3, [r5, #0]
 8004a54:	2b1d      	cmp	r3, #29
 8004a56:	d830      	bhi.n	8004aba <__sflush_r+0xc2>
 8004a58:	4a2b      	ldr	r2, [pc, #172]	; (8004b08 <__sflush_r+0x110>)
 8004a5a:	40da      	lsrs	r2, r3
 8004a5c:	07d3      	lsls	r3, r2, #31
 8004a5e:	d52c      	bpl.n	8004aba <__sflush_r+0xc2>
 8004a60:	2300      	movs	r3, #0
 8004a62:	6063      	str	r3, [r4, #4]
 8004a64:	6923      	ldr	r3, [r4, #16]
 8004a66:	6023      	str	r3, [r4, #0]
 8004a68:	04cb      	lsls	r3, r1, #19
 8004a6a:	d504      	bpl.n	8004a76 <__sflush_r+0x7e>
 8004a6c:	1c43      	adds	r3, r0, #1
 8004a6e:	d101      	bne.n	8004a74 <__sflush_r+0x7c>
 8004a70:	682b      	ldr	r3, [r5, #0]
 8004a72:	b903      	cbnz	r3, 8004a76 <__sflush_r+0x7e>
 8004a74:	6560      	str	r0, [r4, #84]	; 0x54
 8004a76:	6b61      	ldr	r1, [r4, #52]	; 0x34
 8004a78:	602e      	str	r6, [r5, #0]
 8004a7a:	2900      	cmp	r1, #0
 8004a7c:	d0c8      	beq.n	8004a10 <__sflush_r+0x18>
 8004a7e:	0023      	movs	r3, r4
 8004a80:	3344      	adds	r3, #68	; 0x44
 8004a82:	4299      	cmp	r1, r3
 8004a84:	d002      	beq.n	8004a8c <__sflush_r+0x94>
 8004a86:	0028      	movs	r0, r5
 8004a88:	f000 f9e8 	bl	8004e5c <_free_r>
 8004a8c:	2000      	movs	r0, #0
 8004a8e:	6360      	str	r0, [r4, #52]	; 0x34
 8004a90:	e7bf      	b.n	8004a12 <__sflush_r+0x1a>
 8004a92:	2301      	movs	r3, #1
 8004a94:	0028      	movs	r0, r5
 8004a96:	6a21      	ldr	r1, [r4, #32]
 8004a98:	47b8      	blx	r7
 8004a9a:	1c43      	adds	r3, r0, #1
 8004a9c:	d1c7      	bne.n	8004a2e <__sflush_r+0x36>
 8004a9e:	682b      	ldr	r3, [r5, #0]
 8004aa0:	2b00      	cmp	r3, #0
 8004aa2:	d0c4      	beq.n	8004a2e <__sflush_r+0x36>
 8004aa4:	2b1d      	cmp	r3, #29
 8004aa6:	d001      	beq.n	8004aac <__sflush_r+0xb4>
 8004aa8:	2b16      	cmp	r3, #22
 8004aaa:	d101      	bne.n	8004ab0 <__sflush_r+0xb8>
 8004aac:	602e      	str	r6, [r5, #0]
 8004aae:	e7af      	b.n	8004a10 <__sflush_r+0x18>
 8004ab0:	2340      	movs	r3, #64	; 0x40
 8004ab2:	89a2      	ldrh	r2, [r4, #12]
 8004ab4:	4313      	orrs	r3, r2
 8004ab6:	81a3      	strh	r3, [r4, #12]
 8004ab8:	e7ab      	b.n	8004a12 <__sflush_r+0x1a>
 8004aba:	2340      	movs	r3, #64	; 0x40
 8004abc:	430b      	orrs	r3, r1
 8004abe:	e7fa      	b.n	8004ab6 <__sflush_r+0xbe>
 8004ac0:	690f      	ldr	r7, [r1, #16]
 8004ac2:	2f00      	cmp	r7, #0
 8004ac4:	d0a4      	beq.n	8004a10 <__sflush_r+0x18>
 8004ac6:	680a      	ldr	r2, [r1, #0]
 8004ac8:	600f      	str	r7, [r1, #0]
 8004aca:	1bd2      	subs	r2, r2, r7
 8004acc:	9201      	str	r2, [sp, #4]
 8004ace:	2200      	movs	r2, #0
 8004ad0:	079b      	lsls	r3, r3, #30
 8004ad2:	d100      	bne.n	8004ad6 <__sflush_r+0xde>
 8004ad4:	694a      	ldr	r2, [r1, #20]
 8004ad6:	60a2      	str	r2, [r4, #8]
 8004ad8:	9b01      	ldr	r3, [sp, #4]
 8004ada:	2b00      	cmp	r3, #0
 8004adc:	dd98      	ble.n	8004a10 <__sflush_r+0x18>
 8004ade:	003a      	movs	r2, r7
 8004ae0:	0028      	movs	r0, r5
 8004ae2:	9b01      	ldr	r3, [sp, #4]
 8004ae4:	6a21      	ldr	r1, [r4, #32]
 8004ae6:	6aa6      	ldr	r6, [r4, #40]	; 0x28
 8004ae8:	47b0      	blx	r6
 8004aea:	2800      	cmp	r0, #0
 8004aec:	dc06      	bgt.n	8004afc <__sflush_r+0x104>
 8004aee:	2340      	movs	r3, #64	; 0x40
 8004af0:	2001      	movs	r0, #1
 8004af2:	89a2      	ldrh	r2, [r4, #12]
 8004af4:	4240      	negs	r0, r0
 8004af6:	4313      	orrs	r3, r2
 8004af8:	81a3      	strh	r3, [r4, #12]
 8004afa:	e78a      	b.n	8004a12 <__sflush_r+0x1a>
 8004afc:	9b01      	ldr	r3, [sp, #4]
 8004afe:	183f      	adds	r7, r7, r0
 8004b00:	1a1b      	subs	r3, r3, r0
 8004b02:	9301      	str	r3, [sp, #4]
 8004b04:	e7e8      	b.n	8004ad8 <__sflush_r+0xe0>
 8004b06:	46c0      	nop			; (mov r8, r8)
 8004b08:	20400001 	.word	0x20400001

08004b0c <_fflush_r>:
_fflush_r():
 8004b0c:	690b      	ldr	r3, [r1, #16]
 8004b0e:	b570      	push	{r4, r5, r6, lr}
 8004b10:	0005      	movs	r5, r0
 8004b12:	000c      	movs	r4, r1
 8004b14:	b913      	cbnz	r3, 8004b1c <_fflush_r+0x10>
 8004b16:	2500      	movs	r5, #0
 8004b18:	0028      	movs	r0, r5
 8004b1a:	bd70      	pop	{r4, r5, r6, pc}
 8004b1c:	b118      	cbz	r0, 8004b26 <_fflush_r+0x1a>
 8004b1e:	6983      	ldr	r3, [r0, #24]
 8004b20:	b90b      	cbnz	r3, 8004b26 <_fflush_r+0x1a>
 8004b22:	f000 f891 	bl	8004c48 <__sinit>
 8004b26:	4b14      	ldr	r3, [pc, #80]	; (8004b78 <_fflush_r+0x6c>)
 8004b28:	429c      	cmp	r4, r3
 8004b2a:	d11b      	bne.n	8004b64 <_fflush_r+0x58>
 8004b2c:	686c      	ldr	r4, [r5, #4]
 8004b2e:	220c      	movs	r2, #12
 8004b30:	5ea3      	ldrsh	r3, [r4, r2]
 8004b32:	2b00      	cmp	r3, #0
 8004b34:	d0ef      	beq.n	8004b16 <_fflush_r+0xa>
 8004b36:	6e62      	ldr	r2, [r4, #100]	; 0x64
 8004b38:	07d2      	lsls	r2, r2, #31
 8004b3a:	d404      	bmi.n	8004b46 <_fflush_r+0x3a>
 8004b3c:	059b      	lsls	r3, r3, #22
 8004b3e:	d402      	bmi.n	8004b46 <_fflush_r+0x3a>
 8004b40:	6da0      	ldr	r0, [r4, #88]	; 0x58
 8004b42:	f000 f920 	bl	8004d86 <__retarget_lock_acquire_recursive>
 8004b46:	0028      	movs	r0, r5
 8004b48:	0021      	movs	r1, r4
 8004b4a:	f7ff ff55 	bl	80049f8 <__sflush_r>
 8004b4e:	6e63      	ldr	r3, [r4, #100]	; 0x64
 8004b50:	0005      	movs	r5, r0
 8004b52:	07db      	lsls	r3, r3, #31
 8004b54:	d4e0      	bmi.n	8004b18 <_fflush_r+0xc>
 8004b56:	89a3      	ldrh	r3, [r4, #12]
 8004b58:	059b      	lsls	r3, r3, #22
 8004b5a:	d4dd      	bmi.n	8004b18 <_fflush_r+0xc>
 8004b5c:	6da0      	ldr	r0, [r4, #88]	; 0x58
 8004b5e:	f000 f913 	bl	8004d88 <__retarget_lock_release_recursive>
 8004b62:	e7d9      	b.n	8004b18 <_fflush_r+0xc>
 8004b64:	4b05      	ldr	r3, [pc, #20]	; (8004b7c <_fflush_r+0x70>)
 8004b66:	429c      	cmp	r4, r3
 8004b68:	d101      	bne.n	8004b6e <_fflush_r+0x62>
 8004b6a:	68ac      	ldr	r4, [r5, #8]
 8004b6c:	e7df      	b.n	8004b2e <_fflush_r+0x22>
 8004b6e:	4b04      	ldr	r3, [pc, #16]	; (8004b80 <_fflush_r+0x74>)
 8004b70:	429c      	cmp	r4, r3
 8004b72:	d1dc      	bne.n	8004b2e <_fflush_r+0x22>
 8004b74:	68ec      	ldr	r4, [r5, #12]
 8004b76:	e7da      	b.n	8004b2e <_fflush_r+0x22>
 8004b78:	08005ec8 	.word	0x08005ec8
 8004b7c:	08005ee8 	.word	0x08005ee8
 8004b80:	08005ea8 	.word	0x08005ea8

08004b84 <std>:
std():
 8004b84:	2300      	movs	r3, #0
 8004b86:	b510      	push	{r4, lr}
 8004b88:	0004      	movs	r4, r0
 8004b8a:	6003      	str	r3, [r0, #0]
 8004b8c:	6043      	str	r3, [r0, #4]
 8004b8e:	6083      	str	r3, [r0, #8]
 8004b90:	8181      	strh	r1, [r0, #12]
 8004b92:	6643      	str	r3, [r0, #100]	; 0x64
 8004b94:	0019      	movs	r1, r3
 8004b96:	81c2      	strh	r2, [r0, #14]
 8004b98:	6103      	str	r3, [r0, #16]
 8004b9a:	6143      	str	r3, [r0, #20]
 8004b9c:	6183      	str	r3, [r0, #24]
 8004b9e:	2208      	movs	r2, #8
 8004ba0:	305c      	adds	r0, #92	; 0x5c
 8004ba2:	f7fc fa2d 	bl	8001000 <memset>
 8004ba6:	4b05      	ldr	r3, [pc, #20]	; (8004bbc <std+0x38>)
 8004ba8:	6263      	str	r3, [r4, #36]	; 0x24
 8004baa:	4b05      	ldr	r3, [pc, #20]	; (8004bc0 <std+0x3c>)
 8004bac:	6224      	str	r4, [r4, #32]
 8004bae:	62a3      	str	r3, [r4, #40]	; 0x28
 8004bb0:	4b04      	ldr	r3, [pc, #16]	; (8004bc4 <std+0x40>)
 8004bb2:	62e3      	str	r3, [r4, #44]	; 0x2c
 8004bb4:	4b04      	ldr	r3, [pc, #16]	; (8004bc8 <std+0x44>)
 8004bb6:	6323      	str	r3, [r4, #48]	; 0x30
 8004bb8:	bd10      	pop	{r4, pc}
 8004bba:	46c0      	nop			; (mov r8, r8)
 8004bbc:	08005601 	.word	0x08005601
 8004bc0:	08005629 	.word	0x08005629
 8004bc4:	08005661 	.word	0x08005661
 8004bc8:	0800568d 	.word	0x0800568d

08004bcc <_cleanup_r>:
_cleanup_r():
 8004bcc:	b510      	push	{r4, lr}
 8004bce:	4902      	ldr	r1, [pc, #8]	; (8004bd8 <_cleanup_r+0xc>)
 8004bd0:	f000 f8b8 	bl	8004d44 <_fwalk_reent>
 8004bd4:	bd10      	pop	{r4, pc}
 8004bd6:	46c0      	nop			; (mov r8, r8)
 8004bd8:	08004b0d 	.word	0x08004b0d

08004bdc <__sfmoreglue>:
__sfmoreglue():
 8004bdc:	b570      	push	{r4, r5, r6, lr}
 8004bde:	2568      	movs	r5, #104	; 0x68
 8004be0:	1e4a      	subs	r2, r1, #1
 8004be2:	4355      	muls	r5, r2
 8004be4:	000e      	movs	r6, r1
 8004be6:	0029      	movs	r1, r5
 8004be8:	3174      	adds	r1, #116	; 0x74
 8004bea:	f000 f981 	bl	8004ef0 <_malloc_r>
 8004bee:	0004      	movs	r4, r0
 8004bf0:	b140      	cbz	r0, 8004c04 <__sfmoreglue+0x28>
 8004bf2:	2100      	movs	r1, #0
 8004bf4:	002a      	movs	r2, r5
 8004bf6:	6001      	str	r1, [r0, #0]
 8004bf8:	6046      	str	r6, [r0, #4]
 8004bfa:	300c      	adds	r0, #12
 8004bfc:	60a0      	str	r0, [r4, #8]
 8004bfe:	3268      	adds	r2, #104	; 0x68
 8004c00:	f7fc f9fe 	bl	8001000 <memset>
 8004c04:	0020      	movs	r0, r4
 8004c06:	bd70      	pop	{r4, r5, r6, pc}

08004c08 <__sfp_lock_acquire>:
__sfp_lock_acquire():
 8004c08:	b510      	push	{r4, lr}
 8004c0a:	4802      	ldr	r0, [pc, #8]	; (8004c14 <__sfp_lock_acquire+0xc>)
 8004c0c:	f000 f8bb 	bl	8004d86 <__retarget_lock_acquire_recursive>
 8004c10:	bd10      	pop	{r4, pc}
 8004c12:	46c0      	nop			; (mov r8, r8)
 8004c14:	200010d4 	.word	0x200010d4

08004c18 <__sfp_lock_release>:
__sfp_lock_release():
 8004c18:	b510      	push	{r4, lr}
 8004c1a:	4802      	ldr	r0, [pc, #8]	; (8004c24 <__sfp_lock_release+0xc>)
 8004c1c:	f000 f8b4 	bl	8004d88 <__retarget_lock_release_recursive>
 8004c20:	bd10      	pop	{r4, pc}
 8004c22:	46c0      	nop			; (mov r8, r8)
 8004c24:	200010d4 	.word	0x200010d4

08004c28 <__sinit_lock_acquire>:
__sinit_lock_acquire():
 8004c28:	b510      	push	{r4, lr}
 8004c2a:	4802      	ldr	r0, [pc, #8]	; (8004c34 <__sinit_lock_acquire+0xc>)
 8004c2c:	f000 f8ab 	bl	8004d86 <__retarget_lock_acquire_recursive>
 8004c30:	bd10      	pop	{r4, pc}
 8004c32:	46c0      	nop			; (mov r8, r8)
 8004c34:	200010cf 	.word	0x200010cf

08004c38 <__sinit_lock_release>:
__sinit_lock_release():
 8004c38:	b510      	push	{r4, lr}
 8004c3a:	4802      	ldr	r0, [pc, #8]	; (8004c44 <__sinit_lock_release+0xc>)
 8004c3c:	f000 f8a4 	bl	8004d88 <__retarget_lock_release_recursive>
 8004c40:	bd10      	pop	{r4, pc}
 8004c42:	46c0      	nop			; (mov r8, r8)
 8004c44:	200010cf 	.word	0x200010cf

08004c48 <__sinit>:
__sinit():
 8004c48:	b513      	push	{r0, r1, r4, lr}
 8004c4a:	0004      	movs	r4, r0
 8004c4c:	f7ff ffec 	bl	8004c28 <__sinit_lock_acquire>
 8004c50:	69a3      	ldr	r3, [r4, #24]
 8004c52:	b113      	cbz	r3, 8004c5a <__sinit+0x12>
 8004c54:	f7ff fff0 	bl	8004c38 <__sinit_lock_release>
 8004c58:	bd13      	pop	{r0, r1, r4, pc}
 8004c5a:	64a3      	str	r3, [r4, #72]	; 0x48
 8004c5c:	64e3      	str	r3, [r4, #76]	; 0x4c
 8004c5e:	6523      	str	r3, [r4, #80]	; 0x50
 8004c60:	4b13      	ldr	r3, [pc, #76]	; (8004cb0 <__sinit+0x68>)
 8004c62:	4a14      	ldr	r2, [pc, #80]	; (8004cb4 <__sinit+0x6c>)
 8004c64:	681b      	ldr	r3, [r3, #0]
 8004c66:	62a2      	str	r2, [r4, #40]	; 0x28
 8004c68:	9301      	str	r3, [sp, #4]
 8004c6a:	42a3      	cmp	r3, r4
 8004c6c:	d101      	bne.n	8004c72 <__sinit+0x2a>
 8004c6e:	2301      	movs	r3, #1
 8004c70:	61a3      	str	r3, [r4, #24]
 8004c72:	0020      	movs	r0, r4
 8004c74:	f000 f820 	bl	8004cb8 <__sfp>
 8004c78:	6060      	str	r0, [r4, #4]
 8004c7a:	0020      	movs	r0, r4
 8004c7c:	f000 f81c 	bl	8004cb8 <__sfp>
 8004c80:	60a0      	str	r0, [r4, #8]
 8004c82:	0020      	movs	r0, r4
 8004c84:	f000 f818 	bl	8004cb8 <__sfp>
 8004c88:	2200      	movs	r2, #0
 8004c8a:	2104      	movs	r1, #4
 8004c8c:	60e0      	str	r0, [r4, #12]
 8004c8e:	6860      	ldr	r0, [r4, #4]
 8004c90:	f7ff ff78 	bl	8004b84 <std>
 8004c94:	2201      	movs	r2, #1
 8004c96:	2109      	movs	r1, #9
 8004c98:	68a0      	ldr	r0, [r4, #8]
 8004c9a:	f7ff ff73 	bl	8004b84 <std>
 8004c9e:	2202      	movs	r2, #2
 8004ca0:	2112      	movs	r1, #18
 8004ca2:	68e0      	ldr	r0, [r4, #12]
 8004ca4:	f7ff ff6e 	bl	8004b84 <std>
 8004ca8:	2301      	movs	r3, #1
 8004caa:	61a3      	str	r3, [r4, #24]
 8004cac:	e7d2      	b.n	8004c54 <__sinit+0xc>
 8004cae:	46c0      	nop			; (mov r8, r8)
 8004cb0:	08005ea4 	.word	0x08005ea4
 8004cb4:	08004bcd 	.word	0x08004bcd

08004cb8 <__sfp>:
__sfp():
 8004cb8:	b5f8      	push	{r3, r4, r5, r6, r7, lr}
 8004cba:	0007      	movs	r7, r0
 8004cbc:	f7ff ffa4 	bl	8004c08 <__sfp_lock_acquire>
 8004cc0:	4b1e      	ldr	r3, [pc, #120]	; (8004d3c <__sfp+0x84>)
 8004cc2:	681e      	ldr	r6, [r3, #0]
 8004cc4:	69b3      	ldr	r3, [r6, #24]
 8004cc6:	b913      	cbnz	r3, 8004cce <__sfp+0x16>
 8004cc8:	0030      	movs	r0, r6
 8004cca:	f7ff ffbd 	bl	8004c48 <__sinit>
 8004cce:	3648      	adds	r6, #72	; 0x48
 8004cd0:	68b4      	ldr	r4, [r6, #8]
 8004cd2:	6873      	ldr	r3, [r6, #4]
 8004cd4:	3b01      	subs	r3, #1
 8004cd6:	d503      	bpl.n	8004ce0 <__sfp+0x28>
 8004cd8:	6833      	ldr	r3, [r6, #0]
 8004cda:	b30b      	cbz	r3, 8004d20 <__sfp+0x68>
 8004cdc:	6836      	ldr	r6, [r6, #0]
 8004cde:	e7f7      	b.n	8004cd0 <__sfp+0x18>
 8004ce0:	220c      	movs	r2, #12
 8004ce2:	5ea5      	ldrsh	r5, [r4, r2]
 8004ce4:	b9d5      	cbnz	r5, 8004d1c <__sfp+0x64>
 8004ce6:	0020      	movs	r0, r4
 8004ce8:	4b15      	ldr	r3, [pc, #84]	; (8004d40 <__sfp+0x88>)
 8004cea:	3058      	adds	r0, #88	; 0x58
 8004cec:	60e3      	str	r3, [r4, #12]
 8004cee:	6665      	str	r5, [r4, #100]	; 0x64
 8004cf0:	f000 f848 	bl	8004d84 <__retarget_lock_init_recursive>
 8004cf4:	f7ff ff90 	bl	8004c18 <__sfp_lock_release>
 8004cf8:	0020      	movs	r0, r4
 8004cfa:	2208      	movs	r2, #8
 8004cfc:	0029      	movs	r1, r5
 8004cfe:	6025      	str	r5, [r4, #0]
 8004d00:	60a5      	str	r5, [r4, #8]
 8004d02:	6065      	str	r5, [r4, #4]
 8004d04:	6125      	str	r5, [r4, #16]
 8004d06:	6165      	str	r5, [r4, #20]
 8004d08:	61a5      	str	r5, [r4, #24]
 8004d0a:	305c      	adds	r0, #92	; 0x5c
 8004d0c:	f7fc f978 	bl	8001000 <memset>
 8004d10:	6365      	str	r5, [r4, #52]	; 0x34
 8004d12:	63a5      	str	r5, [r4, #56]	; 0x38
 8004d14:	64a5      	str	r5, [r4, #72]	; 0x48
 8004d16:	64e5      	str	r5, [r4, #76]	; 0x4c
 8004d18:	0020      	movs	r0, r4
 8004d1a:	bdf8      	pop	{r3, r4, r5, r6, r7, pc}
 8004d1c:	3468      	adds	r4, #104	; 0x68
 8004d1e:	e7d9      	b.n	8004cd4 <__sfp+0x1c>
 8004d20:	2104      	movs	r1, #4
 8004d22:	0038      	movs	r0, r7
 8004d24:	f7ff ff5a 	bl	8004bdc <__sfmoreglue>
 8004d28:	0004      	movs	r4, r0
 8004d2a:	6030      	str	r0, [r6, #0]
 8004d2c:	2800      	cmp	r0, #0
 8004d2e:	d1d5      	bne.n	8004cdc <__sfp+0x24>
 8004d30:	f7ff ff72 	bl	8004c18 <__sfp_lock_release>
 8004d34:	230c      	movs	r3, #12
 8004d36:	603b      	str	r3, [r7, #0]
 8004d38:	e7ee      	b.n	8004d18 <__sfp+0x60>
 8004d3a:	46c0      	nop			; (mov r8, r8)
 8004d3c:	08005ea4 	.word	0x08005ea4
 8004d40:	ffff0001 	.word	0xffff0001

08004d44 <_fwalk_reent>:
_fwalk_reent():
 8004d44:	b5f7      	push	{r0, r1, r2, r4, r5, r6, r7, lr}
 8004d46:	0004      	movs	r4, r0
 8004d48:	0006      	movs	r6, r0
 8004d4a:	2700      	movs	r7, #0
 8004d4c:	9101      	str	r1, [sp, #4]
 8004d4e:	3448      	adds	r4, #72	; 0x48
 8004d50:	6863      	ldr	r3, [r4, #4]
 8004d52:	68a5      	ldr	r5, [r4, #8]
 8004d54:	9300      	str	r3, [sp, #0]
 8004d56:	9b00      	ldr	r3, [sp, #0]
 8004d58:	3b01      	subs	r3, #1
 8004d5a:	9300      	str	r3, [sp, #0]
 8004d5c:	d504      	bpl.n	8004d68 <_fwalk_reent+0x24>
 8004d5e:	6824      	ldr	r4, [r4, #0]
 8004d60:	2c00      	cmp	r4, #0
 8004d62:	d1f5      	bne.n	8004d50 <_fwalk_reent+0xc>
 8004d64:	0038      	movs	r0, r7
 8004d66:	bdfe      	pop	{r1, r2, r3, r4, r5, r6, r7, pc}
 8004d68:	89ab      	ldrh	r3, [r5, #12]
 8004d6a:	2b01      	cmp	r3, #1
 8004d6c:	d908      	bls.n	8004d80 <_fwalk_reent+0x3c>
 8004d6e:	220e      	movs	r2, #14
 8004d70:	5eab      	ldrsh	r3, [r5, r2]
 8004d72:	3301      	adds	r3, #1
 8004d74:	d004      	beq.n	8004d80 <_fwalk_reent+0x3c>
 8004d76:	0029      	movs	r1, r5
 8004d78:	0030      	movs	r0, r6
 8004d7a:	9b01      	ldr	r3, [sp, #4]
 8004d7c:	4798      	blx	r3
 8004d7e:	4307      	orrs	r7, r0
 8004d80:	3568      	adds	r5, #104	; 0x68
 8004d82:	e7e8      	b.n	8004d56 <_fwalk_reent+0x12>

08004d84 <__retarget_lock_init_recursive>:
__retarget_lock_init_recursive():
 8004d84:	4770      	bx	lr

08004d86 <__retarget_lock_acquire_recursive>:
__retarget_lock_acquire_recursive():
 8004d86:	4770      	bx	lr

08004d88 <__retarget_lock_release_recursive>:
__retarget_lock_release_recursive():
 8004d88:	4770      	bx	lr
	...

08004d8c <__swhatbuf_r>:
__swhatbuf_r():
 8004d8c:	b570      	push	{r4, r5, r6, lr}
 8004d8e:	000e      	movs	r6, r1
 8004d90:	001d      	movs	r5, r3
 8004d92:	230e      	movs	r3, #14
 8004d94:	5ec9      	ldrsh	r1, [r1, r3]
 8004d96:	0014      	movs	r4, r2
 8004d98:	b096      	sub	sp, #88	; 0x58
 8004d9a:	2900      	cmp	r1, #0
 8004d9c:	da07      	bge.n	8004dae <__swhatbuf_r+0x22>
 8004d9e:	2300      	movs	r3, #0
 8004da0:	602b      	str	r3, [r5, #0]
 8004da2:	89b3      	ldrh	r3, [r6, #12]
 8004da4:	061b      	lsls	r3, r3, #24
 8004da6:	d411      	bmi.n	8004dcc <__swhatbuf_r+0x40>
 8004da8:	f240 4300 	movw	r3, #1024	; 0x400
 8004dac:	e00f      	b.n	8004dce <__swhatbuf_r+0x42>
 8004dae:	466a      	mov	r2, sp
 8004db0:	f000 fc94 	bl	80056dc <_fstat_r>
 8004db4:	2800      	cmp	r0, #0
 8004db6:	dbf2      	blt.n	8004d9e <__swhatbuf_r+0x12>
 8004db8:	f24f 0300 	movw	r3, #61440	; 0xf000
 8004dbc:	9901      	ldr	r1, [sp, #4]
 8004dbe:	4019      	ands	r1, r3
 8004dc0:	4b05      	ldr	r3, [pc, #20]	; (8004dd8 <__swhatbuf_r+0x4c>)
 8004dc2:	18c9      	adds	r1, r1, r3
 8004dc4:	424b      	negs	r3, r1
 8004dc6:	4159      	adcs	r1, r3
 8004dc8:	6029      	str	r1, [r5, #0]
 8004dca:	e7ed      	b.n	8004da8 <__swhatbuf_r+0x1c>
 8004dcc:	2340      	movs	r3, #64	; 0x40
 8004dce:	2000      	movs	r0, #0
 8004dd0:	6023      	str	r3, [r4, #0]
 8004dd2:	b016      	add	sp, #88	; 0x58
 8004dd4:	bd70      	pop	{r4, r5, r6, pc}
 8004dd6:	46c0      	nop			; (mov r8, r8)
 8004dd8:	ffffe000 	.word	0xffffe000

08004ddc <__smakebuf_r>:
__smakebuf_r():
 8004ddc:	b5f7      	push	{r0, r1, r2, r4, r5, r6, r7, lr}
 8004dde:	2602      	movs	r6, #2
 8004de0:	898b      	ldrh	r3, [r1, #12]
 8004de2:	0005      	movs	r5, r0
 8004de4:	000c      	movs	r4, r1
 8004de6:	4233      	tst	r3, r6
 8004de8:	d006      	beq.n	8004df8 <__smakebuf_r+0x1c>
 8004dea:	0023      	movs	r3, r4
 8004dec:	3347      	adds	r3, #71	; 0x47
 8004dee:	6023      	str	r3, [r4, #0]
 8004df0:	6123      	str	r3, [r4, #16]
 8004df2:	2301      	movs	r3, #1
 8004df4:	6163      	str	r3, [r4, #20]
 8004df6:	bdf7      	pop	{r0, r1, r2, r4, r5, r6, r7, pc}
 8004df8:	466a      	mov	r2, sp
 8004dfa:	ab01      	add	r3, sp, #4
 8004dfc:	f7ff ffc6 	bl	8004d8c <__swhatbuf_r>
 8004e00:	9900      	ldr	r1, [sp, #0]
 8004e02:	0007      	movs	r7, r0
 8004e04:	0028      	movs	r0, r5
 8004e06:	f000 f873 	bl	8004ef0 <_malloc_r>
 8004e0a:	b940      	cbnz	r0, 8004e1e <__smakebuf_r+0x42>
 8004e0c:	220c      	movs	r2, #12
 8004e0e:	5ea3      	ldrsh	r3, [r4, r2]
 8004e10:	059a      	lsls	r2, r3, #22
 8004e12:	d4f0      	bmi.n	8004df6 <__smakebuf_r+0x1a>
 8004e14:	2203      	movs	r2, #3
 8004e16:	4393      	bics	r3, r2
 8004e18:	431e      	orrs	r6, r3
 8004e1a:	81a6      	strh	r6, [r4, #12]
 8004e1c:	e7e5      	b.n	8004dea <__smakebuf_r+0xe>
 8004e1e:	4b0e      	ldr	r3, [pc, #56]	; (8004e58 <__smakebuf_r+0x7c>)
 8004e20:	62ab      	str	r3, [r5, #40]	; 0x28
 8004e22:	2380      	movs	r3, #128	; 0x80
 8004e24:	89a2      	ldrh	r2, [r4, #12]
 8004e26:	6020      	str	r0, [r4, #0]
 8004e28:	4313      	orrs	r3, r2
 8004e2a:	81a3      	strh	r3, [r4, #12]
 8004e2c:	9b00      	ldr	r3, [sp, #0]
 8004e2e:	6120      	str	r0, [r4, #16]
 8004e30:	6163      	str	r3, [r4, #20]
 8004e32:	9b01      	ldr	r3, [sp, #4]
 8004e34:	b163      	cbz	r3, 8004e50 <__smakebuf_r+0x74>
 8004e36:	0028      	movs	r0, r5
 8004e38:	230e      	movs	r3, #14
 8004e3a:	5ee1      	ldrsh	r1, [r4, r3]
 8004e3c:	f000 fc60 	bl	8005700 <_isatty_r>
 8004e40:	b130      	cbz	r0, 8004e50 <__smakebuf_r+0x74>
 8004e42:	2203      	movs	r2, #3
 8004e44:	89a3      	ldrh	r3, [r4, #12]
 8004e46:	4393      	bics	r3, r2
 8004e48:	001a      	movs	r2, r3
 8004e4a:	2301      	movs	r3, #1
 8004e4c:	4313      	orrs	r3, r2
 8004e4e:	81a3      	strh	r3, [r4, #12]
 8004e50:	89a0      	ldrh	r0, [r4, #12]
 8004e52:	4307      	orrs	r7, r0
 8004e54:	81a7      	strh	r7, [r4, #12]
 8004e56:	e7ce      	b.n	8004df6 <__smakebuf_r+0x1a>
 8004e58:	08004bcd 	.word	0x08004bcd

08004e5c <_free_r>:
_free_r():
 8004e5c:	b570      	push	{r4, r5, r6, lr}
 8004e5e:	0005      	movs	r5, r0
 8004e60:	b181      	cbz	r1, 8004e84 <_free_r+0x28>
 8004e62:	1f0c      	subs	r4, r1, #4
 8004e64:	6823      	ldr	r3, [r4, #0]
 8004e66:	2b00      	cmp	r3, #0
 8004e68:	da00      	bge.n	8004e6c <_free_r+0x10>
 8004e6a:	18e4      	adds	r4, r4, r3
 8004e6c:	0028      	movs	r0, r5
 8004e6e:	f000 fc75 	bl	800575c <__malloc_lock>
 8004e72:	4a1e      	ldr	r2, [pc, #120]	; (8004eec <_free_r+0x90>)
 8004e74:	6813      	ldr	r3, [r2, #0]
 8004e76:	0011      	movs	r1, r2
 8004e78:	b92b      	cbnz	r3, 8004e86 <_free_r+0x2a>
 8004e7a:	6063      	str	r3, [r4, #4]
 8004e7c:	6014      	str	r4, [r2, #0]
 8004e7e:	0028      	movs	r0, r5
 8004e80:	f000 fc74 	bl	800576c <__malloc_unlock>
 8004e84:	bd70      	pop	{r4, r5, r6, pc}
 8004e86:	42a3      	cmp	r3, r4
 8004e88:	d90a      	bls.n	8004ea0 <_free_r+0x44>
 8004e8a:	6822      	ldr	r2, [r4, #0]
 8004e8c:	18a0      	adds	r0, r4, r2
 8004e8e:	4283      	cmp	r3, r0
 8004e90:	d103      	bne.n	8004e9a <_free_r+0x3e>
 8004e92:	6818      	ldr	r0, [r3, #0]
 8004e94:	685b      	ldr	r3, [r3, #4]
 8004e96:	1882      	adds	r2, r0, r2
 8004e98:	6022      	str	r2, [r4, #0]
 8004e9a:	6063      	str	r3, [r4, #4]
 8004e9c:	600c      	str	r4, [r1, #0]
 8004e9e:	e7ee      	b.n	8004e7e <_free_r+0x22>
 8004ea0:	001a      	movs	r2, r3
 8004ea2:	685b      	ldr	r3, [r3, #4]
 8004ea4:	b10b      	cbz	r3, 8004eaa <_free_r+0x4e>
 8004ea6:	42a3      	cmp	r3, r4
 8004ea8:	d9fa      	bls.n	8004ea0 <_free_r+0x44>
 8004eaa:	6811      	ldr	r1, [r2, #0]
 8004eac:	1850      	adds	r0, r2, r1
 8004eae:	42a0      	cmp	r0, r4
 8004eb0:	d10b      	bne.n	8004eca <_free_r+0x6e>
 8004eb2:	6820      	ldr	r0, [r4, #0]
 8004eb4:	1809      	adds	r1, r1, r0
 8004eb6:	1850      	adds	r0, r2, r1
 8004eb8:	6011      	str	r1, [r2, #0]
 8004eba:	4283      	cmp	r3, r0
 8004ebc:	d1df      	bne.n	8004e7e <_free_r+0x22>
 8004ebe:	6818      	ldr	r0, [r3, #0]
 8004ec0:	685b      	ldr	r3, [r3, #4]
 8004ec2:	1841      	adds	r1, r0, r1
 8004ec4:	6011      	str	r1, [r2, #0]
 8004ec6:	6053      	str	r3, [r2, #4]
 8004ec8:	e7d9      	b.n	8004e7e <_free_r+0x22>
 8004eca:	42a0      	cmp	r0, r4
 8004ecc:	d902      	bls.n	8004ed4 <_free_r+0x78>
 8004ece:	230c      	movs	r3, #12
 8004ed0:	602b      	str	r3, [r5, #0]
 8004ed2:	e7d4      	b.n	8004e7e <_free_r+0x22>
 8004ed4:	6821      	ldr	r1, [r4, #0]
 8004ed6:	1860      	adds	r0, r4, r1
 8004ed8:	4283      	cmp	r3, r0
 8004eda:	d103      	bne.n	8004ee4 <_free_r+0x88>
 8004edc:	6818      	ldr	r0, [r3, #0]
 8004ede:	685b      	ldr	r3, [r3, #4]
 8004ee0:	1841      	adds	r1, r0, r1
 8004ee2:	6021      	str	r1, [r4, #0]
 8004ee4:	6063      	str	r3, [r4, #4]
 8004ee6:	6054      	str	r4, [r2, #4]
 8004ee8:	e7c9      	b.n	8004e7e <_free_r+0x22>
 8004eea:	46c0      	nop			; (mov r8, r8)
 8004eec:	20000284 	.word	0x20000284

08004ef0 <_malloc_r>:
_malloc_r():
 8004ef0:	b5f8      	push	{r3, r4, r5, r6, r7, lr}
 8004ef2:	2303      	movs	r3, #3
 8004ef4:	1ccd      	adds	r5, r1, #3
 8004ef6:	439d      	bics	r5, r3
 8004ef8:	3508      	adds	r5, #8
 8004efa:	0006      	movs	r6, r0
 8004efc:	2d0c      	cmp	r5, #12
 8004efe:	d21d      	bcs.n	8004f3c <_malloc_r+0x4c>
 8004f00:	250c      	movs	r5, #12
 8004f02:	42a9      	cmp	r1, r5
 8004f04:	d81c      	bhi.n	8004f40 <_malloc_r+0x50>
 8004f06:	0030      	movs	r0, r6
 8004f08:	f000 fc28 	bl	800575c <__malloc_lock>
 8004f0c:	4924      	ldr	r1, [pc, #144]	; (8004fa0 <_malloc_r+0xb0>)
 8004f0e:	680a      	ldr	r2, [r1, #0]
 8004f10:	0014      	movs	r4, r2
 8004f12:	b9cc      	cbnz	r4, 8004f48 <_malloc_r+0x58>
 8004f14:	4f23      	ldr	r7, [pc, #140]	; (8004fa4 <_malloc_r+0xb4>)
 8004f16:	683b      	ldr	r3, [r7, #0]
 8004f18:	b923      	cbnz	r3, 8004f24 <_malloc_r+0x34>
 8004f1a:	0021      	movs	r1, r4
 8004f1c:	0030      	movs	r0, r6
 8004f1e:	f000 fb5f 	bl	80055e0 <_sbrk_r>
 8004f22:	6038      	str	r0, [r7, #0]
 8004f24:	0029      	movs	r1, r5
 8004f26:	0030      	movs	r0, r6
 8004f28:	f000 fb5a 	bl	80055e0 <_sbrk_r>
 8004f2c:	1c43      	adds	r3, r0, #1
 8004f2e:	d12b      	bne.n	8004f88 <_malloc_r+0x98>
 8004f30:	230c      	movs	r3, #12
 8004f32:	0030      	movs	r0, r6
 8004f34:	6033      	str	r3, [r6, #0]
 8004f36:	f000 fc19 	bl	800576c <__malloc_unlock>
 8004f3a:	e003      	b.n	8004f44 <_malloc_r+0x54>
 8004f3c:	2d00      	cmp	r5, #0
 8004f3e:	dae0      	bge.n	8004f02 <_malloc_r+0x12>
 8004f40:	230c      	movs	r3, #12
 8004f42:	6033      	str	r3, [r6, #0]
 8004f44:	2000      	movs	r0, #0
 8004f46:	bdf8      	pop	{r3, r4, r5, r6, r7, pc}
 8004f48:	6823      	ldr	r3, [r4, #0]
 8004f4a:	1b5b      	subs	r3, r3, r5
 8004f4c:	d419      	bmi.n	8004f82 <_malloc_r+0x92>
 8004f4e:	2b0b      	cmp	r3, #11
 8004f50:	d903      	bls.n	8004f5a <_malloc_r+0x6a>
 8004f52:	6023      	str	r3, [r4, #0]
 8004f54:	18e4      	adds	r4, r4, r3
 8004f56:	6025      	str	r5, [r4, #0]
 8004f58:	e003      	b.n	8004f62 <_malloc_r+0x72>
 8004f5a:	6863      	ldr	r3, [r4, #4]
 8004f5c:	42a2      	cmp	r2, r4
 8004f5e:	d10e      	bne.n	8004f7e <_malloc_r+0x8e>
 8004f60:	600b      	str	r3, [r1, #0]
 8004f62:	0030      	movs	r0, r6
 8004f64:	f000 fc02 	bl	800576c <__malloc_unlock>
 8004f68:	0020      	movs	r0, r4
 8004f6a:	2207      	movs	r2, #7
 8004f6c:	300b      	adds	r0, #11
 8004f6e:	1d23      	adds	r3, r4, #4
 8004f70:	4390      	bics	r0, r2
 8004f72:	1ac2      	subs	r2, r0, r3
 8004f74:	4298      	cmp	r0, r3
 8004f76:	d0e6      	beq.n	8004f46 <_malloc_r+0x56>
 8004f78:	1a1b      	subs	r3, r3, r0
 8004f7a:	50a3      	str	r3, [r4, r2]
 8004f7c:	e7e3      	b.n	8004f46 <_malloc_r+0x56>
 8004f7e:	6053      	str	r3, [r2, #4]
 8004f80:	e7ef      	b.n	8004f62 <_malloc_r+0x72>
 8004f82:	0022      	movs	r2, r4
 8004f84:	6864      	ldr	r4, [r4, #4]
 8004f86:	e7c4      	b.n	8004f12 <_malloc_r+0x22>
 8004f88:	2303      	movs	r3, #3
 8004f8a:	1cc4      	adds	r4, r0, #3
 8004f8c:	439c      	bics	r4, r3
 8004f8e:	42a0      	cmp	r0, r4
 8004f90:	d0e1      	beq.n	8004f56 <_malloc_r+0x66>
 8004f92:	1a21      	subs	r1, r4, r0
 8004f94:	0030      	movs	r0, r6
 8004f96:	f000 fb23 	bl	80055e0 <_sbrk_r>
 8004f9a:	1c43      	adds	r3, r0, #1
 8004f9c:	d1db      	bne.n	8004f56 <_malloc_r+0x66>
 8004f9e:	e7c7      	b.n	8004f30 <_malloc_r+0x40>
 8004fa0:	20000284 	.word	0x20000284
 8004fa4:	20000288 	.word	0x20000288

08004fa8 <__sfputc_r>:
__sfputc_r():
 8004fa8:	6893      	ldr	r3, [r2, #8]
 8004faa:	b510      	push	{r4, lr}
 8004fac:	3b01      	subs	r3, #1
 8004fae:	6093      	str	r3, [r2, #8]
 8004fb0:	2b00      	cmp	r3, #0
 8004fb2:	da04      	bge.n	8004fbe <__sfputc_r+0x16>
 8004fb4:	6994      	ldr	r4, [r2, #24]
 8004fb6:	42a3      	cmp	r3, r4
 8004fb8:	db07      	blt.n	8004fca <__sfputc_r+0x22>
 8004fba:	290a      	cmp	r1, #10
 8004fbc:	d005      	beq.n	8004fca <__sfputc_r+0x22>
 8004fbe:	6813      	ldr	r3, [r2, #0]
 8004fc0:	1c58      	adds	r0, r3, #1
 8004fc2:	6010      	str	r0, [r2, #0]
 8004fc4:	7019      	strb	r1, [r3, #0]
 8004fc6:	0008      	movs	r0, r1
 8004fc8:	bd10      	pop	{r4, pc}
 8004fca:	f7ff fc4f 	bl	800486c <__swbuf_r>
 8004fce:	0001      	movs	r1, r0
 8004fd0:	e7f9      	b.n	8004fc6 <__sfputc_r+0x1e>

08004fd2 <__sfputs_r>:
__sfputs_r():
 8004fd2:	b5f8      	push	{r3, r4, r5, r6, r7, lr}
 8004fd4:	0006      	movs	r6, r0
 8004fd6:	000f      	movs	r7, r1
 8004fd8:	0014      	movs	r4, r2
 8004fda:	18d5      	adds	r5, r2, r3
 8004fdc:	42ac      	cmp	r4, r5
 8004fde:	d101      	bne.n	8004fe4 <__sfputs_r+0x12>
 8004fe0:	2000      	movs	r0, #0
 8004fe2:	e007      	b.n	8004ff4 <__sfputs_r+0x22>
 8004fe4:	7821      	ldrb	r1, [r4, #0]
 8004fe6:	003a      	movs	r2, r7
 8004fe8:	0030      	movs	r0, r6
 8004fea:	f7ff ffdd 	bl	8004fa8 <__sfputc_r>
 8004fee:	3401      	adds	r4, #1
 8004ff0:	1c43      	adds	r3, r0, #1
 8004ff2:	d1f3      	bne.n	8004fdc <__sfputs_r+0xa>
 8004ff4:	bdf8      	pop	{r3, r4, r5, r6, r7, pc}
	...

08004ff8 <_vfiprintf_r>:
_vfprintf_r():
 8004ff8:	b5f0      	push	{r4, r5, r6, r7, lr}
 8004ffa:	b0a1      	sub	sp, #132	; 0x84
 8004ffc:	0007      	movs	r7, r0
 8004ffe:	000c      	movs	r4, r1
 8005000:	001e      	movs	r6, r3
 8005002:	9203      	str	r2, [sp, #12]
 8005004:	b118      	cbz	r0, 800500e <_vfiprintf_r+0x16>
 8005006:	6983      	ldr	r3, [r0, #24]
 8005008:	b90b      	cbnz	r3, 800500e <_vfiprintf_r+0x16>
 800500a:	f7ff fe1d 	bl	8004c48 <__sinit>
 800500e:	4b8b      	ldr	r3, [pc, #556]	; (800523c <_vfiprintf_r+0x244>)
 8005010:	429c      	cmp	r4, r3
 8005012:	d11a      	bne.n	800504a <_vfiprintf_r+0x52>
 8005014:	687c      	ldr	r4, [r7, #4]
 8005016:	6e63      	ldr	r3, [r4, #100]	; 0x64
 8005018:	07db      	lsls	r3, r3, #31
 800501a:	d405      	bmi.n	8005028 <_vfiprintf_r+0x30>
 800501c:	89a3      	ldrh	r3, [r4, #12]
 800501e:	059b      	lsls	r3, r3, #22
 8005020:	d402      	bmi.n	8005028 <_vfiprintf_r+0x30>
 8005022:	6da0      	ldr	r0, [r4, #88]	; 0x58
 8005024:	f7ff feaf 	bl	8004d86 <__retarget_lock_acquire_recursive>
 8005028:	89a3      	ldrh	r3, [r4, #12]
 800502a:	071b      	lsls	r3, r3, #28
 800502c:	d501      	bpl.n	8005032 <_vfiprintf_r+0x3a>
 800502e:	6923      	ldr	r3, [r4, #16]
 8005030:	b9e3      	cbnz	r3, 800506c <_vfiprintf_r+0x74>
 8005032:	0021      	movs	r1, r4
 8005034:	0038      	movs	r0, r7
 8005036:	f7ff fc6b 	bl	8004910 <__swsetup_r>
 800503a:	b1b8      	cbz	r0, 800506c <_vfiprintf_r+0x74>
 800503c:	6e63      	ldr	r3, [r4, #100]	; 0x64
 800503e:	07db      	lsls	r3, r3, #31
 8005040:	d50d      	bpl.n	800505e <_vfiprintf_r+0x66>
 8005042:	2001      	movs	r0, #1
 8005044:	4240      	negs	r0, r0
 8005046:	b021      	add	sp, #132	; 0x84
 8005048:	bdf0      	pop	{r4, r5, r6, r7, pc}
 800504a:	4b7d      	ldr	r3, [pc, #500]	; (8005240 <_vfiprintf_r+0x248>)
 800504c:	429c      	cmp	r4, r3
 800504e:	d101      	bne.n	8005054 <_vfiprintf_r+0x5c>
 8005050:	68bc      	ldr	r4, [r7, #8]
 8005052:	e7e0      	b.n	8005016 <_vfiprintf_r+0x1e>
 8005054:	4b7b      	ldr	r3, [pc, #492]	; (8005244 <_vfiprintf_r+0x24c>)
 8005056:	429c      	cmp	r4, r3
 8005058:	d1dd      	bne.n	8005016 <_vfiprintf_r+0x1e>
 800505a:	68fc      	ldr	r4, [r7, #12]
 800505c:	e7db      	b.n	8005016 <_vfiprintf_r+0x1e>
 800505e:	89a3      	ldrh	r3, [r4, #12]
 8005060:	059b      	lsls	r3, r3, #22
 8005062:	d4ee      	bmi.n	8005042 <_vfiprintf_r+0x4a>
 8005064:	6da0      	ldr	r0, [r4, #88]	; 0x58
 8005066:	f7ff fe8f 	bl	8004d88 <__retarget_lock_release_recursive>
 800506a:	e7ea      	b.n	8005042 <_vfiprintf_r+0x4a>
 800506c:	2300      	movs	r3, #0
 800506e:	ad08      	add	r5, sp, #32
 8005070:	616b      	str	r3, [r5, #20]
 8005072:	3320      	adds	r3, #32
 8005074:	766b      	strb	r3, [r5, #25]
 8005076:	3310      	adds	r3, #16
 8005078:	76ab      	strb	r3, [r5, #26]
 800507a:	9607      	str	r6, [sp, #28]
 800507c:	9e03      	ldr	r6, [sp, #12]
 800507e:	7833      	ldrb	r3, [r6, #0]
 8005080:	b10b      	cbz	r3, 8005086 <_vfiprintf_r+0x8e>
 8005082:	2b25      	cmp	r3, #37	; 0x25
 8005084:	d14d      	bne.n	8005122 <_vfiprintf_r+0x12a>
 8005086:	9b03      	ldr	r3, [sp, #12]
 8005088:	1af3      	subs	r3, r6, r3
 800508a:	9305      	str	r3, [sp, #20]
 800508c:	9b03      	ldr	r3, [sp, #12]
 800508e:	429e      	cmp	r6, r3
 8005090:	d00d      	beq.n	80050ae <_vfiprintf_r+0xb6>
 8005092:	9b05      	ldr	r3, [sp, #20]
 8005094:	0021      	movs	r1, r4
 8005096:	0038      	movs	r0, r7
 8005098:	9a03      	ldr	r2, [sp, #12]
 800509a:	f7ff ff9a 	bl	8004fd2 <__sfputs_r>
 800509e:	1c43      	adds	r3, r0, #1
 80050a0:	d100      	bne.n	80050a4 <_vfiprintf_r+0xac>
 80050a2:	e0b3      	b.n	800520c <_vfiprintf_r+0x214>
 80050a4:	696a      	ldr	r2, [r5, #20]
 80050a6:	9b05      	ldr	r3, [sp, #20]
 80050a8:	4694      	mov	ip, r2
 80050aa:	4463      	add	r3, ip
 80050ac:	616b      	str	r3, [r5, #20]
 80050ae:	7833      	ldrb	r3, [r6, #0]
 80050b0:	2b00      	cmp	r3, #0
 80050b2:	d100      	bne.n	80050b6 <_vfiprintf_r+0xbe>
 80050b4:	e0aa      	b.n	800520c <_vfiprintf_r+0x214>
 80050b6:	2201      	movs	r2, #1
 80050b8:	1c73      	adds	r3, r6, #1
 80050ba:	9303      	str	r3, [sp, #12]
 80050bc:	2300      	movs	r3, #0
 80050be:	4252      	negs	r2, r2
 80050c0:	606a      	str	r2, [r5, #4]
 80050c2:	a904      	add	r1, sp, #16
 80050c4:	3254      	adds	r2, #84	; 0x54
 80050c6:	1852      	adds	r2, r2, r1
 80050c8:	602b      	str	r3, [r5, #0]
 80050ca:	60eb      	str	r3, [r5, #12]
 80050cc:	60ab      	str	r3, [r5, #8]
 80050ce:	7013      	strb	r3, [r2, #0]
 80050d0:	65ab      	str	r3, [r5, #88]	; 0x58
 80050d2:	9b03      	ldr	r3, [sp, #12]
 80050d4:	2205      	movs	r2, #5
 80050d6:	7819      	ldrb	r1, [r3, #0]
 80050d8:	485b      	ldr	r0, [pc, #364]	; (8005248 <_vfiprintf_r+0x250>)
 80050da:	f000 fb33 	bl	8005744 <memchr>
 80050de:	9b03      	ldr	r3, [sp, #12]
 80050e0:	1c5e      	adds	r6, r3, #1
 80050e2:	bb00      	cbnz	r0, 8005126 <_vfiprintf_r+0x12e>
 80050e4:	682a      	ldr	r2, [r5, #0]
 80050e6:	06d3      	lsls	r3, r2, #27
 80050e8:	d504      	bpl.n	80050f4 <_vfiprintf_r+0xfc>
 80050ea:	2353      	movs	r3, #83	; 0x53
 80050ec:	a904      	add	r1, sp, #16
 80050ee:	185b      	adds	r3, r3, r1
 80050f0:	2120      	movs	r1, #32
 80050f2:	7019      	strb	r1, [r3, #0]
 80050f4:	0713      	lsls	r3, r2, #28
 80050f6:	d504      	bpl.n	8005102 <_vfiprintf_r+0x10a>
 80050f8:	2353      	movs	r3, #83	; 0x53
 80050fa:	a904      	add	r1, sp, #16
 80050fc:	185b      	adds	r3, r3, r1
 80050fe:	212b      	movs	r1, #43	; 0x2b
 8005100:	7019      	strb	r1, [r3, #0]
 8005102:	9b03      	ldr	r3, [sp, #12]
 8005104:	781b      	ldrb	r3, [r3, #0]
 8005106:	2b2a      	cmp	r3, #42	; 0x2a
 8005108:	d016      	beq.n	8005138 <_vfiprintf_r+0x140>
 800510a:	2100      	movs	r1, #0
 800510c:	f240 0c0a 	movw	ip, #10
 8005110:	68eb      	ldr	r3, [r5, #12]
 8005112:	9e03      	ldr	r6, [sp, #12]
 8005114:	7832      	ldrb	r2, [r6, #0]
 8005116:	1c70      	adds	r0, r6, #1
 8005118:	3a30      	subs	r2, #48	; 0x30
 800511a:	2a09      	cmp	r2, #9
 800511c:	d94c      	bls.n	80051b8 <_vfiprintf_r+0x1c0>
 800511e:	b989      	cbnz	r1, 8005144 <_vfiprintf_r+0x14c>
 8005120:	e017      	b.n	8005152 <_vfiprintf_r+0x15a>
 8005122:	3601      	adds	r6, #1
 8005124:	e7ab      	b.n	800507e <_vfiprintf_r+0x86>
 8005126:	4b48      	ldr	r3, [pc, #288]	; (8005248 <_vfiprintf_r+0x250>)
 8005128:	682a      	ldr	r2, [r5, #0]
 800512a:	1ac0      	subs	r0, r0, r3
 800512c:	2301      	movs	r3, #1
 800512e:	4083      	lsls	r3, r0
 8005130:	4313      	orrs	r3, r2
 8005132:	602b      	str	r3, [r5, #0]
 8005134:	9603      	str	r6, [sp, #12]
 8005136:	e7cc      	b.n	80050d2 <_vfiprintf_r+0xda>
 8005138:	9b07      	ldr	r3, [sp, #28]
 800513a:	1d19      	adds	r1, r3, #4
 800513c:	681b      	ldr	r3, [r3, #0]
 800513e:	9107      	str	r1, [sp, #28]
 8005140:	2b00      	cmp	r3, #0
 8005142:	db01      	blt.n	8005148 <_vfiprintf_r+0x150>
 8005144:	930b      	str	r3, [sp, #44]	; 0x2c
 8005146:	e004      	b.n	8005152 <_vfiprintf_r+0x15a>
 8005148:	425b      	negs	r3, r3
 800514a:	60eb      	str	r3, [r5, #12]
 800514c:	2302      	movs	r3, #2
 800514e:	4313      	orrs	r3, r2
 8005150:	602b      	str	r3, [r5, #0]
 8005152:	7833      	ldrb	r3, [r6, #0]
 8005154:	2b2e      	cmp	r3, #46	; 0x2e
 8005156:	d10a      	bne.n	800516e <_vfiprintf_r+0x176>
 8005158:	7873      	ldrb	r3, [r6, #1]
 800515a:	2b2a      	cmp	r3, #42	; 0x2a
 800515c:	d135      	bne.n	80051ca <_vfiprintf_r+0x1d2>
 800515e:	9b07      	ldr	r3, [sp, #28]
 8005160:	3602      	adds	r6, #2
 8005162:	1d1a      	adds	r2, r3, #4
 8005164:	681b      	ldr	r3, [r3, #0]
 8005166:	9207      	str	r2, [sp, #28]
 8005168:	2b00      	cmp	r3, #0
 800516a:	db2b      	blt.n	80051c4 <_vfiprintf_r+0x1cc>
 800516c:	9309      	str	r3, [sp, #36]	; 0x24
 800516e:	2203      	movs	r2, #3
 8005170:	7831      	ldrb	r1, [r6, #0]
 8005172:	4836      	ldr	r0, [pc, #216]	; (800524c <_vfiprintf_r+0x254>)
 8005174:	f000 fae6 	bl	8005744 <memchr>
 8005178:	b138      	cbz	r0, 800518a <_vfiprintf_r+0x192>
 800517a:	4b34      	ldr	r3, [pc, #208]	; (800524c <_vfiprintf_r+0x254>)
 800517c:	682a      	ldr	r2, [r5, #0]
 800517e:	1ac0      	subs	r0, r0, r3
 8005180:	2340      	movs	r3, #64	; 0x40
 8005182:	4083      	lsls	r3, r0
 8005184:	4313      	orrs	r3, r2
 8005186:	3601      	adds	r6, #1
 8005188:	602b      	str	r3, [r5, #0]
 800518a:	7831      	ldrb	r1, [r6, #0]
 800518c:	1c73      	adds	r3, r6, #1
 800518e:	2206      	movs	r2, #6
 8005190:	482f      	ldr	r0, [pc, #188]	; (8005250 <_vfiprintf_r+0x258>)
 8005192:	9303      	str	r3, [sp, #12]
 8005194:	7629      	strb	r1, [r5, #24]
 8005196:	f000 fad5 	bl	8005744 <memchr>
 800519a:	2800      	cmp	r0, #0
 800519c:	d045      	beq.n	800522a <_vfiprintf_r+0x232>
 800519e:	4b2d      	ldr	r3, [pc, #180]	; (8005254 <_vfiprintf_r+0x25c>)
 80051a0:	bb43      	cbnz	r3, 80051f4 <_vfiprintf_r+0x1fc>
 80051a2:	2207      	movs	r2, #7
 80051a4:	9b07      	ldr	r3, [sp, #28]
 80051a6:	3307      	adds	r3, #7
 80051a8:	4393      	bics	r3, r2
 80051aa:	3308      	adds	r3, #8
 80051ac:	9307      	str	r3, [sp, #28]
 80051ae:	696b      	ldr	r3, [r5, #20]
 80051b0:	9a04      	ldr	r2, [sp, #16]
 80051b2:	189b      	adds	r3, r3, r2
 80051b4:	616b      	str	r3, [r5, #20]
 80051b6:	e761      	b.n	800507c <_vfiprintf_r+0x84>
 80051b8:	4661      	mov	r1, ip
 80051ba:	434b      	muls	r3, r1
 80051bc:	0006      	movs	r6, r0
 80051be:	2101      	movs	r1, #1
 80051c0:	189b      	adds	r3, r3, r2
 80051c2:	e7a7      	b.n	8005114 <_vfiprintf_r+0x11c>
 80051c4:	2301      	movs	r3, #1
 80051c6:	425b      	negs	r3, r3
 80051c8:	e7d0      	b.n	800516c <_vfiprintf_r+0x174>
 80051ca:	2300      	movs	r3, #0
 80051cc:	f240 0c0a 	movw	ip, #10
 80051d0:	001a      	movs	r2, r3
 80051d2:	3601      	adds	r6, #1
 80051d4:	606b      	str	r3, [r5, #4]
 80051d6:	7831      	ldrb	r1, [r6, #0]
 80051d8:	1c70      	adds	r0, r6, #1
 80051da:	3930      	subs	r1, #48	; 0x30
 80051dc:	2909      	cmp	r1, #9
 80051de:	d903      	bls.n	80051e8 <_vfiprintf_r+0x1f0>
 80051e0:	2b00      	cmp	r3, #0
 80051e2:	d0c4      	beq.n	800516e <_vfiprintf_r+0x176>
 80051e4:	9209      	str	r2, [sp, #36]	; 0x24
 80051e6:	e7c2      	b.n	800516e <_vfiprintf_r+0x176>
 80051e8:	4663      	mov	r3, ip
 80051ea:	435a      	muls	r2, r3
 80051ec:	0006      	movs	r6, r0
 80051ee:	2301      	movs	r3, #1
 80051f0:	1852      	adds	r2, r2, r1
 80051f2:	e7f0      	b.n	80051d6 <_vfiprintf_r+0x1de>
 80051f4:	ab07      	add	r3, sp, #28
 80051f6:	9300      	str	r3, [sp, #0]
 80051f8:	0022      	movs	r2, r4
 80051fa:	0029      	movs	r1, r5
 80051fc:	0038      	movs	r0, r7
 80051fe:	4b16      	ldr	r3, [pc, #88]	; (8005258 <_vfiprintf_r+0x260>)
 8005200:	e000      	b.n	8005204 <_vfiprintf_r+0x20c>
 8005202:	bf00      	nop
 8005204:	9004      	str	r0, [sp, #16]
 8005206:	9b04      	ldr	r3, [sp, #16]
 8005208:	3301      	adds	r3, #1
 800520a:	d1d0      	bne.n	80051ae <_vfiprintf_r+0x1b6>
 800520c:	6e63      	ldr	r3, [r4, #100]	; 0x64
 800520e:	07db      	lsls	r3, r3, #31
 8005210:	d405      	bmi.n	800521e <_vfiprintf_r+0x226>
 8005212:	89a3      	ldrh	r3, [r4, #12]
 8005214:	059b      	lsls	r3, r3, #22
 8005216:	d402      	bmi.n	800521e <_vfiprintf_r+0x226>
 8005218:	6da0      	ldr	r0, [r4, #88]	; 0x58
 800521a:	f7ff fdb5 	bl	8004d88 <__retarget_lock_release_recursive>
 800521e:	89a3      	ldrh	r3, [r4, #12]
 8005220:	065b      	lsls	r3, r3, #25
 8005222:	d500      	bpl.n	8005226 <_vfiprintf_r+0x22e>
 8005224:	e70d      	b.n	8005042 <_vfiprintf_r+0x4a>
 8005226:	980d      	ldr	r0, [sp, #52]	; 0x34
 8005228:	e70d      	b.n	8005046 <_vfiprintf_r+0x4e>
 800522a:	ab07      	add	r3, sp, #28
 800522c:	9300      	str	r3, [sp, #0]
 800522e:	0022      	movs	r2, r4
 8005230:	0029      	movs	r1, r5
 8005232:	0038      	movs	r0, r7
 8005234:	4b08      	ldr	r3, [pc, #32]	; (8005258 <_vfiprintf_r+0x260>)
 8005236:	f000 f87f 	bl	8005338 <_printf_i>
 800523a:	e7e3      	b.n	8005204 <_vfiprintf_r+0x20c>
 800523c:	08005ec8 	.word	0x08005ec8
 8005240:	08005ee8 	.word	0x08005ee8
 8005244:	08005ea8 	.word	0x08005ea8
 8005248:	08005f08 	.word	0x08005f08
 800524c:	08005f0e 	.word	0x08005f0e
 8005250:	08005f12 	.word	0x08005f12
 8005254:	00000000 	.word	0x00000000
 8005258:	08004fd3 	.word	0x08004fd3

0800525c <_printf_common>:
_printf_common():
 800525c:	b5f7      	push	{r0, r1, r2, r4, r5, r6, r7, lr}
 800525e:	0015      	movs	r5, r2
 8005260:	9301      	str	r3, [sp, #4]
 8005262:	688a      	ldr	r2, [r1, #8]
 8005264:	690b      	ldr	r3, [r1, #16]
 8005266:	000c      	movs	r4, r1
 8005268:	9000      	str	r0, [sp, #0]
 800526a:	4293      	cmp	r3, r2
 800526c:	da00      	bge.n	8005270 <_printf_common+0x14>
 800526e:	0013      	movs	r3, r2
 8005270:	0022      	movs	r2, r4
 8005272:	602b      	str	r3, [r5, #0]
 8005274:	3243      	adds	r2, #67	; 0x43
 8005276:	7812      	ldrb	r2, [r2, #0]
 8005278:	b10a      	cbz	r2, 800527e <_printf_common+0x22>
 800527a:	3301      	adds	r3, #1
 800527c:	602b      	str	r3, [r5, #0]
 800527e:	6823      	ldr	r3, [r4, #0]
 8005280:	069b      	lsls	r3, r3, #26
 8005282:	d502      	bpl.n	800528a <_printf_common+0x2e>
 8005284:	682b      	ldr	r3, [r5, #0]
 8005286:	3302      	adds	r3, #2
 8005288:	602b      	str	r3, [r5, #0]
 800528a:	6822      	ldr	r2, [r4, #0]
 800528c:	2306      	movs	r3, #6
 800528e:	0017      	movs	r7, r2
 8005290:	401f      	ands	r7, r3
 8005292:	421a      	tst	r2, r3
 8005294:	d027      	beq.n	80052e6 <_printf_common+0x8a>
 8005296:	0023      	movs	r3, r4
 8005298:	3343      	adds	r3, #67	; 0x43
 800529a:	781b      	ldrb	r3, [r3, #0]
 800529c:	1e5a      	subs	r2, r3, #1
 800529e:	4193      	sbcs	r3, r2
 80052a0:	6822      	ldr	r2, [r4, #0]
 80052a2:	0692      	lsls	r2, r2, #26
 80052a4:	d430      	bmi.n	8005308 <_printf_common+0xac>
 80052a6:	0022      	movs	r2, r4
 80052a8:	9901      	ldr	r1, [sp, #4]
 80052aa:	9800      	ldr	r0, [sp, #0]
 80052ac:	9e08      	ldr	r6, [sp, #32]
 80052ae:	3243      	adds	r2, #67	; 0x43
 80052b0:	47b0      	blx	r6
 80052b2:	1c43      	adds	r3, r0, #1
 80052b4:	d025      	beq.n	8005302 <_printf_common+0xa6>
 80052b6:	2306      	movs	r3, #6
 80052b8:	6820      	ldr	r0, [r4, #0]
 80052ba:	682a      	ldr	r2, [r5, #0]
 80052bc:	68e1      	ldr	r1, [r4, #12]
 80052be:	2500      	movs	r5, #0
 80052c0:	4003      	ands	r3, r0
 80052c2:	2b04      	cmp	r3, #4
 80052c4:	d103      	bne.n	80052ce <_printf_common+0x72>
 80052c6:	1a8d      	subs	r5, r1, r2
 80052c8:	43eb      	mvns	r3, r5
 80052ca:	17db      	asrs	r3, r3, #31
 80052cc:	401d      	ands	r5, r3
 80052ce:	68a3      	ldr	r3, [r4, #8]
 80052d0:	6922      	ldr	r2, [r4, #16]
 80052d2:	4293      	cmp	r3, r2
 80052d4:	dd01      	ble.n	80052da <_printf_common+0x7e>
 80052d6:	1a9b      	subs	r3, r3, r2
 80052d8:	18ed      	adds	r5, r5, r3
 80052da:	2700      	movs	r7, #0
 80052dc:	42bd      	cmp	r5, r7
 80052de:	d120      	bne.n	8005322 <_printf_common+0xc6>
 80052e0:	2000      	movs	r0, #0
 80052e2:	e010      	b.n	8005306 <_printf_common+0xaa>
 80052e4:	3701      	adds	r7, #1
 80052e6:	68e3      	ldr	r3, [r4, #12]
 80052e8:	682a      	ldr	r2, [r5, #0]
 80052ea:	1a9b      	subs	r3, r3, r2
 80052ec:	42bb      	cmp	r3, r7
 80052ee:	ddd2      	ble.n	8005296 <_printf_common+0x3a>
 80052f0:	0022      	movs	r2, r4
 80052f2:	2301      	movs	r3, #1
 80052f4:	9901      	ldr	r1, [sp, #4]
 80052f6:	9800      	ldr	r0, [sp, #0]
 80052f8:	9e08      	ldr	r6, [sp, #32]
 80052fa:	3219      	adds	r2, #25
 80052fc:	47b0      	blx	r6
 80052fe:	1c43      	adds	r3, r0, #1
 8005300:	d1f0      	bne.n	80052e4 <_printf_common+0x88>
 8005302:	2001      	movs	r0, #1
 8005304:	4240      	negs	r0, r0
 8005306:	bdfe      	pop	{r1, r2, r3, r4, r5, r6, r7, pc}
 8005308:	2030      	movs	r0, #48	; 0x30
 800530a:	18e1      	adds	r1, r4, r3
 800530c:	3143      	adds	r1, #67	; 0x43
 800530e:	7008      	strb	r0, [r1, #0]
 8005310:	0021      	movs	r1, r4
 8005312:	1c5a      	adds	r2, r3, #1
 8005314:	3145      	adds	r1, #69	; 0x45
 8005316:	7809      	ldrb	r1, [r1, #0]
 8005318:	18a2      	adds	r2, r4, r2
 800531a:	3243      	adds	r2, #67	; 0x43
 800531c:	3302      	adds	r3, #2
 800531e:	7011      	strb	r1, [r2, #0]
 8005320:	e7c1      	b.n	80052a6 <_printf_common+0x4a>
 8005322:	0022      	movs	r2, r4
 8005324:	2301      	movs	r3, #1
 8005326:	9901      	ldr	r1, [sp, #4]
 8005328:	9800      	ldr	r0, [sp, #0]
 800532a:	9e08      	ldr	r6, [sp, #32]
 800532c:	321a      	adds	r2, #26
 800532e:	47b0      	blx	r6
 8005330:	1c43      	adds	r3, r0, #1
 8005332:	d0e6      	beq.n	8005302 <_printf_common+0xa6>
 8005334:	3701      	adds	r7, #1
 8005336:	e7d1      	b.n	80052dc <_printf_common+0x80>

08005338 <_printf_i>:
_printf_i():
 8005338:	b5f0      	push	{r4, r5, r6, r7, lr}
 800533a:	000e      	movs	r6, r1
 800533c:	b089      	sub	sp, #36	; 0x24
 800533e:	9204      	str	r2, [sp, #16]
 8005340:	9003      	str	r0, [sp, #12]
 8005342:	9305      	str	r3, [sp, #20]
 8005344:	000c      	movs	r4, r1
 8005346:	7e09      	ldrb	r1, [r1, #24]
 8005348:	9a0e      	ldr	r2, [sp, #56]	; 0x38
 800534a:	3643      	adds	r6, #67	; 0x43
 800534c:	2978      	cmp	r1, #120	; 0x78
 800534e:	d807      	bhi.n	8005360 <_printf_i+0x28>
 8005350:	2962      	cmp	r1, #98	; 0x62
 8005352:	d809      	bhi.n	8005368 <_printf_i+0x30>
 8005354:	2900      	cmp	r1, #0
 8005356:	d100      	bne.n	800535a <_printf_i+0x22>
 8005358:	e0bc      	b.n	80054d4 <_printf_i+0x19c>
 800535a:	2958      	cmp	r1, #88	; 0x58
 800535c:	d100      	bne.n	8005360 <_printf_i+0x28>
 800535e:	e084      	b.n	800546a <_printf_i+0x132>
 8005360:	0025      	movs	r5, r4
 8005362:	3542      	adds	r5, #66	; 0x42
 8005364:	7029      	strb	r1, [r5, #0]
 8005366:	e022      	b.n	80053ae <_printf_i+0x76>
 8005368:	0008      	movs	r0, r1
 800536a:	3863      	subs	r0, #99	; 0x63
 800536c:	2815      	cmp	r0, #21
 800536e:	d8f7      	bhi.n	8005360 <_printf_i+0x28>
 8005370:	f7fa feac 	bl	80000cc <__gnu_thumb1_case_shi>
 8005374:	001f0016 	.word	0x001f0016
 8005378:	fff6fff6 	.word	0xfff6fff6
 800537c:	fff6fff6 	.word	0xfff6fff6
 8005380:	fff6001f 	.word	0xfff6001f
 8005384:	fff6fff6 	.word	0xfff6fff6
 8005388:	00a3fff6 	.word	0x00a3fff6
 800538c:	00920034 	.word	0x00920034
 8005390:	fff6fff6 	.word	0xfff6fff6
 8005394:	fff600b4 	.word	0xfff600b4
 8005398:	fff60034 	.word	0xfff60034
 800539c:	0096fff6 	.word	0x0096fff6
 80053a0:	0025      	movs	r5, r4
 80053a2:	6813      	ldr	r3, [r2, #0]
 80053a4:	3542      	adds	r5, #66	; 0x42
 80053a6:	1d19      	adds	r1, r3, #4
 80053a8:	681b      	ldr	r3, [r3, #0]
 80053aa:	6011      	str	r1, [r2, #0]
 80053ac:	702b      	strb	r3, [r5, #0]
 80053ae:	2301      	movs	r3, #1
 80053b0:	e0a1      	b.n	80054f6 <_printf_i+0x1be>
 80053b2:	6813      	ldr	r3, [r2, #0]
 80053b4:	6820      	ldr	r0, [r4, #0]
 80053b6:	1d19      	adds	r1, r3, #4
 80053b8:	0605      	lsls	r5, r0, #24
 80053ba:	d509      	bpl.n	80053d0 <_printf_i+0x98>
 80053bc:	681b      	ldr	r3, [r3, #0]
 80053be:	6011      	str	r1, [r2, #0]
 80053c0:	2b00      	cmp	r3, #0
 80053c2:	da02      	bge.n	80053ca <_printf_i+0x92>
 80053c4:	222d      	movs	r2, #45	; 0x2d
 80053c6:	425b      	negs	r3, r3
 80053c8:	7032      	strb	r2, [r6, #0]
 80053ca:	220a      	movs	r2, #10
 80053cc:	495e      	ldr	r1, [pc, #376]	; (8005548 <_printf_i+0x210>)
 80053ce:	e014      	b.n	80053fa <_printf_i+0xc2>
 80053d0:	681b      	ldr	r3, [r3, #0]
 80053d2:	6011      	str	r1, [r2, #0]
 80053d4:	0640      	lsls	r0, r0, #25
 80053d6:	d5f3      	bpl.n	80053c0 <_printf_i+0x88>
 80053d8:	b21b      	sxth	r3, r3
 80053da:	e7f1      	b.n	80053c0 <_printf_i+0x88>
 80053dc:	6813      	ldr	r3, [r2, #0]
 80053de:	6825      	ldr	r5, [r4, #0]
 80053e0:	1d18      	adds	r0, r3, #4
 80053e2:	6010      	str	r0, [r2, #0]
 80053e4:	681b      	ldr	r3, [r3, #0]
 80053e6:	062f      	lsls	r7, r5, #24
 80053e8:	d53b      	bpl.n	8005462 <_printf_i+0x12a>
 80053ea:	296f      	cmp	r1, #111	; 0x6f
 80053ec:	d062      	beq.n	80054b4 <_printf_i+0x17c>
 80053ee:	220a      	movs	r2, #10
 80053f0:	4955      	ldr	r1, [pc, #340]	; (8005548 <_printf_i+0x210>)
 80053f2:	0020      	movs	r0, r4
 80053f4:	2500      	movs	r5, #0
 80053f6:	3043      	adds	r0, #67	; 0x43
 80053f8:	7005      	strb	r5, [r0, #0]
 80053fa:	6860      	ldr	r0, [r4, #4]
 80053fc:	60a0      	str	r0, [r4, #8]
 80053fe:	2800      	cmp	r0, #0
 8005400:	db03      	blt.n	800540a <_printf_i+0xd2>
 8005402:	2504      	movs	r5, #4
 8005404:	6827      	ldr	r7, [r4, #0]
 8005406:	43af      	bics	r7, r5
 8005408:	6027      	str	r7, [r4, #0]
 800540a:	b90b      	cbnz	r3, 8005410 <_printf_i+0xd8>
 800540c:	0035      	movs	r5, r6
 800540e:	b160      	cbz	r0, 800542a <_printf_i+0xf2>
 8005410:	0035      	movs	r5, r6
 8005412:	fbb3 fcf2 	udiv	ip, r3, r2
 8005416:	4660      	mov	r0, ip
 8005418:	4350      	muls	r0, r2
 800541a:	1a18      	subs	r0, r3, r0
 800541c:	5c08      	ldrb	r0, [r1, r0]
 800541e:	3d01      	subs	r5, #1
 8005420:	7028      	strb	r0, [r5, #0]
 8005422:	0018      	movs	r0, r3
 8005424:	4663      	mov	r3, ip
 8005426:	4282      	cmp	r2, r0
 8005428:	d9f3      	bls.n	8005412 <_printf_i+0xda>
 800542a:	2a08      	cmp	r2, #8
 800542c:	d109      	bne.n	8005442 <_printf_i+0x10a>
 800542e:	6823      	ldr	r3, [r4, #0]
 8005430:	07db      	lsls	r3, r3, #31
 8005432:	d506      	bpl.n	8005442 <_printf_i+0x10a>
 8005434:	6863      	ldr	r3, [r4, #4]
 8005436:	6922      	ldr	r2, [r4, #16]
 8005438:	4293      	cmp	r3, r2
 800543a:	dc02      	bgt.n	8005442 <_printf_i+0x10a>
 800543c:	2330      	movs	r3, #48	; 0x30
 800543e:	3d01      	subs	r5, #1
 8005440:	702b      	strb	r3, [r5, #0]
 8005442:	1b76      	subs	r6, r6, r5
 8005444:	6126      	str	r6, [r4, #16]
 8005446:	9b05      	ldr	r3, [sp, #20]
 8005448:	0021      	movs	r1, r4
 800544a:	9300      	str	r3, [sp, #0]
 800544c:	9803      	ldr	r0, [sp, #12]
 800544e:	9b04      	ldr	r3, [sp, #16]
 8005450:	aa07      	add	r2, sp, #28
 8005452:	f7ff ff03 	bl	800525c <_printf_common>
 8005456:	1c43      	adds	r3, r0, #1
 8005458:	d151      	bne.n	80054fe <_printf_i+0x1c6>
 800545a:	2001      	movs	r0, #1
 800545c:	4240      	negs	r0, r0
 800545e:	b009      	add	sp, #36	; 0x24
 8005460:	bdf0      	pop	{r4, r5, r6, r7, pc}
 8005462:	066d      	lsls	r5, r5, #25
 8005464:	d5c1      	bpl.n	80053ea <_printf_i+0xb2>
 8005466:	b29b      	uxth	r3, r3
 8005468:	e7bf      	b.n	80053ea <_printf_i+0xb2>
 800546a:	0023      	movs	r3, r4
 800546c:	3345      	adds	r3, #69	; 0x45
 800546e:	7019      	strb	r1, [r3, #0]
 8005470:	4935      	ldr	r1, [pc, #212]	; (8005548 <_printf_i+0x210>)
 8005472:	6810      	ldr	r0, [r2, #0]
 8005474:	6825      	ldr	r5, [r4, #0]
 8005476:	c808      	ldmia	r0!, {r3}
 8005478:	6010      	str	r0, [r2, #0]
 800547a:	062f      	lsls	r7, r5, #24
 800547c:	d516      	bpl.n	80054ac <_printf_i+0x174>
 800547e:	07ea      	lsls	r2, r5, #31
 8005480:	d502      	bpl.n	8005488 <_printf_i+0x150>
 8005482:	2220      	movs	r2, #32
 8005484:	4315      	orrs	r5, r2
 8005486:	6025      	str	r5, [r4, #0]
 8005488:	2210      	movs	r2, #16
 800548a:	2b00      	cmp	r3, #0
 800548c:	d1b1      	bne.n	80053f2 <_printf_i+0xba>
 800548e:	2020      	movs	r0, #32
 8005490:	6825      	ldr	r5, [r4, #0]
 8005492:	4385      	bics	r5, r0
 8005494:	6025      	str	r5, [r4, #0]
 8005496:	e7ac      	b.n	80053f2 <_printf_i+0xba>
 8005498:	2320      	movs	r3, #32
 800549a:	6821      	ldr	r1, [r4, #0]
 800549c:	430b      	orrs	r3, r1
 800549e:	6023      	str	r3, [r4, #0]
 80054a0:	0023      	movs	r3, r4
 80054a2:	2178      	movs	r1, #120	; 0x78
 80054a4:	3345      	adds	r3, #69	; 0x45
 80054a6:	7019      	strb	r1, [r3, #0]
 80054a8:	4928      	ldr	r1, [pc, #160]	; (800554c <_printf_i+0x214>)
 80054aa:	e7e2      	b.n	8005472 <_printf_i+0x13a>
 80054ac:	066f      	lsls	r7, r5, #25
 80054ae:	d5e6      	bpl.n	800547e <_printf_i+0x146>
 80054b0:	b29b      	uxth	r3, r3
 80054b2:	e7e4      	b.n	800547e <_printf_i+0x146>
 80054b4:	2208      	movs	r2, #8
 80054b6:	4924      	ldr	r1, [pc, #144]	; (8005548 <_printf_i+0x210>)
 80054b8:	e79b      	b.n	80053f2 <_printf_i+0xba>
 80054ba:	6813      	ldr	r3, [r2, #0]
 80054bc:	6825      	ldr	r5, [r4, #0]
 80054be:	1d18      	adds	r0, r3, #4
 80054c0:	6961      	ldr	r1, [r4, #20]
 80054c2:	6010      	str	r0, [r2, #0]
 80054c4:	681b      	ldr	r3, [r3, #0]
 80054c6:	062f      	lsls	r7, r5, #24
 80054c8:	d501      	bpl.n	80054ce <_printf_i+0x196>
 80054ca:	6019      	str	r1, [r3, #0]
 80054cc:	e002      	b.n	80054d4 <_printf_i+0x19c>
 80054ce:	066d      	lsls	r5, r5, #25
 80054d0:	d5fb      	bpl.n	80054ca <_printf_i+0x192>
 80054d2:	8019      	strh	r1, [r3, #0]
 80054d4:	2300      	movs	r3, #0
 80054d6:	0035      	movs	r5, r6
 80054d8:	6123      	str	r3, [r4, #16]
 80054da:	e7b4      	b.n	8005446 <_printf_i+0x10e>
 80054dc:	6813      	ldr	r3, [r2, #0]
 80054de:	1d19      	adds	r1, r3, #4
 80054e0:	6011      	str	r1, [r2, #0]
 80054e2:	681d      	ldr	r5, [r3, #0]
 80054e4:	2100      	movs	r1, #0
 80054e6:	0028      	movs	r0, r5
 80054e8:	6862      	ldr	r2, [r4, #4]
 80054ea:	f000 f92b 	bl	8005744 <memchr>
 80054ee:	b108      	cbz	r0, 80054f4 <_printf_i+0x1bc>
 80054f0:	1b40      	subs	r0, r0, r5
 80054f2:	6060      	str	r0, [r4, #4]
 80054f4:	6863      	ldr	r3, [r4, #4]
 80054f6:	6123      	str	r3, [r4, #16]
 80054f8:	2300      	movs	r3, #0
 80054fa:	7033      	strb	r3, [r6, #0]
 80054fc:	e7a3      	b.n	8005446 <_printf_i+0x10e>
 80054fe:	002a      	movs	r2, r5
 8005500:	6923      	ldr	r3, [r4, #16]
 8005502:	9904      	ldr	r1, [sp, #16]
 8005504:	9803      	ldr	r0, [sp, #12]
 8005506:	9d05      	ldr	r5, [sp, #20]
 8005508:	47a8      	blx	r5
 800550a:	1c43      	adds	r3, r0, #1
 800550c:	d0a5      	beq.n	800545a <_printf_i+0x122>
 800550e:	6823      	ldr	r3, [r4, #0]
 8005510:	079b      	lsls	r3, r3, #30
 8005512:	d416      	bmi.n	8005542 <_printf_i+0x20a>
 8005514:	9b07      	ldr	r3, [sp, #28]
 8005516:	68e0      	ldr	r0, [r4, #12]
 8005518:	4298      	cmp	r0, r3
 800551a:	daa0      	bge.n	800545e <_printf_i+0x126>
 800551c:	0018      	movs	r0, r3
 800551e:	e79e      	b.n	800545e <_printf_i+0x126>
 8005520:	0022      	movs	r2, r4
 8005522:	2301      	movs	r3, #1
 8005524:	9904      	ldr	r1, [sp, #16]
 8005526:	9803      	ldr	r0, [sp, #12]
 8005528:	9e05      	ldr	r6, [sp, #20]
 800552a:	3219      	adds	r2, #25
 800552c:	47b0      	blx	r6
 800552e:	1c43      	adds	r3, r0, #1
 8005530:	d100      	bne.n	8005534 <_printf_i+0x1fc>
 8005532:	e792      	b.n	800545a <_printf_i+0x122>
 8005534:	3501      	adds	r5, #1
 8005536:	68e3      	ldr	r3, [r4, #12]
 8005538:	9a07      	ldr	r2, [sp, #28]
 800553a:	1a9b      	subs	r3, r3, r2
 800553c:	42ab      	cmp	r3, r5
 800553e:	dcef      	bgt.n	8005520 <_printf_i+0x1e8>
 8005540:	e7e8      	b.n	8005514 <_printf_i+0x1dc>
 8005542:	2500      	movs	r5, #0
 8005544:	e7f7      	b.n	8005536 <_printf_i+0x1fe>
 8005546:	46c0      	nop			; (mov r8, r8)
 8005548:	08005f19 	.word	0x08005f19
 800554c:	08005f2a 	.word	0x08005f2a

08005550 <_putc_r>:
_putc_r():
 8005550:	b570      	push	{r4, r5, r6, lr}
 8005552:	0006      	movs	r6, r0
 8005554:	000d      	movs	r5, r1
 8005556:	0014      	movs	r4, r2
 8005558:	b118      	cbz	r0, 8005562 <_putc_r+0x12>
 800555a:	6983      	ldr	r3, [r0, #24]
 800555c:	b90b      	cbnz	r3, 8005562 <_putc_r+0x12>
 800555e:	f7ff fb73 	bl	8004c48 <__sinit>
 8005562:	4b1c      	ldr	r3, [pc, #112]	; (80055d4 <_putc_r+0x84>)
 8005564:	429c      	cmp	r4, r3
 8005566:	d124      	bne.n	80055b2 <_putc_r+0x62>
 8005568:	6874      	ldr	r4, [r6, #4]
 800556a:	6e63      	ldr	r3, [r4, #100]	; 0x64
 800556c:	07db      	lsls	r3, r3, #31
 800556e:	d405      	bmi.n	800557c <_putc_r+0x2c>
 8005570:	89a3      	ldrh	r3, [r4, #12]
 8005572:	059b      	lsls	r3, r3, #22
 8005574:	d402      	bmi.n	800557c <_putc_r+0x2c>
 8005576:	6da0      	ldr	r0, [r4, #88]	; 0x58
 8005578:	f7ff fc05 	bl	8004d86 <__retarget_lock_acquire_recursive>
 800557c:	68a3      	ldr	r3, [r4, #8]
 800557e:	3b01      	subs	r3, #1
 8005580:	60a3      	str	r3, [r4, #8]
 8005582:	2b00      	cmp	r3, #0
 8005584:	da05      	bge.n	8005592 <_putc_r+0x42>
 8005586:	69a2      	ldr	r2, [r4, #24]
 8005588:	4293      	cmp	r3, r2
 800558a:	db1c      	blt.n	80055c6 <_putc_r+0x76>
 800558c:	b2eb      	uxtb	r3, r5
 800558e:	2b0a      	cmp	r3, #10
 8005590:	d019      	beq.n	80055c6 <_putc_r+0x76>
 8005592:	6823      	ldr	r3, [r4, #0]
 8005594:	1c5a      	adds	r2, r3, #1
 8005596:	6022      	str	r2, [r4, #0]
 8005598:	701d      	strb	r5, [r3, #0]
 800559a:	b2ed      	uxtb	r5, r5
 800559c:	6e63      	ldr	r3, [r4, #100]	; 0x64
 800559e:	07db      	lsls	r3, r3, #31
 80055a0:	d405      	bmi.n	80055ae <_putc_r+0x5e>
 80055a2:	89a3      	ldrh	r3, [r4, #12]
 80055a4:	059b      	lsls	r3, r3, #22
 80055a6:	d402      	bmi.n	80055ae <_putc_r+0x5e>
 80055a8:	6da0      	ldr	r0, [r4, #88]	; 0x58
 80055aa:	f7ff fbed 	bl	8004d88 <__retarget_lock_release_recursive>
 80055ae:	0028      	movs	r0, r5
 80055b0:	bd70      	pop	{r4, r5, r6, pc}
 80055b2:	4b09      	ldr	r3, [pc, #36]	; (80055d8 <_putc_r+0x88>)
 80055b4:	429c      	cmp	r4, r3
 80055b6:	d101      	bne.n	80055bc <_putc_r+0x6c>
 80055b8:	68b4      	ldr	r4, [r6, #8]
 80055ba:	e7d6      	b.n	800556a <_putc_r+0x1a>
 80055bc:	4b07      	ldr	r3, [pc, #28]	; (80055dc <_putc_r+0x8c>)
 80055be:	429c      	cmp	r4, r3
 80055c0:	d1d3      	bne.n	800556a <_putc_r+0x1a>
 80055c2:	68f4      	ldr	r4, [r6, #12]
 80055c4:	e7d1      	b.n	800556a <_putc_r+0x1a>
 80055c6:	0029      	movs	r1, r5
 80055c8:	0022      	movs	r2, r4
 80055ca:	0030      	movs	r0, r6
 80055cc:	f7ff f94e 	bl	800486c <__swbuf_r>
 80055d0:	0005      	movs	r5, r0
 80055d2:	e7e3      	b.n	800559c <_putc_r+0x4c>
 80055d4:	08005ec8 	.word	0x08005ec8
 80055d8:	08005ee8 	.word	0x08005ee8
 80055dc:	08005ea8 	.word	0x08005ea8

080055e0 <_sbrk_r>:
_sbrk_r():
 80055e0:	2300      	movs	r3, #0
 80055e2:	b570      	push	{r4, r5, r6, lr}
 80055e4:	4d05      	ldr	r5, [pc, #20]	; (80055fc <_sbrk_r+0x1c>)
 80055e6:	0004      	movs	r4, r0
 80055e8:	0008      	movs	r0, r1
 80055ea:	602b      	str	r3, [r5, #0]
 80055ec:	f7fe fb95 	bl	8003d1a <_sbrk>
 80055f0:	1c43      	adds	r3, r0, #1
 80055f2:	d102      	bne.n	80055fa <_sbrk_r+0x1a>
 80055f4:	682b      	ldr	r3, [r5, #0]
 80055f6:	b103      	cbz	r3, 80055fa <_sbrk_r+0x1a>
 80055f8:	6023      	str	r3, [r4, #0]
 80055fa:	bd70      	pop	{r4, r5, r6, pc}
 80055fc:	200010c8 	.word	0x200010c8

08005600 <__sread>:
__sread():
 8005600:	b570      	push	{r4, r5, r6, lr}
 8005602:	000c      	movs	r4, r1
 8005604:	250e      	movs	r5, #14
 8005606:	5f49      	ldrsh	r1, [r1, r5]
 8005608:	f000 f8b8 	bl	800577c <_read_r>
 800560c:	2800      	cmp	r0, #0
 800560e:	db03      	blt.n	8005618 <__sread+0x18>
 8005610:	6d63      	ldr	r3, [r4, #84]	; 0x54
 8005612:	181b      	adds	r3, r3, r0
 8005614:	6563      	str	r3, [r4, #84]	; 0x54
 8005616:	bd70      	pop	{r4, r5, r6, pc}
 8005618:	89a3      	ldrh	r3, [r4, #12]
 800561a:	4a02      	ldr	r2, [pc, #8]	; (8005624 <__sread+0x24>)
 800561c:	4013      	ands	r3, r2
 800561e:	81a3      	strh	r3, [r4, #12]
 8005620:	e7f9      	b.n	8005616 <__sread+0x16>
 8005622:	46c0      	nop			; (mov r8, r8)
 8005624:	ffffefff 	.word	0xffffefff

08005628 <__swrite>:
__swrite():
 8005628:	b5f8      	push	{r3, r4, r5, r6, r7, lr}
 800562a:	001f      	movs	r7, r3
 800562c:	898b      	ldrh	r3, [r1, #12]
 800562e:	0005      	movs	r5, r0
 8005630:	000c      	movs	r4, r1
 8005632:	0016      	movs	r6, r2
 8005634:	05db      	lsls	r3, r3, #23
 8005636:	d505      	bpl.n	8005644 <__swrite+0x1c>
 8005638:	230e      	movs	r3, #14
 800563a:	5ec9      	ldrsh	r1, [r1, r3]
 800563c:	2200      	movs	r2, #0
 800563e:	2302      	movs	r3, #2
 8005640:	f000 f86e 	bl	8005720 <_lseek_r>
 8005644:	89a3      	ldrh	r3, [r4, #12]
 8005646:	4a05      	ldr	r2, [pc, #20]	; (800565c <__swrite+0x34>)
 8005648:	0028      	movs	r0, r5
 800564a:	4013      	ands	r3, r2
 800564c:	81a3      	strh	r3, [r4, #12]
 800564e:	0032      	movs	r2, r6
 8005650:	230e      	movs	r3, #14
 8005652:	5ee1      	ldrsh	r1, [r4, r3]
 8005654:	003b      	movs	r3, r7
 8005656:	f000 f81f 	bl	8005698 <_write_r>
 800565a:	bdf8      	pop	{r3, r4, r5, r6, r7, pc}
 800565c:	ffffefff 	.word	0xffffefff

08005660 <__sseek>:
__sseek():
 8005660:	b570      	push	{r4, r5, r6, lr}
 8005662:	000c      	movs	r4, r1
 8005664:	250e      	movs	r5, #14
 8005666:	5f49      	ldrsh	r1, [r1, r5]
 8005668:	f000 f85a 	bl	8005720 <_lseek_r>
 800566c:	89a3      	ldrh	r3, [r4, #12]
 800566e:	1c42      	adds	r2, r0, #1
 8005670:	d103      	bne.n	800567a <__sseek+0x1a>
 8005672:	4a05      	ldr	r2, [pc, #20]	; (8005688 <__sseek+0x28>)
 8005674:	4013      	ands	r3, r2
 8005676:	81a3      	strh	r3, [r4, #12]
 8005678:	bd70      	pop	{r4, r5, r6, pc}
 800567a:	f241 0200 	movw	r2, #4096	; 0x1000
 800567e:	4313      	orrs	r3, r2
 8005680:	81a3      	strh	r3, [r4, #12]
 8005682:	6560      	str	r0, [r4, #84]	; 0x54
 8005684:	e7f8      	b.n	8005678 <__sseek+0x18>
 8005686:	46c0      	nop			; (mov r8, r8)
 8005688:	ffffefff 	.word	0xffffefff

0800568c <__sclose>:
__sclose():
 800568c:	b510      	push	{r4, lr}
 800568e:	230e      	movs	r3, #14
 8005690:	5ec9      	ldrsh	r1, [r1, r3]
 8005692:	f000 f813 	bl	80056bc <_close_r>
 8005696:	bd10      	pop	{r4, pc}

08005698 <_write_r>:
_write_r():
 8005698:	b570      	push	{r4, r5, r6, lr}
 800569a:	0004      	movs	r4, r0
 800569c:	0008      	movs	r0, r1
 800569e:	0011      	movs	r1, r2
 80056a0:	001a      	movs	r2, r3
 80056a2:	2300      	movs	r3, #0
 80056a4:	4d04      	ldr	r5, [pc, #16]	; (80056b8 <_write_r+0x20>)
 80056a6:	602b      	str	r3, [r5, #0]
 80056a8:	f7fe fb70 	bl	8003d8c <_write>
 80056ac:	1c43      	adds	r3, r0, #1
 80056ae:	d102      	bne.n	80056b6 <_write_r+0x1e>
 80056b0:	682b      	ldr	r3, [r5, #0]
 80056b2:	b103      	cbz	r3, 80056b6 <_write_r+0x1e>
 80056b4:	6023      	str	r3, [r4, #0]
 80056b6:	bd70      	pop	{r4, r5, r6, pc}
 80056b8:	200010c8 	.word	0x200010c8

080056bc <_close_r>:
_close_r():
 80056bc:	2300      	movs	r3, #0
 80056be:	b570      	push	{r4, r5, r6, lr}
 80056c0:	4d05      	ldr	r5, [pc, #20]	; (80056d8 <_close_r+0x1c>)
 80056c2:	0004      	movs	r4, r0
 80056c4:	0008      	movs	r0, r1
 80056c6:	602b      	str	r3, [r5, #0]
 80056c8:	f7fe fb7d 	bl	8003dc6 <_close>
 80056cc:	1c43      	adds	r3, r0, #1
 80056ce:	d102      	bne.n	80056d6 <_close_r+0x1a>
 80056d0:	682b      	ldr	r3, [r5, #0]
 80056d2:	b103      	cbz	r3, 80056d6 <_close_r+0x1a>
 80056d4:	6023      	str	r3, [r4, #0]
 80056d6:	bd70      	pop	{r4, r5, r6, pc}
 80056d8:	200010c8 	.word	0x200010c8

080056dc <_fstat_r>:
_fstat_r():
 80056dc:	2300      	movs	r3, #0
 80056de:	b570      	push	{r4, r5, r6, lr}
 80056e0:	4d06      	ldr	r5, [pc, #24]	; (80056fc <_fstat_r+0x20>)
 80056e2:	0004      	movs	r4, r0
 80056e4:	0008      	movs	r0, r1
 80056e6:	0011      	movs	r1, r2
 80056e8:	602b      	str	r3, [r5, #0]
 80056ea:	f7fe fb76 	bl	8003dda <_fstat>
 80056ee:	1c43      	adds	r3, r0, #1
 80056f0:	d102      	bne.n	80056f8 <_fstat_r+0x1c>
 80056f2:	682b      	ldr	r3, [r5, #0]
 80056f4:	b103      	cbz	r3, 80056f8 <_fstat_r+0x1c>
 80056f6:	6023      	str	r3, [r4, #0]
 80056f8:	bd70      	pop	{r4, r5, r6, pc}
 80056fa:	46c0      	nop			; (mov r8, r8)
 80056fc:	200010c8 	.word	0x200010c8

08005700 <_isatty_r>:
_isatty_r():
 8005700:	2300      	movs	r3, #0
 8005702:	b570      	push	{r4, r5, r6, lr}
 8005704:	4d05      	ldr	r5, [pc, #20]	; (800571c <_isatty_r+0x1c>)
 8005706:	0004      	movs	r4, r0
 8005708:	0008      	movs	r0, r1
 800570a:	602b      	str	r3, [r5, #0]
 800570c:	f7fe fb73 	bl	8003df6 <_isatty>
 8005710:	1c43      	adds	r3, r0, #1
 8005712:	d102      	bne.n	800571a <_isatty_r+0x1a>
 8005714:	682b      	ldr	r3, [r5, #0]
 8005716:	b103      	cbz	r3, 800571a <_isatty_r+0x1a>
 8005718:	6023      	str	r3, [r4, #0]
 800571a:	bd70      	pop	{r4, r5, r6, pc}
 800571c:	200010c8 	.word	0x200010c8

08005720 <_lseek_r>:
_lseek_r():
 8005720:	b570      	push	{r4, r5, r6, lr}
 8005722:	0004      	movs	r4, r0
 8005724:	0008      	movs	r0, r1
 8005726:	0011      	movs	r1, r2
 8005728:	001a      	movs	r2, r3
 800572a:	2300      	movs	r3, #0
 800572c:	4d04      	ldr	r5, [pc, #16]	; (8005740 <_lseek_r+0x20>)
 800572e:	602b      	str	r3, [r5, #0]
 8005730:	f7fe fb6a 	bl	8003e08 <_lseek>
 8005734:	1c43      	adds	r3, r0, #1
 8005736:	d102      	bne.n	800573e <_lseek_r+0x1e>
 8005738:	682b      	ldr	r3, [r5, #0]
 800573a:	b103      	cbz	r3, 800573e <_lseek_r+0x1e>
 800573c:	6023      	str	r3, [r4, #0]
 800573e:	bd70      	pop	{r4, r5, r6, pc}
 8005740:	200010c8 	.word	0x200010c8

08005744 <memchr>:
memchr():
 8005744:	b2c9      	uxtb	r1, r1
 8005746:	1882      	adds	r2, r0, r2
 8005748:	4290      	cmp	r0, r2
 800574a:	d101      	bne.n	8005750 <memchr+0xc>
 800574c:	2000      	movs	r0, #0
 800574e:	4770      	bx	lr
 8005750:	7803      	ldrb	r3, [r0, #0]
 8005752:	428b      	cmp	r3, r1
 8005754:	d0fb      	beq.n	800574e <memchr+0xa>
 8005756:	3001      	adds	r0, #1
 8005758:	e7f6      	b.n	8005748 <memchr+0x4>
	...

0800575c <__malloc_lock>:
__malloc_lock():
 800575c:	b510      	push	{r4, lr}
 800575e:	4802      	ldr	r0, [pc, #8]	; (8005768 <__malloc_lock+0xc>)
 8005760:	f7ff fb11 	bl	8004d86 <__retarget_lock_acquire_recursive>
 8005764:	bd10      	pop	{r4, pc}
 8005766:	46c0      	nop			; (mov r8, r8)
 8005768:	200010d0 	.word	0x200010d0

0800576c <__malloc_unlock>:
__malloc_unlock():
 800576c:	b510      	push	{r4, lr}
 800576e:	4802      	ldr	r0, [pc, #8]	; (8005778 <__malloc_unlock+0xc>)
 8005770:	f7ff fb0a 	bl	8004d88 <__retarget_lock_release_recursive>
 8005774:	bd10      	pop	{r4, pc}
 8005776:	46c0      	nop			; (mov r8, r8)
 8005778:	200010d0 	.word	0x200010d0

0800577c <_read_r>:
_read_r():
 800577c:	b570      	push	{r4, r5, r6, lr}
 800577e:	0004      	movs	r4, r0
 8005780:	0008      	movs	r0, r1
 8005782:	0011      	movs	r1, r2
 8005784:	001a      	movs	r2, r3
 8005786:	2300      	movs	r3, #0
 8005788:	4d04      	ldr	r5, [pc, #16]	; (800579c <_read_r+0x20>)
 800578a:	602b      	str	r3, [r5, #0]
 800578c:	f7fe fb47 	bl	8003e1e <_read>
 8005790:	1c43      	adds	r3, r0, #1
 8005792:	d102      	bne.n	800579a <_read_r+0x1e>
 8005794:	682b      	ldr	r3, [r5, #0]
 8005796:	b103      	cbz	r3, 800579a <_read_r+0x1e>
 8005798:	6023      	str	r3, [r4, #0]
 800579a:	bd70      	pop	{r4, r5, r6, pc}
 800579c:	200010c8 	.word	0x200010c8

080057a0 <_init>:
_init():
 80057a0:	b5f8      	push	{r3, r4, r5, r6, r7, lr}
 80057a2:	46c0      	nop			; (mov r8, r8)
 80057a4:	bcf8      	pop	{r3, r4, r5, r6, r7}
 80057a6:	bc08      	pop	{r3}
 80057a8:	469e      	mov	lr, r3
 80057aa:	4770      	bx	lr

080057ac <_fini>:
_fini():
 80057ac:	b5f8      	push	{r3, r4, r5, r6, r7, lr}
 80057ae:	46c0      	nop			; (mov r8, r8)
 80057b0:	bcf8      	pop	{r3, r4, r5, r6, r7}
 80057b2:	bc08      	pop	{r3}
 80057b4:	469e      	mov	lr, r3
 80057b6:	4770      	bx	lr
