   1              		.cpu cortex-m23
   2              		.eabi_attribute 20, 1
   3              		.eabi_attribute 21, 1
   4              		.eabi_attribute 23, 3
   5              		.eabi_attribute 24, 1
   6              		.eabi_attribute 25, 1
   7              		.eabi_attribute 26, 1
   8              		.eabi_attribute 30, 6
   9              		.eabi_attribute 34, 0
  10              		.eabi_attribute 18, 4
  11              		.file	"gd32e23x_usart.c"
  12              		.text
  13              	.Ltext0:
  14              		.cfi_sections	.debug_frame
  15              		.section	.text.usart_deinit,"ax",%progbits
  16              		.align	1
  17              		.global	usart_deinit
  18              		.arch armv8-m.base
  19              		.syntax unified
  20              		.code	16
  21              		.thumb_func
  22              		.fpu softvfp
  24              	usart_deinit:
  25              	.LFB58:
  26              		.file 1 "../Firmware/GD32E23x_standard_peripheral/Source/gd32e23x_usart.c"
   1:../Firmware/GD32E23x_standard_peripheral/Source/gd32e23x_usart.c **** /*!
   2:../Firmware/GD32E23x_standard_peripheral/Source/gd32e23x_usart.c ****     \file    gd32e23x_usart.c
   3:../Firmware/GD32E23x_standard_peripheral/Source/gd32e23x_usart.c ****     \brief   USART driver
   4:../Firmware/GD32E23x_standard_peripheral/Source/gd32e23x_usart.c **** 
   5:../Firmware/GD32E23x_standard_peripheral/Source/gd32e23x_usart.c ****     \version 2025-08-08, V2.4.0, firmware for GD32E23x
   6:../Firmware/GD32E23x_standard_peripheral/Source/gd32e23x_usart.c **** */
   7:../Firmware/GD32E23x_standard_peripheral/Source/gd32e23x_usart.c **** 
   8:../Firmware/GD32E23x_standard_peripheral/Source/gd32e23x_usart.c **** /*
   9:../Firmware/GD32E23x_standard_peripheral/Source/gd32e23x_usart.c ****     Copyright (c) 2025, GigaDevice Semiconductor Inc.
  10:../Firmware/GD32E23x_standard_peripheral/Source/gd32e23x_usart.c **** 
  11:../Firmware/GD32E23x_standard_peripheral/Source/gd32e23x_usart.c ****     Redistribution and use in source and binary forms, with or without modification,
  12:../Firmware/GD32E23x_standard_peripheral/Source/gd32e23x_usart.c **** are permitted provided that the following conditions are met:
  13:../Firmware/GD32E23x_standard_peripheral/Source/gd32e23x_usart.c **** 
  14:../Firmware/GD32E23x_standard_peripheral/Source/gd32e23x_usart.c ****     1. Redistributions of source code must retain the above copyright notice, this
  15:../Firmware/GD32E23x_standard_peripheral/Source/gd32e23x_usart.c ****        list of conditions and the following disclaimer.
  16:../Firmware/GD32E23x_standard_peripheral/Source/gd32e23x_usart.c ****     2. Redistributions in binary form must reproduce the above copyright notice,
  17:../Firmware/GD32E23x_standard_peripheral/Source/gd32e23x_usart.c ****        this list of conditions and the following disclaimer in the documentation
  18:../Firmware/GD32E23x_standard_peripheral/Source/gd32e23x_usart.c ****        and/or other materials provided with the distribution.
  19:../Firmware/GD32E23x_standard_peripheral/Source/gd32e23x_usart.c ****     3. Neither the name of the copyright holder nor the names of its contributors
  20:../Firmware/GD32E23x_standard_peripheral/Source/gd32e23x_usart.c ****        may be used to endorse or promote products derived from this software without
  21:../Firmware/GD32E23x_standard_peripheral/Source/gd32e23x_usart.c ****        specific prior written permission.
  22:../Firmware/GD32E23x_standard_peripheral/Source/gd32e23x_usart.c **** 
  23:../Firmware/GD32E23x_standard_peripheral/Source/gd32e23x_usart.c ****     THIS SOFTWARE IS PROVIDED BY THE COPYRIGHT HOLDERS AND CONTRIBUTORS "AS IS"
  24:../Firmware/GD32E23x_standard_peripheral/Source/gd32e23x_usart.c **** AND ANY EXPRESS OR IMPLIED WARRANTIES, INCLUDING, BUT NOT LIMITED TO, THE IMPLIED
  25:../Firmware/GD32E23x_standard_peripheral/Source/gd32e23x_usart.c **** WARRANTIES OF MERCHANTABILITY AND FITNESS FOR A PARTICULAR PURPOSE ARE DISCLAIMED.
  26:../Firmware/GD32E23x_standard_peripheral/Source/gd32e23x_usart.c **** IN NO EVENT SHALL THE COPYRIGHT HOLDER OR CONTRIBUTORS BE LIABLE FOR ANY DIRECT,
  27:../Firmware/GD32E23x_standard_peripheral/Source/gd32e23x_usart.c **** INDIRECT, INCIDENTAL, SPECIAL, EXEMPLARY, OR CONSEQUENTIAL DAMAGES (INCLUDING, BUT
  28:../Firmware/GD32E23x_standard_peripheral/Source/gd32e23x_usart.c **** NOT LIMITED TO, PROCUREMENT OF SUBSTITUTE GOODS OR SERVICES; LOSS OF USE, DATA, OR
  29:../Firmware/GD32E23x_standard_peripheral/Source/gd32e23x_usart.c **** PROFITS; OR BUSINESS INTERRUPTION) HOWEVER CAUSED AND ON ANY THEORY OF LIABILITY,
  30:../Firmware/GD32E23x_standard_peripheral/Source/gd32e23x_usart.c **** WHETHER IN CONTRACT, STRICT LIABILITY, OR TORT (INCLUDING NEGLIGENCE OR OTHERWISE)
  31:../Firmware/GD32E23x_standard_peripheral/Source/gd32e23x_usart.c **** ARISING IN ANY WAY OUT OF THE USE OF THIS SOFTWARE, EVEN IF ADVISED OF THE POSSIBILITY
  32:../Firmware/GD32E23x_standard_peripheral/Source/gd32e23x_usart.c **** OF SUCH DAMAGE.
  33:../Firmware/GD32E23x_standard_peripheral/Source/gd32e23x_usart.c **** */
  34:../Firmware/GD32E23x_standard_peripheral/Source/gd32e23x_usart.c **** 
  35:../Firmware/GD32E23x_standard_peripheral/Source/gd32e23x_usart.c **** #include "gd32e23x_usart.h"
  36:../Firmware/GD32E23x_standard_peripheral/Source/gd32e23x_usart.c **** 
  37:../Firmware/GD32E23x_standard_peripheral/Source/gd32e23x_usart.c **** /*!
  38:../Firmware/GD32E23x_standard_peripheral/Source/gd32e23x_usart.c ****     \brief      reset USART
  39:../Firmware/GD32E23x_standard_peripheral/Source/gd32e23x_usart.c ****     \param[in]  usart_periph: USARTx(x=0,1)
  40:../Firmware/GD32E23x_standard_peripheral/Source/gd32e23x_usart.c ****     \param[out] none
  41:../Firmware/GD32E23x_standard_peripheral/Source/gd32e23x_usart.c ****     \retval     none
  42:../Firmware/GD32E23x_standard_peripheral/Source/gd32e23x_usart.c **** */
  43:../Firmware/GD32E23x_standard_peripheral/Source/gd32e23x_usart.c **** void usart_deinit(uint32_t usart_periph)
  44:../Firmware/GD32E23x_standard_peripheral/Source/gd32e23x_usart.c **** {
  27              		.loc 1 44 1
  28              		.cfi_startproc
  29              		@ args = 0, pretend = 0, frame = 8
  30              		@ frame_needed = 1, uses_anonymous_args = 0
  31 0000 80B5     		push	{r7, lr}
  32              		.cfi_def_cfa_offset 8
  33              		.cfi_offset 7, -8
  34              		.cfi_offset 14, -4
  35 0002 82B0     		sub	sp, sp, #8
  36              		.cfi_def_cfa_offset 16
  37 0004 00AF     		add	r7, sp, #0
  38              		.cfi_def_cfa_register 7
  39 0006 7860     		str	r0, [r7, #4]
  45:../Firmware/GD32E23x_standard_peripheral/Source/gd32e23x_usart.c ****     switch(usart_periph) {
  40              		.loc 1 45 5
  41 0008 7A68     		ldr	r2, [r7, #4]
  42 000a 44F20043 		movw	r3, #17408
  43 000e C4F20003 		movt	r3, 16384
  44 0012 9A42     		cmp	r2, r3
  45 0014 0FD0     		beq	.L2
  46 0016 7A68     		ldr	r2, [r7, #4]
  47 0018 43F60003 		movw	r3, #14336
  48 001c C4F20103 		movt	r3, 16385
  49 0020 9A42     		cmp	r2, r3
  50 0022 11D1     		bne	.L5
  46:../Firmware/GD32E23x_standard_peripheral/Source/gd32e23x_usart.c ****     case USART0:
  47:../Firmware/GD32E23x_standard_peripheral/Source/gd32e23x_usart.c ****         /* reset USART0 */
  48:../Firmware/GD32E23x_standard_peripheral/Source/gd32e23x_usart.c ****         rcu_periph_reset_enable(RCU_USART0RST);
  51              		.loc 1 48 9
  52 0024 40F20E30 		movw	r0, #782
  53 0028 FFF7FEFF 		bl	rcu_periph_reset_enable
  49:../Firmware/GD32E23x_standard_peripheral/Source/gd32e23x_usart.c ****         rcu_periph_reset_disable(RCU_USART0RST);
  54              		.loc 1 49 9
  55 002c 40F20E30 		movw	r0, #782
  56 0030 FFF7FEFF 		bl	rcu_periph_reset_disable
  50:../Firmware/GD32E23x_standard_peripheral/Source/gd32e23x_usart.c ****         break;
  57              		.loc 1 50 9
  58 0034 09E0     		b	.L4
  59              	.L2:
  51:../Firmware/GD32E23x_standard_peripheral/Source/gd32e23x_usart.c ****     case USART1:
  52:../Firmware/GD32E23x_standard_peripheral/Source/gd32e23x_usart.c ****         /* reset USART1 */
  53:../Firmware/GD32E23x_standard_peripheral/Source/gd32e23x_usart.c ****         rcu_periph_reset_enable(RCU_USART1RST);
  60              		.loc 1 53 9
  61 0036 40F21140 		movw	r0, #1041
  62 003a FFF7FEFF 		bl	rcu_periph_reset_enable
  54:../Firmware/GD32E23x_standard_peripheral/Source/gd32e23x_usart.c ****         rcu_periph_reset_disable(RCU_USART1RST);
  63              		.loc 1 54 9
  64 003e 40F21140 		movw	r0, #1041
  65 0042 FFF7FEFF 		bl	rcu_periph_reset_disable
  55:../Firmware/GD32E23x_standard_peripheral/Source/gd32e23x_usart.c ****         break;
  66              		.loc 1 55 9
  67 0046 00E0     		b	.L4
  68              	.L5:
  56:../Firmware/GD32E23x_standard_peripheral/Source/gd32e23x_usart.c ****     default:
  57:../Firmware/GD32E23x_standard_peripheral/Source/gd32e23x_usart.c ****         break;
  69              		.loc 1 57 9
  70 0048 C046     		nop
  71              	.L4:
  58:../Firmware/GD32E23x_standard_peripheral/Source/gd32e23x_usart.c ****     }
  59:../Firmware/GD32E23x_standard_peripheral/Source/gd32e23x_usart.c **** }
  72              		.loc 1 59 1
  73 004a C046     		nop
  74 004c BD46     		mov	sp, r7
  75 004e 02B0     		add	sp, sp, #8
  76              		@ sp needed
  77 0050 80BD     		pop	{r7, pc}
  78              		.cfi_endproc
  79              	.LFE58:
  81              		.section	.text.usart_baudrate_set,"ax",%progbits
  82              		.align	1
  83              		.global	usart_baudrate_set
  84              		.syntax unified
  85              		.code	16
  86              		.thumb_func
  87              		.fpu softvfp
  89              	usart_baudrate_set:
  90              	.LFB59:
  60:../Firmware/GD32E23x_standard_peripheral/Source/gd32e23x_usart.c **** 
  61:../Firmware/GD32E23x_standard_peripheral/Source/gd32e23x_usart.c **** /*!
  62:../Firmware/GD32E23x_standard_peripheral/Source/gd32e23x_usart.c ****     \brief      configure USART baud rate value
  63:../Firmware/GD32E23x_standard_peripheral/Source/gd32e23x_usart.c ****     \param[in]  usart_periph: USARTx(x=0,1)
  64:../Firmware/GD32E23x_standard_peripheral/Source/gd32e23x_usart.c ****     \param[in]  baudval: baud rate value
  65:../Firmware/GD32E23x_standard_peripheral/Source/gd32e23x_usart.c ****     \param[out] none
  66:../Firmware/GD32E23x_standard_peripheral/Source/gd32e23x_usart.c ****     \retval     none
  67:../Firmware/GD32E23x_standard_peripheral/Source/gd32e23x_usart.c **** */
  68:../Firmware/GD32E23x_standard_peripheral/Source/gd32e23x_usart.c **** void usart_baudrate_set(uint32_t usart_periph, uint32_t baudval)
  69:../Firmware/GD32E23x_standard_peripheral/Source/gd32e23x_usart.c **** {
  91              		.loc 1 69 1
  92              		.cfi_startproc
  93              		@ args = 0, pretend = 0, frame = 24
  94              		@ frame_needed = 1, uses_anonymous_args = 0
  95 0000 80B5     		push	{r7, lr}
  96              		.cfi_def_cfa_offset 8
  97              		.cfi_offset 7, -8
  98              		.cfi_offset 14, -4
  99 0002 86B0     		sub	sp, sp, #24
 100              		.cfi_def_cfa_offset 32
 101 0004 00AF     		add	r7, sp, #0
 102              		.cfi_def_cfa_register 7
 103 0006 7860     		str	r0, [r7, #4]
 104 0008 3960     		str	r1, [r7]
  70:../Firmware/GD32E23x_standard_peripheral/Source/gd32e23x_usart.c ****     uint32_t uclk = 0U, intdiv = 0U, fradiv = 0U, udiv = 0U;
 105              		.loc 1 70 14
 106 000a 0023     		movs	r3, #0
 107 000c 7B61     		str	r3, [r7, #20]
 108              		.loc 1 70 25
 109 000e 0023     		movs	r3, #0
 110 0010 3B61     		str	r3, [r7, #16]
 111              		.loc 1 70 38
 112 0012 0023     		movs	r3, #0
 113 0014 FB60     		str	r3, [r7, #12]
 114              		.loc 1 70 51
 115 0016 0023     		movs	r3, #0
 116 0018 BB60     		str	r3, [r7, #8]
  71:../Firmware/GD32E23x_standard_peripheral/Source/gd32e23x_usart.c ****     switch(usart_periph) {
 117              		.loc 1 71 5
 118 001a 7A68     		ldr	r2, [r7, #4]
 119 001c 44F20043 		movw	r3, #17408
 120 0020 C4F20003 		movt	r3, 16384
 121 0024 9A42     		cmp	r2, r3
 122 0026 0CD0     		beq	.L7
 123 0028 7A68     		ldr	r2, [r7, #4]
 124 002a 43F60003 		movw	r3, #14336
 125 002e C4F20103 		movt	r3, 16385
 126 0032 9A42     		cmp	r2, r3
 127 0034 0BD1     		bne	.L12
  72:../Firmware/GD32E23x_standard_peripheral/Source/gd32e23x_usart.c ****     /* get clock frequency */
  73:../Firmware/GD32E23x_standard_peripheral/Source/gd32e23x_usart.c ****     case USART0:
  74:../Firmware/GD32E23x_standard_peripheral/Source/gd32e23x_usart.c ****         /* get USART0 clock */
  75:../Firmware/GD32E23x_standard_peripheral/Source/gd32e23x_usart.c ****         uclk = rcu_clock_freq_get(CK_USART);
 128              		.loc 1 75 16
 129 0036 0520     		movs	r0, #5
 130 0038 FFF7FEFF 		bl	rcu_clock_freq_get
 131 003c 0300     		movs	r3, r0
 132 003e 7B61     		str	r3, [r7, #20]
  76:../Firmware/GD32E23x_standard_peripheral/Source/gd32e23x_usart.c ****         break;
 133              		.loc 1 76 9
 134 0040 06E0     		b	.L9
 135              	.L7:
  77:../Firmware/GD32E23x_standard_peripheral/Source/gd32e23x_usart.c ****     case USART1:
  78:../Firmware/GD32E23x_standard_peripheral/Source/gd32e23x_usart.c ****         /* get USART1 clock */
  79:../Firmware/GD32E23x_standard_peripheral/Source/gd32e23x_usart.c ****         uclk = rcu_clock_freq_get(CK_APB1);
 136              		.loc 1 79 16
 137 0042 0220     		movs	r0, #2
 138 0044 FFF7FEFF 		bl	rcu_clock_freq_get
 139 0048 0300     		movs	r3, r0
 140 004a 7B61     		str	r3, [r7, #20]
  80:../Firmware/GD32E23x_standard_peripheral/Source/gd32e23x_usart.c ****         break;
 141              		.loc 1 80 9
 142 004c 00E0     		b	.L9
 143              	.L12:
  81:../Firmware/GD32E23x_standard_peripheral/Source/gd32e23x_usart.c ****     default:
  82:../Firmware/GD32E23x_standard_peripheral/Source/gd32e23x_usart.c ****         break;
 144              		.loc 1 82 9
 145 004e C046     		nop
 146              	.L9:
  83:../Firmware/GD32E23x_standard_peripheral/Source/gd32e23x_usart.c ****     }
  84:../Firmware/GD32E23x_standard_peripheral/Source/gd32e23x_usart.c ****     if(USART_CTL0(usart_periph) & USART_CTL0_OVSMOD) {
 147              		.loc 1 84 8
 148 0050 7B68     		ldr	r3, [r7, #4]
 149 0052 1B68     		ldr	r3, [r3]
 150              		.loc 1 84 33
 151 0054 48F20002 		movw	r2, #32768
 152 0058 1340     		ands	r3, r2
 153              		.loc 1 84 7
 154 005a DBB1     		cbz	r3, .L10
  85:../Firmware/GD32E23x_standard_peripheral/Source/gd32e23x_usart.c ****         /* oversampling by 8, configure the value of USART_BAUD */
  86:../Firmware/GD32E23x_standard_peripheral/Source/gd32e23x_usart.c ****         udiv = ((2U * uclk) + baudval / 2U) / baudval;
 155              		.loc 1 86 21
 156 005c 7B69     		ldr	r3, [r7, #20]
 157 005e 5A00     		lsls	r2, r3, #1
 158              		.loc 1 86 39
 159 0060 3B68     		ldr	r3, [r7]
 160 0062 5B08     		lsrs	r3, r3, #1
 161              		.loc 1 86 29
 162 0064 D218     		adds	r2, r2, r3
 163              		.loc 1 86 14
 164 0066 3B68     		ldr	r3, [r7]
 165 0068 B2FBF3F3 		udiv	r3, r2, r3
 166 006c BB60     		str	r3, [r7, #8]
  87:../Firmware/GD32E23x_standard_peripheral/Source/gd32e23x_usart.c ****         intdiv = udiv & 0x0000fff0U;
 167              		.loc 1 87 16
 168 006e BB68     		ldr	r3, [r7, #8]
 169 0070 4FF6F072 		movw	r2, #65520
 170 0074 1340     		ands	r3, r2
 171 0076 3B61     		str	r3, [r7, #16]
  88:../Firmware/GD32E23x_standard_peripheral/Source/gd32e23x_usart.c ****         fradiv = (udiv >> 1U) & 0x00000007U;
 172              		.loc 1 88 24
 173 0078 BB68     		ldr	r3, [r7, #8]
 174 007a 5B08     		lsrs	r3, r3, #1
 175              		.loc 1 88 16
 176 007c 0722     		movs	r2, #7
 177 007e 1340     		ands	r3, r2
 178 0080 FB60     		str	r3, [r7, #12]
  89:../Firmware/GD32E23x_standard_peripheral/Source/gd32e23x_usart.c ****         USART_BAUD(usart_periph) = ((USART_BAUD_FRADIV | USART_BAUD_INTDIV) & (intdiv | fradiv));
 179              		.loc 1 89 87
 180 0082 3A69     		ldr	r2, [r7, #16]
 181 0084 FB68     		ldr	r3, [r7, #12]
 182 0086 1A43     		orrs	r2, r3
 183              		.loc 1 89 9
 184 0088 7B68     		ldr	r3, [r7, #4]
 185 008a 0C33     		adds	r3, r3, #12
 186              		.loc 1 89 77
 187 008c 1204     		lsls	r2, r2, #16
 188 008e 120C     		lsrs	r2, r2, #16
 189              		.loc 1 89 34
 190 0090 1A60     		str	r2, [r3]
  90:../Firmware/GD32E23x_standard_peripheral/Source/gd32e23x_usart.c ****     } else {
  91:../Firmware/GD32E23x_standard_peripheral/Source/gd32e23x_usart.c ****         /* oversampling by 16, configure the value of USART_BAUD */
  92:../Firmware/GD32E23x_standard_peripheral/Source/gd32e23x_usart.c ****         udiv = (uclk + baudval / 2U) / baudval;
  93:../Firmware/GD32E23x_standard_peripheral/Source/gd32e23x_usart.c ****         intdiv = udiv & 0x0000fff0U;
  94:../Firmware/GD32E23x_standard_peripheral/Source/gd32e23x_usart.c ****         fradiv = udiv & 0x0000000fU;
  95:../Firmware/GD32E23x_standard_peripheral/Source/gd32e23x_usart.c ****         USART_BAUD(usart_periph) = ((USART_BAUD_FRADIV | USART_BAUD_INTDIV) & (intdiv | fradiv));
  96:../Firmware/GD32E23x_standard_peripheral/Source/gd32e23x_usart.c ****     }
  97:../Firmware/GD32E23x_standard_peripheral/Source/gd32e23x_usart.c **** }
 191              		.loc 1 97 1
 192 0092 18E0     		b	.L13
 193              	.L10:
  92:../Firmware/GD32E23x_standard_peripheral/Source/gd32e23x_usart.c ****         intdiv = udiv & 0x0000fff0U;
 194              		.loc 1 92 32
 195 0094 3B68     		ldr	r3, [r7]
 196 0096 5A08     		lsrs	r2, r3, #1
  92:../Firmware/GD32E23x_standard_peripheral/Source/gd32e23x_usart.c ****         intdiv = udiv & 0x0000fff0U;
 197              		.loc 1 92 22
 198 0098 7B69     		ldr	r3, [r7, #20]
 199 009a D218     		adds	r2, r2, r3
  92:../Firmware/GD32E23x_standard_peripheral/Source/gd32e23x_usart.c ****         intdiv = udiv & 0x0000fff0U;
 200              		.loc 1 92 14
 201 009c 3B68     		ldr	r3, [r7]
 202 009e B2FBF3F3 		udiv	r3, r2, r3
 203 00a2 BB60     		str	r3, [r7, #8]
  93:../Firmware/GD32E23x_standard_peripheral/Source/gd32e23x_usart.c ****         fradiv = udiv & 0x0000000fU;
 204              		.loc 1 93 16
 205 00a4 BB68     		ldr	r3, [r7, #8]
 206 00a6 4FF6F072 		movw	r2, #65520
 207 00aa 1340     		ands	r3, r2
 208 00ac 3B61     		str	r3, [r7, #16]
  94:../Firmware/GD32E23x_standard_peripheral/Source/gd32e23x_usart.c ****         USART_BAUD(usart_periph) = ((USART_BAUD_FRADIV | USART_BAUD_INTDIV) & (intdiv | fradiv));
 209              		.loc 1 94 16
 210 00ae BB68     		ldr	r3, [r7, #8]
 211 00b0 0F22     		movs	r2, #15
 212 00b2 1340     		ands	r3, r2
 213 00b4 FB60     		str	r3, [r7, #12]
  95:../Firmware/GD32E23x_standard_peripheral/Source/gd32e23x_usart.c ****     }
 214              		.loc 1 95 87
 215 00b6 3A69     		ldr	r2, [r7, #16]
 216 00b8 FB68     		ldr	r3, [r7, #12]
 217 00ba 1A43     		orrs	r2, r3
  95:../Firmware/GD32E23x_standard_peripheral/Source/gd32e23x_usart.c ****     }
 218              		.loc 1 95 9
 219 00bc 7B68     		ldr	r3, [r7, #4]
 220 00be 0C33     		adds	r3, r3, #12
  95:../Firmware/GD32E23x_standard_peripheral/Source/gd32e23x_usart.c ****     }
 221              		.loc 1 95 77
 222 00c0 1204     		lsls	r2, r2, #16
 223 00c2 120C     		lsrs	r2, r2, #16
  95:../Firmware/GD32E23x_standard_peripheral/Source/gd32e23x_usart.c ****     }
 224              		.loc 1 95 34
 225 00c4 1A60     		str	r2, [r3]
 226              	.L13:
 227              		.loc 1 97 1
 228 00c6 C046     		nop
 229 00c8 BD46     		mov	sp, r7
 230 00ca 06B0     		add	sp, sp, #24
 231              		@ sp needed
 232 00cc 80BD     		pop	{r7, pc}
 233              		.cfi_endproc
 234              	.LFE59:
 236              		.section	.text.usart_parity_config,"ax",%progbits
 237              		.align	1
 238              		.global	usart_parity_config
 239              		.syntax unified
 240              		.code	16
 241              		.thumb_func
 242              		.fpu softvfp
 244              	usart_parity_config:
 245              	.LFB60:
  98:../Firmware/GD32E23x_standard_peripheral/Source/gd32e23x_usart.c **** 
  99:../Firmware/GD32E23x_standard_peripheral/Source/gd32e23x_usart.c **** /*!
 100:../Firmware/GD32E23x_standard_peripheral/Source/gd32e23x_usart.c ****     \brief      configure USART parity
 101:../Firmware/GD32E23x_standard_peripheral/Source/gd32e23x_usart.c ****     \param[in]  usart_periph: USARTx(x=0,1)
 102:../Firmware/GD32E23x_standard_peripheral/Source/gd32e23x_usart.c ****     \param[in]  paritycfg: USART parity configure
 103:../Firmware/GD32E23x_standard_peripheral/Source/gd32e23x_usart.c ****                 only one parameter can be selected which is shown as below:
 104:../Firmware/GD32E23x_standard_peripheral/Source/gd32e23x_usart.c ****       \arg        USART_PM_NONE: no parity
 105:../Firmware/GD32E23x_standard_peripheral/Source/gd32e23x_usart.c ****       \arg        USART_PM_ODD: odd parity
 106:../Firmware/GD32E23x_standard_peripheral/Source/gd32e23x_usart.c ****       \arg        USART_PM_EVEN: even parity
 107:../Firmware/GD32E23x_standard_peripheral/Source/gd32e23x_usart.c ****     \param[out] none
 108:../Firmware/GD32E23x_standard_peripheral/Source/gd32e23x_usart.c ****     \retval     none
 109:../Firmware/GD32E23x_standard_peripheral/Source/gd32e23x_usart.c **** */
 110:../Firmware/GD32E23x_standard_peripheral/Source/gd32e23x_usart.c **** void usart_parity_config(uint32_t usart_periph, uint32_t paritycfg)
 111:../Firmware/GD32E23x_standard_peripheral/Source/gd32e23x_usart.c **** {
 246              		.loc 1 111 1
 247              		.cfi_startproc
 248              		@ args = 0, pretend = 0, frame = 8
 249              		@ frame_needed = 1, uses_anonymous_args = 0
 250 0000 80B5     		push	{r7, lr}
 251              		.cfi_def_cfa_offset 8
 252              		.cfi_offset 7, -8
 253              		.cfi_offset 14, -4
 254 0002 82B0     		sub	sp, sp, #8
 255              		.cfi_def_cfa_offset 16
 256 0004 00AF     		add	r7, sp, #0
 257              		.cfi_def_cfa_register 7
 258 0006 7860     		str	r0, [r7, #4]
 259 0008 3960     		str	r1, [r7]
 112:../Firmware/GD32E23x_standard_peripheral/Source/gd32e23x_usart.c ****     /* disable USART */
 113:../Firmware/GD32E23x_standard_peripheral/Source/gd32e23x_usart.c ****     USART_CTL0(usart_periph) &= ~(USART_CTL0_UEN);
 260              		.loc 1 113 30
 261 000a 7B68     		ldr	r3, [r7, #4]
 262 000c 1A68     		ldr	r2, [r3]
 263 000e 7B68     		ldr	r3, [r7, #4]
 264 0010 0121     		movs	r1, #1
 265 0012 8A43     		bics	r2, r1
 266 0014 1A60     		str	r2, [r3]
 114:../Firmware/GD32E23x_standard_peripheral/Source/gd32e23x_usart.c ****     /* clear USART_CTL0 PM,PCEN bits */
 115:../Firmware/GD32E23x_standard_peripheral/Source/gd32e23x_usart.c ****     USART_CTL0(usart_periph) &= ~(USART_CTL0_PM | USART_CTL0_PCEN);
 267              		.loc 1 115 30
 268 0016 7B68     		ldr	r3, [r7, #4]
 269 0018 1A68     		ldr	r2, [r3]
 270 001a 7B68     		ldr	r3, [r7, #4]
 271 001c 0649     		ldr	r1, .L15
 272 001e 0A40     		ands	r2, r1
 273 0020 1A60     		str	r2, [r3]
 116:../Firmware/GD32E23x_standard_peripheral/Source/gd32e23x_usart.c ****     /* configure USART parity mode */
 117:../Firmware/GD32E23x_standard_peripheral/Source/gd32e23x_usart.c ****     USART_CTL0(usart_periph) |= paritycfg;
 274              		.loc 1 117 30
 275 0022 7B68     		ldr	r3, [r7, #4]
 276 0024 1968     		ldr	r1, [r3]
 277 0026 7B68     		ldr	r3, [r7, #4]
 278 0028 3A68     		ldr	r2, [r7]
 279 002a 0A43     		orrs	r2, r1
 280 002c 1A60     		str	r2, [r3]
 118:../Firmware/GD32E23x_standard_peripheral/Source/gd32e23x_usart.c **** }
 281              		.loc 1 118 1
 282 002e C046     		nop
 283 0030 BD46     		mov	sp, r7
 284 0032 02B0     		add	sp, sp, #8
 285              		@ sp needed
 286 0034 80BD     		pop	{r7, pc}
 287              	.L16:
 288 0036 C046     		.align	2
 289              	.L15:
 290 0038 FFF9FFFF 		.word	-1537
 291              		.cfi_endproc
 292              	.LFE60:
 294              		.section	.text.usart_word_length_set,"ax",%progbits
 295              		.align	1
 296              		.global	usart_word_length_set
 297              		.syntax unified
 298              		.code	16
 299              		.thumb_func
 300              		.fpu softvfp
 302              	usart_word_length_set:
 303              	.LFB61:
 119:../Firmware/GD32E23x_standard_peripheral/Source/gd32e23x_usart.c **** 
 120:../Firmware/GD32E23x_standard_peripheral/Source/gd32e23x_usart.c **** /*!
 121:../Firmware/GD32E23x_standard_peripheral/Source/gd32e23x_usart.c ****     \brief      configure USART word length
 122:../Firmware/GD32E23x_standard_peripheral/Source/gd32e23x_usart.c ****     \param[in]  usart_periph: USARTx(x=0,1)
 123:../Firmware/GD32E23x_standard_peripheral/Source/gd32e23x_usart.c ****     \param[in]  wlen: USART word length configure
 124:../Firmware/GD32E23x_standard_peripheral/Source/gd32e23x_usart.c ****                 only one parameter can be selected which is shown as below:
 125:../Firmware/GD32E23x_standard_peripheral/Source/gd32e23x_usart.c ****       \arg        USART_WL_8BIT: 8 bits
 126:../Firmware/GD32E23x_standard_peripheral/Source/gd32e23x_usart.c ****       \arg        USART_WL_9BIT: 9 bits
 127:../Firmware/GD32E23x_standard_peripheral/Source/gd32e23x_usart.c ****     \param[out] none
 128:../Firmware/GD32E23x_standard_peripheral/Source/gd32e23x_usart.c ****     \retval     none
 129:../Firmware/GD32E23x_standard_peripheral/Source/gd32e23x_usart.c **** */
 130:../Firmware/GD32E23x_standard_peripheral/Source/gd32e23x_usart.c **** void usart_word_length_set(uint32_t usart_periph, uint32_t wlen)
 131:../Firmware/GD32E23x_standard_peripheral/Source/gd32e23x_usart.c **** {
 304              		.loc 1 131 1
 305              		.cfi_startproc
 306              		@ args = 0, pretend = 0, frame = 8
 307              		@ frame_needed = 1, uses_anonymous_args = 0
 308 0000 80B5     		push	{r7, lr}
 309              		.cfi_def_cfa_offset 8
 310              		.cfi_offset 7, -8
 311              		.cfi_offset 14, -4
 312 0002 82B0     		sub	sp, sp, #8
 313              		.cfi_def_cfa_offset 16
 314 0004 00AF     		add	r7, sp, #0
 315              		.cfi_def_cfa_register 7
 316 0006 7860     		str	r0, [r7, #4]
 317 0008 3960     		str	r1, [r7]
 132:../Firmware/GD32E23x_standard_peripheral/Source/gd32e23x_usart.c ****     /* disable USART */
 133:../Firmware/GD32E23x_standard_peripheral/Source/gd32e23x_usart.c ****     USART_CTL0(usart_periph) &= ~(USART_CTL0_UEN);
 318              		.loc 1 133 30
 319 000a 7B68     		ldr	r3, [r7, #4]
 320 000c 1A68     		ldr	r2, [r3]
 321 000e 7B68     		ldr	r3, [r7, #4]
 322 0010 0121     		movs	r1, #1
 323 0012 8A43     		bics	r2, r1
 324 0014 1A60     		str	r2, [r3]
 134:../Firmware/GD32E23x_standard_peripheral/Source/gd32e23x_usart.c ****     /* clear USART_CTL0 WL bit */
 135:../Firmware/GD32E23x_standard_peripheral/Source/gd32e23x_usart.c ****     USART_CTL0(usart_periph) &= ~USART_CTL0_WL;
 325              		.loc 1 135 30
 326 0016 7B68     		ldr	r3, [r7, #4]
 327 0018 1A68     		ldr	r2, [r3]
 328 001a 7B68     		ldr	r3, [r7, #4]
 329 001c 0649     		ldr	r1, .L18
 330 001e 0A40     		ands	r2, r1
 331 0020 1A60     		str	r2, [r3]
 136:../Firmware/GD32E23x_standard_peripheral/Source/gd32e23x_usart.c ****     /* configure USART word length */
 137:../Firmware/GD32E23x_standard_peripheral/Source/gd32e23x_usart.c ****     USART_CTL0(usart_periph) |= wlen;
 332              		.loc 1 137 30
 333 0022 7B68     		ldr	r3, [r7, #4]
 334 0024 1968     		ldr	r1, [r3]
 335 0026 7B68     		ldr	r3, [r7, #4]
 336 0028 3A68     		ldr	r2, [r7]
 337 002a 0A43     		orrs	r2, r1
 338 002c 1A60     		str	r2, [r3]
 138:../Firmware/GD32E23x_standard_peripheral/Source/gd32e23x_usart.c **** }
 339              		.loc 1 138 1
 340 002e C046     		nop
 341 0030 BD46     		mov	sp, r7
 342 0032 02B0     		add	sp, sp, #8
 343              		@ sp needed
 344 0034 80BD     		pop	{r7, pc}
 345              	.L19:
 346 0036 C046     		.align	2
 347              	.L18:
 348 0038 FFEFFFFF 		.word	-4097
 349              		.cfi_endproc
 350              	.LFE61:
 352              		.section	.text.usart_stop_bit_set,"ax",%progbits
 353              		.align	1
 354              		.global	usart_stop_bit_set
 355              		.syntax unified
 356              		.code	16
 357              		.thumb_func
 358              		.fpu softvfp
 360              	usart_stop_bit_set:
 361              	.LFB62:
 139:../Firmware/GD32E23x_standard_peripheral/Source/gd32e23x_usart.c **** 
 140:../Firmware/GD32E23x_standard_peripheral/Source/gd32e23x_usart.c **** /*!
 141:../Firmware/GD32E23x_standard_peripheral/Source/gd32e23x_usart.c ****     \brief      configure USART stop bit length
 142:../Firmware/GD32E23x_standard_peripheral/Source/gd32e23x_usart.c ****     \param[in]  usart_periph: USARTx(x=0,1)
 143:../Firmware/GD32E23x_standard_peripheral/Source/gd32e23x_usart.c ****     \param[in]  stblen: USART stop bit configure
 144:../Firmware/GD32E23x_standard_peripheral/Source/gd32e23x_usart.c ****                 only one parameter can be selected which is shown as below:
 145:../Firmware/GD32E23x_standard_peripheral/Source/gd32e23x_usart.c ****       \arg        USART_STB_1BIT: 1 bit
 146:../Firmware/GD32E23x_standard_peripheral/Source/gd32e23x_usart.c ****       \arg        USART_STB_0_5BIT: 0.5bit
 147:../Firmware/GD32E23x_standard_peripheral/Source/gd32e23x_usart.c ****       \arg        USART_STB_2BIT: 2 bits
 148:../Firmware/GD32E23x_standard_peripheral/Source/gd32e23x_usart.c ****       \arg        USART_STB_1_5BIT: 1.5bit
 149:../Firmware/GD32E23x_standard_peripheral/Source/gd32e23x_usart.c ****     \param[out] none
 150:../Firmware/GD32E23x_standard_peripheral/Source/gd32e23x_usart.c ****     \retval     none
 151:../Firmware/GD32E23x_standard_peripheral/Source/gd32e23x_usart.c **** */
 152:../Firmware/GD32E23x_standard_peripheral/Source/gd32e23x_usart.c **** void usart_stop_bit_set(uint32_t usart_periph, uint32_t stblen)
 153:../Firmware/GD32E23x_standard_peripheral/Source/gd32e23x_usart.c **** {
 362              		.loc 1 153 1
 363              		.cfi_startproc
 364              		@ args = 0, pretend = 0, frame = 8
 365              		@ frame_needed = 1, uses_anonymous_args = 0
 366 0000 80B5     		push	{r7, lr}
 367              		.cfi_def_cfa_offset 8
 368              		.cfi_offset 7, -8
 369              		.cfi_offset 14, -4
 370 0002 82B0     		sub	sp, sp, #8
 371              		.cfi_def_cfa_offset 16
 372 0004 00AF     		add	r7, sp, #0
 373              		.cfi_def_cfa_register 7
 374 0006 7860     		str	r0, [r7, #4]
 375 0008 3960     		str	r1, [r7]
 154:../Firmware/GD32E23x_standard_peripheral/Source/gd32e23x_usart.c ****     /* disable USART */
 155:../Firmware/GD32E23x_standard_peripheral/Source/gd32e23x_usart.c ****     USART_CTL0(usart_periph) &= ~(USART_CTL0_UEN);
 376              		.loc 1 155 30
 377 000a 7B68     		ldr	r3, [r7, #4]
 378 000c 1A68     		ldr	r2, [r3]
 379 000e 7B68     		ldr	r3, [r7, #4]
 380 0010 0121     		movs	r1, #1
 381 0012 8A43     		bics	r2, r1
 382 0014 1A60     		str	r2, [r3]
 156:../Firmware/GD32E23x_standard_peripheral/Source/gd32e23x_usart.c ****     /* clear USART_CTL1 STB bits */
 157:../Firmware/GD32E23x_standard_peripheral/Source/gd32e23x_usart.c ****     USART_CTL1(usart_periph) &= ~USART_CTL1_STB;
 383              		.loc 1 157 30
 384 0016 7B68     		ldr	r3, [r7, #4]
 385 0018 0433     		adds	r3, r3, #4
 386 001a 1A68     		ldr	r2, [r3]
 387 001c 7B68     		ldr	r3, [r7, #4]
 388 001e 0433     		adds	r3, r3, #4
 389 0020 0749     		ldr	r1, .L21
 390 0022 0A40     		ands	r2, r1
 391 0024 1A60     		str	r2, [r3]
 158:../Firmware/GD32E23x_standard_peripheral/Source/gd32e23x_usart.c ****     USART_CTL1(usart_periph) |= stblen;
 392              		.loc 1 158 30
 393 0026 7B68     		ldr	r3, [r7, #4]
 394 0028 0433     		adds	r3, r3, #4
 395 002a 1968     		ldr	r1, [r3]
 396 002c 7B68     		ldr	r3, [r7, #4]
 397 002e 0433     		adds	r3, r3, #4
 398 0030 3A68     		ldr	r2, [r7]
 399 0032 0A43     		orrs	r2, r1
 400 0034 1A60     		str	r2, [r3]
 159:../Firmware/GD32E23x_standard_peripheral/Source/gd32e23x_usart.c **** }
 401              		.loc 1 159 1
 402 0036 C046     		nop
 403 0038 BD46     		mov	sp, r7
 404 003a 02B0     		add	sp, sp, #8
 405              		@ sp needed
 406 003c 80BD     		pop	{r7, pc}
 407              	.L22:
 408 003e C046     		.align	2
 409              	.L21:
 410 0040 FFCFFFFF 		.word	-12289
 411              		.cfi_endproc
 412              	.LFE62:
 414              		.section	.text.usart_enable,"ax",%progbits
 415              		.align	1
 416              		.global	usart_enable
 417              		.syntax unified
 418              		.code	16
 419              		.thumb_func
 420              		.fpu softvfp
 422              	usart_enable:
 423              	.LFB63:
 160:../Firmware/GD32E23x_standard_peripheral/Source/gd32e23x_usart.c **** 
 161:../Firmware/GD32E23x_standard_peripheral/Source/gd32e23x_usart.c **** /*!
 162:../Firmware/GD32E23x_standard_peripheral/Source/gd32e23x_usart.c ****     \brief      enable USART
 163:../Firmware/GD32E23x_standard_peripheral/Source/gd32e23x_usart.c ****     \param[in]  usart_periph: USARTx(x=0,1)
 164:../Firmware/GD32E23x_standard_peripheral/Source/gd32e23x_usart.c ****     \param[out] none
 165:../Firmware/GD32E23x_standard_peripheral/Source/gd32e23x_usart.c ****     \retval     none
 166:../Firmware/GD32E23x_standard_peripheral/Source/gd32e23x_usart.c **** */
 167:../Firmware/GD32E23x_standard_peripheral/Source/gd32e23x_usart.c **** void usart_enable(uint32_t usart_periph)
 168:../Firmware/GD32E23x_standard_peripheral/Source/gd32e23x_usart.c **** {
 424              		.loc 1 168 1
 425              		.cfi_startproc
 426              		@ args = 0, pretend = 0, frame = 8
 427              		@ frame_needed = 1, uses_anonymous_args = 0
 428 0000 80B5     		push	{r7, lr}
 429              		.cfi_def_cfa_offset 8
 430              		.cfi_offset 7, -8
 431              		.cfi_offset 14, -4
 432 0002 82B0     		sub	sp, sp, #8
 433              		.cfi_def_cfa_offset 16
 434 0004 00AF     		add	r7, sp, #0
 435              		.cfi_def_cfa_register 7
 436 0006 7860     		str	r0, [r7, #4]
 169:../Firmware/GD32E23x_standard_peripheral/Source/gd32e23x_usart.c ****     USART_CTL0(usart_periph) |= USART_CTL0_UEN;
 437              		.loc 1 169 30
 438 0008 7B68     		ldr	r3, [r7, #4]
 439 000a 1A68     		ldr	r2, [r3]
 440 000c 7B68     		ldr	r3, [r7, #4]
 441 000e 0121     		movs	r1, #1
 442 0010 0A43     		orrs	r2, r1
 443 0012 1A60     		str	r2, [r3]
 170:../Firmware/GD32E23x_standard_peripheral/Source/gd32e23x_usart.c **** }
 444              		.loc 1 170 1
 445 0014 C046     		nop
 446 0016 BD46     		mov	sp, r7
 447 0018 02B0     		add	sp, sp, #8
 448              		@ sp needed
 449 001a 80BD     		pop	{r7, pc}
 450              		.cfi_endproc
 451              	.LFE63:
 453              		.section	.text.usart_disable,"ax",%progbits
 454              		.align	1
 455              		.global	usart_disable
 456              		.syntax unified
 457              		.code	16
 458              		.thumb_func
 459              		.fpu softvfp
 461              	usart_disable:
 462              	.LFB64:
 171:../Firmware/GD32E23x_standard_peripheral/Source/gd32e23x_usart.c **** 
 172:../Firmware/GD32E23x_standard_peripheral/Source/gd32e23x_usart.c **** /*!
 173:../Firmware/GD32E23x_standard_peripheral/Source/gd32e23x_usart.c ****     \brief      disable USART
 174:../Firmware/GD32E23x_standard_peripheral/Source/gd32e23x_usart.c ****     \param[in]  usart_periph: USARTx(x=0,1)
 175:../Firmware/GD32E23x_standard_peripheral/Source/gd32e23x_usart.c ****     \param[out] none
 176:../Firmware/GD32E23x_standard_peripheral/Source/gd32e23x_usart.c ****     \retval     none
 177:../Firmware/GD32E23x_standard_peripheral/Source/gd32e23x_usart.c **** */
 178:../Firmware/GD32E23x_standard_peripheral/Source/gd32e23x_usart.c **** void usart_disable(uint32_t usart_periph)
 179:../Firmware/GD32E23x_standard_peripheral/Source/gd32e23x_usart.c **** {
 463              		.loc 1 179 1
 464              		.cfi_startproc
 465              		@ args = 0, pretend = 0, frame = 8
 466              		@ frame_needed = 1, uses_anonymous_args = 0
 467 0000 80B5     		push	{r7, lr}
 468              		.cfi_def_cfa_offset 8
 469              		.cfi_offset 7, -8
 470              		.cfi_offset 14, -4
 471 0002 82B0     		sub	sp, sp, #8
 472              		.cfi_def_cfa_offset 16
 473 0004 00AF     		add	r7, sp, #0
 474              		.cfi_def_cfa_register 7
 475 0006 7860     		str	r0, [r7, #4]
 180:../Firmware/GD32E23x_standard_peripheral/Source/gd32e23x_usart.c ****     USART_CTL0(usart_periph) &= ~(USART_CTL0_UEN);
 476              		.loc 1 180 30
 477 0008 7B68     		ldr	r3, [r7, #4]
 478 000a 1A68     		ldr	r2, [r3]
 479 000c 7B68     		ldr	r3, [r7, #4]
 480 000e 0121     		movs	r1, #1
 481 0010 8A43     		bics	r2, r1
 482 0012 1A60     		str	r2, [r3]
 181:../Firmware/GD32E23x_standard_peripheral/Source/gd32e23x_usart.c **** }
 483              		.loc 1 181 1
 484 0014 C046     		nop
 485 0016 BD46     		mov	sp, r7
 486 0018 02B0     		add	sp, sp, #8
 487              		@ sp needed
 488 001a 80BD     		pop	{r7, pc}
 489              		.cfi_endproc
 490              	.LFE64:
 492              		.section	.text.usart_transmit_config,"ax",%progbits
 493              		.align	1
 494              		.global	usart_transmit_config
 495              		.syntax unified
 496              		.code	16
 497              		.thumb_func
 498              		.fpu softvfp
 500              	usart_transmit_config:
 501              	.LFB65:
 182:../Firmware/GD32E23x_standard_peripheral/Source/gd32e23x_usart.c **** 
 183:../Firmware/GD32E23x_standard_peripheral/Source/gd32e23x_usart.c **** /*!
 184:../Firmware/GD32E23x_standard_peripheral/Source/gd32e23x_usart.c ****     \brief      configure USART transmitter
 185:../Firmware/GD32E23x_standard_peripheral/Source/gd32e23x_usart.c ****     \param[in]  usart_periph: USARTx(x=0,1)
 186:../Firmware/GD32E23x_standard_peripheral/Source/gd32e23x_usart.c ****     \param[in]  txconfig: enable or disable USART transmitter
 187:../Firmware/GD32E23x_standard_peripheral/Source/gd32e23x_usart.c ****                 only one parameter can be selected which is shown as below:
 188:../Firmware/GD32E23x_standard_peripheral/Source/gd32e23x_usart.c ****       \arg        USART_TRANSMIT_ENABLE: enable USART transmission
 189:../Firmware/GD32E23x_standard_peripheral/Source/gd32e23x_usart.c ****       \arg        USART_TRANSMIT_DISABLE: enable USART transmission
 190:../Firmware/GD32E23x_standard_peripheral/Source/gd32e23x_usart.c ****     \param[out] none
 191:../Firmware/GD32E23x_standard_peripheral/Source/gd32e23x_usart.c ****     \retval     none
 192:../Firmware/GD32E23x_standard_peripheral/Source/gd32e23x_usart.c **** */
 193:../Firmware/GD32E23x_standard_peripheral/Source/gd32e23x_usart.c **** void usart_transmit_config(uint32_t usart_periph, uint32_t txconfig)
 194:../Firmware/GD32E23x_standard_peripheral/Source/gd32e23x_usart.c **** {
 502              		.loc 1 194 1
 503              		.cfi_startproc
 504              		@ args = 0, pretend = 0, frame = 8
 505              		@ frame_needed = 1, uses_anonymous_args = 0
 506 0000 80B5     		push	{r7, lr}
 507              		.cfi_def_cfa_offset 8
 508              		.cfi_offset 7, -8
 509              		.cfi_offset 14, -4
 510 0002 82B0     		sub	sp, sp, #8
 511              		.cfi_def_cfa_offset 16
 512 0004 00AF     		add	r7, sp, #0
 513              		.cfi_def_cfa_register 7
 514 0006 7860     		str	r0, [r7, #4]
 515 0008 3960     		str	r1, [r7]
 195:../Firmware/GD32E23x_standard_peripheral/Source/gd32e23x_usart.c ****     USART_CTL0(usart_periph) &= ~USART_CTL0_TEN;
 516              		.loc 1 195 30
 517 000a 7B68     		ldr	r3, [r7, #4]
 518 000c 1A68     		ldr	r2, [r3]
 519 000e 7B68     		ldr	r3, [r7, #4]
 520 0010 0821     		movs	r1, #8
 521 0012 8A43     		bics	r2, r1
 522 0014 1A60     		str	r2, [r3]
 196:../Firmware/GD32E23x_standard_peripheral/Source/gd32e23x_usart.c ****     /* configure transfer mode */
 197:../Firmware/GD32E23x_standard_peripheral/Source/gd32e23x_usart.c ****     USART_CTL0(usart_periph) |= txconfig;
 523              		.loc 1 197 30
 524 0016 7B68     		ldr	r3, [r7, #4]
 525 0018 1968     		ldr	r1, [r3]
 526 001a 7B68     		ldr	r3, [r7, #4]
 527 001c 3A68     		ldr	r2, [r7]
 528 001e 0A43     		orrs	r2, r1
 529 0020 1A60     		str	r2, [r3]
 198:../Firmware/GD32E23x_standard_peripheral/Source/gd32e23x_usart.c **** }
 530              		.loc 1 198 1
 531 0022 C046     		nop
 532 0024 BD46     		mov	sp, r7
 533 0026 02B0     		add	sp, sp, #8
 534              		@ sp needed
 535 0028 80BD     		pop	{r7, pc}
 536              		.cfi_endproc
 537              	.LFE65:
 539              		.section	.text.usart_receive_config,"ax",%progbits
 540              		.align	1
 541              		.global	usart_receive_config
 542              		.syntax unified
 543              		.code	16
 544              		.thumb_func
 545              		.fpu softvfp
 547              	usart_receive_config:
 548              	.LFB66:
 199:../Firmware/GD32E23x_standard_peripheral/Source/gd32e23x_usart.c **** 
 200:../Firmware/GD32E23x_standard_peripheral/Source/gd32e23x_usart.c **** /*!
 201:../Firmware/GD32E23x_standard_peripheral/Source/gd32e23x_usart.c ****     \brief      configure USART receiver
 202:../Firmware/GD32E23x_standard_peripheral/Source/gd32e23x_usart.c ****     \param[in]  usart_periph: USARTx(x=0,1)
 203:../Firmware/GD32E23x_standard_peripheral/Source/gd32e23x_usart.c ****     \param[in]  rxconfig: enable or disable USART receiver
 204:../Firmware/GD32E23x_standard_peripheral/Source/gd32e23x_usart.c ****                 only one parameter can be selected which is shown as below:
 205:../Firmware/GD32E23x_standard_peripheral/Source/gd32e23x_usart.c ****       \arg        USART_RECEIVE_ENABLE: enable USART reception
 206:../Firmware/GD32E23x_standard_peripheral/Source/gd32e23x_usart.c ****       \arg        USART_RECEIVE_DISABLE: disable USART reception
 207:../Firmware/GD32E23x_standard_peripheral/Source/gd32e23x_usart.c ****     \param[out] none
 208:../Firmware/GD32E23x_standard_peripheral/Source/gd32e23x_usart.c ****     \retval     none
 209:../Firmware/GD32E23x_standard_peripheral/Source/gd32e23x_usart.c **** */
 210:../Firmware/GD32E23x_standard_peripheral/Source/gd32e23x_usart.c **** void usart_receive_config(uint32_t usart_periph, uint32_t rxconfig)
 211:../Firmware/GD32E23x_standard_peripheral/Source/gd32e23x_usart.c **** {
 549              		.loc 1 211 1
 550              		.cfi_startproc
 551              		@ args = 0, pretend = 0, frame = 8
 552              		@ frame_needed = 1, uses_anonymous_args = 0
 553 0000 80B5     		push	{r7, lr}
 554              		.cfi_def_cfa_offset 8
 555              		.cfi_offset 7, -8
 556              		.cfi_offset 14, -4
 557 0002 82B0     		sub	sp, sp, #8
 558              		.cfi_def_cfa_offset 16
 559 0004 00AF     		add	r7, sp, #0
 560              		.cfi_def_cfa_register 7
 561 0006 7860     		str	r0, [r7, #4]
 562 0008 3960     		str	r1, [r7]
 212:../Firmware/GD32E23x_standard_peripheral/Source/gd32e23x_usart.c ****     USART_CTL0(usart_periph) &= ~USART_CTL0_REN;
 563              		.loc 1 212 30
 564 000a 7B68     		ldr	r3, [r7, #4]
 565 000c 1A68     		ldr	r2, [r3]
 566 000e 7B68     		ldr	r3, [r7, #4]
 567 0010 0421     		movs	r1, #4
 568 0012 8A43     		bics	r2, r1
 569 0014 1A60     		str	r2, [r3]
 213:../Firmware/GD32E23x_standard_peripheral/Source/gd32e23x_usart.c ****     /* configure receiver mode */
 214:../Firmware/GD32E23x_standard_peripheral/Source/gd32e23x_usart.c ****     USART_CTL0(usart_periph) |= rxconfig;
 570              		.loc 1 214 30
 571 0016 7B68     		ldr	r3, [r7, #4]
 572 0018 1968     		ldr	r1, [r3]
 573 001a 7B68     		ldr	r3, [r7, #4]
 574 001c 3A68     		ldr	r2, [r7]
 575 001e 0A43     		orrs	r2, r1
 576 0020 1A60     		str	r2, [r3]
 215:../Firmware/GD32E23x_standard_peripheral/Source/gd32e23x_usart.c **** }
 577              		.loc 1 215 1
 578 0022 C046     		nop
 579 0024 BD46     		mov	sp, r7
 580 0026 02B0     		add	sp, sp, #8
 581              		@ sp needed
 582 0028 80BD     		pop	{r7, pc}
 583              		.cfi_endproc
 584              	.LFE66:
 586              		.section	.text.usart_data_first_config,"ax",%progbits
 587              		.align	1
 588              		.global	usart_data_first_config
 589              		.syntax unified
 590              		.code	16
 591              		.thumb_func
 592              		.fpu softvfp
 594              	usart_data_first_config:
 595              	.LFB67:
 216:../Firmware/GD32E23x_standard_peripheral/Source/gd32e23x_usart.c **** 
 217:../Firmware/GD32E23x_standard_peripheral/Source/gd32e23x_usart.c **** /*!
 218:../Firmware/GD32E23x_standard_peripheral/Source/gd32e23x_usart.c ****     \brief      data is transmitted/received with the LSB/MSB first
 219:../Firmware/GD32E23x_standard_peripheral/Source/gd32e23x_usart.c ****     \param[in]  usart_periph: USARTx(x=0,1)
 220:../Firmware/GD32E23x_standard_peripheral/Source/gd32e23x_usart.c ****     \param[in]  msbf: LSB/MSB
 221:../Firmware/GD32E23x_standard_peripheral/Source/gd32e23x_usart.c ****                 only one parameter can be selected which is shown as below:
 222:../Firmware/GD32E23x_standard_peripheral/Source/gd32e23x_usart.c ****       \arg        USART_MSBF_LSB: LSB first
 223:../Firmware/GD32E23x_standard_peripheral/Source/gd32e23x_usart.c ****       \arg        USART_MSBF_MSB: MSB first
 224:../Firmware/GD32E23x_standard_peripheral/Source/gd32e23x_usart.c ****     \param[out] none
 225:../Firmware/GD32E23x_standard_peripheral/Source/gd32e23x_usart.c ****     \retval     none
 226:../Firmware/GD32E23x_standard_peripheral/Source/gd32e23x_usart.c **** */
 227:../Firmware/GD32E23x_standard_peripheral/Source/gd32e23x_usart.c **** void usart_data_first_config(uint32_t usart_periph, uint32_t msbf)
 228:../Firmware/GD32E23x_standard_peripheral/Source/gd32e23x_usart.c **** {
 596              		.loc 1 228 1
 597              		.cfi_startproc
 598              		@ args = 0, pretend = 0, frame = 8
 599              		@ frame_needed = 1, uses_anonymous_args = 0
 600 0000 80B5     		push	{r7, lr}
 601              		.cfi_def_cfa_offset 8
 602              		.cfi_offset 7, -8
 603              		.cfi_offset 14, -4
 604 0002 82B0     		sub	sp, sp, #8
 605              		.cfi_def_cfa_offset 16
 606 0004 00AF     		add	r7, sp, #0
 607              		.cfi_def_cfa_register 7
 608 0006 7860     		str	r0, [r7, #4]
 609 0008 3960     		str	r1, [r7]
 229:../Firmware/GD32E23x_standard_peripheral/Source/gd32e23x_usart.c ****     USART_CTL0(usart_periph) &= ~(USART_CTL0_UEN);
 610              		.loc 1 229 30
 611 000a 7B68     		ldr	r3, [r7, #4]
 612 000c 1A68     		ldr	r2, [r3]
 613 000e 7B68     		ldr	r3, [r7, #4]
 614 0010 0121     		movs	r1, #1
 615 0012 8A43     		bics	r2, r1
 616 0014 1A60     		str	r2, [r3]
 230:../Firmware/GD32E23x_standard_peripheral/Source/gd32e23x_usart.c ****     /* configure LSB or MSB first */
 231:../Firmware/GD32E23x_standard_peripheral/Source/gd32e23x_usart.c ****     USART_CTL1(usart_periph) &= ~(USART_CTL1_MSBF);
 617              		.loc 1 231 30
 618 0016 7B68     		ldr	r3, [r7, #4]
 619 0018 0433     		adds	r3, r3, #4
 620 001a 1A68     		ldr	r2, [r3]
 621 001c 7B68     		ldr	r3, [r7, #4]
 622 001e 0433     		adds	r3, r3, #4
 623 0020 0849     		ldr	r1, .L28
 624 0022 0A40     		ands	r2, r1
 625 0024 1A60     		str	r2, [r3]
 232:../Firmware/GD32E23x_standard_peripheral/Source/gd32e23x_usart.c ****     USART_CTL1(usart_periph) |= (USART_CTL1_MSBF & msbf);
 626              		.loc 1 232 30
 627 0026 7B68     		ldr	r3, [r7, #4]
 628 0028 0433     		adds	r3, r3, #4
 629 002a 1968     		ldr	r1, [r3]
 630              		.loc 1 232 50
 631 002c 3A68     		ldr	r2, [r7]
 632 002e 8023     		movs	r3, #128
 633 0030 1B03     		lsls	r3, r3, #12
 634 0032 1A40     		ands	r2, r3
 635              		.loc 1 232 30
 636 0034 7B68     		ldr	r3, [r7, #4]
 637 0036 0433     		adds	r3, r3, #4
 638 0038 0A43     		orrs	r2, r1
 639 003a 1A60     		str	r2, [r3]
 233:../Firmware/GD32E23x_standard_peripheral/Source/gd32e23x_usart.c **** }
 640              		.loc 1 233 1
 641 003c C046     		nop
 642 003e BD46     		mov	sp, r7
 643 0040 02B0     		add	sp, sp, #8
 644              		@ sp needed
 645 0042 80BD     		pop	{r7, pc}
 646              	.L29:
 647              		.align	2
 648              	.L28:
 649 0044 FFFFF7FF 		.word	-524289
 650              		.cfi_endproc
 651              	.LFE67:
 653              		.section	.text.usart_invert_config,"ax",%progbits
 654              		.align	1
 655              		.global	usart_invert_config
 656              		.syntax unified
 657              		.code	16
 658              		.thumb_func
 659              		.fpu softvfp
 661              	usart_invert_config:
 662              	.LFB68:
 234:../Firmware/GD32E23x_standard_peripheral/Source/gd32e23x_usart.c **** 
 235:../Firmware/GD32E23x_standard_peripheral/Source/gd32e23x_usart.c **** /*!
 236:../Firmware/GD32E23x_standard_peripheral/Source/gd32e23x_usart.c ****     \brief      USART inverted configure
 237:../Firmware/GD32E23x_standard_peripheral/Source/gd32e23x_usart.c ****     \param[in]  usart_periph: USARTx(x=0,1)
 238:../Firmware/GD32E23x_standard_peripheral/Source/gd32e23x_usart.c ****     \param[in]  invertpara: refer to usart_invert_enum
 239:../Firmware/GD32E23x_standard_peripheral/Source/gd32e23x_usart.c ****                 only one parameter can be selected which is shown as below:
 240:../Firmware/GD32E23x_standard_peripheral/Source/gd32e23x_usart.c ****       \arg        USART_DINV_ENABLE: data bit level inversion
 241:../Firmware/GD32E23x_standard_peripheral/Source/gd32e23x_usart.c ****       \arg        USART_DINV_DISABLE: data bit level not inversion
 242:../Firmware/GD32E23x_standard_peripheral/Source/gd32e23x_usart.c ****       \arg        USART_TXPIN_ENABLE: TX pin level inversion
 243:../Firmware/GD32E23x_standard_peripheral/Source/gd32e23x_usart.c ****       \arg        USART_TXPIN_DISABLE: TX pin level not inversion
 244:../Firmware/GD32E23x_standard_peripheral/Source/gd32e23x_usart.c ****       \arg        USART_RXPIN_ENABLE: RX pin level inversion
 245:../Firmware/GD32E23x_standard_peripheral/Source/gd32e23x_usart.c ****       \arg        USART_RXPIN_DISABLE: RX pin level not inversion
 246:../Firmware/GD32E23x_standard_peripheral/Source/gd32e23x_usart.c ****       \arg        USART_SWAP_ENABLE: swap TX/RX pins
 247:../Firmware/GD32E23x_standard_peripheral/Source/gd32e23x_usart.c ****       \arg        USART_SWAP_DISABLE: not swap TX/RX pins
 248:../Firmware/GD32E23x_standard_peripheral/Source/gd32e23x_usart.c ****     \param[out] none
 249:../Firmware/GD32E23x_standard_peripheral/Source/gd32e23x_usart.c ****     \retval     none
 250:../Firmware/GD32E23x_standard_peripheral/Source/gd32e23x_usart.c **** */
 251:../Firmware/GD32E23x_standard_peripheral/Source/gd32e23x_usart.c **** void usart_invert_config(uint32_t usart_periph, usart_invert_enum invertpara)
 252:../Firmware/GD32E23x_standard_peripheral/Source/gd32e23x_usart.c **** {
 663              		.loc 1 252 1
 664              		.cfi_startproc
 665              		@ args = 0, pretend = 0, frame = 8
 666              		@ frame_needed = 1, uses_anonymous_args = 0
 667 0000 80B5     		push	{r7, lr}
 668              		.cfi_def_cfa_offset 8
 669              		.cfi_offset 7, -8
 670              		.cfi_offset 14, -4
 671 0002 82B0     		sub	sp, sp, #8
 672              		.cfi_def_cfa_offset 16
 673 0004 00AF     		add	r7, sp, #0
 674              		.cfi_def_cfa_register 7
 675 0006 7860     		str	r0, [r7, #4]
 676 0008 0A00     		movs	r2, r1
 677 000a FB1C     		adds	r3, r7, #3
 678 000c 1A70     		strb	r2, [r3]
 253:../Firmware/GD32E23x_standard_peripheral/Source/gd32e23x_usart.c ****     USART_CTL0(usart_periph) &= ~(USART_CTL0_UEN);
 679              		.loc 1 253 30
 680 000e 7B68     		ldr	r3, [r7, #4]
 681 0010 1A68     		ldr	r2, [r3]
 682 0012 7B68     		ldr	r3, [r7, #4]
 683 0014 0121     		movs	r1, #1
 684 0016 8A43     		bics	r2, r1
 685 0018 1A60     		str	r2, [r3]
 254:../Firmware/GD32E23x_standard_peripheral/Source/gd32e23x_usart.c ****     /* inverted or not the specified signal */
 255:../Firmware/GD32E23x_standard_peripheral/Source/gd32e23x_usart.c ****     switch(invertpara) {
 686              		.loc 1 255 5
 687 001a FB1C     		adds	r3, r7, #3
 688 001c 1B78     		ldrb	r3, [r3]
 689 001e 072B     		cmp	r3, #7
 690 0020 50D8     		bhi	.L42
 691 0022 9A00     		lsls	r2, r3, #2
 692 0024 2A4B     		ldr	r3, .L43
 693 0026 D318     		adds	r3, r2, r3
 694 0028 1B68     		ldr	r3, [r3]
 695 002a 9F46     		mov	pc, r3
 696              		.section	.rodata.usart_invert_config,"a",%progbits
 697              		.align	2
 698              	.L33:
 699 0000 2C000000 		.word	.L40
 700 0004 40000000 		.word	.L39
 701 0008 52000000 		.word	.L38
 702 000c 66000000 		.word	.L37
 703 0010 78000000 		.word	.L36
 704 0014 8C000000 		.word	.L35
 705 0018 9E000000 		.word	.L34
 706 001c B2000000 		.word	.L32
 707              		.section	.text.usart_invert_config
 708              	.L40:
 256:../Firmware/GD32E23x_standard_peripheral/Source/gd32e23x_usart.c ****     case USART_DINV_ENABLE:
 257:../Firmware/GD32E23x_standard_peripheral/Source/gd32e23x_usart.c ****         USART_CTL1(usart_periph) |= USART_CTL1_DINV;
 709              		.loc 1 257 34
 710 002c 7B68     		ldr	r3, [r7, #4]
 711 002e 0433     		adds	r3, r3, #4
 712 0030 1A68     		ldr	r2, [r3]
 713 0032 7B68     		ldr	r3, [r7, #4]
 714 0034 0433     		adds	r3, r3, #4
 715 0036 8021     		movs	r1, #128
 716 0038 C902     		lsls	r1, r1, #11
 717 003a 0A43     		orrs	r2, r1
 718 003c 1A60     		str	r2, [r3]
 258:../Firmware/GD32E23x_standard_peripheral/Source/gd32e23x_usart.c ****         break;
 719              		.loc 1 258 9
 720 003e 42E0     		b	.L41
 721              	.L39:
 259:../Firmware/GD32E23x_standard_peripheral/Source/gd32e23x_usart.c ****     case USART_DINV_DISABLE:
 260:../Firmware/GD32E23x_standard_peripheral/Source/gd32e23x_usart.c ****         USART_CTL1(usart_periph) &= ~(USART_CTL1_DINV);
 722              		.loc 1 260 34
 723 0040 7B68     		ldr	r3, [r7, #4]
 724 0042 0433     		adds	r3, r3, #4
 725 0044 1A68     		ldr	r2, [r3]
 726 0046 7B68     		ldr	r3, [r7, #4]
 727 0048 0433     		adds	r3, r3, #4
 728 004a 2249     		ldr	r1, .L43+4
 729 004c 0A40     		ands	r2, r1
 730 004e 1A60     		str	r2, [r3]
 261:../Firmware/GD32E23x_standard_peripheral/Source/gd32e23x_usart.c ****         break;
 731              		.loc 1 261 9
 732 0050 39E0     		b	.L41
 733              	.L38:
 262:../Firmware/GD32E23x_standard_peripheral/Source/gd32e23x_usart.c ****     case USART_TXPIN_ENABLE:
 263:../Firmware/GD32E23x_standard_peripheral/Source/gd32e23x_usart.c ****         USART_CTL1(usart_periph) |= USART_CTL1_TINV;
 734              		.loc 1 263 34
 735 0052 7B68     		ldr	r3, [r7, #4]
 736 0054 0433     		adds	r3, r3, #4
 737 0056 1A68     		ldr	r2, [r3]
 738 0058 7B68     		ldr	r3, [r7, #4]
 739 005a 0433     		adds	r3, r3, #4
 740 005c 8021     		movs	r1, #128
 741 005e 8902     		lsls	r1, r1, #10
 742 0060 0A43     		orrs	r2, r1
 743 0062 1A60     		str	r2, [r3]
 264:../Firmware/GD32E23x_standard_peripheral/Source/gd32e23x_usart.c ****         break;
 744              		.loc 1 264 9
 745 0064 2FE0     		b	.L41
 746              	.L37:
 265:../Firmware/GD32E23x_standard_peripheral/Source/gd32e23x_usart.c ****     case USART_TXPIN_DISABLE:
 266:../Firmware/GD32E23x_standard_peripheral/Source/gd32e23x_usart.c ****         USART_CTL1(usart_periph) &= ~(USART_CTL1_TINV);
 747              		.loc 1 266 34
 748 0066 7B68     		ldr	r3, [r7, #4]
 749 0068 0433     		adds	r3, r3, #4
 750 006a 1A68     		ldr	r2, [r3]
 751 006c 7B68     		ldr	r3, [r7, #4]
 752 006e 0433     		adds	r3, r3, #4
 753 0070 1949     		ldr	r1, .L43+8
 754 0072 0A40     		ands	r2, r1
 755 0074 1A60     		str	r2, [r3]
 267:../Firmware/GD32E23x_standard_peripheral/Source/gd32e23x_usart.c ****         break;
 756              		.loc 1 267 9
 757 0076 26E0     		b	.L41
 758              	.L36:
 268:../Firmware/GD32E23x_standard_peripheral/Source/gd32e23x_usart.c ****     case USART_RXPIN_ENABLE:
 269:../Firmware/GD32E23x_standard_peripheral/Source/gd32e23x_usart.c ****         USART_CTL1(usart_periph) |= USART_CTL1_RINV;
 759              		.loc 1 269 34
 760 0078 7B68     		ldr	r3, [r7, #4]
 761 007a 0433     		adds	r3, r3, #4
 762 007c 1A68     		ldr	r2, [r3]
 763 007e 7B68     		ldr	r3, [r7, #4]
 764 0080 0433     		adds	r3, r3, #4
 765 0082 8021     		movs	r1, #128
 766 0084 4902     		lsls	r1, r1, #9
 767 0086 0A43     		orrs	r2, r1
 768 0088 1A60     		str	r2, [r3]
 270:../Firmware/GD32E23x_standard_peripheral/Source/gd32e23x_usart.c ****         break;
 769              		.loc 1 270 9
 770 008a 1CE0     		b	.L41
 771              	.L35:
 271:../Firmware/GD32E23x_standard_peripheral/Source/gd32e23x_usart.c ****     case USART_RXPIN_DISABLE:
 272:../Firmware/GD32E23x_standard_peripheral/Source/gd32e23x_usart.c ****         USART_CTL1(usart_periph) &= ~(USART_CTL1_RINV);
 772              		.loc 1 272 34
 773 008c 7B68     		ldr	r3, [r7, #4]
 774 008e 0433     		adds	r3, r3, #4
 775 0090 1A68     		ldr	r2, [r3]
 776 0092 7B68     		ldr	r3, [r7, #4]
 777 0094 0433     		adds	r3, r3, #4
 778 0096 1149     		ldr	r1, .L43+12
 779 0098 0A40     		ands	r2, r1
 780 009a 1A60     		str	r2, [r3]
 273:../Firmware/GD32E23x_standard_peripheral/Source/gd32e23x_usart.c ****         break;
 781              		.loc 1 273 9
 782 009c 13E0     		b	.L41
 783              	.L34:
 274:../Firmware/GD32E23x_standard_peripheral/Source/gd32e23x_usart.c ****     case USART_SWAP_ENABLE:
 275:../Firmware/GD32E23x_standard_peripheral/Source/gd32e23x_usart.c ****         USART_CTL1(usart_periph) |= USART_CTL1_STRP;
 784              		.loc 1 275 34
 785 009e 7B68     		ldr	r3, [r7, #4]
 786 00a0 0433     		adds	r3, r3, #4
 787 00a2 1A68     		ldr	r2, [r3]
 788 00a4 7B68     		ldr	r3, [r7, #4]
 789 00a6 0433     		adds	r3, r3, #4
 790 00a8 48F20001 		movw	r1, #32768
 791 00ac 0A43     		orrs	r2, r1
 792 00ae 1A60     		str	r2, [r3]
 276:../Firmware/GD32E23x_standard_peripheral/Source/gd32e23x_usart.c ****         break;
 793              		.loc 1 276 9
 794 00b0 09E0     		b	.L41
 795              	.L32:
 277:../Firmware/GD32E23x_standard_peripheral/Source/gd32e23x_usart.c ****     case USART_SWAP_DISABLE:
 278:../Firmware/GD32E23x_standard_peripheral/Source/gd32e23x_usart.c ****         USART_CTL1(usart_periph) &= ~(USART_CTL1_STRP);
 796              		.loc 1 278 34
 797 00b2 7B68     		ldr	r3, [r7, #4]
 798 00b4 0433     		adds	r3, r3, #4
 799 00b6 1A68     		ldr	r2, [r3]
 800 00b8 7B68     		ldr	r3, [r7, #4]
 801 00ba 0433     		adds	r3, r3, #4
 802 00bc 0849     		ldr	r1, .L43+16
 803 00be 0A40     		ands	r2, r1
 804 00c0 1A60     		str	r2, [r3]
 279:../Firmware/GD32E23x_standard_peripheral/Source/gd32e23x_usart.c ****         break;
 805              		.loc 1 279 9
 806 00c2 00E0     		b	.L41
 807              	.L42:
 280:../Firmware/GD32E23x_standard_peripheral/Source/gd32e23x_usart.c ****     default:
 281:../Firmware/GD32E23x_standard_peripheral/Source/gd32e23x_usart.c ****         break;
 808              		.loc 1 281 9
 809 00c4 C046     		nop
 810              	.L41:
 282:../Firmware/GD32E23x_standard_peripheral/Source/gd32e23x_usart.c ****     }
 283:../Firmware/GD32E23x_standard_peripheral/Source/gd32e23x_usart.c **** }
 811              		.loc 1 283 1
 812 00c6 C046     		nop
 813 00c8 BD46     		mov	sp, r7
 814 00ca 02B0     		add	sp, sp, #8
 815              		@ sp needed
 816 00cc 80BD     		pop	{r7, pc}
 817              	.L44:
 818 00ce C046     		.align	2
 819              	.L43:
 820 00d0 00000000 		.word	.L33
 821 00d4 FFFFFBFF 		.word	-262145
 822 00d8 FFFFFDFF 		.word	-131073
 823 00dc FFFFFEFF 		.word	-65537
 824 00e0 FF7FFFFF 		.word	-32769
 825              		.cfi_endproc
 826              	.LFE68:
 828              		.section	.text.usart_overrun_enable,"ax",%progbits
 829              		.align	1
 830              		.global	usart_overrun_enable
 831              		.syntax unified
 832              		.code	16
 833              		.thumb_func
 834              		.fpu softvfp
 836              	usart_overrun_enable:
 837              	.LFB69:
 284:../Firmware/GD32E23x_standard_peripheral/Source/gd32e23x_usart.c **** 
 285:../Firmware/GD32E23x_standard_peripheral/Source/gd32e23x_usart.c **** /*!
 286:../Firmware/GD32E23x_standard_peripheral/Source/gd32e23x_usart.c ****     \brief      enable the USART overrun function
 287:../Firmware/GD32E23x_standard_peripheral/Source/gd32e23x_usart.c ****     \param[in]  usart_periph: USARTx(x=0,1)
 288:../Firmware/GD32E23x_standard_peripheral/Source/gd32e23x_usart.c ****     \param[out] none
 289:../Firmware/GD32E23x_standard_peripheral/Source/gd32e23x_usart.c ****     \retval     none
 290:../Firmware/GD32E23x_standard_peripheral/Source/gd32e23x_usart.c **** */
 291:../Firmware/GD32E23x_standard_peripheral/Source/gd32e23x_usart.c **** void usart_overrun_enable(uint32_t usart_periph)
 292:../Firmware/GD32E23x_standard_peripheral/Source/gd32e23x_usart.c **** {
 838              		.loc 1 292 1
 839              		.cfi_startproc
 840              		@ args = 0, pretend = 0, frame = 8
 841              		@ frame_needed = 1, uses_anonymous_args = 0
 842 0000 80B5     		push	{r7, lr}
 843              		.cfi_def_cfa_offset 8
 844              		.cfi_offset 7, -8
 845              		.cfi_offset 14, -4
 846 0002 82B0     		sub	sp, sp, #8
 847              		.cfi_def_cfa_offset 16
 848 0004 00AF     		add	r7, sp, #0
 849              		.cfi_def_cfa_register 7
 850 0006 7860     		str	r0, [r7, #4]
 293:../Firmware/GD32E23x_standard_peripheral/Source/gd32e23x_usart.c ****     USART_CTL0(usart_periph) &= ~(USART_CTL0_UEN);
 851              		.loc 1 293 30
 852 0008 7B68     		ldr	r3, [r7, #4]
 853 000a 1A68     		ldr	r2, [r3]
 854 000c 7B68     		ldr	r3, [r7, #4]
 855 000e 0121     		movs	r1, #1
 856 0010 8A43     		bics	r2, r1
 857 0012 1A60     		str	r2, [r3]
 294:../Firmware/GD32E23x_standard_peripheral/Source/gd32e23x_usart.c ****     /* enable overrun function */
 295:../Firmware/GD32E23x_standard_peripheral/Source/gd32e23x_usart.c ****     USART_CTL2(usart_periph) &= ~(USART_CTL2_OVRD);
 858              		.loc 1 295 30
 859 0014 7B68     		ldr	r3, [r7, #4]
 860 0016 0833     		adds	r3, r3, #8
 861 0018 1A68     		ldr	r2, [r3]
 862 001a 7B68     		ldr	r3, [r7, #4]
 863 001c 0833     		adds	r3, r3, #8
 864 001e 0349     		ldr	r1, .L46
 865 0020 0A40     		ands	r2, r1
 866 0022 1A60     		str	r2, [r3]
 296:../Firmware/GD32E23x_standard_peripheral/Source/gd32e23x_usart.c **** }
 867              		.loc 1 296 1
 868 0024 C046     		nop
 869 0026 BD46     		mov	sp, r7
 870 0028 02B0     		add	sp, sp, #8
 871              		@ sp needed
 872 002a 80BD     		pop	{r7, pc}
 873              	.L47:
 874              		.align	2
 875              	.L46:
 876 002c FFEFFFFF 		.word	-4097
 877              		.cfi_endproc
 878              	.LFE69:
 880              		.section	.text.usart_overrun_disable,"ax",%progbits
 881              		.align	1
 882              		.global	usart_overrun_disable
 883              		.syntax unified
 884              		.code	16
 885              		.thumb_func
 886              		.fpu softvfp
 888              	usart_overrun_disable:
 889              	.LFB70:
 297:../Firmware/GD32E23x_standard_peripheral/Source/gd32e23x_usart.c **** 
 298:../Firmware/GD32E23x_standard_peripheral/Source/gd32e23x_usart.c **** /*!
 299:../Firmware/GD32E23x_standard_peripheral/Source/gd32e23x_usart.c ****     \brief      disable the USART overrun function
 300:../Firmware/GD32E23x_standard_peripheral/Source/gd32e23x_usart.c ****     \param[in]  usart_periph: USARTx(x=0,1)
 301:../Firmware/GD32E23x_standard_peripheral/Source/gd32e23x_usart.c ****     \param[out] none
 302:../Firmware/GD32E23x_standard_peripheral/Source/gd32e23x_usart.c ****     \retval     none
 303:../Firmware/GD32E23x_standard_peripheral/Source/gd32e23x_usart.c **** */
 304:../Firmware/GD32E23x_standard_peripheral/Source/gd32e23x_usart.c **** void usart_overrun_disable(uint32_t usart_periph)
 305:../Firmware/GD32E23x_standard_peripheral/Source/gd32e23x_usart.c **** {
 890              		.loc 1 305 1
 891              		.cfi_startproc
 892              		@ args = 0, pretend = 0, frame = 8
 893              		@ frame_needed = 1, uses_anonymous_args = 0
 894 0000 80B5     		push	{r7, lr}
 895              		.cfi_def_cfa_offset 8
 896              		.cfi_offset 7, -8
 897              		.cfi_offset 14, -4
 898 0002 82B0     		sub	sp, sp, #8
 899              		.cfi_def_cfa_offset 16
 900 0004 00AF     		add	r7, sp, #0
 901              		.cfi_def_cfa_register 7
 902 0006 7860     		str	r0, [r7, #4]
 306:../Firmware/GD32E23x_standard_peripheral/Source/gd32e23x_usart.c ****     USART_CTL0(usart_periph) &= ~(USART_CTL0_UEN);
 903              		.loc 1 306 30
 904 0008 7B68     		ldr	r3, [r7, #4]
 905 000a 1A68     		ldr	r2, [r3]
 906 000c 7B68     		ldr	r3, [r7, #4]
 907 000e 0121     		movs	r1, #1
 908 0010 8A43     		bics	r2, r1
 909 0012 1A60     		str	r2, [r3]
 307:../Firmware/GD32E23x_standard_peripheral/Source/gd32e23x_usart.c ****     /* disable overrun function */
 308:../Firmware/GD32E23x_standard_peripheral/Source/gd32e23x_usart.c ****     USART_CTL2(usart_periph) |= USART_CTL2_OVRD;
 910              		.loc 1 308 30
 911 0014 7B68     		ldr	r3, [r7, #4]
 912 0016 0833     		adds	r3, r3, #8
 913 0018 1A68     		ldr	r2, [r3]
 914 001a 7B68     		ldr	r3, [r7, #4]
 915 001c 0833     		adds	r3, r3, #8
 916 001e 41F20001 		movw	r1, #4096
 917 0022 0A43     		orrs	r2, r1
 918 0024 1A60     		str	r2, [r3]
 309:../Firmware/GD32E23x_standard_peripheral/Source/gd32e23x_usart.c **** }
 919              		.loc 1 309 1
 920 0026 C046     		nop
 921 0028 BD46     		mov	sp, r7
 922 002a 02B0     		add	sp, sp, #8
 923              		@ sp needed
 924 002c 80BD     		pop	{r7, pc}
 925              		.cfi_endproc
 926              	.LFE70:
 928              		.section	.text.usart_oversample_config,"ax",%progbits
 929              		.align	1
 930              		.global	usart_oversample_config
 931              		.syntax unified
 932              		.code	16
 933              		.thumb_func
 934              		.fpu softvfp
 936              	usart_oversample_config:
 937              	.LFB71:
 310:../Firmware/GD32E23x_standard_peripheral/Source/gd32e23x_usart.c **** 
 311:../Firmware/GD32E23x_standard_peripheral/Source/gd32e23x_usart.c **** /*!
 312:../Firmware/GD32E23x_standard_peripheral/Source/gd32e23x_usart.c ****     \brief      configure the USART oversample mode
 313:../Firmware/GD32E23x_standard_peripheral/Source/gd32e23x_usart.c ****     \param[in]  usart_periph: USARTx(x=0,1)
 314:../Firmware/GD32E23x_standard_peripheral/Source/gd32e23x_usart.c ****     \param[in]  oversamp: oversample value
 315:../Firmware/GD32E23x_standard_peripheral/Source/gd32e23x_usart.c ****                 only one parameter can be selected which is shown as below:
 316:../Firmware/GD32E23x_standard_peripheral/Source/gd32e23x_usart.c ****       \arg        USART_OVSMOD_8: oversampling by 8
 317:../Firmware/GD32E23x_standard_peripheral/Source/gd32e23x_usart.c ****       \arg        USART_OVSMOD_16: oversampling by 16
 318:../Firmware/GD32E23x_standard_peripheral/Source/gd32e23x_usart.c ****     \param[out] none
 319:../Firmware/GD32E23x_standard_peripheral/Source/gd32e23x_usart.c ****     \retval     none
 320:../Firmware/GD32E23x_standard_peripheral/Source/gd32e23x_usart.c **** */
 321:../Firmware/GD32E23x_standard_peripheral/Source/gd32e23x_usart.c **** void usart_oversample_config(uint32_t usart_periph, uint32_t oversamp)
 322:../Firmware/GD32E23x_standard_peripheral/Source/gd32e23x_usart.c **** {
 938              		.loc 1 322 1
 939              		.cfi_startproc
 940              		@ args = 0, pretend = 0, frame = 8
 941              		@ frame_needed = 1, uses_anonymous_args = 0
 942 0000 80B5     		push	{r7, lr}
 943              		.cfi_def_cfa_offset 8
 944              		.cfi_offset 7, -8
 945              		.cfi_offset 14, -4
 946 0002 82B0     		sub	sp, sp, #8
 947              		.cfi_def_cfa_offset 16
 948 0004 00AF     		add	r7, sp, #0
 949              		.cfi_def_cfa_register 7
 950 0006 7860     		str	r0, [r7, #4]
 951 0008 3960     		str	r1, [r7]
 323:../Firmware/GD32E23x_standard_peripheral/Source/gd32e23x_usart.c ****     /* disable USART */
 324:../Firmware/GD32E23x_standard_peripheral/Source/gd32e23x_usart.c ****     USART_CTL0(usart_periph) &= ~(USART_CTL0_UEN);
 952              		.loc 1 324 30
 953 000a 7B68     		ldr	r3, [r7, #4]
 954 000c 1A68     		ldr	r2, [r3]
 955 000e 7B68     		ldr	r3, [r7, #4]
 956 0010 0121     		movs	r1, #1
 957 0012 8A43     		bics	r2, r1
 958 0014 1A60     		str	r2, [r3]
 325:../Firmware/GD32E23x_standard_peripheral/Source/gd32e23x_usart.c ****     /* clear OVSMOD bit */
 326:../Firmware/GD32E23x_standard_peripheral/Source/gd32e23x_usart.c ****     USART_CTL0(usart_periph) &= ~(USART_CTL0_OVSMOD);
 959              		.loc 1 326 30
 960 0016 7B68     		ldr	r3, [r7, #4]
 961 0018 1A68     		ldr	r2, [r3]
 962 001a 7B68     		ldr	r3, [r7, #4]
 963 001c 0649     		ldr	r1, .L50
 964 001e 0A40     		ands	r2, r1
 965 0020 1A60     		str	r2, [r3]
 327:../Firmware/GD32E23x_standard_peripheral/Source/gd32e23x_usart.c ****     USART_CTL0(usart_periph) |= oversamp;
 966              		.loc 1 327 30
 967 0022 7B68     		ldr	r3, [r7, #4]
 968 0024 1968     		ldr	r1, [r3]
 969 0026 7B68     		ldr	r3, [r7, #4]
 970 0028 3A68     		ldr	r2, [r7]
 971 002a 0A43     		orrs	r2, r1
 972 002c 1A60     		str	r2, [r3]
 328:../Firmware/GD32E23x_standard_peripheral/Source/gd32e23x_usart.c **** }
 973              		.loc 1 328 1
 974 002e C046     		nop
 975 0030 BD46     		mov	sp, r7
 976 0032 02B0     		add	sp, sp, #8
 977              		@ sp needed
 978 0034 80BD     		pop	{r7, pc}
 979              	.L51:
 980 0036 C046     		.align	2
 981              	.L50:
 982 0038 FF7FFFFF 		.word	-32769
 983              		.cfi_endproc
 984              	.LFE71:
 986              		.section	.text.usart_sample_bit_config,"ax",%progbits
 987              		.align	1
 988              		.global	usart_sample_bit_config
 989              		.syntax unified
 990              		.code	16
 991              		.thumb_func
 992              		.fpu softvfp
 994              	usart_sample_bit_config:
 995              	.LFB72:
 329:../Firmware/GD32E23x_standard_peripheral/Source/gd32e23x_usart.c **** 
 330:../Firmware/GD32E23x_standard_peripheral/Source/gd32e23x_usart.c **** /*!
 331:../Firmware/GD32E23x_standard_peripheral/Source/gd32e23x_usart.c ****     \brief      configure the sample bit method
 332:../Firmware/GD32E23x_standard_peripheral/Source/gd32e23x_usart.c ****     \param[in]  usart_periph: USARTx(x=0,1)
 333:../Firmware/GD32E23x_standard_peripheral/Source/gd32e23x_usart.c ****     \param[in]  osb: sample bit
 334:../Firmware/GD32E23x_standard_peripheral/Source/gd32e23x_usart.c ****                 only one parameter can be selected which is shown as below:
 335:../Firmware/GD32E23x_standard_peripheral/Source/gd32e23x_usart.c ****       \arg        USART_OSB_1BIT: 1 bit
 336:../Firmware/GD32E23x_standard_peripheral/Source/gd32e23x_usart.c ****       \arg        USART_OSB_3BIT: 3 bits
 337:../Firmware/GD32E23x_standard_peripheral/Source/gd32e23x_usart.c ****     \param[out] none
 338:../Firmware/GD32E23x_standard_peripheral/Source/gd32e23x_usart.c ****     \retval     none
 339:../Firmware/GD32E23x_standard_peripheral/Source/gd32e23x_usart.c **** */
 340:../Firmware/GD32E23x_standard_peripheral/Source/gd32e23x_usart.c **** void usart_sample_bit_config(uint32_t usart_periph, uint32_t osb)
 341:../Firmware/GD32E23x_standard_peripheral/Source/gd32e23x_usart.c **** {
 996              		.loc 1 341 1
 997              		.cfi_startproc
 998              		@ args = 0, pretend = 0, frame = 8
 999              		@ frame_needed = 1, uses_anonymous_args = 0
 1000 0000 80B5     		push	{r7, lr}
 1001              		.cfi_def_cfa_offset 8
 1002              		.cfi_offset 7, -8
 1003              		.cfi_offset 14, -4
 1004 0002 82B0     		sub	sp, sp, #8
 1005              		.cfi_def_cfa_offset 16
 1006 0004 00AF     		add	r7, sp, #0
 1007              		.cfi_def_cfa_register 7
 1008 0006 7860     		str	r0, [r7, #4]
 1009 0008 3960     		str	r1, [r7]
 342:../Firmware/GD32E23x_standard_peripheral/Source/gd32e23x_usart.c ****     /* disable USART */
 343:../Firmware/GD32E23x_standard_peripheral/Source/gd32e23x_usart.c ****     USART_CTL0(usart_periph) &= ~(USART_CTL0_UEN);
 1010              		.loc 1 343 30
 1011 000a 7B68     		ldr	r3, [r7, #4]
 1012 000c 1A68     		ldr	r2, [r3]
 1013 000e 7B68     		ldr	r3, [r7, #4]
 1014 0010 0121     		movs	r1, #1
 1015 0012 8A43     		bics	r2, r1
 1016 0014 1A60     		str	r2, [r3]
 344:../Firmware/GD32E23x_standard_peripheral/Source/gd32e23x_usart.c **** 
 345:../Firmware/GD32E23x_standard_peripheral/Source/gd32e23x_usart.c ****     USART_CTL2(usart_periph) &= ~(USART_CTL2_OSB);
 1017              		.loc 1 345 30
 1018 0016 7B68     		ldr	r3, [r7, #4]
 1019 0018 0833     		adds	r3, r3, #8
 1020 001a 1A68     		ldr	r2, [r3]
 1021 001c 7B68     		ldr	r3, [r7, #4]
 1022 001e 0833     		adds	r3, r3, #8
 1023 0020 0749     		ldr	r1, .L53
 1024 0022 0A40     		ands	r2, r1
 1025 0024 1A60     		str	r2, [r3]
 346:../Firmware/GD32E23x_standard_peripheral/Source/gd32e23x_usart.c ****     USART_CTL2(usart_periph) |= osb;
 1026              		.loc 1 346 30
 1027 0026 7B68     		ldr	r3, [r7, #4]
 1028 0028 0833     		adds	r3, r3, #8
 1029 002a 1968     		ldr	r1, [r3]
 1030 002c 7B68     		ldr	r3, [r7, #4]
 1031 002e 0833     		adds	r3, r3, #8
 1032 0030 3A68     		ldr	r2, [r7]
 1033 0032 0A43     		orrs	r2, r1
 1034 0034 1A60     		str	r2, [r3]
 347:../Firmware/GD32E23x_standard_peripheral/Source/gd32e23x_usart.c **** }
 1035              		.loc 1 347 1
 1036 0036 C046     		nop
 1037 0038 BD46     		mov	sp, r7
 1038 003a 02B0     		add	sp, sp, #8
 1039              		@ sp needed
 1040 003c 80BD     		pop	{r7, pc}
 1041              	.L54:
 1042 003e C046     		.align	2
 1043              	.L53:
 1044 0040 FFF7FFFF 		.word	-2049
 1045              		.cfi_endproc
 1046              	.LFE72:
 1048              		.section	.text.usart_receiver_timeout_enable,"ax",%progbits
 1049              		.align	1
 1050              		.global	usart_receiver_timeout_enable
 1051              		.syntax unified
 1052              		.code	16
 1053              		.thumb_func
 1054              		.fpu softvfp
 1056              	usart_receiver_timeout_enable:
 1057              	.LFB73:
 348:../Firmware/GD32E23x_standard_peripheral/Source/gd32e23x_usart.c **** 
 349:../Firmware/GD32E23x_standard_peripheral/Source/gd32e23x_usart.c **** /*!
 350:../Firmware/GD32E23x_standard_peripheral/Source/gd32e23x_usart.c ****     \brief      enable receiver timeout
 351:../Firmware/GD32E23x_standard_peripheral/Source/gd32e23x_usart.c ****     \param[in]  usart_periph: USARTx(x=0)
 352:../Firmware/GD32E23x_standard_peripheral/Source/gd32e23x_usart.c ****     \param[out] none
 353:../Firmware/GD32E23x_standard_peripheral/Source/gd32e23x_usart.c ****     \retval     none
 354:../Firmware/GD32E23x_standard_peripheral/Source/gd32e23x_usart.c **** */
 355:../Firmware/GD32E23x_standard_peripheral/Source/gd32e23x_usart.c **** void usart_receiver_timeout_enable(uint32_t usart_periph)
 356:../Firmware/GD32E23x_standard_peripheral/Source/gd32e23x_usart.c **** {
 1058              		.loc 1 356 1
 1059              		.cfi_startproc
 1060              		@ args = 0, pretend = 0, frame = 8
 1061              		@ frame_needed = 1, uses_anonymous_args = 0
 1062 0000 80B5     		push	{r7, lr}
 1063              		.cfi_def_cfa_offset 8
 1064              		.cfi_offset 7, -8
 1065              		.cfi_offset 14, -4
 1066 0002 82B0     		sub	sp, sp, #8
 1067              		.cfi_def_cfa_offset 16
 1068 0004 00AF     		add	r7, sp, #0
 1069              		.cfi_def_cfa_register 7
 1070 0006 7860     		str	r0, [r7, #4]
 357:../Firmware/GD32E23x_standard_peripheral/Source/gd32e23x_usart.c ****     USART_CTL1(usart_periph) |= USART_CTL1_RTEN;
 1071              		.loc 1 357 30
 1072 0008 7B68     		ldr	r3, [r7, #4]
 1073 000a 0433     		adds	r3, r3, #4
 1074 000c 1A68     		ldr	r2, [r3]
 1075 000e 7B68     		ldr	r3, [r7, #4]
 1076 0010 0433     		adds	r3, r3, #4
 1077 0012 8021     		movs	r1, #128
 1078 0014 0904     		lsls	r1, r1, #16
 1079 0016 0A43     		orrs	r2, r1
 1080 0018 1A60     		str	r2, [r3]
 358:../Firmware/GD32E23x_standard_peripheral/Source/gd32e23x_usart.c **** }
 1081              		.loc 1 358 1
 1082 001a C046     		nop
 1083 001c BD46     		mov	sp, r7
 1084 001e 02B0     		add	sp, sp, #8
 1085              		@ sp needed
 1086 0020 80BD     		pop	{r7, pc}
 1087              		.cfi_endproc
 1088              	.LFE73:
 1090              		.section	.text.usart_receiver_timeout_disable,"ax",%progbits
 1091              		.align	1
 1092              		.global	usart_receiver_timeout_disable
 1093              		.syntax unified
 1094              		.code	16
 1095              		.thumb_func
 1096              		.fpu softvfp
 1098              	usart_receiver_timeout_disable:
 1099              	.LFB74:
 359:../Firmware/GD32E23x_standard_peripheral/Source/gd32e23x_usart.c **** 
 360:../Firmware/GD32E23x_standard_peripheral/Source/gd32e23x_usart.c **** /*!
 361:../Firmware/GD32E23x_standard_peripheral/Source/gd32e23x_usart.c ****     \brief      disable receiver timeout
 362:../Firmware/GD32E23x_standard_peripheral/Source/gd32e23x_usart.c ****     \param[in]  usart_periph: USARTx(x=0)
 363:../Firmware/GD32E23x_standard_peripheral/Source/gd32e23x_usart.c ****     \param[out] none
 364:../Firmware/GD32E23x_standard_peripheral/Source/gd32e23x_usart.c ****     \retval     none
 365:../Firmware/GD32E23x_standard_peripheral/Source/gd32e23x_usart.c **** */
 366:../Firmware/GD32E23x_standard_peripheral/Source/gd32e23x_usart.c **** void usart_receiver_timeout_disable(uint32_t usart_periph)
 367:../Firmware/GD32E23x_standard_peripheral/Source/gd32e23x_usart.c **** {
 1100              		.loc 1 367 1
 1101              		.cfi_startproc
 1102              		@ args = 0, pretend = 0, frame = 8
 1103              		@ frame_needed = 1, uses_anonymous_args = 0
 1104 0000 80B5     		push	{r7, lr}
 1105              		.cfi_def_cfa_offset 8
 1106              		.cfi_offset 7, -8
 1107              		.cfi_offset 14, -4
 1108 0002 82B0     		sub	sp, sp, #8
 1109              		.cfi_def_cfa_offset 16
 1110 0004 00AF     		add	r7, sp, #0
 1111              		.cfi_def_cfa_register 7
 1112 0006 7860     		str	r0, [r7, #4]
 368:../Firmware/GD32E23x_standard_peripheral/Source/gd32e23x_usart.c ****     USART_CTL1(usart_periph) &= ~(USART_CTL1_RTEN);
 1113              		.loc 1 368 30
 1114 0008 7B68     		ldr	r3, [r7, #4]
 1115 000a 0433     		adds	r3, r3, #4
 1116 000c 1A68     		ldr	r2, [r3]
 1117 000e 7B68     		ldr	r3, [r7, #4]
 1118 0010 0433     		adds	r3, r3, #4
 1119 0012 0349     		ldr	r1, .L57
 1120 0014 0A40     		ands	r2, r1
 1121 0016 1A60     		str	r2, [r3]
 369:../Firmware/GD32E23x_standard_peripheral/Source/gd32e23x_usart.c **** }
 1122              		.loc 1 369 1
 1123 0018 C046     		nop
 1124 001a BD46     		mov	sp, r7
 1125 001c 02B0     		add	sp, sp, #8
 1126              		@ sp needed
 1127 001e 80BD     		pop	{r7, pc}
 1128              	.L58:
 1129              		.align	2
 1130              	.L57:
 1131 0020 FFFF7FFF 		.word	-8388609
 1132              		.cfi_endproc
 1133              	.LFE74:
 1135              		.section	.text.usart_receiver_timeout_threshold_config,"ax",%progbits
 1136              		.align	1
 1137              		.global	usart_receiver_timeout_threshold_config
 1138              		.syntax unified
 1139              		.code	16
 1140              		.thumb_func
 1141              		.fpu softvfp
 1143              	usart_receiver_timeout_threshold_config:
 1144              	.LFB75:
 370:../Firmware/GD32E23x_standard_peripheral/Source/gd32e23x_usart.c **** 
 371:../Firmware/GD32E23x_standard_peripheral/Source/gd32e23x_usart.c **** /*!
 372:../Firmware/GD32E23x_standard_peripheral/Source/gd32e23x_usart.c ****     \brief      configure receiver timeout threshold
 373:../Firmware/GD32E23x_standard_peripheral/Source/gd32e23x_usart.c ****     \param[in]  usart_periph: USARTx(x=0)
 374:../Firmware/GD32E23x_standard_peripheral/Source/gd32e23x_usart.c ****     \param[in]  rtimeout: 0x00000000-0x00FFFFFF, receiver timeout value in terms of number of baud 
 375:../Firmware/GD32E23x_standard_peripheral/Source/gd32e23x_usart.c ****     \param[out] none
 376:../Firmware/GD32E23x_standard_peripheral/Source/gd32e23x_usart.c ****     \retval     none
 377:../Firmware/GD32E23x_standard_peripheral/Source/gd32e23x_usart.c **** */
 378:../Firmware/GD32E23x_standard_peripheral/Source/gd32e23x_usart.c **** void usart_receiver_timeout_threshold_config(uint32_t usart_periph, uint32_t rtimeout)
 379:../Firmware/GD32E23x_standard_peripheral/Source/gd32e23x_usart.c **** {
 1145              		.loc 1 379 1
 1146              		.cfi_startproc
 1147              		@ args = 0, pretend = 0, frame = 8
 1148              		@ frame_needed = 1, uses_anonymous_args = 0
 1149 0000 80B5     		push	{r7, lr}
 1150              		.cfi_def_cfa_offset 8
 1151              		.cfi_offset 7, -8
 1152              		.cfi_offset 14, -4
 1153 0002 82B0     		sub	sp, sp, #8
 1154              		.cfi_def_cfa_offset 16
 1155 0004 00AF     		add	r7, sp, #0
 1156              		.cfi_def_cfa_register 7
 1157 0006 7860     		str	r0, [r7, #4]
 1158 0008 3960     		str	r1, [r7]
 380:../Firmware/GD32E23x_standard_peripheral/Source/gd32e23x_usart.c ****     USART_RT(usart_periph) &= ~(USART_RT_RT);
 1159              		.loc 1 380 28
 1160 000a 7B68     		ldr	r3, [r7, #4]
 1161 000c 1433     		adds	r3, r3, #20
 1162 000e 1A68     		ldr	r2, [r3]
 1163 0010 7B68     		ldr	r3, [r7, #4]
 1164 0012 1433     		adds	r3, r3, #20
 1165 0014 120E     		lsrs	r2, r2, #24
 1166 0016 1206     		lsls	r2, r2, #24
 1167 0018 1A60     		str	r2, [r3]
 381:../Firmware/GD32E23x_standard_peripheral/Source/gd32e23x_usart.c ****     USART_RT(usart_periph) |= rtimeout;
 1168              		.loc 1 381 28
 1169 001a 7B68     		ldr	r3, [r7, #4]
 1170 001c 1433     		adds	r3, r3, #20
 1171 001e 1968     		ldr	r1, [r3]
 1172 0020 7B68     		ldr	r3, [r7, #4]
 1173 0022 1433     		adds	r3, r3, #20
 1174 0024 3A68     		ldr	r2, [r7]
 1175 0026 0A43     		orrs	r2, r1
 1176 0028 1A60     		str	r2, [r3]
 382:../Firmware/GD32E23x_standard_peripheral/Source/gd32e23x_usart.c **** }
 1177              		.loc 1 382 1
 1178 002a C046     		nop
 1179 002c BD46     		mov	sp, r7
 1180 002e 02B0     		add	sp, sp, #8
 1181              		@ sp needed
 1182 0030 80BD     		pop	{r7, pc}
 1183              		.cfi_endproc
 1184              	.LFE75:
 1186              		.section	.text.usart_data_transmit,"ax",%progbits
 1187              		.align	1
 1188              		.global	usart_data_transmit
 1189              		.syntax unified
 1190              		.code	16
 1191              		.thumb_func
 1192              		.fpu softvfp
 1194              	usart_data_transmit:
 1195              	.LFB76:
 383:../Firmware/GD32E23x_standard_peripheral/Source/gd32e23x_usart.c **** 
 384:../Firmware/GD32E23x_standard_peripheral/Source/gd32e23x_usart.c **** /*!
 385:../Firmware/GD32E23x_standard_peripheral/Source/gd32e23x_usart.c ****     \brief      USART transmit data function
 386:../Firmware/GD32E23x_standard_peripheral/Source/gd32e23x_usart.c ****     \param[in]  usart_periph: USARTx(x=0,1)
 387:../Firmware/GD32E23x_standard_peripheral/Source/gd32e23x_usart.c ****     \param[in]  data: data of transmission
 388:../Firmware/GD32E23x_standard_peripheral/Source/gd32e23x_usart.c ****     \param[out] none
 389:../Firmware/GD32E23x_standard_peripheral/Source/gd32e23x_usart.c ****     \retval     none
 390:../Firmware/GD32E23x_standard_peripheral/Source/gd32e23x_usart.c **** */
 391:../Firmware/GD32E23x_standard_peripheral/Source/gd32e23x_usart.c **** void usart_data_transmit(uint32_t usart_periph, uint32_t data)
 392:../Firmware/GD32E23x_standard_peripheral/Source/gd32e23x_usart.c **** {
 1196              		.loc 1 392 1
 1197              		.cfi_startproc
 1198              		@ args = 0, pretend = 0, frame = 8
 1199              		@ frame_needed = 1, uses_anonymous_args = 0
 1200 0000 80B5     		push	{r7, lr}
 1201              		.cfi_def_cfa_offset 8
 1202              		.cfi_offset 7, -8
 1203              		.cfi_offset 14, -4
 1204 0002 82B0     		sub	sp, sp, #8
 1205              		.cfi_def_cfa_offset 16
 1206 0004 00AF     		add	r7, sp, #0
 1207              		.cfi_def_cfa_register 7
 1208 0006 7860     		str	r0, [r7, #4]
 1209 0008 3960     		str	r1, [r7]
 393:../Firmware/GD32E23x_standard_peripheral/Source/gd32e23x_usart.c ****     USART_TDATA(usart_periph) = (USART_TDATA_TDATA & data);
 1210              		.loc 1 393 5
 1211 000a 7B68     		ldr	r3, [r7, #4]
 1212 000c 2833     		adds	r3, r3, #40
 1213              		.loc 1 393 52
 1214 000e 3A68     		ldr	r2, [r7]
 1215 0010 D205     		lsls	r2, r2, #23
 1216 0012 D20D     		lsrs	r2, r2, #23
 1217              		.loc 1 393 31
 1218 0014 1A60     		str	r2, [r3]
 394:../Firmware/GD32E23x_standard_peripheral/Source/gd32e23x_usart.c **** }
 1219              		.loc 1 394 1
 1220 0016 C046     		nop
 1221 0018 BD46     		mov	sp, r7
 1222 001a 02B0     		add	sp, sp, #8
 1223              		@ sp needed
 1224 001c 80BD     		pop	{r7, pc}
 1225              		.cfi_endproc
 1226              	.LFE76:
 1228              		.section	.text.usart_data_receive,"ax",%progbits
 1229              		.align	1
 1230              		.global	usart_data_receive
 1231              		.syntax unified
 1232              		.code	16
 1233              		.thumb_func
 1234              		.fpu softvfp
 1236              	usart_data_receive:
 1237              	.LFB77:
 395:../Firmware/GD32E23x_standard_peripheral/Source/gd32e23x_usart.c **** 
 396:../Firmware/GD32E23x_standard_peripheral/Source/gd32e23x_usart.c **** /*!
 397:../Firmware/GD32E23x_standard_peripheral/Source/gd32e23x_usart.c ****     \brief      USART receive data function
 398:../Firmware/GD32E23x_standard_peripheral/Source/gd32e23x_usart.c ****     \param[in]  usart_periph: USARTx(x=0,1)
 399:../Firmware/GD32E23x_standard_peripheral/Source/gd32e23x_usart.c ****     \param[out] none
 400:../Firmware/GD32E23x_standard_peripheral/Source/gd32e23x_usart.c ****     \retval     data of received
 401:../Firmware/GD32E23x_standard_peripheral/Source/gd32e23x_usart.c **** */
 402:../Firmware/GD32E23x_standard_peripheral/Source/gd32e23x_usart.c **** uint16_t usart_data_receive(uint32_t usart_periph)
 403:../Firmware/GD32E23x_standard_peripheral/Source/gd32e23x_usart.c **** {
 1238              		.loc 1 403 1
 1239              		.cfi_startproc
 1240              		@ args = 0, pretend = 0, frame = 8
 1241              		@ frame_needed = 1, uses_anonymous_args = 0
 1242 0000 80B5     		push	{r7, lr}
 1243              		.cfi_def_cfa_offset 8
 1244              		.cfi_offset 7, -8
 1245              		.cfi_offset 14, -4
 1246 0002 82B0     		sub	sp, sp, #8
 1247              		.cfi_def_cfa_offset 16
 1248 0004 00AF     		add	r7, sp, #0
 1249              		.cfi_def_cfa_register 7
 1250 0006 7860     		str	r0, [r7, #4]
 404:../Firmware/GD32E23x_standard_peripheral/Source/gd32e23x_usart.c ****     return (uint16_t)(GET_BITS(USART_RDATA(usart_periph), 0U, 8U));
 1251              		.loc 1 404 23
 1252 0008 7B68     		ldr	r3, [r7, #4]
 1253 000a 2433     		adds	r3, r3, #36
 1254 000c 1B68     		ldr	r3, [r3]
 1255              		.loc 1 404 12
 1256 000e 9BB2     		uxth	r3, r3
 1257 0010 DB05     		lsls	r3, r3, #23
 1258 0012 DB0D     		lsrs	r3, r3, #23
 1259 0014 9BB2     		uxth	r3, r3
 405:../Firmware/GD32E23x_standard_peripheral/Source/gd32e23x_usart.c **** }
 1260              		.loc 1 405 1
 1261 0016 1800     		movs	r0, r3
 1262 0018 BD46     		mov	sp, r7
 1263 001a 02B0     		add	sp, sp, #8
 1264              		@ sp needed
 1265 001c 80BD     		pop	{r7, pc}
 1266              		.cfi_endproc
 1267              	.LFE77:
 1269              		.section	.text.usart_address_config,"ax",%progbits
 1270              		.align	1
 1271              		.global	usart_address_config
 1272              		.syntax unified
 1273              		.code	16
 1274              		.thumb_func
 1275              		.fpu softvfp
 1277              	usart_address_config:
 1278              	.LFB78:
 406:../Firmware/GD32E23x_standard_peripheral/Source/gd32e23x_usart.c **** 
 407:../Firmware/GD32E23x_standard_peripheral/Source/gd32e23x_usart.c **** /*!
 408:../Firmware/GD32E23x_standard_peripheral/Source/gd32e23x_usart.c ****     \brief      address of the USART terminal
 409:../Firmware/GD32E23x_standard_peripheral/Source/gd32e23x_usart.c ****     \param[in]  usart_periph: USARTx(x=0,1)
 410:../Firmware/GD32E23x_standard_peripheral/Source/gd32e23x_usart.c ****     \param[in]  addr: 0x00-0xFF, address of USART terminal
 411:../Firmware/GD32E23x_standard_peripheral/Source/gd32e23x_usart.c ****     \param[out] none
 412:../Firmware/GD32E23x_standard_peripheral/Source/gd32e23x_usart.c ****     \retval     none
 413:../Firmware/GD32E23x_standard_peripheral/Source/gd32e23x_usart.c **** */
 414:../Firmware/GD32E23x_standard_peripheral/Source/gd32e23x_usart.c **** void usart_address_config(uint32_t usart_periph, uint8_t addr)
 415:../Firmware/GD32E23x_standard_peripheral/Source/gd32e23x_usart.c **** {
 1279              		.loc 1 415 1
 1280              		.cfi_startproc
 1281              		@ args = 0, pretend = 0, frame = 8
 1282              		@ frame_needed = 1, uses_anonymous_args = 0
 1283 0000 80B5     		push	{r7, lr}
 1284              		.cfi_def_cfa_offset 8
 1285              		.cfi_offset 7, -8
 1286              		.cfi_offset 14, -4
 1287 0002 82B0     		sub	sp, sp, #8
 1288              		.cfi_def_cfa_offset 16
 1289 0004 00AF     		add	r7, sp, #0
 1290              		.cfi_def_cfa_register 7
 1291 0006 7860     		str	r0, [r7, #4]
 1292 0008 0A00     		movs	r2, r1
 1293 000a FB1C     		adds	r3, r7, #3
 1294 000c 1A70     		strb	r2, [r3]
 416:../Firmware/GD32E23x_standard_peripheral/Source/gd32e23x_usart.c ****     /* disable USART */
 417:../Firmware/GD32E23x_standard_peripheral/Source/gd32e23x_usart.c ****     USART_CTL0(usart_periph) &= ~(USART_CTL0_UEN);
 1295              		.loc 1 417 30
 1296 000e 7B68     		ldr	r3, [r7, #4]
 1297 0010 1A68     		ldr	r2, [r3]
 1298 0012 7B68     		ldr	r3, [r7, #4]
 1299 0014 0121     		movs	r1, #1
 1300 0016 8A43     		bics	r2, r1
 1301 0018 1A60     		str	r2, [r3]
 418:../Firmware/GD32E23x_standard_peripheral/Source/gd32e23x_usart.c **** 
 419:../Firmware/GD32E23x_standard_peripheral/Source/gd32e23x_usart.c ****     USART_CTL1(usart_periph) &= ~(USART_CTL1_ADDR);
 1302              		.loc 1 419 30
 1303 001a 7B68     		ldr	r3, [r7, #4]
 1304 001c 0433     		adds	r3, r3, #4
 1305 001e 1A68     		ldr	r2, [r3]
 1306 0020 7B68     		ldr	r3, [r7, #4]
 1307 0022 0433     		adds	r3, r3, #4
 1308 0024 1202     		lsls	r2, r2, #8
 1309 0026 120A     		lsrs	r2, r2, #8
 1310 0028 1A60     		str	r2, [r3]
 420:../Firmware/GD32E23x_standard_peripheral/Source/gd32e23x_usart.c ****     USART_CTL1(usart_periph) |= (USART_CTL1_ADDR & (((uint32_t)addr) << 24));
 1311              		.loc 1 420 30
 1312 002a 7B68     		ldr	r3, [r7, #4]
 1313 002c 0433     		adds	r3, r3, #4
 1314 002e 1968     		ldr	r1, [r3]
 1315              		.loc 1 420 54
 1316 0030 FB1C     		adds	r3, r7, #3
 1317 0032 1B78     		ldrb	r3, [r3]
 1318              		.loc 1 420 50
 1319 0034 1A06     		lsls	r2, r3, #24
 1320              		.loc 1 420 30
 1321 0036 7B68     		ldr	r3, [r7, #4]
 1322 0038 0433     		adds	r3, r3, #4
 1323 003a 0A43     		orrs	r2, r1
 1324 003c 1A60     		str	r2, [r3]
 421:../Firmware/GD32E23x_standard_peripheral/Source/gd32e23x_usart.c **** }
 1325              		.loc 1 421 1
 1326 003e C046     		nop
 1327 0040 BD46     		mov	sp, r7
 1328 0042 02B0     		add	sp, sp, #8
 1329              		@ sp needed
 1330 0044 80BD     		pop	{r7, pc}
 1331              		.cfi_endproc
 1332              	.LFE78:
 1334              		.section	.text.usart_address_detection_mode_config,"ax",%progbits
 1335              		.align	1
 1336              		.global	usart_address_detection_mode_config
 1337              		.syntax unified
 1338              		.code	16
 1339              		.thumb_func
 1340              		.fpu softvfp
 1342              	usart_address_detection_mode_config:
 1343              	.LFB79:
 422:../Firmware/GD32E23x_standard_peripheral/Source/gd32e23x_usart.c **** 
 423:../Firmware/GD32E23x_standard_peripheral/Source/gd32e23x_usart.c **** /*!
 424:../Firmware/GD32E23x_standard_peripheral/Source/gd32e23x_usart.c ****     \brief      configure address detection mode
 425:../Firmware/GD32E23x_standard_peripheral/Source/gd32e23x_usart.c ****     \param[in]  usart_periph: USARTx(x=0,1)
 426:../Firmware/GD32E23x_standard_peripheral/Source/gd32e23x_usart.c ****     \param[in]  addmod: address detection mode
 427:../Firmware/GD32E23x_standard_peripheral/Source/gd32e23x_usart.c ****                 only one parameter can be selected which is shown as below:
 428:../Firmware/GD32E23x_standard_peripheral/Source/gd32e23x_usart.c ****       \arg        USART_ADDM_4BIT: 4 bits
 429:../Firmware/GD32E23x_standard_peripheral/Source/gd32e23x_usart.c ****       \arg        USART_ADDM_FULLBIT: full bits
 430:../Firmware/GD32E23x_standard_peripheral/Source/gd32e23x_usart.c ****     \param[out] none
 431:../Firmware/GD32E23x_standard_peripheral/Source/gd32e23x_usart.c ****     \retval     none
 432:../Firmware/GD32E23x_standard_peripheral/Source/gd32e23x_usart.c **** */
 433:../Firmware/GD32E23x_standard_peripheral/Source/gd32e23x_usart.c **** void usart_address_detection_mode_config(uint32_t usart_periph, uint32_t addmod)
 434:../Firmware/GD32E23x_standard_peripheral/Source/gd32e23x_usart.c **** {
 1344              		.loc 1 434 1
 1345              		.cfi_startproc
 1346              		@ args = 0, pretend = 0, frame = 8
 1347              		@ frame_needed = 1, uses_anonymous_args = 0
 1348 0000 80B5     		push	{r7, lr}
 1349              		.cfi_def_cfa_offset 8
 1350              		.cfi_offset 7, -8
 1351              		.cfi_offset 14, -4
 1352 0002 82B0     		sub	sp, sp, #8
 1353              		.cfi_def_cfa_offset 16
 1354 0004 00AF     		add	r7, sp, #0
 1355              		.cfi_def_cfa_register 7
 1356 0006 7860     		str	r0, [r7, #4]
 1357 0008 3960     		str	r1, [r7]
 435:../Firmware/GD32E23x_standard_peripheral/Source/gd32e23x_usart.c ****     /* disable USART */
 436:../Firmware/GD32E23x_standard_peripheral/Source/gd32e23x_usart.c ****     USART_CTL0(usart_periph) &= ~(USART_CTL0_UEN);
 1358              		.loc 1 436 30
 1359 000a 7B68     		ldr	r3, [r7, #4]
 1360 000c 1A68     		ldr	r2, [r3]
 1361 000e 7B68     		ldr	r3, [r7, #4]
 1362 0010 0121     		movs	r1, #1
 1363 0012 8A43     		bics	r2, r1
 1364 0014 1A60     		str	r2, [r3]
 437:../Firmware/GD32E23x_standard_peripheral/Source/gd32e23x_usart.c **** 
 438:../Firmware/GD32E23x_standard_peripheral/Source/gd32e23x_usart.c ****     USART_CTL1(usart_periph) &= ~(USART_CTL1_ADDM);
 1365              		.loc 1 438 30
 1366 0016 7B68     		ldr	r3, [r7, #4]
 1367 0018 0433     		adds	r3, r3, #4
 1368 001a 1A68     		ldr	r2, [r3]
 1369 001c 7B68     		ldr	r3, [r7, #4]
 1370 001e 0433     		adds	r3, r3, #4
 1371 0020 1021     		movs	r1, #16
 1372 0022 8A43     		bics	r2, r1
 1373 0024 1A60     		str	r2, [r3]
 439:../Firmware/GD32E23x_standard_peripheral/Source/gd32e23x_usart.c ****     USART_CTL1(usart_periph) |= USART_CTL1_ADDM & (addmod);
 1374              		.loc 1 439 30
 1375 0026 7B68     		ldr	r3, [r7, #4]
 1376 0028 0433     		adds	r3, r3, #4
 1377 002a 1968     		ldr	r1, [r3]
 1378              		.loc 1 439 49
 1379 002c 3B68     		ldr	r3, [r7]
 1380 002e 1022     		movs	r2, #16
 1381 0030 1A40     		ands	r2, r3
 1382              		.loc 1 439 30
 1383 0032 7B68     		ldr	r3, [r7, #4]
 1384 0034 0433     		adds	r3, r3, #4
 1385 0036 0A43     		orrs	r2, r1
 1386 0038 1A60     		str	r2, [r3]
 440:../Firmware/GD32E23x_standard_peripheral/Source/gd32e23x_usart.c **** }
 1387              		.loc 1 440 1
 1388 003a C046     		nop
 1389 003c BD46     		mov	sp, r7
 1390 003e 02B0     		add	sp, sp, #8
 1391              		@ sp needed
 1392 0040 80BD     		pop	{r7, pc}
 1393              		.cfi_endproc
 1394              	.LFE79:
 1396              		.section	.text.usart_mute_mode_enable,"ax",%progbits
 1397              		.align	1
 1398              		.global	usart_mute_mode_enable
 1399              		.syntax unified
 1400              		.code	16
 1401              		.thumb_func
 1402              		.fpu softvfp
 1404              	usart_mute_mode_enable:
 1405              	.LFB80:
 441:../Firmware/GD32E23x_standard_peripheral/Source/gd32e23x_usart.c **** 
 442:../Firmware/GD32E23x_standard_peripheral/Source/gd32e23x_usart.c **** /*!
 443:../Firmware/GD32E23x_standard_peripheral/Source/gd32e23x_usart.c ****     \brief      enable mute mode
 444:../Firmware/GD32E23x_standard_peripheral/Source/gd32e23x_usart.c ****     \param[in]  usart_periph: USARTx(x=0,1)
 445:../Firmware/GD32E23x_standard_peripheral/Source/gd32e23x_usart.c ****     \param[out] none
 446:../Firmware/GD32E23x_standard_peripheral/Source/gd32e23x_usart.c ****     \retval     none
 447:../Firmware/GD32E23x_standard_peripheral/Source/gd32e23x_usart.c **** */
 448:../Firmware/GD32E23x_standard_peripheral/Source/gd32e23x_usart.c **** void usart_mute_mode_enable(uint32_t usart_periph)
 449:../Firmware/GD32E23x_standard_peripheral/Source/gd32e23x_usart.c **** {
 1406              		.loc 1 449 1
 1407              		.cfi_startproc
 1408              		@ args = 0, pretend = 0, frame = 8
 1409              		@ frame_needed = 1, uses_anonymous_args = 0
 1410 0000 80B5     		push	{r7, lr}
 1411              		.cfi_def_cfa_offset 8
 1412              		.cfi_offset 7, -8
 1413              		.cfi_offset 14, -4
 1414 0002 82B0     		sub	sp, sp, #8
 1415              		.cfi_def_cfa_offset 16
 1416 0004 00AF     		add	r7, sp, #0
 1417              		.cfi_def_cfa_register 7
 1418 0006 7860     		str	r0, [r7, #4]
 450:../Firmware/GD32E23x_standard_peripheral/Source/gd32e23x_usart.c ****     USART_CTL0(usart_periph) |= USART_CTL0_MEN;
 1419              		.loc 1 450 30
 1420 0008 7B68     		ldr	r3, [r7, #4]
 1421 000a 1A68     		ldr	r2, [r3]
 1422 000c 7B68     		ldr	r3, [r7, #4]
 1423 000e 42F20001 		movw	r1, #8192
 1424 0012 0A43     		orrs	r2, r1
 1425 0014 1A60     		str	r2, [r3]
 451:../Firmware/GD32E23x_standard_peripheral/Source/gd32e23x_usart.c **** }
 1426              		.loc 1 451 1
 1427 0016 C046     		nop
 1428 0018 BD46     		mov	sp, r7
 1429 001a 02B0     		add	sp, sp, #8
 1430              		@ sp needed
 1431 001c 80BD     		pop	{r7, pc}
 1432              		.cfi_endproc
 1433              	.LFE80:
 1435              		.section	.text.usart_mute_mode_disable,"ax",%progbits
 1436              		.align	1
 1437              		.global	usart_mute_mode_disable
 1438              		.syntax unified
 1439              		.code	16
 1440              		.thumb_func
 1441              		.fpu softvfp
 1443              	usart_mute_mode_disable:
 1444              	.LFB81:
 452:../Firmware/GD32E23x_standard_peripheral/Source/gd32e23x_usart.c **** 
 453:../Firmware/GD32E23x_standard_peripheral/Source/gd32e23x_usart.c **** /*!
 454:../Firmware/GD32E23x_standard_peripheral/Source/gd32e23x_usart.c ****     \brief      disable mute mode
 455:../Firmware/GD32E23x_standard_peripheral/Source/gd32e23x_usart.c ****     \param[in]  usart_periph: USARTx(x=0,1)
 456:../Firmware/GD32E23x_standard_peripheral/Source/gd32e23x_usart.c ****     \param[out] none
 457:../Firmware/GD32E23x_standard_peripheral/Source/gd32e23x_usart.c ****     \retval     none
 458:../Firmware/GD32E23x_standard_peripheral/Source/gd32e23x_usart.c **** */
 459:../Firmware/GD32E23x_standard_peripheral/Source/gd32e23x_usart.c **** void usart_mute_mode_disable(uint32_t usart_periph)
 460:../Firmware/GD32E23x_standard_peripheral/Source/gd32e23x_usart.c **** {
 1445              		.loc 1 460 1
 1446              		.cfi_startproc
 1447              		@ args = 0, pretend = 0, frame = 8
 1448              		@ frame_needed = 1, uses_anonymous_args = 0
 1449 0000 80B5     		push	{r7, lr}
 1450              		.cfi_def_cfa_offset 8
 1451              		.cfi_offset 7, -8
 1452              		.cfi_offset 14, -4
 1453 0002 82B0     		sub	sp, sp, #8
 1454              		.cfi_def_cfa_offset 16
 1455 0004 00AF     		add	r7, sp, #0
 1456              		.cfi_def_cfa_register 7
 1457 0006 7860     		str	r0, [r7, #4]
 461:../Firmware/GD32E23x_standard_peripheral/Source/gd32e23x_usart.c ****     USART_CTL0(usart_periph) &= ~(USART_CTL0_MEN);
 1458              		.loc 1 461 30
 1459 0008 7B68     		ldr	r3, [r7, #4]
 1460 000a 1A68     		ldr	r2, [r3]
 1461 000c 7B68     		ldr	r3, [r7, #4]
 1462 000e 0349     		ldr	r1, .L67
 1463 0010 0A40     		ands	r2, r1
 1464 0012 1A60     		str	r2, [r3]
 462:../Firmware/GD32E23x_standard_peripheral/Source/gd32e23x_usart.c **** }
 1465              		.loc 1 462 1
 1466 0014 C046     		nop
 1467 0016 BD46     		mov	sp, r7
 1468 0018 02B0     		add	sp, sp, #8
 1469              		@ sp needed
 1470 001a 80BD     		pop	{r7, pc}
 1471              	.L68:
 1472              		.align	2
 1473              	.L67:
 1474 001c FFDFFFFF 		.word	-8193
 1475              		.cfi_endproc
 1476              	.LFE81:
 1478              		.section	.text.usart_mute_mode_wakeup_config,"ax",%progbits
 1479              		.align	1
 1480              		.global	usart_mute_mode_wakeup_config
 1481              		.syntax unified
 1482              		.code	16
 1483              		.thumb_func
 1484              		.fpu softvfp
 1486              	usart_mute_mode_wakeup_config:
 1487              	.LFB82:
 463:../Firmware/GD32E23x_standard_peripheral/Source/gd32e23x_usart.c **** 
 464:../Firmware/GD32E23x_standard_peripheral/Source/gd32e23x_usart.c **** /*!
 465:../Firmware/GD32E23x_standard_peripheral/Source/gd32e23x_usart.c ****     \brief      configure wakeup method in mute mode
 466:../Firmware/GD32E23x_standard_peripheral/Source/gd32e23x_usart.c ****     \param[in]  usart_periph: USARTx(x=0,1)
 467:../Firmware/GD32E23x_standard_peripheral/Source/gd32e23x_usart.c ****     \param[in]  wmethod: two methods be used to enter or exit the mute mode
 468:../Firmware/GD32E23x_standard_peripheral/Source/gd32e23x_usart.c ****                 only one parameter can be selected which is shown as below:
 469:../Firmware/GD32E23x_standard_peripheral/Source/gd32e23x_usart.c ****       \arg        USART_WM_IDLE: idle line
 470:../Firmware/GD32E23x_standard_peripheral/Source/gd32e23x_usart.c ****       \arg        USART_WM_ADDR: address mark
 471:../Firmware/GD32E23x_standard_peripheral/Source/gd32e23x_usart.c ****     \param[out] none
 472:../Firmware/GD32E23x_standard_peripheral/Source/gd32e23x_usart.c ****     \retval     none
 473:../Firmware/GD32E23x_standard_peripheral/Source/gd32e23x_usart.c **** */
 474:../Firmware/GD32E23x_standard_peripheral/Source/gd32e23x_usart.c **** void usart_mute_mode_wakeup_config(uint32_t usart_periph, uint32_t wmethod)
 475:../Firmware/GD32E23x_standard_peripheral/Source/gd32e23x_usart.c **** {
 1488              		.loc 1 475 1
 1489              		.cfi_startproc
 1490              		@ args = 0, pretend = 0, frame = 8
 1491              		@ frame_needed = 1, uses_anonymous_args = 0
 1492 0000 80B5     		push	{r7, lr}
 1493              		.cfi_def_cfa_offset 8
 1494              		.cfi_offset 7, -8
 1495              		.cfi_offset 14, -4
 1496 0002 82B0     		sub	sp, sp, #8
 1497              		.cfi_def_cfa_offset 16
 1498 0004 00AF     		add	r7, sp, #0
 1499              		.cfi_def_cfa_register 7
 1500 0006 7860     		str	r0, [r7, #4]
 1501 0008 3960     		str	r1, [r7]
 476:../Firmware/GD32E23x_standard_peripheral/Source/gd32e23x_usart.c ****     /* disable USART */
 477:../Firmware/GD32E23x_standard_peripheral/Source/gd32e23x_usart.c ****     USART_CTL0(usart_periph) &= ~(USART_CTL0_UEN);
 1502              		.loc 1 477 30
 1503 000a 7B68     		ldr	r3, [r7, #4]
 1504 000c 1A68     		ldr	r2, [r3]
 1505 000e 7B68     		ldr	r3, [r7, #4]
 1506 0010 0121     		movs	r1, #1
 1507 0012 8A43     		bics	r2, r1
 1508 0014 1A60     		str	r2, [r3]
 478:../Firmware/GD32E23x_standard_peripheral/Source/gd32e23x_usart.c **** 
 479:../Firmware/GD32E23x_standard_peripheral/Source/gd32e23x_usart.c ****     USART_CTL0(usart_periph) &= ~(USART_CTL0_WM);
 1509              		.loc 1 479 30
 1510 0016 7B68     		ldr	r3, [r7, #4]
 1511 0018 1A68     		ldr	r2, [r3]
 1512 001a 7B68     		ldr	r3, [r7, #4]
 1513 001c 0649     		ldr	r1, .L70
 1514 001e 0A40     		ands	r2, r1
 1515 0020 1A60     		str	r2, [r3]
 480:../Firmware/GD32E23x_standard_peripheral/Source/gd32e23x_usart.c ****     USART_CTL0(usart_periph) |= wmethod;
 1516              		.loc 1 480 30
 1517 0022 7B68     		ldr	r3, [r7, #4]
 1518 0024 1968     		ldr	r1, [r3]
 1519 0026 7B68     		ldr	r3, [r7, #4]
 1520 0028 3A68     		ldr	r2, [r7]
 1521 002a 0A43     		orrs	r2, r1
 1522 002c 1A60     		str	r2, [r3]
 481:../Firmware/GD32E23x_standard_peripheral/Source/gd32e23x_usart.c **** }
 1523              		.loc 1 481 1
 1524 002e C046     		nop
 1525 0030 BD46     		mov	sp, r7
 1526 0032 02B0     		add	sp, sp, #8
 1527              		@ sp needed
 1528 0034 80BD     		pop	{r7, pc}
 1529              	.L71:
 1530 0036 C046     		.align	2
 1531              	.L70:
 1532 0038 FFF7FFFF 		.word	-2049
 1533              		.cfi_endproc
 1534              	.LFE82:
 1536              		.section	.text.usart_lin_mode_enable,"ax",%progbits
 1537              		.align	1
 1538              		.global	usart_lin_mode_enable
 1539              		.syntax unified
 1540              		.code	16
 1541              		.thumb_func
 1542              		.fpu softvfp
 1544              	usart_lin_mode_enable:
 1545              	.LFB83:
 482:../Firmware/GD32E23x_standard_peripheral/Source/gd32e23x_usart.c **** 
 483:../Firmware/GD32E23x_standard_peripheral/Source/gd32e23x_usart.c **** /*!
 484:../Firmware/GD32E23x_standard_peripheral/Source/gd32e23x_usart.c ****     \brief      enable LIN mode
 485:../Firmware/GD32E23x_standard_peripheral/Source/gd32e23x_usart.c ****     \param[in]  usart_periph: USARTx(x=0)
 486:../Firmware/GD32E23x_standard_peripheral/Source/gd32e23x_usart.c ****     \param[out] none
 487:../Firmware/GD32E23x_standard_peripheral/Source/gd32e23x_usart.c ****     \retval     none
 488:../Firmware/GD32E23x_standard_peripheral/Source/gd32e23x_usart.c **** */
 489:../Firmware/GD32E23x_standard_peripheral/Source/gd32e23x_usart.c **** void usart_lin_mode_enable(uint32_t usart_periph)
 490:../Firmware/GD32E23x_standard_peripheral/Source/gd32e23x_usart.c **** {
 1546              		.loc 1 490 1
 1547              		.cfi_startproc
 1548              		@ args = 0, pretend = 0, frame = 8
 1549              		@ frame_needed = 1, uses_anonymous_args = 0
 1550 0000 80B5     		push	{r7, lr}
 1551              		.cfi_def_cfa_offset 8
 1552              		.cfi_offset 7, -8
 1553              		.cfi_offset 14, -4
 1554 0002 82B0     		sub	sp, sp, #8
 1555              		.cfi_def_cfa_offset 16
 1556 0004 00AF     		add	r7, sp, #0
 1557              		.cfi_def_cfa_register 7
 1558 0006 7860     		str	r0, [r7, #4]
 491:../Firmware/GD32E23x_standard_peripheral/Source/gd32e23x_usart.c ****     /* disable USART */
 492:../Firmware/GD32E23x_standard_peripheral/Source/gd32e23x_usart.c ****     USART_CTL0(usart_periph) &= ~(USART_CTL0_UEN);
 1559              		.loc 1 492 30
 1560 0008 7B68     		ldr	r3, [r7, #4]
 1561 000a 1A68     		ldr	r2, [r3]
 1562 000c 7B68     		ldr	r3, [r7, #4]
 1563 000e 0121     		movs	r1, #1
 1564 0010 8A43     		bics	r2, r1
 1565 0012 1A60     		str	r2, [r3]
 493:../Firmware/GD32E23x_standard_peripheral/Source/gd32e23x_usart.c **** 
 494:../Firmware/GD32E23x_standard_peripheral/Source/gd32e23x_usart.c ****     USART_CTL1(usart_periph) |= USART_CTL1_LMEN;
 1566              		.loc 1 494 30
 1567 0014 7B68     		ldr	r3, [r7, #4]
 1568 0016 0433     		adds	r3, r3, #4
 1569 0018 1A68     		ldr	r2, [r3]
 1570 001a 7B68     		ldr	r3, [r7, #4]
 1571 001c 0433     		adds	r3, r3, #4
 1572 001e 44F20001 		movw	r1, #16384
 1573 0022 0A43     		orrs	r2, r1
 1574 0024 1A60     		str	r2, [r3]
 495:../Firmware/GD32E23x_standard_peripheral/Source/gd32e23x_usart.c **** }
 1575              		.loc 1 495 1
 1576 0026 C046     		nop
 1577 0028 BD46     		mov	sp, r7
 1578 002a 02B0     		add	sp, sp, #8
 1579              		@ sp needed
 1580 002c 80BD     		pop	{r7, pc}
 1581              		.cfi_endproc
 1582              	.LFE83:
 1584              		.section	.text.usart_lin_mode_disable,"ax",%progbits
 1585              		.align	1
 1586              		.global	usart_lin_mode_disable
 1587              		.syntax unified
 1588              		.code	16
 1589              		.thumb_func
 1590              		.fpu softvfp
 1592              	usart_lin_mode_disable:
 1593              	.LFB84:
 496:../Firmware/GD32E23x_standard_peripheral/Source/gd32e23x_usart.c **** 
 497:../Firmware/GD32E23x_standard_peripheral/Source/gd32e23x_usart.c **** /*!
 498:../Firmware/GD32E23x_standard_peripheral/Source/gd32e23x_usart.c ****     \brief      disable LIN mode
 499:../Firmware/GD32E23x_standard_peripheral/Source/gd32e23x_usart.c ****     \param[in]  usart_periph: USARTx(x=0)
 500:../Firmware/GD32E23x_standard_peripheral/Source/gd32e23x_usart.c ****     \param[out] none
 501:../Firmware/GD32E23x_standard_peripheral/Source/gd32e23x_usart.c ****     \retval     none
 502:../Firmware/GD32E23x_standard_peripheral/Source/gd32e23x_usart.c **** */
 503:../Firmware/GD32E23x_standard_peripheral/Source/gd32e23x_usart.c **** void usart_lin_mode_disable(uint32_t usart_periph)
 504:../Firmware/GD32E23x_standard_peripheral/Source/gd32e23x_usart.c **** {
 1594              		.loc 1 504 1
 1595              		.cfi_startproc
 1596              		@ args = 0, pretend = 0, frame = 8
 1597              		@ frame_needed = 1, uses_anonymous_args = 0
 1598 0000 80B5     		push	{r7, lr}
 1599              		.cfi_def_cfa_offset 8
 1600              		.cfi_offset 7, -8
 1601              		.cfi_offset 14, -4
 1602 0002 82B0     		sub	sp, sp, #8
 1603              		.cfi_def_cfa_offset 16
 1604 0004 00AF     		add	r7, sp, #0
 1605              		.cfi_def_cfa_register 7
 1606 0006 7860     		str	r0, [r7, #4]
 505:../Firmware/GD32E23x_standard_peripheral/Source/gd32e23x_usart.c ****     /* disable USART */
 506:../Firmware/GD32E23x_standard_peripheral/Source/gd32e23x_usart.c ****     USART_CTL0(usart_periph) &= ~(USART_CTL0_UEN);
 1607              		.loc 1 506 30
 1608 0008 7B68     		ldr	r3, [r7, #4]
 1609 000a 1A68     		ldr	r2, [r3]
 1610 000c 7B68     		ldr	r3, [r7, #4]
 1611 000e 0121     		movs	r1, #1
 1612 0010 8A43     		bics	r2, r1
 1613 0012 1A60     		str	r2, [r3]
 507:../Firmware/GD32E23x_standard_peripheral/Source/gd32e23x_usart.c **** 
 508:../Firmware/GD32E23x_standard_peripheral/Source/gd32e23x_usart.c ****     USART_CTL1(usart_periph) &= ~(USART_CTL1_LMEN);
 1614              		.loc 1 508 30
 1615 0014 7B68     		ldr	r3, [r7, #4]
 1616 0016 0433     		adds	r3, r3, #4
 1617 0018 1A68     		ldr	r2, [r3]
 1618 001a 7B68     		ldr	r3, [r7, #4]
 1619 001c 0433     		adds	r3, r3, #4
 1620 001e 0349     		ldr	r1, .L74
 1621 0020 0A40     		ands	r2, r1
 1622 0022 1A60     		str	r2, [r3]
 509:../Firmware/GD32E23x_standard_peripheral/Source/gd32e23x_usart.c **** }
 1623              		.loc 1 509 1
 1624 0024 C046     		nop
 1625 0026 BD46     		mov	sp, r7
 1626 0028 02B0     		add	sp, sp, #8
 1627              		@ sp needed
 1628 002a 80BD     		pop	{r7, pc}
 1629              	.L75:
 1630              		.align	2
 1631              	.L74:
 1632 002c FFBFFFFF 		.word	-16385
 1633              		.cfi_endproc
 1634              	.LFE84:
 1636              		.section	.text.usart_lin_break_detection_length_config,"ax",%progbits
 1637              		.align	1
 1638              		.global	usart_lin_break_detection_length_config
 1639              		.syntax unified
 1640              		.code	16
 1641              		.thumb_func
 1642              		.fpu softvfp
 1644              	usart_lin_break_detection_length_config:
 1645              	.LFB85:
 510:../Firmware/GD32E23x_standard_peripheral/Source/gd32e23x_usart.c **** 
 511:../Firmware/GD32E23x_standard_peripheral/Source/gd32e23x_usart.c **** /*!
 512:../Firmware/GD32E23x_standard_peripheral/Source/gd32e23x_usart.c ****     \brief      LIN break detection length
 513:../Firmware/GD32E23x_standard_peripheral/Source/gd32e23x_usart.c ****     \param[in]  usart_periph: USARTx(x=0)
 514:../Firmware/GD32E23x_standard_peripheral/Source/gd32e23x_usart.c ****     \param[in]  lblen: LIN break detection length
 515:../Firmware/GD32E23x_standard_peripheral/Source/gd32e23x_usart.c ****                 only one parameter can be selected which is shown as below:
 516:../Firmware/GD32E23x_standard_peripheral/Source/gd32e23x_usart.c ****       \arg        USART_LBLEN_10B: 10 bits break detection
 517:../Firmware/GD32E23x_standard_peripheral/Source/gd32e23x_usart.c ****       \arg        USART_LBLEN_11B: 11 bits break detection
 518:../Firmware/GD32E23x_standard_peripheral/Source/gd32e23x_usart.c ****     \param[out] none
 519:../Firmware/GD32E23x_standard_peripheral/Source/gd32e23x_usart.c ****     \retval     none
 520:../Firmware/GD32E23x_standard_peripheral/Source/gd32e23x_usart.c **** */
 521:../Firmware/GD32E23x_standard_peripheral/Source/gd32e23x_usart.c **** void usart_lin_break_detection_length_config(uint32_t usart_periph, uint32_t lblen)
 522:../Firmware/GD32E23x_standard_peripheral/Source/gd32e23x_usart.c **** {
 1646              		.loc 1 522 1
 1647              		.cfi_startproc
 1648              		@ args = 0, pretend = 0, frame = 8
 1649              		@ frame_needed = 1, uses_anonymous_args = 0
 1650 0000 80B5     		push	{r7, lr}
 1651              		.cfi_def_cfa_offset 8
 1652              		.cfi_offset 7, -8
 1653              		.cfi_offset 14, -4
 1654 0002 82B0     		sub	sp, sp, #8
 1655              		.cfi_def_cfa_offset 16
 1656 0004 00AF     		add	r7, sp, #0
 1657              		.cfi_def_cfa_register 7
 1658 0006 7860     		str	r0, [r7, #4]
 1659 0008 3960     		str	r1, [r7]
 523:../Firmware/GD32E23x_standard_peripheral/Source/gd32e23x_usart.c ****     /* disable USART */
 524:../Firmware/GD32E23x_standard_peripheral/Source/gd32e23x_usart.c ****     USART_CTL0(usart_periph) &= ~(USART_CTL0_UEN);
 1660              		.loc 1 524 30
 1661 000a 7B68     		ldr	r3, [r7, #4]
 1662 000c 1A68     		ldr	r2, [r3]
 1663 000e 7B68     		ldr	r3, [r7, #4]
 1664 0010 0121     		movs	r1, #1
 1665 0012 8A43     		bics	r2, r1
 1666 0014 1A60     		str	r2, [r3]
 525:../Firmware/GD32E23x_standard_peripheral/Source/gd32e23x_usart.c ****     USART_CTL1(usart_periph) &= ~(USART_CTL1_LBLEN);
 1667              		.loc 1 525 30
 1668 0016 7B68     		ldr	r3, [r7, #4]
 1669 0018 0433     		adds	r3, r3, #4
 1670 001a 1A68     		ldr	r2, [r3]
 1671 001c 7B68     		ldr	r3, [r7, #4]
 1672 001e 0433     		adds	r3, r3, #4
 1673 0020 2021     		movs	r1, #32
 1674 0022 8A43     		bics	r2, r1
 1675 0024 1A60     		str	r2, [r3]
 526:../Firmware/GD32E23x_standard_peripheral/Source/gd32e23x_usart.c ****     USART_CTL1(usart_periph) |= USART_CTL1_LBLEN & (lblen);
 1676              		.loc 1 526 30
 1677 0026 7B68     		ldr	r3, [r7, #4]
 1678 0028 0433     		adds	r3, r3, #4
 1679 002a 1968     		ldr	r1, [r3]
 1680              		.loc 1 526 50
 1681 002c 3B68     		ldr	r3, [r7]
 1682 002e 2022     		movs	r2, #32
 1683 0030 1A40     		ands	r2, r3
 1684              		.loc 1 526 30
 1685 0032 7B68     		ldr	r3, [r7, #4]
 1686 0034 0433     		adds	r3, r3, #4
 1687 0036 0A43     		orrs	r2, r1
 1688 0038 1A60     		str	r2, [r3]
 527:../Firmware/GD32E23x_standard_peripheral/Source/gd32e23x_usart.c **** }
 1689              		.loc 1 527 1
 1690 003a C046     		nop
 1691 003c BD46     		mov	sp, r7
 1692 003e 02B0     		add	sp, sp, #8
 1693              		@ sp needed
 1694 0040 80BD     		pop	{r7, pc}
 1695              		.cfi_endproc
 1696              	.LFE85:
 1698              		.section	.text.usart_halfduplex_enable,"ax",%progbits
 1699              		.align	1
 1700              		.global	usart_halfduplex_enable
 1701              		.syntax unified
 1702              		.code	16
 1703              		.thumb_func
 1704              		.fpu softvfp
 1706              	usart_halfduplex_enable:
 1707              	.LFB86:
 528:../Firmware/GD32E23x_standard_peripheral/Source/gd32e23x_usart.c **** 
 529:../Firmware/GD32E23x_standard_peripheral/Source/gd32e23x_usart.c **** /*!
 530:../Firmware/GD32E23x_standard_peripheral/Source/gd32e23x_usart.c ****     \brief      enable half-duplex mode
 531:../Firmware/GD32E23x_standard_peripheral/Source/gd32e23x_usart.c ****     \param[in]  usart_periph: USARTx(x=0,1)
 532:../Firmware/GD32E23x_standard_peripheral/Source/gd32e23x_usart.c ****     \param[out] none
 533:../Firmware/GD32E23x_standard_peripheral/Source/gd32e23x_usart.c ****     \retval     none
 534:../Firmware/GD32E23x_standard_peripheral/Source/gd32e23x_usart.c **** */
 535:../Firmware/GD32E23x_standard_peripheral/Source/gd32e23x_usart.c **** void usart_halfduplex_enable(uint32_t usart_periph)
 536:../Firmware/GD32E23x_standard_peripheral/Source/gd32e23x_usart.c **** {
 1708              		.loc 1 536 1
 1709              		.cfi_startproc
 1710              		@ args = 0, pretend = 0, frame = 8
 1711              		@ frame_needed = 1, uses_anonymous_args = 0
 1712 0000 80B5     		push	{r7, lr}
 1713              		.cfi_def_cfa_offset 8
 1714              		.cfi_offset 7, -8
 1715              		.cfi_offset 14, -4
 1716 0002 82B0     		sub	sp, sp, #8
 1717              		.cfi_def_cfa_offset 16
 1718 0004 00AF     		add	r7, sp, #0
 1719              		.cfi_def_cfa_register 7
 1720 0006 7860     		str	r0, [r7, #4]
 537:../Firmware/GD32E23x_standard_peripheral/Source/gd32e23x_usart.c ****     /* disable USART */
 538:../Firmware/GD32E23x_standard_peripheral/Source/gd32e23x_usart.c ****     USART_CTL0(usart_periph) &= ~(USART_CTL0_UEN);
 1721              		.loc 1 538 30
 1722 0008 7B68     		ldr	r3, [r7, #4]
 1723 000a 1A68     		ldr	r2, [r3]
 1724 000c 7B68     		ldr	r3, [r7, #4]
 1725 000e 0121     		movs	r1, #1
 1726 0010 8A43     		bics	r2, r1
 1727 0012 1A60     		str	r2, [r3]
 539:../Firmware/GD32E23x_standard_peripheral/Source/gd32e23x_usart.c **** 
 540:../Firmware/GD32E23x_standard_peripheral/Source/gd32e23x_usart.c ****     USART_CTL2(usart_periph) |= USART_CTL2_HDEN;
 1728              		.loc 1 540 30
 1729 0014 7B68     		ldr	r3, [r7, #4]
 1730 0016 0833     		adds	r3, r3, #8
 1731 0018 1A68     		ldr	r2, [r3]
 1732 001a 7B68     		ldr	r3, [r7, #4]
 1733 001c 0833     		adds	r3, r3, #8
 1734 001e 0821     		movs	r1, #8
 1735 0020 0A43     		orrs	r2, r1
 1736 0022 1A60     		str	r2, [r3]
 541:../Firmware/GD32E23x_standard_peripheral/Source/gd32e23x_usart.c **** }
 1737              		.loc 1 541 1
 1738 0024 C046     		nop
 1739 0026 BD46     		mov	sp, r7
 1740 0028 02B0     		add	sp, sp, #8
 1741              		@ sp needed
 1742 002a 80BD     		pop	{r7, pc}
 1743              		.cfi_endproc
 1744              	.LFE86:
 1746              		.section	.text.usart_halfduplex_disable,"ax",%progbits
 1747              		.align	1
 1748              		.global	usart_halfduplex_disable
 1749              		.syntax unified
 1750              		.code	16
 1751              		.thumb_func
 1752              		.fpu softvfp
 1754              	usart_halfduplex_disable:
 1755              	.LFB87:
 542:../Firmware/GD32E23x_standard_peripheral/Source/gd32e23x_usart.c **** 
 543:../Firmware/GD32E23x_standard_peripheral/Source/gd32e23x_usart.c **** /*!
 544:../Firmware/GD32E23x_standard_peripheral/Source/gd32e23x_usart.c ****     \brief      disable half-duplex mode
 545:../Firmware/GD32E23x_standard_peripheral/Source/gd32e23x_usart.c ****     \param[in]  usart_periph: USARTx(x=0,1)
 546:../Firmware/GD32E23x_standard_peripheral/Source/gd32e23x_usart.c ****     \param[out] none
 547:../Firmware/GD32E23x_standard_peripheral/Source/gd32e23x_usart.c ****     \retval     none
 548:../Firmware/GD32E23x_standard_peripheral/Source/gd32e23x_usart.c **** */
 549:../Firmware/GD32E23x_standard_peripheral/Source/gd32e23x_usart.c **** void usart_halfduplex_disable(uint32_t usart_periph)
 550:../Firmware/GD32E23x_standard_peripheral/Source/gd32e23x_usart.c **** {
 1756              		.loc 1 550 1
 1757              		.cfi_startproc
 1758              		@ args = 0, pretend = 0, frame = 8
 1759              		@ frame_needed = 1, uses_anonymous_args = 0
 1760 0000 80B5     		push	{r7, lr}
 1761              		.cfi_def_cfa_offset 8
 1762              		.cfi_offset 7, -8
 1763              		.cfi_offset 14, -4
 1764 0002 82B0     		sub	sp, sp, #8
 1765              		.cfi_def_cfa_offset 16
 1766 0004 00AF     		add	r7, sp, #0
 1767              		.cfi_def_cfa_register 7
 1768 0006 7860     		str	r0, [r7, #4]
 551:../Firmware/GD32E23x_standard_peripheral/Source/gd32e23x_usart.c ****     /* disable USART */
 552:../Firmware/GD32E23x_standard_peripheral/Source/gd32e23x_usart.c ****     USART_CTL0(usart_periph) &= ~(USART_CTL0_UEN);
 1769              		.loc 1 552 30
 1770 0008 7B68     		ldr	r3, [r7, #4]
 1771 000a 1A68     		ldr	r2, [r3]
 1772 000c 7B68     		ldr	r3, [r7, #4]
 1773 000e 0121     		movs	r1, #1
 1774 0010 8A43     		bics	r2, r1
 1775 0012 1A60     		str	r2, [r3]
 553:../Firmware/GD32E23x_standard_peripheral/Source/gd32e23x_usart.c **** 
 554:../Firmware/GD32E23x_standard_peripheral/Source/gd32e23x_usart.c ****     USART_CTL2(usart_periph) &= ~(USART_CTL2_HDEN);
 1776              		.loc 1 554 30
 1777 0014 7B68     		ldr	r3, [r7, #4]
 1778 0016 0833     		adds	r3, r3, #8
 1779 0018 1A68     		ldr	r2, [r3]
 1780 001a 7B68     		ldr	r3, [r7, #4]
 1781 001c 0833     		adds	r3, r3, #8
 1782 001e 0821     		movs	r1, #8
 1783 0020 8A43     		bics	r2, r1
 1784 0022 1A60     		str	r2, [r3]
 555:../Firmware/GD32E23x_standard_peripheral/Source/gd32e23x_usart.c **** }
 1785              		.loc 1 555 1
 1786 0024 C046     		nop
 1787 0026 BD46     		mov	sp, r7
 1788 0028 02B0     		add	sp, sp, #8
 1789              		@ sp needed
 1790 002a 80BD     		pop	{r7, pc}
 1791              		.cfi_endproc
 1792              	.LFE87:
 1794              		.section	.text.usart_clock_enable,"ax",%progbits
 1795              		.align	1
 1796              		.global	usart_clock_enable
 1797              		.syntax unified
 1798              		.code	16
 1799              		.thumb_func
 1800              		.fpu softvfp
 1802              	usart_clock_enable:
 1803              	.LFB88:
 556:../Firmware/GD32E23x_standard_peripheral/Source/gd32e23x_usart.c **** 
 557:../Firmware/GD32E23x_standard_peripheral/Source/gd32e23x_usart.c **** /*!
 558:../Firmware/GD32E23x_standard_peripheral/Source/gd32e23x_usart.c ****     \brief      enable clock
 559:../Firmware/GD32E23x_standard_peripheral/Source/gd32e23x_usart.c ****     \param[in]  usart_periph: USARTx(x=0,1)
 560:../Firmware/GD32E23x_standard_peripheral/Source/gd32e23x_usart.c ****     \param[out] none
 561:../Firmware/GD32E23x_standard_peripheral/Source/gd32e23x_usart.c ****     \retval     none
 562:../Firmware/GD32E23x_standard_peripheral/Source/gd32e23x_usart.c **** */
 563:../Firmware/GD32E23x_standard_peripheral/Source/gd32e23x_usart.c **** void usart_clock_enable(uint32_t usart_periph)
 564:../Firmware/GD32E23x_standard_peripheral/Source/gd32e23x_usart.c **** {
 1804              		.loc 1 564 1
 1805              		.cfi_startproc
 1806              		@ args = 0, pretend = 0, frame = 8
 1807              		@ frame_needed = 1, uses_anonymous_args = 0
 1808 0000 80B5     		push	{r7, lr}
 1809              		.cfi_def_cfa_offset 8
 1810              		.cfi_offset 7, -8
 1811              		.cfi_offset 14, -4
 1812 0002 82B0     		sub	sp, sp, #8
 1813              		.cfi_def_cfa_offset 16
 1814 0004 00AF     		add	r7, sp, #0
 1815              		.cfi_def_cfa_register 7
 1816 0006 7860     		str	r0, [r7, #4]
 565:../Firmware/GD32E23x_standard_peripheral/Source/gd32e23x_usart.c ****     /* disable USART */
 566:../Firmware/GD32E23x_standard_peripheral/Source/gd32e23x_usart.c ****     USART_CTL0(usart_periph) &= ~(USART_CTL0_UEN);
 1817              		.loc 1 566 30
 1818 0008 7B68     		ldr	r3, [r7, #4]
 1819 000a 1A68     		ldr	r2, [r3]
 1820 000c 7B68     		ldr	r3, [r7, #4]
 1821 000e 0121     		movs	r1, #1
 1822 0010 8A43     		bics	r2, r1
 1823 0012 1A60     		str	r2, [r3]
 567:../Firmware/GD32E23x_standard_peripheral/Source/gd32e23x_usart.c **** 
 568:../Firmware/GD32E23x_standard_peripheral/Source/gd32e23x_usart.c ****     USART_CTL1(usart_periph) |= USART_CTL1_CKEN;
 1824              		.loc 1 568 30
 1825 0014 7B68     		ldr	r3, [r7, #4]
 1826 0016 0433     		adds	r3, r3, #4
 1827 0018 1A68     		ldr	r2, [r3]
 1828 001a 7B68     		ldr	r3, [r7, #4]
 1829 001c 0433     		adds	r3, r3, #4
 1830 001e 40F60001 		movw	r1, #2048
 1831 0022 0A43     		orrs	r2, r1
 1832 0024 1A60     		str	r2, [r3]
 569:../Firmware/GD32E23x_standard_peripheral/Source/gd32e23x_usart.c **** }
 1833              		.loc 1 569 1
 1834 0026 C046     		nop
 1835 0028 BD46     		mov	sp, r7
 1836 002a 02B0     		add	sp, sp, #8
 1837              		@ sp needed
 1838 002c 80BD     		pop	{r7, pc}
 1839              		.cfi_endproc
 1840              	.LFE88:
 1842              		.section	.text.usart_clock_disable,"ax",%progbits
 1843              		.align	1
 1844              		.global	usart_clock_disable
 1845              		.syntax unified
 1846              		.code	16
 1847              		.thumb_func
 1848              		.fpu softvfp
 1850              	usart_clock_disable:
 1851              	.LFB89:
 570:../Firmware/GD32E23x_standard_peripheral/Source/gd32e23x_usart.c **** 
 571:../Firmware/GD32E23x_standard_peripheral/Source/gd32e23x_usart.c **** /*!
 572:../Firmware/GD32E23x_standard_peripheral/Source/gd32e23x_usart.c ****     \brief      disable clock
 573:../Firmware/GD32E23x_standard_peripheral/Source/gd32e23x_usart.c ****     \param[in]  usart_periph: USARTx(x=0,1)
 574:../Firmware/GD32E23x_standard_peripheral/Source/gd32e23x_usart.c ****     \param[out] none
 575:../Firmware/GD32E23x_standard_peripheral/Source/gd32e23x_usart.c ****     \retval     none
 576:../Firmware/GD32E23x_standard_peripheral/Source/gd32e23x_usart.c **** */
 577:../Firmware/GD32E23x_standard_peripheral/Source/gd32e23x_usart.c **** void usart_clock_disable(uint32_t usart_periph)
 578:../Firmware/GD32E23x_standard_peripheral/Source/gd32e23x_usart.c **** {
 1852              		.loc 1 578 1
 1853              		.cfi_startproc
 1854              		@ args = 0, pretend = 0, frame = 8
 1855              		@ frame_needed = 1, uses_anonymous_args = 0
 1856 0000 80B5     		push	{r7, lr}
 1857              		.cfi_def_cfa_offset 8
 1858              		.cfi_offset 7, -8
 1859              		.cfi_offset 14, -4
 1860 0002 82B0     		sub	sp, sp, #8
 1861              		.cfi_def_cfa_offset 16
 1862 0004 00AF     		add	r7, sp, #0
 1863              		.cfi_def_cfa_register 7
 1864 0006 7860     		str	r0, [r7, #4]
 579:../Firmware/GD32E23x_standard_peripheral/Source/gd32e23x_usart.c ****     /* disable USART */
 580:../Firmware/GD32E23x_standard_peripheral/Source/gd32e23x_usart.c ****     USART_CTL0(usart_periph) &= ~(USART_CTL0_UEN);
 1865              		.loc 1 580 30
 1866 0008 7B68     		ldr	r3, [r7, #4]
 1867 000a 1A68     		ldr	r2, [r3]
 1868 000c 7B68     		ldr	r3, [r7, #4]
 1869 000e 0121     		movs	r1, #1
 1870 0010 8A43     		bics	r2, r1
 1871 0012 1A60     		str	r2, [r3]
 581:../Firmware/GD32E23x_standard_peripheral/Source/gd32e23x_usart.c **** 
 582:../Firmware/GD32E23x_standard_peripheral/Source/gd32e23x_usart.c ****     USART_CTL1(usart_periph) &= ~(USART_CTL1_CKEN);
 1872              		.loc 1 582 30
 1873 0014 7B68     		ldr	r3, [r7, #4]
 1874 0016 0433     		adds	r3, r3, #4
 1875 0018 1A68     		ldr	r2, [r3]
 1876 001a 7B68     		ldr	r3, [r7, #4]
 1877 001c 0433     		adds	r3, r3, #4
 1878 001e 0349     		ldr	r1, .L81
 1879 0020 0A40     		ands	r2, r1
 1880 0022 1A60     		str	r2, [r3]
 583:../Firmware/GD32E23x_standard_peripheral/Source/gd32e23x_usart.c **** }
 1881              		.loc 1 583 1
 1882 0024 C046     		nop
 1883 0026 BD46     		mov	sp, r7
 1884 0028 02B0     		add	sp, sp, #8
 1885              		@ sp needed
 1886 002a 80BD     		pop	{r7, pc}
 1887              	.L82:
 1888              		.align	2
 1889              	.L81:
 1890 002c FFF7FFFF 		.word	-2049
 1891              		.cfi_endproc
 1892              	.LFE89:
 1894              		.section	.text.usart_synchronous_clock_config,"ax",%progbits
 1895              		.align	1
 1896              		.global	usart_synchronous_clock_config
 1897              		.syntax unified
 1898              		.code	16
 1899              		.thumb_func
 1900              		.fpu softvfp
 1902              	usart_synchronous_clock_config:
 1903              	.LFB90:
 584:../Firmware/GD32E23x_standard_peripheral/Source/gd32e23x_usart.c **** 
 585:../Firmware/GD32E23x_standard_peripheral/Source/gd32e23x_usart.c **** /*!
 586:../Firmware/GD32E23x_standard_peripheral/Source/gd32e23x_usart.c ****     \brief      configure USART synchronous mode parameters
 587:../Firmware/GD32E23x_standard_peripheral/Source/gd32e23x_usart.c ****     \param[in]  usart_periph: USARTx(x=0,1)
 588:../Firmware/GD32E23x_standard_peripheral/Source/gd32e23x_usart.c ****     \param[in]  clen: last bit clock pulse
 589:../Firmware/GD32E23x_standard_peripheral/Source/gd32e23x_usart.c ****                 only one parameter can be selected which is shown as below:
 590:../Firmware/GD32E23x_standard_peripheral/Source/gd32e23x_usart.c ****       \arg        USART_CLEN_NONE: clock pulse of the last data bit (MSB) is not output to the CK p
 591:../Firmware/GD32E23x_standard_peripheral/Source/gd32e23x_usart.c ****       \arg        USART_CLEN_EN: clock pulse of the last data bit (MSB) is output to the CK pin
 592:../Firmware/GD32E23x_standard_peripheral/Source/gd32e23x_usart.c ****     \param[in]  cph: clock phase
 593:../Firmware/GD32E23x_standard_peripheral/Source/gd32e23x_usart.c ****                 only one parameter can be selected which is shown as below:
 594:../Firmware/GD32E23x_standard_peripheral/Source/gd32e23x_usart.c ****       \arg        USART_CPH_1CK: first clock transition is the first data capture edge
 595:../Firmware/GD32E23x_standard_peripheral/Source/gd32e23x_usart.c ****       \arg        USART_CPH_2CK: second clock transition is the first data capture edge
 596:../Firmware/GD32E23x_standard_peripheral/Source/gd32e23x_usart.c ****     \param[in]  cpl: clock polarity
 597:../Firmware/GD32E23x_standard_peripheral/Source/gd32e23x_usart.c ****                 only one parameter can be selected which is shown as below:
 598:../Firmware/GD32E23x_standard_peripheral/Source/gd32e23x_usart.c ****       \arg        USART_CPL_LOW: steady low value on CK pin
 599:../Firmware/GD32E23x_standard_peripheral/Source/gd32e23x_usart.c ****       \arg        USART_CPL_HIGH: steady high value on CK pin
 600:../Firmware/GD32E23x_standard_peripheral/Source/gd32e23x_usart.c ****     \param[out] none
 601:../Firmware/GD32E23x_standard_peripheral/Source/gd32e23x_usart.c ****     \retval     none
 602:../Firmware/GD32E23x_standard_peripheral/Source/gd32e23x_usart.c **** */
 603:../Firmware/GD32E23x_standard_peripheral/Source/gd32e23x_usart.c **** void usart_synchronous_clock_config(uint32_t usart_periph, uint32_t clen, uint32_t cph, uint32_t cp
 604:../Firmware/GD32E23x_standard_peripheral/Source/gd32e23x_usart.c **** {
 1904              		.loc 1 604 1
 1905              		.cfi_startproc
 1906              		@ args = 0, pretend = 0, frame = 16
 1907              		@ frame_needed = 1, uses_anonymous_args = 0
 1908 0000 80B5     		push	{r7, lr}
 1909              		.cfi_def_cfa_offset 8
 1910              		.cfi_offset 7, -8
 1911              		.cfi_offset 14, -4
 1912 0002 84B0     		sub	sp, sp, #16
 1913              		.cfi_def_cfa_offset 24
 1914 0004 00AF     		add	r7, sp, #0
 1915              		.cfi_def_cfa_register 7
 1916 0006 F860     		str	r0, [r7, #12]
 1917 0008 B960     		str	r1, [r7, #8]
 1918 000a 7A60     		str	r2, [r7, #4]
 1919 000c 3B60     		str	r3, [r7]
 605:../Firmware/GD32E23x_standard_peripheral/Source/gd32e23x_usart.c ****     /* disable USART */
 606:../Firmware/GD32E23x_standard_peripheral/Source/gd32e23x_usart.c ****     USART_CTL0(usart_periph) &= ~(USART_CTL0_UEN);
 1920              		.loc 1 606 30
 1921 000e FB68     		ldr	r3, [r7, #12]
 1922 0010 1A68     		ldr	r2, [r3]
 1923 0012 FB68     		ldr	r3, [r7, #12]
 1924 0014 0121     		movs	r1, #1
 1925 0016 8A43     		bics	r2, r1
 1926 0018 1A60     		str	r2, [r3]
 607:../Firmware/GD32E23x_standard_peripheral/Source/gd32e23x_usart.c ****     /* reset USART_CTL1 CLEN,CPH,CPL bits */
 608:../Firmware/GD32E23x_standard_peripheral/Source/gd32e23x_usart.c ****     USART_CTL1(usart_periph) &= ~(USART_CTL1_CLEN | USART_CTL1_CPH | USART_CTL1_CPL);
 1927              		.loc 1 608 30
 1928 001a FB68     		ldr	r3, [r7, #12]
 1929 001c 0433     		adds	r3, r3, #4
 1930 001e 1A68     		ldr	r2, [r3]
 1931 0020 FB68     		ldr	r3, [r7, #12]
 1932 0022 0433     		adds	r3, r3, #4
 1933 0024 1349     		ldr	r1, .L84
 1934 0026 0A40     		ands	r2, r1
 1935 0028 1A60     		str	r2, [r3]
 609:../Firmware/GD32E23x_standard_peripheral/Source/gd32e23x_usart.c **** 
 610:../Firmware/GD32E23x_standard_peripheral/Source/gd32e23x_usart.c ****     USART_CTL1(usart_periph) |= (USART_CTL1_CLEN & clen);
 1936              		.loc 1 610 30
 1937 002a FB68     		ldr	r3, [r7, #12]
 1938 002c 0433     		adds	r3, r3, #4
 1939 002e 1968     		ldr	r1, [r3]
 1940              		.loc 1 610 50
 1941 0030 BB68     		ldr	r3, [r7, #8]
 1942 0032 40F20012 		movw	r2, #256
 1943 0036 1A40     		ands	r2, r3
 1944              		.loc 1 610 30
 1945 0038 FB68     		ldr	r3, [r7, #12]
 1946 003a 0433     		adds	r3, r3, #4
 1947 003c 0A43     		orrs	r2, r1
 1948 003e 1A60     		str	r2, [r3]
 611:../Firmware/GD32E23x_standard_peripheral/Source/gd32e23x_usart.c ****     USART_CTL1(usart_periph) |= (USART_CTL1_CPH & cph);
 1949              		.loc 1 611 30
 1950 0040 FB68     		ldr	r3, [r7, #12]
 1951 0042 0433     		adds	r3, r3, #4
 1952 0044 1968     		ldr	r1, [r3]
 1953              		.loc 1 611 49
 1954 0046 7B68     		ldr	r3, [r7, #4]
 1955 0048 40F20022 		movw	r2, #512
 1956 004c 1A40     		ands	r2, r3
 1957              		.loc 1 611 30
 1958 004e FB68     		ldr	r3, [r7, #12]
 1959 0050 0433     		adds	r3, r3, #4
 1960 0052 0A43     		orrs	r2, r1
 1961 0054 1A60     		str	r2, [r3]
 612:../Firmware/GD32E23x_standard_peripheral/Source/gd32e23x_usart.c ****     USART_CTL1(usart_periph) |= (USART_CTL1_CPL & cpl);
 1962              		.loc 1 612 30
 1963 0056 FB68     		ldr	r3, [r7, #12]
 1964 0058 0433     		adds	r3, r3, #4
 1965 005a 1968     		ldr	r1, [r3]
 1966              		.loc 1 612 49
 1967 005c 3B68     		ldr	r3, [r7]
 1968 005e 40F20042 		movw	r2, #1024
 1969 0062 1A40     		ands	r2, r3
 1970              		.loc 1 612 30
 1971 0064 FB68     		ldr	r3, [r7, #12]
 1972 0066 0433     		adds	r3, r3, #4
 1973 0068 0A43     		orrs	r2, r1
 1974 006a 1A60     		str	r2, [r3]
 613:../Firmware/GD32E23x_standard_peripheral/Source/gd32e23x_usart.c **** }
 1975              		.loc 1 613 1
 1976 006c C046     		nop
 1977 006e BD46     		mov	sp, r7
 1978 0070 04B0     		add	sp, sp, #16
 1979              		@ sp needed
 1980 0072 80BD     		pop	{r7, pc}
 1981              	.L85:
 1982              		.align	2
 1983              	.L84:
 1984 0074 FFF8FFFF 		.word	-1793
 1985              		.cfi_endproc
 1986              	.LFE90:
 1988              		.section	.text.usart_guard_time_config,"ax",%progbits
 1989              		.align	1
 1990              		.global	usart_guard_time_config
 1991              		.syntax unified
 1992              		.code	16
 1993              		.thumb_func
 1994              		.fpu softvfp
 1996              	usart_guard_time_config:
 1997              	.LFB91:
 614:../Firmware/GD32E23x_standard_peripheral/Source/gd32e23x_usart.c **** 
 615:../Firmware/GD32E23x_standard_peripheral/Source/gd32e23x_usart.c **** /*!
 616:../Firmware/GD32E23x_standard_peripheral/Source/gd32e23x_usart.c ****     \brief      configure guard time value in smartcard mode
 617:../Firmware/GD32E23x_standard_peripheral/Source/gd32e23x_usart.c ****     \param[in]  usart_periph: USARTx(x=0)
 618:../Firmware/GD32E23x_standard_peripheral/Source/gd32e23x_usart.c ****     \param[in]  guat: 0x00-0xFF
 619:../Firmware/GD32E23x_standard_peripheral/Source/gd32e23x_usart.c ****     \param[out] none
 620:../Firmware/GD32E23x_standard_peripheral/Source/gd32e23x_usart.c ****     \retval     none
 621:../Firmware/GD32E23x_standard_peripheral/Source/gd32e23x_usart.c **** */
 622:../Firmware/GD32E23x_standard_peripheral/Source/gd32e23x_usart.c **** void usart_guard_time_config(uint32_t usart_periph, uint32_t guat)
 623:../Firmware/GD32E23x_standard_peripheral/Source/gd32e23x_usart.c **** {
 1998              		.loc 1 623 1
 1999              		.cfi_startproc
 2000              		@ args = 0, pretend = 0, frame = 8
 2001              		@ frame_needed = 1, uses_anonymous_args = 0
 2002 0000 80B5     		push	{r7, lr}
 2003              		.cfi_def_cfa_offset 8
 2004              		.cfi_offset 7, -8
 2005              		.cfi_offset 14, -4
 2006 0002 82B0     		sub	sp, sp, #8
 2007              		.cfi_def_cfa_offset 16
 2008 0004 00AF     		add	r7, sp, #0
 2009              		.cfi_def_cfa_register 7
 2010 0006 7860     		str	r0, [r7, #4]
 2011 0008 3960     		str	r1, [r7]
 624:../Firmware/GD32E23x_standard_peripheral/Source/gd32e23x_usart.c ****     /* disable USART */
 625:../Firmware/GD32E23x_standard_peripheral/Source/gd32e23x_usart.c ****     USART_CTL0(usart_periph) &= ~(USART_CTL0_UEN);
 2012              		.loc 1 625 30
 2013 000a 7B68     		ldr	r3, [r7, #4]
 2014 000c 1A68     		ldr	r2, [r3]
 2015 000e 7B68     		ldr	r3, [r7, #4]
 2016 0010 0121     		movs	r1, #1
 2017 0012 8A43     		bics	r2, r1
 2018 0014 1A60     		str	r2, [r3]
 626:../Firmware/GD32E23x_standard_peripheral/Source/gd32e23x_usart.c **** 
 627:../Firmware/GD32E23x_standard_peripheral/Source/gd32e23x_usart.c ****     USART_GP(usart_periph) &= ~(USART_GP_GUAT);
 2019              		.loc 1 627 28
 2020 0016 7B68     		ldr	r3, [r7, #4]
 2021 0018 1033     		adds	r3, r3, #16
 2022 001a 1A68     		ldr	r2, [r3]
 2023 001c 7B68     		ldr	r3, [r7, #4]
 2024 001e 1033     		adds	r3, r3, #16
 2025 0020 0849     		ldr	r1, .L87
 2026 0022 0A40     		ands	r2, r1
 2027 0024 1A60     		str	r2, [r3]
 628:../Firmware/GD32E23x_standard_peripheral/Source/gd32e23x_usart.c ****     USART_GP(usart_periph) |= (USART_GP_GUAT & ((guat) << 8));
 2028              		.loc 1 628 28
 2029 0026 7B68     		ldr	r3, [r7, #4]
 2030 0028 1033     		adds	r3, r3, #16
 2031 002a 1968     		ldr	r1, [r3]
 2032              		.loc 1 628 56
 2033 002c 3B68     		ldr	r3, [r7]
 2034 002e 1B02     		lsls	r3, r3, #8
 2035              		.loc 1 628 46
 2036 0030 1B04     		lsls	r3, r3, #16
 2037 0032 1A0C     		lsrs	r2, r3, #16
 2038              		.loc 1 628 28
 2039 0034 7B68     		ldr	r3, [r7, #4]
 2040 0036 1033     		adds	r3, r3, #16
 2041 0038 0A43     		orrs	r2, r1
 2042 003a 1A60     		str	r2, [r3]
 629:../Firmware/GD32E23x_standard_peripheral/Source/gd32e23x_usart.c **** }
 2043              		.loc 1 629 1
 2044 003c C046     		nop
 2045 003e BD46     		mov	sp, r7
 2046 0040 02B0     		add	sp, sp, #8
 2047              		@ sp needed
 2048 0042 80BD     		pop	{r7, pc}
 2049              	.L88:
 2050              		.align	2
 2051              	.L87:
 2052 0044 FF00FFFF 		.word	-65281
 2053              		.cfi_endproc
 2054              	.LFE91:
 2056              		.section	.text.usart_smartcard_mode_enable,"ax",%progbits
 2057              		.align	1
 2058              		.global	usart_smartcard_mode_enable
 2059              		.syntax unified
 2060              		.code	16
 2061              		.thumb_func
 2062              		.fpu softvfp
 2064              	usart_smartcard_mode_enable:
 2065              	.LFB92:
 630:../Firmware/GD32E23x_standard_peripheral/Source/gd32e23x_usart.c **** 
 631:../Firmware/GD32E23x_standard_peripheral/Source/gd32e23x_usart.c **** /*!
 632:../Firmware/GD32E23x_standard_peripheral/Source/gd32e23x_usart.c ****     \brief      enable smartcard mode
 633:../Firmware/GD32E23x_standard_peripheral/Source/gd32e23x_usart.c ****     \param[in]  usart_periph: USARTx(x=0)
 634:../Firmware/GD32E23x_standard_peripheral/Source/gd32e23x_usart.c ****     \param[out] none
 635:../Firmware/GD32E23x_standard_peripheral/Source/gd32e23x_usart.c ****     \retval     none
 636:../Firmware/GD32E23x_standard_peripheral/Source/gd32e23x_usart.c **** */
 637:../Firmware/GD32E23x_standard_peripheral/Source/gd32e23x_usart.c **** void usart_smartcard_mode_enable(uint32_t usart_periph)
 638:../Firmware/GD32E23x_standard_peripheral/Source/gd32e23x_usart.c **** {
 2066              		.loc 1 638 1
 2067              		.cfi_startproc
 2068              		@ args = 0, pretend = 0, frame = 8
 2069              		@ frame_needed = 1, uses_anonymous_args = 0
 2070 0000 80B5     		push	{r7, lr}
 2071              		.cfi_def_cfa_offset 8
 2072              		.cfi_offset 7, -8
 2073              		.cfi_offset 14, -4
 2074 0002 82B0     		sub	sp, sp, #8
 2075              		.cfi_def_cfa_offset 16
 2076 0004 00AF     		add	r7, sp, #0
 2077              		.cfi_def_cfa_register 7
 2078 0006 7860     		str	r0, [r7, #4]
 639:../Firmware/GD32E23x_standard_peripheral/Source/gd32e23x_usart.c ****     /* disable USART */
 640:../Firmware/GD32E23x_standard_peripheral/Source/gd32e23x_usart.c ****     USART_CTL0(usart_periph) &= ~(USART_CTL0_UEN);
 2079              		.loc 1 640 30
 2080 0008 7B68     		ldr	r3, [r7, #4]
 2081 000a 1A68     		ldr	r2, [r3]
 2082 000c 7B68     		ldr	r3, [r7, #4]
 2083 000e 0121     		movs	r1, #1
 2084 0010 8A43     		bics	r2, r1
 2085 0012 1A60     		str	r2, [r3]
 641:../Firmware/GD32E23x_standard_peripheral/Source/gd32e23x_usart.c **** 
 642:../Firmware/GD32E23x_standard_peripheral/Source/gd32e23x_usart.c ****     USART_CTL2(usart_periph) |= USART_CTL2_SCEN;
 2086              		.loc 1 642 30
 2087 0014 7B68     		ldr	r3, [r7, #4]
 2088 0016 0833     		adds	r3, r3, #8
 2089 0018 1A68     		ldr	r2, [r3]
 2090 001a 7B68     		ldr	r3, [r7, #4]
 2091 001c 0833     		adds	r3, r3, #8
 2092 001e 2021     		movs	r1, #32
 2093 0020 0A43     		orrs	r2, r1
 2094 0022 1A60     		str	r2, [r3]
 643:../Firmware/GD32E23x_standard_peripheral/Source/gd32e23x_usart.c **** }
 2095              		.loc 1 643 1
 2096 0024 C046     		nop
 2097 0026 BD46     		mov	sp, r7
 2098 0028 02B0     		add	sp, sp, #8
 2099              		@ sp needed
 2100 002a 80BD     		pop	{r7, pc}
 2101              		.cfi_endproc
 2102              	.LFE92:
 2104              		.section	.text.usart_smartcard_mode_disable,"ax",%progbits
 2105              		.align	1
 2106              		.global	usart_smartcard_mode_disable
 2107              		.syntax unified
 2108              		.code	16
 2109              		.thumb_func
 2110              		.fpu softvfp
 2112              	usart_smartcard_mode_disable:
 2113              	.LFB93:
 644:../Firmware/GD32E23x_standard_peripheral/Source/gd32e23x_usart.c **** 
 645:../Firmware/GD32E23x_standard_peripheral/Source/gd32e23x_usart.c **** /*!
 646:../Firmware/GD32E23x_standard_peripheral/Source/gd32e23x_usart.c ****     \brief      disable smartcard mode
 647:../Firmware/GD32E23x_standard_peripheral/Source/gd32e23x_usart.c ****     \param[in]  usart_periph: USARTx(x=0)
 648:../Firmware/GD32E23x_standard_peripheral/Source/gd32e23x_usart.c ****     \param[out] none
 649:../Firmware/GD32E23x_standard_peripheral/Source/gd32e23x_usart.c ****     \retval     none
 650:../Firmware/GD32E23x_standard_peripheral/Source/gd32e23x_usart.c **** */
 651:../Firmware/GD32E23x_standard_peripheral/Source/gd32e23x_usart.c **** void usart_smartcard_mode_disable(uint32_t usart_periph)
 652:../Firmware/GD32E23x_standard_peripheral/Source/gd32e23x_usart.c **** {
 2114              		.loc 1 652 1
 2115              		.cfi_startproc
 2116              		@ args = 0, pretend = 0, frame = 8
 2117              		@ frame_needed = 1, uses_anonymous_args = 0
 2118 0000 80B5     		push	{r7, lr}
 2119              		.cfi_def_cfa_offset 8
 2120              		.cfi_offset 7, -8
 2121              		.cfi_offset 14, -4
 2122 0002 82B0     		sub	sp, sp, #8
 2123              		.cfi_def_cfa_offset 16
 2124 0004 00AF     		add	r7, sp, #0
 2125              		.cfi_def_cfa_register 7
 2126 0006 7860     		str	r0, [r7, #4]
 653:../Firmware/GD32E23x_standard_peripheral/Source/gd32e23x_usart.c ****     /* disable USART */
 654:../Firmware/GD32E23x_standard_peripheral/Source/gd32e23x_usart.c ****     USART_CTL0(usart_periph) &= ~(USART_CTL0_UEN);
 2127              		.loc 1 654 30
 2128 0008 7B68     		ldr	r3, [r7, #4]
 2129 000a 1A68     		ldr	r2, [r3]
 2130 000c 7B68     		ldr	r3, [r7, #4]
 2131 000e 0121     		movs	r1, #1
 2132 0010 8A43     		bics	r2, r1
 2133 0012 1A60     		str	r2, [r3]
 655:../Firmware/GD32E23x_standard_peripheral/Source/gd32e23x_usart.c **** 
 656:../Firmware/GD32E23x_standard_peripheral/Source/gd32e23x_usart.c ****     USART_CTL2(usart_periph) &= ~(USART_CTL2_SCEN);
 2134              		.loc 1 656 30
 2135 0014 7B68     		ldr	r3, [r7, #4]
 2136 0016 0833     		adds	r3, r3, #8
 2137 0018 1A68     		ldr	r2, [r3]
 2138 001a 7B68     		ldr	r3, [r7, #4]
 2139 001c 0833     		adds	r3, r3, #8
 2140 001e 2021     		movs	r1, #32
 2141 0020 8A43     		bics	r2, r1
 2142 0022 1A60     		str	r2, [r3]
 657:../Firmware/GD32E23x_standard_peripheral/Source/gd32e23x_usart.c **** }
 2143              		.loc 1 657 1
 2144 0024 C046     		nop
 2145 0026 BD46     		mov	sp, r7
 2146 0028 02B0     		add	sp, sp, #8
 2147              		@ sp needed
 2148 002a 80BD     		pop	{r7, pc}
 2149              		.cfi_endproc
 2150              	.LFE93:
 2152              		.section	.text.usart_smartcard_mode_nack_enable,"ax",%progbits
 2153              		.align	1
 2154              		.global	usart_smartcard_mode_nack_enable
 2155              		.syntax unified
 2156              		.code	16
 2157              		.thumb_func
 2158              		.fpu softvfp
 2160              	usart_smartcard_mode_nack_enable:
 2161              	.LFB94:
 658:../Firmware/GD32E23x_standard_peripheral/Source/gd32e23x_usart.c **** 
 659:../Firmware/GD32E23x_standard_peripheral/Source/gd32e23x_usart.c **** /*!
 660:../Firmware/GD32E23x_standard_peripheral/Source/gd32e23x_usart.c ****     \brief      enable NACK in smartcard mode
 661:../Firmware/GD32E23x_standard_peripheral/Source/gd32e23x_usart.c ****     \param[in]  usart_periph: USARTx(x=0)
 662:../Firmware/GD32E23x_standard_peripheral/Source/gd32e23x_usart.c ****     \param[out] none
 663:../Firmware/GD32E23x_standard_peripheral/Source/gd32e23x_usart.c ****     \retval     none
 664:../Firmware/GD32E23x_standard_peripheral/Source/gd32e23x_usart.c **** */
 665:../Firmware/GD32E23x_standard_peripheral/Source/gd32e23x_usart.c **** void usart_smartcard_mode_nack_enable(uint32_t usart_periph)
 666:../Firmware/GD32E23x_standard_peripheral/Source/gd32e23x_usart.c **** {
 2162              		.loc 1 666 1
 2163              		.cfi_startproc
 2164              		@ args = 0, pretend = 0, frame = 8
 2165              		@ frame_needed = 1, uses_anonymous_args = 0
 2166 0000 80B5     		push	{r7, lr}
 2167              		.cfi_def_cfa_offset 8
 2168              		.cfi_offset 7, -8
 2169              		.cfi_offset 14, -4
 2170 0002 82B0     		sub	sp, sp, #8
 2171              		.cfi_def_cfa_offset 16
 2172 0004 00AF     		add	r7, sp, #0
 2173              		.cfi_def_cfa_register 7
 2174 0006 7860     		str	r0, [r7, #4]
 667:../Firmware/GD32E23x_standard_peripheral/Source/gd32e23x_usart.c ****     /* disable USART */
 668:../Firmware/GD32E23x_standard_peripheral/Source/gd32e23x_usart.c ****     USART_CTL0(usart_periph) &= ~(USART_CTL0_UEN);
 2175              		.loc 1 668 30
 2176 0008 7B68     		ldr	r3, [r7, #4]
 2177 000a 1A68     		ldr	r2, [r3]
 2178 000c 7B68     		ldr	r3, [r7, #4]
 2179 000e 0121     		movs	r1, #1
 2180 0010 8A43     		bics	r2, r1
 2181 0012 1A60     		str	r2, [r3]
 669:../Firmware/GD32E23x_standard_peripheral/Source/gd32e23x_usart.c **** 
 670:../Firmware/GD32E23x_standard_peripheral/Source/gd32e23x_usart.c ****     USART_CTL2(usart_periph) |= USART_CTL2_NKEN;
 2182              		.loc 1 670 30
 2183 0014 7B68     		ldr	r3, [r7, #4]
 2184 0016 0833     		adds	r3, r3, #8
 2185 0018 1A68     		ldr	r2, [r3]
 2186 001a 7B68     		ldr	r3, [r7, #4]
 2187 001c 0833     		adds	r3, r3, #8
 2188 001e 1021     		movs	r1, #16
 2189 0020 0A43     		orrs	r2, r1
 2190 0022 1A60     		str	r2, [r3]
 671:../Firmware/GD32E23x_standard_peripheral/Source/gd32e23x_usart.c **** }
 2191              		.loc 1 671 1
 2192 0024 C046     		nop
 2193 0026 BD46     		mov	sp, r7
 2194 0028 02B0     		add	sp, sp, #8
 2195              		@ sp needed
 2196 002a 80BD     		pop	{r7, pc}
 2197              		.cfi_endproc
 2198              	.LFE94:
 2200              		.section	.text.usart_smartcard_mode_nack_disable,"ax",%progbits
 2201              		.align	1
 2202              		.global	usart_smartcard_mode_nack_disable
 2203              		.syntax unified
 2204              		.code	16
 2205              		.thumb_func
 2206              		.fpu softvfp
 2208              	usart_smartcard_mode_nack_disable:
 2209              	.LFB95:
 672:../Firmware/GD32E23x_standard_peripheral/Source/gd32e23x_usart.c **** 
 673:../Firmware/GD32E23x_standard_peripheral/Source/gd32e23x_usart.c **** /*!
 674:../Firmware/GD32E23x_standard_peripheral/Source/gd32e23x_usart.c ****     \brief      disable NACK in smartcard mode
 675:../Firmware/GD32E23x_standard_peripheral/Source/gd32e23x_usart.c ****     \param[in]  usart_periph: USARTx(x=0)
 676:../Firmware/GD32E23x_standard_peripheral/Source/gd32e23x_usart.c ****     \param[out] none
 677:../Firmware/GD32E23x_standard_peripheral/Source/gd32e23x_usart.c ****     \retval     none
 678:../Firmware/GD32E23x_standard_peripheral/Source/gd32e23x_usart.c **** */
 679:../Firmware/GD32E23x_standard_peripheral/Source/gd32e23x_usart.c **** void usart_smartcard_mode_nack_disable(uint32_t usart_periph)
 680:../Firmware/GD32E23x_standard_peripheral/Source/gd32e23x_usart.c **** {
 2210              		.loc 1 680 1
 2211              		.cfi_startproc
 2212              		@ args = 0, pretend = 0, frame = 8
 2213              		@ frame_needed = 1, uses_anonymous_args = 0
 2214 0000 80B5     		push	{r7, lr}
 2215              		.cfi_def_cfa_offset 8
 2216              		.cfi_offset 7, -8
 2217              		.cfi_offset 14, -4
 2218 0002 82B0     		sub	sp, sp, #8
 2219              		.cfi_def_cfa_offset 16
 2220 0004 00AF     		add	r7, sp, #0
 2221              		.cfi_def_cfa_register 7
 2222 0006 7860     		str	r0, [r7, #4]
 681:../Firmware/GD32E23x_standard_peripheral/Source/gd32e23x_usart.c ****     /* disable USART */
 682:../Firmware/GD32E23x_standard_peripheral/Source/gd32e23x_usart.c ****     USART_CTL0(usart_periph) &= ~(USART_CTL0_UEN);
 2223              		.loc 1 682 30
 2224 0008 7B68     		ldr	r3, [r7, #4]
 2225 000a 1A68     		ldr	r2, [r3]
 2226 000c 7B68     		ldr	r3, [r7, #4]
 2227 000e 0121     		movs	r1, #1
 2228 0010 8A43     		bics	r2, r1
 2229 0012 1A60     		str	r2, [r3]
 683:../Firmware/GD32E23x_standard_peripheral/Source/gd32e23x_usart.c **** 
 684:../Firmware/GD32E23x_standard_peripheral/Source/gd32e23x_usart.c ****     USART_CTL2(usart_periph) &= ~(USART_CTL2_NKEN);
 2230              		.loc 1 684 30
 2231 0014 7B68     		ldr	r3, [r7, #4]
 2232 0016 0833     		adds	r3, r3, #8
 2233 0018 1A68     		ldr	r2, [r3]
 2234 001a 7B68     		ldr	r3, [r7, #4]
 2235 001c 0833     		adds	r3, r3, #8
 2236 001e 1021     		movs	r1, #16
 2237 0020 8A43     		bics	r2, r1
 2238 0022 1A60     		str	r2, [r3]
 685:../Firmware/GD32E23x_standard_peripheral/Source/gd32e23x_usart.c **** }
 2239              		.loc 1 685 1
 2240 0024 C046     		nop
 2241 0026 BD46     		mov	sp, r7
 2242 0028 02B0     		add	sp, sp, #8
 2243              		@ sp needed
 2244 002a 80BD     		pop	{r7, pc}
 2245              		.cfi_endproc
 2246              	.LFE95:
 2248              		.section	.text.usart_smartcard_mode_early_nack_enable,"ax",%progbits
 2249              		.align	1
 2250              		.global	usart_smartcard_mode_early_nack_enable
 2251              		.syntax unified
 2252              		.code	16
 2253              		.thumb_func
 2254              		.fpu softvfp
 2256              	usart_smartcard_mode_early_nack_enable:
 2257              	.LFB96:
 686:../Firmware/GD32E23x_standard_peripheral/Source/gd32e23x_usart.c **** 
 687:../Firmware/GD32E23x_standard_peripheral/Source/gd32e23x_usart.c **** /*!
 688:../Firmware/GD32E23x_standard_peripheral/Source/gd32e23x_usart.c ****     \brief      enable early NACK in smartcard mode
 689:../Firmware/GD32E23x_standard_peripheral/Source/gd32e23x_usart.c ****     \param[in]  usart_periph: USARTx(x=0)
 690:../Firmware/GD32E23x_standard_peripheral/Source/gd32e23x_usart.c ****     \param[out] none
 691:../Firmware/GD32E23x_standard_peripheral/Source/gd32e23x_usart.c ****     \retval     none
 692:../Firmware/GD32E23x_standard_peripheral/Source/gd32e23x_usart.c **** */
 693:../Firmware/GD32E23x_standard_peripheral/Source/gd32e23x_usart.c **** void usart_smartcard_mode_early_nack_enable(uint32_t usart_periph)
 694:../Firmware/GD32E23x_standard_peripheral/Source/gd32e23x_usart.c **** {
 2258              		.loc 1 694 1
 2259              		.cfi_startproc
 2260              		@ args = 0, pretend = 0, frame = 8
 2261              		@ frame_needed = 1, uses_anonymous_args = 0
 2262 0000 80B5     		push	{r7, lr}
 2263              		.cfi_def_cfa_offset 8
 2264              		.cfi_offset 7, -8
 2265              		.cfi_offset 14, -4
 2266 0002 82B0     		sub	sp, sp, #8
 2267              		.cfi_def_cfa_offset 16
 2268 0004 00AF     		add	r7, sp, #0
 2269              		.cfi_def_cfa_register 7
 2270 0006 7860     		str	r0, [r7, #4]
 695:../Firmware/GD32E23x_standard_peripheral/Source/gd32e23x_usart.c ****     USART_RFCS(usart_periph) |= USART_RFCS_ELNACK;
 2271              		.loc 1 695 30
 2272 0008 7B68     		ldr	r3, [r7, #4]
 2273 000a D033     		adds	r3, r3, #208
 2274 000c 1A68     		ldr	r2, [r3]
 2275 000e 7B68     		ldr	r3, [r7, #4]
 2276 0010 D033     		adds	r3, r3, #208
 2277 0012 0121     		movs	r1, #1
 2278 0014 0A43     		orrs	r2, r1
 2279 0016 1A60     		str	r2, [r3]
 696:../Firmware/GD32E23x_standard_peripheral/Source/gd32e23x_usart.c **** }
 2280              		.loc 1 696 1
 2281 0018 C046     		nop
 2282 001a BD46     		mov	sp, r7
 2283 001c 02B0     		add	sp, sp, #8
 2284              		@ sp needed
 2285 001e 80BD     		pop	{r7, pc}
 2286              		.cfi_endproc
 2287              	.LFE96:
 2289              		.section	.text.usart_smartcard_mode_early_nack_disable,"ax",%progbits
 2290              		.align	1
 2291              		.global	usart_smartcard_mode_early_nack_disable
 2292              		.syntax unified
 2293              		.code	16
 2294              		.thumb_func
 2295              		.fpu softvfp
 2297              	usart_smartcard_mode_early_nack_disable:
 2298              	.LFB97:
 697:../Firmware/GD32E23x_standard_peripheral/Source/gd32e23x_usart.c **** 
 698:../Firmware/GD32E23x_standard_peripheral/Source/gd32e23x_usart.c **** /*!
 699:../Firmware/GD32E23x_standard_peripheral/Source/gd32e23x_usart.c ****     \brief      disable early NACK in smartcard mode
 700:../Firmware/GD32E23x_standard_peripheral/Source/gd32e23x_usart.c ****     \param[in]  usart_periph: USARTx(x=0)
 701:../Firmware/GD32E23x_standard_peripheral/Source/gd32e23x_usart.c ****     \param[out] none
 702:../Firmware/GD32E23x_standard_peripheral/Source/gd32e23x_usart.c ****     \retval     none
 703:../Firmware/GD32E23x_standard_peripheral/Source/gd32e23x_usart.c **** */
 704:../Firmware/GD32E23x_standard_peripheral/Source/gd32e23x_usart.c **** void usart_smartcard_mode_early_nack_disable(uint32_t usart_periph)
 705:../Firmware/GD32E23x_standard_peripheral/Source/gd32e23x_usart.c **** {
 2299              		.loc 1 705 1
 2300              		.cfi_startproc
 2301              		@ args = 0, pretend = 0, frame = 8
 2302              		@ frame_needed = 1, uses_anonymous_args = 0
 2303 0000 80B5     		push	{r7, lr}
 2304              		.cfi_def_cfa_offset 8
 2305              		.cfi_offset 7, -8
 2306              		.cfi_offset 14, -4
 2307 0002 82B0     		sub	sp, sp, #8
 2308              		.cfi_def_cfa_offset 16
 2309 0004 00AF     		add	r7, sp, #0
 2310              		.cfi_def_cfa_register 7
 2311 0006 7860     		str	r0, [r7, #4]
 706:../Firmware/GD32E23x_standard_peripheral/Source/gd32e23x_usart.c ****     USART_RFCS(usart_periph) &= ~USART_RFCS_ELNACK;
 2312              		.loc 1 706 30
 2313 0008 7B68     		ldr	r3, [r7, #4]
 2314 000a D033     		adds	r3, r3, #208
 2315 000c 1A68     		ldr	r2, [r3]
 2316 000e 7B68     		ldr	r3, [r7, #4]
 2317 0010 D033     		adds	r3, r3, #208
 2318 0012 0121     		movs	r1, #1
 2319 0014 8A43     		bics	r2, r1
 2320 0016 1A60     		str	r2, [r3]
 707:../Firmware/GD32E23x_standard_peripheral/Source/gd32e23x_usart.c **** }
 2321              		.loc 1 707 1
 2322 0018 C046     		nop
 2323 001a BD46     		mov	sp, r7
 2324 001c 02B0     		add	sp, sp, #8
 2325              		@ sp needed
 2326 001e 80BD     		pop	{r7, pc}
 2327              		.cfi_endproc
 2328              	.LFE97:
 2330              		.section	.text.usart_smartcard_autoretry_config,"ax",%progbits
 2331              		.align	1
 2332              		.global	usart_smartcard_autoretry_config
 2333              		.syntax unified
 2334              		.code	16
 2335              		.thumb_func
 2336              		.fpu softvfp
 2338              	usart_smartcard_autoretry_config:
 2339              	.LFB98:
 708:../Firmware/GD32E23x_standard_peripheral/Source/gd32e23x_usart.c **** 
 709:../Firmware/GD32E23x_standard_peripheral/Source/gd32e23x_usart.c **** /*!
 710:../Firmware/GD32E23x_standard_peripheral/Source/gd32e23x_usart.c ****     \brief      configure smartcard auto-retry number
 711:../Firmware/GD32E23x_standard_peripheral/Source/gd32e23x_usart.c ****     \param[in]  usart_periph: USARTx(x=0)
 712:../Firmware/GD32E23x_standard_peripheral/Source/gd32e23x_usart.c ****     \param[in]  scrtnum: 0x00000000-0x00000007, smartcard auto-retry number
 713:../Firmware/GD32E23x_standard_peripheral/Source/gd32e23x_usart.c ****     \param[out] none
 714:../Firmware/GD32E23x_standard_peripheral/Source/gd32e23x_usart.c ****     \retval     none
 715:../Firmware/GD32E23x_standard_peripheral/Source/gd32e23x_usart.c **** */
 716:../Firmware/GD32E23x_standard_peripheral/Source/gd32e23x_usart.c **** void usart_smartcard_autoretry_config(uint32_t usart_periph, uint32_t scrtnum)
 717:../Firmware/GD32E23x_standard_peripheral/Source/gd32e23x_usart.c **** {
 2340              		.loc 1 717 1
 2341              		.cfi_startproc
 2342              		@ args = 0, pretend = 0, frame = 8
 2343              		@ frame_needed = 1, uses_anonymous_args = 0
 2344 0000 80B5     		push	{r7, lr}
 2345              		.cfi_def_cfa_offset 8
 2346              		.cfi_offset 7, -8
 2347              		.cfi_offset 14, -4
 2348 0002 82B0     		sub	sp, sp, #8
 2349              		.cfi_def_cfa_offset 16
 2350 0004 00AF     		add	r7, sp, #0
 2351              		.cfi_def_cfa_register 7
 2352 0006 7860     		str	r0, [r7, #4]
 2353 0008 3960     		str	r1, [r7]
 718:../Firmware/GD32E23x_standard_peripheral/Source/gd32e23x_usart.c ****     /* disable USART */
 719:../Firmware/GD32E23x_standard_peripheral/Source/gd32e23x_usart.c ****     USART_CTL0(usart_periph) &= ~(USART_CTL0_UEN);
 2354              		.loc 1 719 30
 2355 000a 7B68     		ldr	r3, [r7, #4]
 2356 000c 1A68     		ldr	r2, [r3]
 2357 000e 7B68     		ldr	r3, [r7, #4]
 2358 0010 0121     		movs	r1, #1
 2359 0012 8A43     		bics	r2, r1
 2360 0014 1A60     		str	r2, [r3]
 720:../Firmware/GD32E23x_standard_peripheral/Source/gd32e23x_usart.c ****     USART_CTL2(usart_periph) &= ~(USART_CTL2_SCRTNUM);
 2361              		.loc 1 720 30
 2362 0016 7B68     		ldr	r3, [r7, #4]
 2363 0018 0833     		adds	r3, r3, #8
 2364 001a 1A68     		ldr	r2, [r3]
 2365 001c 7B68     		ldr	r3, [r7, #4]
 2366 001e 0833     		adds	r3, r3, #8
 2367 0020 0949     		ldr	r1, .L96
 2368 0022 0A40     		ands	r2, r1
 2369 0024 1A60     		str	r2, [r3]
 721:../Firmware/GD32E23x_standard_peripheral/Source/gd32e23x_usart.c ****     USART_CTL2(usart_periph) |= (USART_CTL2_SCRTNUM & (scrtnum << 17));
 2370              		.loc 1 721 30
 2371 0026 7B68     		ldr	r3, [r7, #4]
 2372 0028 0833     		adds	r3, r3, #8
 2373 002a 1968     		ldr	r1, [r3]
 2374              		.loc 1 721 64
 2375 002c 3B68     		ldr	r3, [r7]
 2376 002e 5A04     		lsls	r2, r3, #17
 2377              		.loc 1 721 53
 2378 0030 E023     		movs	r3, #224
 2379 0032 1B03     		lsls	r3, r3, #12
 2380 0034 1A40     		ands	r2, r3
 2381              		.loc 1 721 30
 2382 0036 7B68     		ldr	r3, [r7, #4]
 2383 0038 0833     		adds	r3, r3, #8
 2384 003a 0A43     		orrs	r2, r1
 2385 003c 1A60     		str	r2, [r3]
 722:../Firmware/GD32E23x_standard_peripheral/Source/gd32e23x_usart.c **** }
 2386              		.loc 1 722 1
 2387 003e C046     		nop
 2388 0040 BD46     		mov	sp, r7
 2389 0042 02B0     		add	sp, sp, #8
 2390              		@ sp needed
 2391 0044 80BD     		pop	{r7, pc}
 2392              	.L97:
 2393 0046 C046     		.align	2
 2394              	.L96:
 2395 0048 FFFFF1FF 		.word	-917505
 2396              		.cfi_endproc
 2397              	.LFE98:
 2399              		.section	.text.usart_block_length_config,"ax",%progbits
 2400              		.align	1
 2401              		.global	usart_block_length_config
 2402              		.syntax unified
 2403              		.code	16
 2404              		.thumb_func
 2405              		.fpu softvfp
 2407              	usart_block_length_config:
 2408              	.LFB99:
 723:../Firmware/GD32E23x_standard_peripheral/Source/gd32e23x_usart.c **** 
 724:../Firmware/GD32E23x_standard_peripheral/Source/gd32e23x_usart.c **** /*!
 725:../Firmware/GD32E23x_standard_peripheral/Source/gd32e23x_usart.c ****     \brief      configure block length
 726:../Firmware/GD32E23x_standard_peripheral/Source/gd32e23x_usart.c ****     \param[in]  usart_periph: USARTx(x=0)
 727:../Firmware/GD32E23x_standard_peripheral/Source/gd32e23x_usart.c ****     \param[in]  bl: 0x00000000-0x000000FF
 728:../Firmware/GD32E23x_standard_peripheral/Source/gd32e23x_usart.c ****     \param[out] none
 729:../Firmware/GD32E23x_standard_peripheral/Source/gd32e23x_usart.c ****     \retval     none
 730:../Firmware/GD32E23x_standard_peripheral/Source/gd32e23x_usart.c **** */
 731:../Firmware/GD32E23x_standard_peripheral/Source/gd32e23x_usart.c **** void usart_block_length_config(uint32_t usart_periph, uint32_t bl)
 732:../Firmware/GD32E23x_standard_peripheral/Source/gd32e23x_usart.c **** {
 2409              		.loc 1 732 1
 2410              		.cfi_startproc
 2411              		@ args = 0, pretend = 0, frame = 8
 2412              		@ frame_needed = 1, uses_anonymous_args = 0
 2413 0000 80B5     		push	{r7, lr}
 2414              		.cfi_def_cfa_offset 8
 2415              		.cfi_offset 7, -8
 2416              		.cfi_offset 14, -4
 2417 0002 82B0     		sub	sp, sp, #8
 2418              		.cfi_def_cfa_offset 16
 2419 0004 00AF     		add	r7, sp, #0
 2420              		.cfi_def_cfa_register 7
 2421 0006 7860     		str	r0, [r7, #4]
 2422 0008 3960     		str	r1, [r7]
 733:../Firmware/GD32E23x_standard_peripheral/Source/gd32e23x_usart.c ****     USART_RT(usart_periph) &= ~(USART_RT_BL);
 2423              		.loc 1 733 28
 2424 000a 7B68     		ldr	r3, [r7, #4]
 2425 000c 1433     		adds	r3, r3, #20
 2426 000e 1A68     		ldr	r2, [r3]
 2427 0010 7B68     		ldr	r3, [r7, #4]
 2428 0012 1433     		adds	r3, r3, #20
 2429 0014 1202     		lsls	r2, r2, #8
 2430 0016 120A     		lsrs	r2, r2, #8
 2431 0018 1A60     		str	r2, [r3]
 734:../Firmware/GD32E23x_standard_peripheral/Source/gd32e23x_usart.c ****     USART_RT(usart_periph) |= (USART_RT_BL & ((bl) << 24));
 2432              		.loc 1 734 28
 2433 001a 7B68     		ldr	r3, [r7, #4]
 2434 001c 1433     		adds	r3, r3, #20
 2435 001e 1968     		ldr	r1, [r3]
 2436              		.loc 1 734 52
 2437 0020 3B68     		ldr	r3, [r7]
 2438 0022 1A06     		lsls	r2, r3, #24
 2439              		.loc 1 734 28
 2440 0024 7B68     		ldr	r3, [r7, #4]
 2441 0026 1433     		adds	r3, r3, #20
 2442 0028 0A43     		orrs	r2, r1
 2443 002a 1A60     		str	r2, [r3]
 735:../Firmware/GD32E23x_standard_peripheral/Source/gd32e23x_usart.c **** }
 2444              		.loc 1 735 1
 2445 002c C046     		nop
 2446 002e BD46     		mov	sp, r7
 2447 0030 02B0     		add	sp, sp, #8
 2448              		@ sp needed
 2449 0032 80BD     		pop	{r7, pc}
 2450              		.cfi_endproc
 2451              	.LFE99:
 2453              		.section	.text.usart_irda_mode_enable,"ax",%progbits
 2454              		.align	1
 2455              		.global	usart_irda_mode_enable
 2456              		.syntax unified
 2457              		.code	16
 2458              		.thumb_func
 2459              		.fpu softvfp
 2461              	usart_irda_mode_enable:
 2462              	.LFB100:
 736:../Firmware/GD32E23x_standard_peripheral/Source/gd32e23x_usart.c **** 
 737:../Firmware/GD32E23x_standard_peripheral/Source/gd32e23x_usart.c **** /*!
 738:../Firmware/GD32E23x_standard_peripheral/Source/gd32e23x_usart.c ****     \brief      enable IrDA mode
 739:../Firmware/GD32E23x_standard_peripheral/Source/gd32e23x_usart.c ****     \param[in]  usart_periph: USARTx(x=0)
 740:../Firmware/GD32E23x_standard_peripheral/Source/gd32e23x_usart.c ****     \param[out] none
 741:../Firmware/GD32E23x_standard_peripheral/Source/gd32e23x_usart.c ****     \retval     none
 742:../Firmware/GD32E23x_standard_peripheral/Source/gd32e23x_usart.c **** */
 743:../Firmware/GD32E23x_standard_peripheral/Source/gd32e23x_usart.c **** void usart_irda_mode_enable(uint32_t usart_periph)
 744:../Firmware/GD32E23x_standard_peripheral/Source/gd32e23x_usart.c **** {
 2463              		.loc 1 744 1
 2464              		.cfi_startproc
 2465              		@ args = 0, pretend = 0, frame = 8
 2466              		@ frame_needed = 1, uses_anonymous_args = 0
 2467 0000 80B5     		push	{r7, lr}
 2468              		.cfi_def_cfa_offset 8
 2469              		.cfi_offset 7, -8
 2470              		.cfi_offset 14, -4
 2471 0002 82B0     		sub	sp, sp, #8
 2472              		.cfi_def_cfa_offset 16
 2473 0004 00AF     		add	r7, sp, #0
 2474              		.cfi_def_cfa_register 7
 2475 0006 7860     		str	r0, [r7, #4]
 745:../Firmware/GD32E23x_standard_peripheral/Source/gd32e23x_usart.c ****     /* disable USART */
 746:../Firmware/GD32E23x_standard_peripheral/Source/gd32e23x_usart.c ****     USART_CTL0(usart_periph) &= ~(USART_CTL0_UEN);
 2476              		.loc 1 746 30
 2477 0008 7B68     		ldr	r3, [r7, #4]
 2478 000a 1A68     		ldr	r2, [r3]
 2479 000c 7B68     		ldr	r3, [r7, #4]
 2480 000e 0121     		movs	r1, #1
 2481 0010 8A43     		bics	r2, r1
 2482 0012 1A60     		str	r2, [r3]
 747:../Firmware/GD32E23x_standard_peripheral/Source/gd32e23x_usart.c **** 
 748:../Firmware/GD32E23x_standard_peripheral/Source/gd32e23x_usart.c ****     USART_CTL2(usart_periph) |= USART_CTL2_IREN;
 2483              		.loc 1 748 30
 2484 0014 7B68     		ldr	r3, [r7, #4]
 2485 0016 0833     		adds	r3, r3, #8
 2486 0018 1A68     		ldr	r2, [r3]
 2487 001a 7B68     		ldr	r3, [r7, #4]
 2488 001c 0833     		adds	r3, r3, #8
 2489 001e 0221     		movs	r1, #2
 2490 0020 0A43     		orrs	r2, r1
 2491 0022 1A60     		str	r2, [r3]
 749:../Firmware/GD32E23x_standard_peripheral/Source/gd32e23x_usart.c **** }
 2492              		.loc 1 749 1
 2493 0024 C046     		nop
 2494 0026 BD46     		mov	sp, r7
 2495 0028 02B0     		add	sp, sp, #8
 2496              		@ sp needed
 2497 002a 80BD     		pop	{r7, pc}
 2498              		.cfi_endproc
 2499              	.LFE100:
 2501              		.section	.text.usart_irda_mode_disable,"ax",%progbits
 2502              		.align	1
 2503              		.global	usart_irda_mode_disable
 2504              		.syntax unified
 2505              		.code	16
 2506              		.thumb_func
 2507              		.fpu softvfp
 2509              	usart_irda_mode_disable:
 2510              	.LFB101:
 750:../Firmware/GD32E23x_standard_peripheral/Source/gd32e23x_usart.c **** 
 751:../Firmware/GD32E23x_standard_peripheral/Source/gd32e23x_usart.c **** /*!
 752:../Firmware/GD32E23x_standard_peripheral/Source/gd32e23x_usart.c ****     \brief      disable IrDA mode
 753:../Firmware/GD32E23x_standard_peripheral/Source/gd32e23x_usart.c ****     \param[in]  usart_periph: USARTx(x=0)
 754:../Firmware/GD32E23x_standard_peripheral/Source/gd32e23x_usart.c ****     \param[out] none
 755:../Firmware/GD32E23x_standard_peripheral/Source/gd32e23x_usart.c ****     \retval     none
 756:../Firmware/GD32E23x_standard_peripheral/Source/gd32e23x_usart.c **** */
 757:../Firmware/GD32E23x_standard_peripheral/Source/gd32e23x_usart.c **** void usart_irda_mode_disable(uint32_t usart_periph)
 758:../Firmware/GD32E23x_standard_peripheral/Source/gd32e23x_usart.c **** {
 2511              		.loc 1 758 1
 2512              		.cfi_startproc
 2513              		@ args = 0, pretend = 0, frame = 8
 2514              		@ frame_needed = 1, uses_anonymous_args = 0
 2515 0000 80B5     		push	{r7, lr}
 2516              		.cfi_def_cfa_offset 8
 2517              		.cfi_offset 7, -8
 2518              		.cfi_offset 14, -4
 2519 0002 82B0     		sub	sp, sp, #8
 2520              		.cfi_def_cfa_offset 16
 2521 0004 00AF     		add	r7, sp, #0
 2522              		.cfi_def_cfa_register 7
 2523 0006 7860     		str	r0, [r7, #4]
 759:../Firmware/GD32E23x_standard_peripheral/Source/gd32e23x_usart.c ****     /* disable USART */
 760:../Firmware/GD32E23x_standard_peripheral/Source/gd32e23x_usart.c ****     USART_CTL0(usart_periph) &= ~(USART_CTL0_UEN);
 2524              		.loc 1 760 30
 2525 0008 7B68     		ldr	r3, [r7, #4]
 2526 000a 1A68     		ldr	r2, [r3]
 2527 000c 7B68     		ldr	r3, [r7, #4]
 2528 000e 0121     		movs	r1, #1
 2529 0010 8A43     		bics	r2, r1
 2530 0012 1A60     		str	r2, [r3]
 761:../Firmware/GD32E23x_standard_peripheral/Source/gd32e23x_usart.c **** 
 762:../Firmware/GD32E23x_standard_peripheral/Source/gd32e23x_usart.c ****     USART_CTL2(usart_periph) &= ~(USART_CTL2_IREN);
 2531              		.loc 1 762 30
 2532 0014 7B68     		ldr	r3, [r7, #4]
 2533 0016 0833     		adds	r3, r3, #8
 2534 0018 1A68     		ldr	r2, [r3]
 2535 001a 7B68     		ldr	r3, [r7, #4]
 2536 001c 0833     		adds	r3, r3, #8
 2537 001e 0221     		movs	r1, #2
 2538 0020 8A43     		bics	r2, r1
 2539 0022 1A60     		str	r2, [r3]
 763:../Firmware/GD32E23x_standard_peripheral/Source/gd32e23x_usart.c **** }
 2540              		.loc 1 763 1
 2541 0024 C046     		nop
 2542 0026 BD46     		mov	sp, r7
 2543 0028 02B0     		add	sp, sp, #8
 2544              		@ sp needed
 2545 002a 80BD     		pop	{r7, pc}
 2546              		.cfi_endproc
 2547              	.LFE101:
 2549              		.section	.text.usart_prescaler_config,"ax",%progbits
 2550              		.align	1
 2551              		.global	usart_prescaler_config
 2552              		.syntax unified
 2553              		.code	16
 2554              		.thumb_func
 2555              		.fpu softvfp
 2557              	usart_prescaler_config:
 2558              	.LFB102:
 764:../Firmware/GD32E23x_standard_peripheral/Source/gd32e23x_usart.c **** 
 765:../Firmware/GD32E23x_standard_peripheral/Source/gd32e23x_usart.c **** /*!
 766:../Firmware/GD32E23x_standard_peripheral/Source/gd32e23x_usart.c ****     \brief      configure the peripheral clock prescaler in USART IrDA low-power or SmartCard mode
 767:../Firmware/GD32E23x_standard_peripheral/Source/gd32e23x_usart.c ****     \param[in]  usart_periph: USARTx(x=0)
 768:../Firmware/GD32E23x_standard_peripheral/Source/gd32e23x_usart.c ****     \param[in]  psc: 0x00000000-0x000000FF
 769:../Firmware/GD32E23x_standard_peripheral/Source/gd32e23x_usart.c ****     \param[out] none
 770:../Firmware/GD32E23x_standard_peripheral/Source/gd32e23x_usart.c ****     \retval     none
 771:../Firmware/GD32E23x_standard_peripheral/Source/gd32e23x_usart.c **** */
 772:../Firmware/GD32E23x_standard_peripheral/Source/gd32e23x_usart.c **** void usart_prescaler_config(uint32_t usart_periph, uint32_t psc)
 773:../Firmware/GD32E23x_standard_peripheral/Source/gd32e23x_usart.c **** {
 2559              		.loc 1 773 1
 2560              		.cfi_startproc
 2561              		@ args = 0, pretend = 0, frame = 8
 2562              		@ frame_needed = 1, uses_anonymous_args = 0
 2563 0000 80B5     		push	{r7, lr}
 2564              		.cfi_def_cfa_offset 8
 2565              		.cfi_offset 7, -8
 2566              		.cfi_offset 14, -4
 2567 0002 82B0     		sub	sp, sp, #8
 2568              		.cfi_def_cfa_offset 16
 2569 0004 00AF     		add	r7, sp, #0
 2570              		.cfi_def_cfa_register 7
 2571 0006 7860     		str	r0, [r7, #4]
 2572 0008 3960     		str	r1, [r7]
 774:../Firmware/GD32E23x_standard_peripheral/Source/gd32e23x_usart.c ****     /* disable USART */
 775:../Firmware/GD32E23x_standard_peripheral/Source/gd32e23x_usart.c ****     USART_CTL0(usart_periph) &= ~(USART_CTL0_UEN);
 2573              		.loc 1 775 30
 2574 000a 7B68     		ldr	r3, [r7, #4]
 2575 000c 1A68     		ldr	r2, [r3]
 2576 000e 7B68     		ldr	r3, [r7, #4]
 2577 0010 0121     		movs	r1, #1
 2578 0012 8A43     		bics	r2, r1
 2579 0014 1A60     		str	r2, [r3]
 776:../Firmware/GD32E23x_standard_peripheral/Source/gd32e23x_usart.c ****     USART_GP(usart_periph) &= ~(USART_GP_PSC);
 2580              		.loc 1 776 28
 2581 0016 7B68     		ldr	r3, [r7, #4]
 2582 0018 1033     		adds	r3, r3, #16
 2583 001a 1A68     		ldr	r2, [r3]
 2584 001c 7B68     		ldr	r3, [r7, #4]
 2585 001e 1033     		adds	r3, r3, #16
 2586 0020 FF21     		movs	r1, #255
 2587 0022 8A43     		bics	r2, r1
 2588 0024 1A60     		str	r2, [r3]
 777:../Firmware/GD32E23x_standard_peripheral/Source/gd32e23x_usart.c ****     USART_GP(usart_periph) |= psc;
 2589              		.loc 1 777 28
 2590 0026 7B68     		ldr	r3, [r7, #4]
 2591 0028 1033     		adds	r3, r3, #16
 2592 002a 1968     		ldr	r1, [r3]
 2593 002c 7B68     		ldr	r3, [r7, #4]
 2594 002e 1033     		adds	r3, r3, #16
 2595 0030 3A68     		ldr	r2, [r7]
 2596 0032 0A43     		orrs	r2, r1
 2597 0034 1A60     		str	r2, [r3]
 778:../Firmware/GD32E23x_standard_peripheral/Source/gd32e23x_usart.c **** }
 2598              		.loc 1 778 1
 2599 0036 C046     		nop
 2600 0038 BD46     		mov	sp, r7
 2601 003a 02B0     		add	sp, sp, #8
 2602              		@ sp needed
 2603 003c 80BD     		pop	{r7, pc}
 2604              		.cfi_endproc
 2605              	.LFE102:
 2607              		.section	.text.usart_irda_lowpower_config,"ax",%progbits
 2608              		.align	1
 2609              		.global	usart_irda_lowpower_config
 2610              		.syntax unified
 2611              		.code	16
 2612              		.thumb_func
 2613              		.fpu softvfp
 2615              	usart_irda_lowpower_config:
 2616              	.LFB103:
 779:../Firmware/GD32E23x_standard_peripheral/Source/gd32e23x_usart.c **** 
 780:../Firmware/GD32E23x_standard_peripheral/Source/gd32e23x_usart.c **** /*!
 781:../Firmware/GD32E23x_standard_peripheral/Source/gd32e23x_usart.c ****     \brief      configure IrDA low-power
 782:../Firmware/GD32E23x_standard_peripheral/Source/gd32e23x_usart.c ****     \param[in]  usart_periph: USARTx(x=0)
 783:../Firmware/GD32E23x_standard_peripheral/Source/gd32e23x_usart.c ****     \param[in]  irlp: IrDA low-power or normal
 784:../Firmware/GD32E23x_standard_peripheral/Source/gd32e23x_usart.c ****                 only one parameter can be selected which is shown as below:
 785:../Firmware/GD32E23x_standard_peripheral/Source/gd32e23x_usart.c ****       \arg        USART_IRLP_LOW:    low-power
 786:../Firmware/GD32E23x_standard_peripheral/Source/gd32e23x_usart.c ****       \arg        USART_IRLP_NORMAL: normal
 787:../Firmware/GD32E23x_standard_peripheral/Source/gd32e23x_usart.c ****     \param[out] none
 788:../Firmware/GD32E23x_standard_peripheral/Source/gd32e23x_usart.c ****     \retval     none
 789:../Firmware/GD32E23x_standard_peripheral/Source/gd32e23x_usart.c **** */
 790:../Firmware/GD32E23x_standard_peripheral/Source/gd32e23x_usart.c **** void usart_irda_lowpower_config(uint32_t usart_periph, uint32_t irlp)
 791:../Firmware/GD32E23x_standard_peripheral/Source/gd32e23x_usart.c **** {
 2617              		.loc 1 791 1
 2618              		.cfi_startproc
 2619              		@ args = 0, pretend = 0, frame = 8
 2620              		@ frame_needed = 1, uses_anonymous_args = 0
 2621 0000 80B5     		push	{r7, lr}
 2622              		.cfi_def_cfa_offset 8
 2623              		.cfi_offset 7, -8
 2624              		.cfi_offset 14, -4
 2625 0002 82B0     		sub	sp, sp, #8
 2626              		.cfi_def_cfa_offset 16
 2627 0004 00AF     		add	r7, sp, #0
 2628              		.cfi_def_cfa_register 7
 2629 0006 7860     		str	r0, [r7, #4]
 2630 0008 3960     		str	r1, [r7]
 792:../Firmware/GD32E23x_standard_peripheral/Source/gd32e23x_usart.c ****     /* disable USART */
 793:../Firmware/GD32E23x_standard_peripheral/Source/gd32e23x_usart.c ****     USART_CTL0(usart_periph) &= ~(USART_CTL0_UEN);
 2631              		.loc 1 793 30
 2632 000a 7B68     		ldr	r3, [r7, #4]
 2633 000c 1A68     		ldr	r2, [r3]
 2634 000e 7B68     		ldr	r3, [r7, #4]
 2635 0010 0121     		movs	r1, #1
 2636 0012 8A43     		bics	r2, r1
 2637 0014 1A60     		str	r2, [r3]
 794:../Firmware/GD32E23x_standard_peripheral/Source/gd32e23x_usart.c ****     USART_CTL2(usart_periph) &= ~(USART_CTL2_IRLP);
 2638              		.loc 1 794 30
 2639 0016 7B68     		ldr	r3, [r7, #4]
 2640 0018 0833     		adds	r3, r3, #8
 2641 001a 1A68     		ldr	r2, [r3]
 2642 001c 7B68     		ldr	r3, [r7, #4]
 2643 001e 0833     		adds	r3, r3, #8
 2644 0020 0421     		movs	r1, #4
 2645 0022 8A43     		bics	r2, r1
 2646 0024 1A60     		str	r2, [r3]
 795:../Firmware/GD32E23x_standard_peripheral/Source/gd32e23x_usart.c ****     USART_CTL2(usart_periph) |= (USART_CTL2_IRLP & irlp);
 2647              		.loc 1 795 30
 2648 0026 7B68     		ldr	r3, [r7, #4]
 2649 0028 0833     		adds	r3, r3, #8
 2650 002a 1968     		ldr	r1, [r3]
 2651              		.loc 1 795 50
 2652 002c 3B68     		ldr	r3, [r7]
 2653 002e 0422     		movs	r2, #4
 2654 0030 1A40     		ands	r2, r3
 2655              		.loc 1 795 30
 2656 0032 7B68     		ldr	r3, [r7, #4]
 2657 0034 0833     		adds	r3, r3, #8
 2658 0036 0A43     		orrs	r2, r1
 2659 0038 1A60     		str	r2, [r3]
 796:../Firmware/GD32E23x_standard_peripheral/Source/gd32e23x_usart.c **** }
 2660              		.loc 1 796 1
 2661 003a C046     		nop
 2662 003c BD46     		mov	sp, r7
 2663 003e 02B0     		add	sp, sp, #8
 2664              		@ sp needed
 2665 0040 80BD     		pop	{r7, pc}
 2666              		.cfi_endproc
 2667              	.LFE103:
 2669              		.section	.text.usart_hardware_flow_rts_config,"ax",%progbits
 2670              		.align	1
 2671              		.global	usart_hardware_flow_rts_config
 2672              		.syntax unified
 2673              		.code	16
 2674              		.thumb_func
 2675              		.fpu softvfp
 2677              	usart_hardware_flow_rts_config:
 2678              	.LFB104:
 797:../Firmware/GD32E23x_standard_peripheral/Source/gd32e23x_usart.c **** 
 798:../Firmware/GD32E23x_standard_peripheral/Source/gd32e23x_usart.c **** /*!
 799:../Firmware/GD32E23x_standard_peripheral/Source/gd32e23x_usart.c ****     \brief      configure hardware flow control RTS
 800:../Firmware/GD32E23x_standard_peripheral/Source/gd32e23x_usart.c ****     \param[in]  usart_periph: USARTx(x=0,1)
 801:../Firmware/GD32E23x_standard_peripheral/Source/gd32e23x_usart.c ****     \param[in]  rtsconfig: enable or disable RTS
 802:../Firmware/GD32E23x_standard_peripheral/Source/gd32e23x_usart.c ****                 only one parameter can be selected which is shown as below:
 803:../Firmware/GD32E23x_standard_peripheral/Source/gd32e23x_usart.c ****       \arg        USART_RTS_ENABLE:  enable RTS
 804:../Firmware/GD32E23x_standard_peripheral/Source/gd32e23x_usart.c ****       \arg        USART_RTS_DISABLE: disable RTS
 805:../Firmware/GD32E23x_standard_peripheral/Source/gd32e23x_usart.c ****     \param[out] none
 806:../Firmware/GD32E23x_standard_peripheral/Source/gd32e23x_usart.c ****     \retval     none
 807:../Firmware/GD32E23x_standard_peripheral/Source/gd32e23x_usart.c **** */
 808:../Firmware/GD32E23x_standard_peripheral/Source/gd32e23x_usart.c **** void usart_hardware_flow_rts_config(uint32_t usart_periph, uint32_t rtsconfig)
 809:../Firmware/GD32E23x_standard_peripheral/Source/gd32e23x_usart.c **** {
 2679              		.loc 1 809 1
 2680              		.cfi_startproc
 2681              		@ args = 0, pretend = 0, frame = 8
 2682              		@ frame_needed = 1, uses_anonymous_args = 0
 2683 0000 80B5     		push	{r7, lr}
 2684              		.cfi_def_cfa_offset 8
 2685              		.cfi_offset 7, -8
 2686              		.cfi_offset 14, -4
 2687 0002 82B0     		sub	sp, sp, #8
 2688              		.cfi_def_cfa_offset 16
 2689 0004 00AF     		add	r7, sp, #0
 2690              		.cfi_def_cfa_register 7
 2691 0006 7860     		str	r0, [r7, #4]
 2692 0008 3960     		str	r1, [r7]
 810:../Firmware/GD32E23x_standard_peripheral/Source/gd32e23x_usart.c ****     /* disable USART */
 811:../Firmware/GD32E23x_standard_peripheral/Source/gd32e23x_usart.c ****     USART_CTL0(usart_periph) &= ~(USART_CTL0_UEN);
 2693              		.loc 1 811 30
 2694 000a 7B68     		ldr	r3, [r7, #4]
 2695 000c 1A68     		ldr	r2, [r3]
 2696 000e 7B68     		ldr	r3, [r7, #4]
 2697 0010 0121     		movs	r1, #1
 2698 0012 8A43     		bics	r2, r1
 2699 0014 1A60     		str	r2, [r3]
 812:../Firmware/GD32E23x_standard_peripheral/Source/gd32e23x_usart.c **** 
 813:../Firmware/GD32E23x_standard_peripheral/Source/gd32e23x_usart.c ****     USART_CTL2(usart_periph) &= ~(USART_CTL2_RTSEN);
 2700              		.loc 1 813 30
 2701 0016 7B68     		ldr	r3, [r7, #4]
 2702 0018 0833     		adds	r3, r3, #8
 2703 001a 1A68     		ldr	r2, [r3]
 2704 001c 7B68     		ldr	r3, [r7, #4]
 2705 001e 0833     		adds	r3, r3, #8
 2706 0020 0749     		ldr	r1, .L104
 2707 0022 0A40     		ands	r2, r1
 2708 0024 1A60     		str	r2, [r3]
 814:../Firmware/GD32E23x_standard_peripheral/Source/gd32e23x_usart.c ****     USART_CTL2(usart_periph) |= rtsconfig;
 2709              		.loc 1 814 30
 2710 0026 7B68     		ldr	r3, [r7, #4]
 2711 0028 0833     		adds	r3, r3, #8
 2712 002a 1968     		ldr	r1, [r3]
 2713 002c 7B68     		ldr	r3, [r7, #4]
 2714 002e 0833     		adds	r3, r3, #8
 2715 0030 3A68     		ldr	r2, [r7]
 2716 0032 0A43     		orrs	r2, r1
 2717 0034 1A60     		str	r2, [r3]
 815:../Firmware/GD32E23x_standard_peripheral/Source/gd32e23x_usart.c **** }
 2718              		.loc 1 815 1
 2719 0036 C046     		nop
 2720 0038 BD46     		mov	sp, r7
 2721 003a 02B0     		add	sp, sp, #8
 2722              		@ sp needed
 2723 003c 80BD     		pop	{r7, pc}
 2724              	.L105:
 2725 003e C046     		.align	2
 2726              	.L104:
 2727 0040 FFFEFFFF 		.word	-257
 2728              		.cfi_endproc
 2729              	.LFE104:
 2731              		.section	.text.usart_hardware_flow_cts_config,"ax",%progbits
 2732              		.align	1
 2733              		.global	usart_hardware_flow_cts_config
 2734              		.syntax unified
 2735              		.code	16
 2736              		.thumb_func
 2737              		.fpu softvfp
 2739              	usart_hardware_flow_cts_config:
 2740              	.LFB105:
 816:../Firmware/GD32E23x_standard_peripheral/Source/gd32e23x_usart.c **** 
 817:../Firmware/GD32E23x_standard_peripheral/Source/gd32e23x_usart.c **** /*!
 818:../Firmware/GD32E23x_standard_peripheral/Source/gd32e23x_usart.c ****     \brief      configure hardware flow control CTS
 819:../Firmware/GD32E23x_standard_peripheral/Source/gd32e23x_usart.c ****     \param[in]  usart_periph: USARTx(x=0,1)
 820:../Firmware/GD32E23x_standard_peripheral/Source/gd32e23x_usart.c ****     \param[in]  ctsconfig:  enable or disable CTS
 821:../Firmware/GD32E23x_standard_peripheral/Source/gd32e23x_usart.c ****                 only one parameter can be selected which is shown as below:
 822:../Firmware/GD32E23x_standard_peripheral/Source/gd32e23x_usart.c ****       \arg        USART_CTS_ENABLE:  enable CTS
 823:../Firmware/GD32E23x_standard_peripheral/Source/gd32e23x_usart.c ****       \arg        USART_CTS_DISABLE: disable CTS
 824:../Firmware/GD32E23x_standard_peripheral/Source/gd32e23x_usart.c ****     \param[out] none
 825:../Firmware/GD32E23x_standard_peripheral/Source/gd32e23x_usart.c ****     \retval     none
 826:../Firmware/GD32E23x_standard_peripheral/Source/gd32e23x_usart.c **** */
 827:../Firmware/GD32E23x_standard_peripheral/Source/gd32e23x_usart.c **** void usart_hardware_flow_cts_config(uint32_t usart_periph, uint32_t ctsconfig)
 828:../Firmware/GD32E23x_standard_peripheral/Source/gd32e23x_usart.c **** {
 2741              		.loc 1 828 1
 2742              		.cfi_startproc
 2743              		@ args = 0, pretend = 0, frame = 8
 2744              		@ frame_needed = 1, uses_anonymous_args = 0
 2745 0000 80B5     		push	{r7, lr}
 2746              		.cfi_def_cfa_offset 8
 2747              		.cfi_offset 7, -8
 2748              		.cfi_offset 14, -4
 2749 0002 82B0     		sub	sp, sp, #8
 2750              		.cfi_def_cfa_offset 16
 2751 0004 00AF     		add	r7, sp, #0
 2752              		.cfi_def_cfa_register 7
 2753 0006 7860     		str	r0, [r7, #4]
 2754 0008 3960     		str	r1, [r7]
 829:../Firmware/GD32E23x_standard_peripheral/Source/gd32e23x_usart.c ****     /* disable USART */
 830:../Firmware/GD32E23x_standard_peripheral/Source/gd32e23x_usart.c ****     USART_CTL0(usart_periph) &= ~(USART_CTL0_UEN);
 2755              		.loc 1 830 30
 2756 000a 7B68     		ldr	r3, [r7, #4]
 2757 000c 1A68     		ldr	r2, [r3]
 2758 000e 7B68     		ldr	r3, [r7, #4]
 2759 0010 0121     		movs	r1, #1
 2760 0012 8A43     		bics	r2, r1
 2761 0014 1A60     		str	r2, [r3]
 831:../Firmware/GD32E23x_standard_peripheral/Source/gd32e23x_usart.c **** 
 832:../Firmware/GD32E23x_standard_peripheral/Source/gd32e23x_usart.c ****     USART_CTL2(usart_periph) &= ~USART_CTL2_CTSEN;
 2762              		.loc 1 832 30
 2763 0016 7B68     		ldr	r3, [r7, #4]
 2764 0018 0833     		adds	r3, r3, #8
 2765 001a 1A68     		ldr	r2, [r3]
 2766 001c 7B68     		ldr	r3, [r7, #4]
 2767 001e 0833     		adds	r3, r3, #8
 2768 0020 0749     		ldr	r1, .L107
 2769 0022 0A40     		ands	r2, r1
 2770 0024 1A60     		str	r2, [r3]
 833:../Firmware/GD32E23x_standard_peripheral/Source/gd32e23x_usart.c ****     USART_CTL2(usart_periph) |= ctsconfig;
 2771              		.loc 1 833 30
 2772 0026 7B68     		ldr	r3, [r7, #4]
 2773 0028 0833     		adds	r3, r3, #8
 2774 002a 1968     		ldr	r1, [r3]
 2775 002c 7B68     		ldr	r3, [r7, #4]
 2776 002e 0833     		adds	r3, r3, #8
 2777 0030 3A68     		ldr	r2, [r7]
 2778 0032 0A43     		orrs	r2, r1
 2779 0034 1A60     		str	r2, [r3]
 834:../Firmware/GD32E23x_standard_peripheral/Source/gd32e23x_usart.c **** }
 2780              		.loc 1 834 1
 2781 0036 C046     		nop
 2782 0038 BD46     		mov	sp, r7
 2783 003a 02B0     		add	sp, sp, #8
 2784              		@ sp needed
 2785 003c 80BD     		pop	{r7, pc}
 2786              	.L108:
 2787 003e C046     		.align	2
 2788              	.L107:
 2789 0040 FFFDFFFF 		.word	-513
 2790              		.cfi_endproc
 2791              	.LFE105:
 2793              		.section	.text.usart_hardware_flow_coherence_config,"ax",%progbits
 2794              		.align	1
 2795              		.global	usart_hardware_flow_coherence_config
 2796              		.syntax unified
 2797              		.code	16
 2798              		.thumb_func
 2799              		.fpu softvfp
 2801              	usart_hardware_flow_coherence_config:
 2802              	.LFB106:
 835:../Firmware/GD32E23x_standard_peripheral/Source/gd32e23x_usart.c **** 
 836:../Firmware/GD32E23x_standard_peripheral/Source/gd32e23x_usart.c **** /*!
 837:../Firmware/GD32E23x_standard_peripheral/Source/gd32e23x_usart.c ****    \brief      configure hardware flow control coherence mode
 838:../Firmware/GD32E23x_standard_peripheral/Source/gd32e23x_usart.c ****    \param[in]  usart_periph: USARTx(x=0,1)
 839:../Firmware/GD32E23x_standard_peripheral/Source/gd32e23x_usart.c ****    \param[in]  hcm:
 840:../Firmware/GD32E23x_standard_peripheral/Source/gd32e23x_usart.c ****                only one parameter can be selected which is shown as below:
 841:../Firmware/GD32E23x_standard_peripheral/Source/gd32e23x_usart.c ****      \arg        USART_HCM_NONE: nRTS signal equals to the rxne status register
 842:../Firmware/GD32E23x_standard_peripheral/Source/gd32e23x_usart.c ****      \arg        USART_HCM_EN:   nRTS signal is set when the last data bit has been sampled
 843:../Firmware/GD32E23x_standard_peripheral/Source/gd32e23x_usart.c ****    \param[out] none
 844:../Firmware/GD32E23x_standard_peripheral/Source/gd32e23x_usart.c ****    \retval     none
 845:../Firmware/GD32E23x_standard_peripheral/Source/gd32e23x_usart.c **** */
 846:../Firmware/GD32E23x_standard_peripheral/Source/gd32e23x_usart.c **** void usart_hardware_flow_coherence_config(uint32_t usart_periph, uint32_t hcm)
 847:../Firmware/GD32E23x_standard_peripheral/Source/gd32e23x_usart.c **** {
 2803              		.loc 1 847 1
 2804              		.cfi_startproc
 2805              		@ args = 0, pretend = 0, frame = 8
 2806              		@ frame_needed = 1, uses_anonymous_args = 0
 2807 0000 80B5     		push	{r7, lr}
 2808              		.cfi_def_cfa_offset 8
 2809              		.cfi_offset 7, -8
 2810              		.cfi_offset 14, -4
 2811 0002 82B0     		sub	sp, sp, #8
 2812              		.cfi_def_cfa_offset 16
 2813 0004 00AF     		add	r7, sp, #0
 2814              		.cfi_def_cfa_register 7
 2815 0006 7860     		str	r0, [r7, #4]
 2816 0008 3960     		str	r1, [r7]
 848:../Firmware/GD32E23x_standard_peripheral/Source/gd32e23x_usart.c ****     USART_CHC(usart_periph) &= ~(USART_CHC_HCM);
 2817              		.loc 1 848 29
 2818 000a 7B68     		ldr	r3, [r7, #4]
 2819 000c C033     		adds	r3, r3, #192
 2820 000e 1A68     		ldr	r2, [r3]
 2821 0010 7B68     		ldr	r3, [r7, #4]
 2822 0012 C033     		adds	r3, r3, #192
 2823 0014 0121     		movs	r1, #1
 2824 0016 8A43     		bics	r2, r1
 2825 0018 1A60     		str	r2, [r3]
 849:../Firmware/GD32E23x_standard_peripheral/Source/gd32e23x_usart.c ****     USART_CHC(usart_periph) |= (USART_CHC_HCM & hcm);
 2826              		.loc 1 849 29
 2827 001a 7B68     		ldr	r3, [r7, #4]
 2828 001c C033     		adds	r3, r3, #192
 2829 001e 1968     		ldr	r1, [r3]
 2830              		.loc 1 849 47
 2831 0020 3B68     		ldr	r3, [r7]
 2832 0022 0122     		movs	r2, #1
 2833 0024 1A40     		ands	r2, r3
 2834              		.loc 1 849 29
 2835 0026 7B68     		ldr	r3, [r7, #4]
 2836 0028 C033     		adds	r3, r3, #192
 2837 002a 0A43     		orrs	r2, r1
 2838 002c 1A60     		str	r2, [r3]
 850:../Firmware/GD32E23x_standard_peripheral/Source/gd32e23x_usart.c **** }
 2839              		.loc 1 850 1
 2840 002e C046     		nop
 2841 0030 BD46     		mov	sp, r7
 2842 0032 02B0     		add	sp, sp, #8
 2843              		@ sp needed
 2844 0034 80BD     		pop	{r7, pc}
 2845              		.cfi_endproc
 2846              	.LFE106:
 2848              		.section	.text.usart_rs485_driver_enable,"ax",%progbits
 2849              		.align	1
 2850              		.global	usart_rs485_driver_enable
 2851              		.syntax unified
 2852              		.code	16
 2853              		.thumb_func
 2854              		.fpu softvfp
 2856              	usart_rs485_driver_enable:
 2857              	.LFB107:
 851:../Firmware/GD32E23x_standard_peripheral/Source/gd32e23x_usart.c **** 
 852:../Firmware/GD32E23x_standard_peripheral/Source/gd32e23x_usart.c **** /*!
 853:../Firmware/GD32E23x_standard_peripheral/Source/gd32e23x_usart.c ****     \brief      enable RS485 driver
 854:../Firmware/GD32E23x_standard_peripheral/Source/gd32e23x_usart.c ****     \param[in]  usart_periph: USARTx(x=0,1)
 855:../Firmware/GD32E23x_standard_peripheral/Source/gd32e23x_usart.c ****     \param[out] none
 856:../Firmware/GD32E23x_standard_peripheral/Source/gd32e23x_usart.c ****     \retval     none
 857:../Firmware/GD32E23x_standard_peripheral/Source/gd32e23x_usart.c **** */
 858:../Firmware/GD32E23x_standard_peripheral/Source/gd32e23x_usart.c **** void usart_rs485_driver_enable(uint32_t usart_periph)
 859:../Firmware/GD32E23x_standard_peripheral/Source/gd32e23x_usart.c **** {
 2858              		.loc 1 859 1
 2859              		.cfi_startproc
 2860              		@ args = 0, pretend = 0, frame = 8
 2861              		@ frame_needed = 1, uses_anonymous_args = 0
 2862 0000 80B5     		push	{r7, lr}
 2863              		.cfi_def_cfa_offset 8
 2864              		.cfi_offset 7, -8
 2865              		.cfi_offset 14, -4
 2866 0002 82B0     		sub	sp, sp, #8
 2867              		.cfi_def_cfa_offset 16
 2868 0004 00AF     		add	r7, sp, #0
 2869              		.cfi_def_cfa_register 7
 2870 0006 7860     		str	r0, [r7, #4]
 860:../Firmware/GD32E23x_standard_peripheral/Source/gd32e23x_usart.c ****     /* disable USART */
 861:../Firmware/GD32E23x_standard_peripheral/Source/gd32e23x_usart.c ****     USART_CTL0(usart_periph) &= ~(USART_CTL0_UEN);
 2871              		.loc 1 861 30
 2872 0008 7B68     		ldr	r3, [r7, #4]
 2873 000a 1A68     		ldr	r2, [r3]
 2874 000c 7B68     		ldr	r3, [r7, #4]
 2875 000e 0121     		movs	r1, #1
 2876 0010 8A43     		bics	r2, r1
 2877 0012 1A60     		str	r2, [r3]
 862:../Firmware/GD32E23x_standard_peripheral/Source/gd32e23x_usart.c **** 
 863:../Firmware/GD32E23x_standard_peripheral/Source/gd32e23x_usart.c ****     USART_CTL2(usart_periph) |= USART_CTL2_DEM;
 2878              		.loc 1 863 30
 2879 0014 7B68     		ldr	r3, [r7, #4]
 2880 0016 0833     		adds	r3, r3, #8
 2881 0018 1A68     		ldr	r2, [r3]
 2882 001a 7B68     		ldr	r3, [r7, #4]
 2883 001c 0833     		adds	r3, r3, #8
 2884 001e 44F20001 		movw	r1, #16384
 2885 0022 0A43     		orrs	r2, r1
 2886 0024 1A60     		str	r2, [r3]
 864:../Firmware/GD32E23x_standard_peripheral/Source/gd32e23x_usart.c **** }
 2887              		.loc 1 864 1
 2888 0026 C046     		nop
 2889 0028 BD46     		mov	sp, r7
 2890 002a 02B0     		add	sp, sp, #8
 2891              		@ sp needed
 2892 002c 80BD     		pop	{r7, pc}
 2893              		.cfi_endproc
 2894              	.LFE107:
 2896              		.section	.text.usart_rs485_driver_disable,"ax",%progbits
 2897              		.align	1
 2898              		.global	usart_rs485_driver_disable
 2899              		.syntax unified
 2900              		.code	16
 2901              		.thumb_func
 2902              		.fpu softvfp
 2904              	usart_rs485_driver_disable:
 2905              	.LFB108:
 865:../Firmware/GD32E23x_standard_peripheral/Source/gd32e23x_usart.c **** 
 866:../Firmware/GD32E23x_standard_peripheral/Source/gd32e23x_usart.c **** /*!
 867:../Firmware/GD32E23x_standard_peripheral/Source/gd32e23x_usart.c ****     \brief      disable RS485 driver
 868:../Firmware/GD32E23x_standard_peripheral/Source/gd32e23x_usart.c ****     \param[in]  usart_periph: USARTx(x=0,1)
 869:../Firmware/GD32E23x_standard_peripheral/Source/gd32e23x_usart.c ****     \param[out] none
 870:../Firmware/GD32E23x_standard_peripheral/Source/gd32e23x_usart.c ****     \retval     none
 871:../Firmware/GD32E23x_standard_peripheral/Source/gd32e23x_usart.c **** */
 872:../Firmware/GD32E23x_standard_peripheral/Source/gd32e23x_usart.c **** void usart_rs485_driver_disable(uint32_t usart_periph)
 873:../Firmware/GD32E23x_standard_peripheral/Source/gd32e23x_usart.c **** {
 2906              		.loc 1 873 1
 2907              		.cfi_startproc
 2908              		@ args = 0, pretend = 0, frame = 8
 2909              		@ frame_needed = 1, uses_anonymous_args = 0
 2910 0000 80B5     		push	{r7, lr}
 2911              		.cfi_def_cfa_offset 8
 2912              		.cfi_offset 7, -8
 2913              		.cfi_offset 14, -4
 2914 0002 82B0     		sub	sp, sp, #8
 2915              		.cfi_def_cfa_offset 16
 2916 0004 00AF     		add	r7, sp, #0
 2917              		.cfi_def_cfa_register 7
 2918 0006 7860     		str	r0, [r7, #4]
 874:../Firmware/GD32E23x_standard_peripheral/Source/gd32e23x_usart.c ****     /* disable USART */
 875:../Firmware/GD32E23x_standard_peripheral/Source/gd32e23x_usart.c ****     USART_CTL0(usart_periph) &= ~(USART_CTL0_UEN);
 2919              		.loc 1 875 30
 2920 0008 7B68     		ldr	r3, [r7, #4]
 2921 000a 1A68     		ldr	r2, [r3]
 2922 000c 7B68     		ldr	r3, [r7, #4]
 2923 000e 0121     		movs	r1, #1
 2924 0010 8A43     		bics	r2, r1
 2925 0012 1A60     		str	r2, [r3]
 876:../Firmware/GD32E23x_standard_peripheral/Source/gd32e23x_usart.c **** 
 877:../Firmware/GD32E23x_standard_peripheral/Source/gd32e23x_usart.c ****     USART_CTL2(usart_periph) &= ~(USART_CTL2_DEM);
 2926              		.loc 1 877 30
 2927 0014 7B68     		ldr	r3, [r7, #4]
 2928 0016 0833     		adds	r3, r3, #8
 2929 0018 1A68     		ldr	r2, [r3]
 2930 001a 7B68     		ldr	r3, [r7, #4]
 2931 001c 0833     		adds	r3, r3, #8
 2932 001e 0349     		ldr	r1, .L112
 2933 0020 0A40     		ands	r2, r1
 2934 0022 1A60     		str	r2, [r3]
 878:../Firmware/GD32E23x_standard_peripheral/Source/gd32e23x_usart.c **** }
 2935              		.loc 1 878 1
 2936 0024 C046     		nop
 2937 0026 BD46     		mov	sp, r7
 2938 0028 02B0     		add	sp, sp, #8
 2939              		@ sp needed
 2940 002a 80BD     		pop	{r7, pc}
 2941              	.L113:
 2942              		.align	2
 2943              	.L112:
 2944 002c FFBFFFFF 		.word	-16385
 2945              		.cfi_endproc
 2946              	.LFE108:
 2948              		.section	.text.usart_driver_assertime_config,"ax",%progbits
 2949              		.align	1
 2950              		.global	usart_driver_assertime_config
 2951              		.syntax unified
 2952              		.code	16
 2953              		.thumb_func
 2954              		.fpu softvfp
 2956              	usart_driver_assertime_config:
 2957              	.LFB109:
 879:../Firmware/GD32E23x_standard_peripheral/Source/gd32e23x_usart.c **** 
 880:../Firmware/GD32E23x_standard_peripheral/Source/gd32e23x_usart.c **** /*!
 881:../Firmware/GD32E23x_standard_peripheral/Source/gd32e23x_usart.c ****     \brief      configure driver enable assertion time
 882:../Firmware/GD32E23x_standard_peripheral/Source/gd32e23x_usart.c ****     \param[in]  usart_periph: USARTx(x=0,1)
 883:../Firmware/GD32E23x_standard_peripheral/Source/gd32e23x_usart.c ****     \param[in]  deatime: 0x00000000-0x0000001F
 884:../Firmware/GD32E23x_standard_peripheral/Source/gd32e23x_usart.c ****     \param[out] none
 885:../Firmware/GD32E23x_standard_peripheral/Source/gd32e23x_usart.c ****     \retval     none
 886:../Firmware/GD32E23x_standard_peripheral/Source/gd32e23x_usart.c **** */
 887:../Firmware/GD32E23x_standard_peripheral/Source/gd32e23x_usart.c **** void usart_driver_assertime_config(uint32_t usart_periph, uint32_t deatime)
 888:../Firmware/GD32E23x_standard_peripheral/Source/gd32e23x_usart.c **** {
 2958              		.loc 1 888 1
 2959              		.cfi_startproc
 2960              		@ args = 0, pretend = 0, frame = 8
 2961              		@ frame_needed = 1, uses_anonymous_args = 0
 2962 0000 80B5     		push	{r7, lr}
 2963              		.cfi_def_cfa_offset 8
 2964              		.cfi_offset 7, -8
 2965              		.cfi_offset 14, -4
 2966 0002 82B0     		sub	sp, sp, #8
 2967              		.cfi_def_cfa_offset 16
 2968 0004 00AF     		add	r7, sp, #0
 2969              		.cfi_def_cfa_register 7
 2970 0006 7860     		str	r0, [r7, #4]
 2971 0008 3960     		str	r1, [r7]
 889:../Firmware/GD32E23x_standard_peripheral/Source/gd32e23x_usart.c ****     /* disable USART */
 890:../Firmware/GD32E23x_standard_peripheral/Source/gd32e23x_usart.c ****     USART_CTL0(usart_periph) &= ~(USART_CTL0_UEN);
 2972              		.loc 1 890 30
 2973 000a 7B68     		ldr	r3, [r7, #4]
 2974 000c 1A68     		ldr	r2, [r3]
 2975 000e 7B68     		ldr	r3, [r7, #4]
 2976 0010 0121     		movs	r1, #1
 2977 0012 8A43     		bics	r2, r1
 2978 0014 1A60     		str	r2, [r3]
 891:../Firmware/GD32E23x_standard_peripheral/Source/gd32e23x_usart.c **** 
 892:../Firmware/GD32E23x_standard_peripheral/Source/gd32e23x_usart.c ****     USART_CTL0(usart_periph) &= ~(USART_CTL0_DEA);
 2979              		.loc 1 892 30
 2980 0016 7B68     		ldr	r3, [r7, #4]
 2981 0018 1A68     		ldr	r2, [r3]
 2982 001a 7B68     		ldr	r3, [r7, #4]
 2983 001c 0849     		ldr	r1, .L115
 2984 001e 0A40     		ands	r2, r1
 2985 0020 1A60     		str	r2, [r3]
 893:../Firmware/GD32E23x_standard_peripheral/Source/gd32e23x_usart.c ****     USART_CTL0(usart_periph) |= (USART_CTL0_DEA & ((deatime) << 21));
 2986              		.loc 1 893 30
 2987 0022 7B68     		ldr	r3, [r7, #4]
 2988 0024 1968     		ldr	r1, [r3]
 2989              		.loc 1 893 62
 2990 0026 3B68     		ldr	r3, [r7]
 2991 0028 5A05     		lsls	r2, r3, #21
 2992              		.loc 1 893 49
 2993 002a F823     		movs	r3, #248
 2994 002c 9B04     		lsls	r3, r3, #18
 2995 002e 1A40     		ands	r2, r3
 2996              		.loc 1 893 30
 2997 0030 7B68     		ldr	r3, [r7, #4]
 2998 0032 0A43     		orrs	r2, r1
 2999 0034 1A60     		str	r2, [r3]
 894:../Firmware/GD32E23x_standard_peripheral/Source/gd32e23x_usart.c **** }
 3000              		.loc 1 894 1
 3001 0036 C046     		nop
 3002 0038 BD46     		mov	sp, r7
 3003 003a 02B0     		add	sp, sp, #8
 3004              		@ sp needed
 3005 003c 80BD     		pop	{r7, pc}
 3006              	.L116:
 3007 003e C046     		.align	2
 3008              	.L115:
 3009 0040 FFFF1FFC 		.word	-65011713
 3010              		.cfi_endproc
 3011              	.LFE109:
 3013              		.section	.text.usart_driver_deassertime_config,"ax",%progbits
 3014              		.align	1
 3015              		.global	usart_driver_deassertime_config
 3016              		.syntax unified
 3017              		.code	16
 3018              		.thumb_func
 3019              		.fpu softvfp
 3021              	usart_driver_deassertime_config:
 3022              	.LFB110:
 895:../Firmware/GD32E23x_standard_peripheral/Source/gd32e23x_usart.c **** 
 896:../Firmware/GD32E23x_standard_peripheral/Source/gd32e23x_usart.c **** /*!
 897:../Firmware/GD32E23x_standard_peripheral/Source/gd32e23x_usart.c ****     \brief      configure driver enable de-assertion time
 898:../Firmware/GD32E23x_standard_peripheral/Source/gd32e23x_usart.c ****     \param[in]  usart_periph: USARTx(x=0,1)
 899:../Firmware/GD32E23x_standard_peripheral/Source/gd32e23x_usart.c ****     \param[in]  dedtime: 0x00000000-0x0000001F
 900:../Firmware/GD32E23x_standard_peripheral/Source/gd32e23x_usart.c ****     \param[out] none
 901:../Firmware/GD32E23x_standard_peripheral/Source/gd32e23x_usart.c ****     \retval     none
 902:../Firmware/GD32E23x_standard_peripheral/Source/gd32e23x_usart.c **** */
 903:../Firmware/GD32E23x_standard_peripheral/Source/gd32e23x_usart.c **** void usart_driver_deassertime_config(uint32_t usart_periph, uint32_t dedtime)
 904:../Firmware/GD32E23x_standard_peripheral/Source/gd32e23x_usart.c **** {
 3023              		.loc 1 904 1
 3024              		.cfi_startproc
 3025              		@ args = 0, pretend = 0, frame = 8
 3026              		@ frame_needed = 1, uses_anonymous_args = 0
 3027 0000 80B5     		push	{r7, lr}
 3028              		.cfi_def_cfa_offset 8
 3029              		.cfi_offset 7, -8
 3030              		.cfi_offset 14, -4
 3031 0002 82B0     		sub	sp, sp, #8
 3032              		.cfi_def_cfa_offset 16
 3033 0004 00AF     		add	r7, sp, #0
 3034              		.cfi_def_cfa_register 7
 3035 0006 7860     		str	r0, [r7, #4]
 3036 0008 3960     		str	r1, [r7]
 905:../Firmware/GD32E23x_standard_peripheral/Source/gd32e23x_usart.c ****     /* disable USART */
 906:../Firmware/GD32E23x_standard_peripheral/Source/gd32e23x_usart.c ****     USART_CTL0(usart_periph) &= ~(USART_CTL0_UEN);
 3037              		.loc 1 906 30
 3038 000a 7B68     		ldr	r3, [r7, #4]
 3039 000c 1A68     		ldr	r2, [r3]
 3040 000e 7B68     		ldr	r3, [r7, #4]
 3041 0010 0121     		movs	r1, #1
 3042 0012 8A43     		bics	r2, r1
 3043 0014 1A60     		str	r2, [r3]
 907:../Firmware/GD32E23x_standard_peripheral/Source/gd32e23x_usart.c **** 
 908:../Firmware/GD32E23x_standard_peripheral/Source/gd32e23x_usart.c ****     USART_CTL0(usart_periph) &= ~(USART_CTL0_DED);
 3044              		.loc 1 908 30
 3045 0016 7B68     		ldr	r3, [r7, #4]
 3046 0018 1A68     		ldr	r2, [r3]
 3047 001a 7B68     		ldr	r3, [r7, #4]
 3048 001c 0849     		ldr	r1, .L118
 3049 001e 0A40     		ands	r2, r1
 3050 0020 1A60     		str	r2, [r3]
 909:../Firmware/GD32E23x_standard_peripheral/Source/gd32e23x_usart.c ****     USART_CTL0(usart_periph) |= (USART_CTL0_DED & ((dedtime) << 16));
 3051              		.loc 1 909 30
 3052 0022 7B68     		ldr	r3, [r7, #4]
 3053 0024 1968     		ldr	r1, [r3]
 3054              		.loc 1 909 62
 3055 0026 3B68     		ldr	r3, [r7]
 3056 0028 1A04     		lsls	r2, r3, #16
 3057              		.loc 1 909 49
 3058 002a F823     		movs	r3, #248
 3059 002c 5B03     		lsls	r3, r3, #13
 3060 002e 1A40     		ands	r2, r3
 3061              		.loc 1 909 30
 3062 0030 7B68     		ldr	r3, [r7, #4]
 3063 0032 0A43     		orrs	r2, r1
 3064 0034 1A60     		str	r2, [r3]
 910:../Firmware/GD32E23x_standard_peripheral/Source/gd32e23x_usart.c **** }
 3065              		.loc 1 910 1
 3066 0036 C046     		nop
 3067 0038 BD46     		mov	sp, r7
 3068 003a 02B0     		add	sp, sp, #8
 3069              		@ sp needed
 3070 003c 80BD     		pop	{r7, pc}
 3071              	.L119:
 3072 003e C046     		.align	2
 3073              	.L118:
 3074 0040 FFFFE0FF 		.word	-2031617
 3075              		.cfi_endproc
 3076              	.LFE110:
 3078              		.section	.text.usart_depolarity_config,"ax",%progbits
 3079              		.align	1
 3080              		.global	usart_depolarity_config
 3081              		.syntax unified
 3082              		.code	16
 3083              		.thumb_func
 3084              		.fpu softvfp
 3086              	usart_depolarity_config:
 3087              	.LFB111:
 911:../Firmware/GD32E23x_standard_peripheral/Source/gd32e23x_usart.c **** 
 912:../Firmware/GD32E23x_standard_peripheral/Source/gd32e23x_usart.c **** /*!
 913:../Firmware/GD32E23x_standard_peripheral/Source/gd32e23x_usart.c ****     \brief      configure driver enable polarity mode
 914:../Firmware/GD32E23x_standard_peripheral/Source/gd32e23x_usart.c ****     \param[in]  usart_periph: USARTx(x=0,1)
 915:../Firmware/GD32E23x_standard_peripheral/Source/gd32e23x_usart.c ****     \param[in]  dep: DE signal
 916:../Firmware/GD32E23x_standard_peripheral/Source/gd32e23x_usart.c ****                 only one parameter can be selected which is shown as below:
 917:../Firmware/GD32E23x_standard_peripheral/Source/gd32e23x_usart.c ****       \arg        USART_DEP_HIGH: DE signal is active high
 918:../Firmware/GD32E23x_standard_peripheral/Source/gd32e23x_usart.c ****       \arg        USART_DEP_LOW: DE signal is active low
 919:../Firmware/GD32E23x_standard_peripheral/Source/gd32e23x_usart.c ****     \param[out] none
 920:../Firmware/GD32E23x_standard_peripheral/Source/gd32e23x_usart.c ****     \retval     none
 921:../Firmware/GD32E23x_standard_peripheral/Source/gd32e23x_usart.c **** */
 922:../Firmware/GD32E23x_standard_peripheral/Source/gd32e23x_usart.c **** void usart_depolarity_config(uint32_t usart_periph, uint32_t dep)
 923:../Firmware/GD32E23x_standard_peripheral/Source/gd32e23x_usart.c **** {
 3088              		.loc 1 923 1
 3089              		.cfi_startproc
 3090              		@ args = 0, pretend = 0, frame = 8
 3091              		@ frame_needed = 1, uses_anonymous_args = 0
 3092 0000 80B5     		push	{r7, lr}
 3093              		.cfi_def_cfa_offset 8
 3094              		.cfi_offset 7, -8
 3095              		.cfi_offset 14, -4
 3096 0002 82B0     		sub	sp, sp, #8
 3097              		.cfi_def_cfa_offset 16
 3098 0004 00AF     		add	r7, sp, #0
 3099              		.cfi_def_cfa_register 7
 3100 0006 7860     		str	r0, [r7, #4]
 3101 0008 3960     		str	r1, [r7]
 924:../Firmware/GD32E23x_standard_peripheral/Source/gd32e23x_usart.c ****     /* disable USART */
 925:../Firmware/GD32E23x_standard_peripheral/Source/gd32e23x_usart.c ****     USART_CTL0(usart_periph) &= ~(USART_CTL0_UEN);
 3102              		.loc 1 925 30
 3103 000a 7B68     		ldr	r3, [r7, #4]
 3104 000c 1A68     		ldr	r2, [r3]
 3105 000e 7B68     		ldr	r3, [r7, #4]
 3106 0010 0121     		movs	r1, #1
 3107 0012 8A43     		bics	r2, r1
 3108 0014 1A60     		str	r2, [r3]
 926:../Firmware/GD32E23x_standard_peripheral/Source/gd32e23x_usart.c ****     /* reset DEP bit */
 927:../Firmware/GD32E23x_standard_peripheral/Source/gd32e23x_usart.c ****     USART_CTL2(usart_periph) &= ~(USART_CTL2_DEP);
 3109              		.loc 1 927 30
 3110 0016 7B68     		ldr	r3, [r7, #4]
 3111 0018 0833     		adds	r3, r3, #8
 3112 001a 1A68     		ldr	r2, [r3]
 3113 001c 7B68     		ldr	r3, [r7, #4]
 3114 001e 0833     		adds	r3, r3, #8
 3115 0020 0849     		ldr	r1, .L121
 3116 0022 0A40     		ands	r2, r1
 3117 0024 1A60     		str	r2, [r3]
 928:../Firmware/GD32E23x_standard_peripheral/Source/gd32e23x_usart.c ****     USART_CTL2(usart_periph) |= (USART_CTL2_DEP & dep);
 3118              		.loc 1 928 30
 3119 0026 7B68     		ldr	r3, [r7, #4]
 3120 0028 0833     		adds	r3, r3, #8
 3121 002a 1968     		ldr	r1, [r3]
 3122              		.loc 1 928 49
 3123 002c 3B68     		ldr	r3, [r7]
 3124 002e 48F20002 		movw	r2, #32768
 3125 0032 1A40     		ands	r2, r3
 3126              		.loc 1 928 30
 3127 0034 7B68     		ldr	r3, [r7, #4]
 3128 0036 0833     		adds	r3, r3, #8
 3129 0038 0A43     		orrs	r2, r1
 3130 003a 1A60     		str	r2, [r3]
 929:../Firmware/GD32E23x_standard_peripheral/Source/gd32e23x_usart.c **** }
 3131              		.loc 1 929 1
 3132 003c C046     		nop
 3133 003e BD46     		mov	sp, r7
 3134 0040 02B0     		add	sp, sp, #8
 3135              		@ sp needed
 3136 0042 80BD     		pop	{r7, pc}
 3137              	.L122:
 3138              		.align	2
 3139              	.L121:
 3140 0044 FF7FFFFF 		.word	-32769
 3141              		.cfi_endproc
 3142              	.LFE111:
 3144              		.section	.text.usart_dma_receive_config,"ax",%progbits
 3145              		.align	1
 3146              		.global	usart_dma_receive_config
 3147              		.syntax unified
 3148              		.code	16
 3149              		.thumb_func
 3150              		.fpu softvfp
 3152              	usart_dma_receive_config:
 3153              	.LFB112:
 930:../Firmware/GD32E23x_standard_peripheral/Source/gd32e23x_usart.c **** 
 931:../Firmware/GD32E23x_standard_peripheral/Source/gd32e23x_usart.c **** /*!
 932:../Firmware/GD32E23x_standard_peripheral/Source/gd32e23x_usart.c ****     \brief      configure USART DMA reception
 933:../Firmware/GD32E23x_standard_peripheral/Source/gd32e23x_usart.c ****     \param[in]  usart_periph: USARTx(x=0,1)
 934:../Firmware/GD32E23x_standard_peripheral/Source/gd32e23x_usart.c ****     \param[in]  dmacmd: enable or disable DMA for reception
 935:../Firmware/GD32E23x_standard_peripheral/Source/gd32e23x_usart.c ****                 only one parameter can be selected which is shown as below:
 936:../Firmware/GD32E23x_standard_peripheral/Source/gd32e23x_usart.c ****       \arg        USART_DENR_ENABLE: DMA enable for reception
 937:../Firmware/GD32E23x_standard_peripheral/Source/gd32e23x_usart.c ****       \arg        USART_DENR_DISABLE: DMA disable for reception
 938:../Firmware/GD32E23x_standard_peripheral/Source/gd32e23x_usart.c ****     \param[out] none
 939:../Firmware/GD32E23x_standard_peripheral/Source/gd32e23x_usart.c ****     \retval     none
 940:../Firmware/GD32E23x_standard_peripheral/Source/gd32e23x_usart.c **** */
 941:../Firmware/GD32E23x_standard_peripheral/Source/gd32e23x_usart.c **** void usart_dma_receive_config(uint32_t usart_periph, uint32_t dmacmd)
 942:../Firmware/GD32E23x_standard_peripheral/Source/gd32e23x_usart.c **** {
 3154              		.loc 1 942 1
 3155              		.cfi_startproc
 3156              		@ args = 0, pretend = 0, frame = 8
 3157              		@ frame_needed = 1, uses_anonymous_args = 0
 3158 0000 80B5     		push	{r7, lr}
 3159              		.cfi_def_cfa_offset 8
 3160              		.cfi_offset 7, -8
 3161              		.cfi_offset 14, -4
 3162 0002 82B0     		sub	sp, sp, #8
 3163              		.cfi_def_cfa_offset 16
 3164 0004 00AF     		add	r7, sp, #0
 3165              		.cfi_def_cfa_register 7
 3166 0006 7860     		str	r0, [r7, #4]
 3167 0008 3960     		str	r1, [r7]
 943:../Firmware/GD32E23x_standard_peripheral/Source/gd32e23x_usart.c ****     USART_CTL2(usart_periph) &= ~USART_CTL2_DENR;
 3168              		.loc 1 943 30
 3169 000a 7B68     		ldr	r3, [r7, #4]
 3170 000c 0833     		adds	r3, r3, #8
 3171 000e 1A68     		ldr	r2, [r3]
 3172 0010 7B68     		ldr	r3, [r7, #4]
 3173 0012 0833     		adds	r3, r3, #8
 3174 0014 4021     		movs	r1, #64
 3175 0016 8A43     		bics	r2, r1
 3176 0018 1A60     		str	r2, [r3]
 944:../Firmware/GD32E23x_standard_peripheral/Source/gd32e23x_usart.c ****     /* configure DMA reception */
 945:../Firmware/GD32E23x_standard_peripheral/Source/gd32e23x_usart.c ****     USART_CTL2(usart_periph) |= dmacmd;
 3177              		.loc 1 945 30
 3178 001a 7B68     		ldr	r3, [r7, #4]
 3179 001c 0833     		adds	r3, r3, #8
 3180 001e 1968     		ldr	r1, [r3]
 3181 0020 7B68     		ldr	r3, [r7, #4]
 3182 0022 0833     		adds	r3, r3, #8
 3183 0024 3A68     		ldr	r2, [r7]
 3184 0026 0A43     		orrs	r2, r1
 3185 0028 1A60     		str	r2, [r3]
 946:../Firmware/GD32E23x_standard_peripheral/Source/gd32e23x_usart.c **** }
 3186              		.loc 1 946 1
 3187 002a C046     		nop
 3188 002c BD46     		mov	sp, r7
 3189 002e 02B0     		add	sp, sp, #8
 3190              		@ sp needed
 3191 0030 80BD     		pop	{r7, pc}
 3192              		.cfi_endproc
 3193              	.LFE112:
 3195              		.section	.text.usart_dma_transmit_config,"ax",%progbits
 3196              		.align	1
 3197              		.global	usart_dma_transmit_config
 3198              		.syntax unified
 3199              		.code	16
 3200              		.thumb_func
 3201              		.fpu softvfp
 3203              	usart_dma_transmit_config:
 3204              	.LFB113:
 947:../Firmware/GD32E23x_standard_peripheral/Source/gd32e23x_usart.c **** 
 948:../Firmware/GD32E23x_standard_peripheral/Source/gd32e23x_usart.c **** /*!
 949:../Firmware/GD32E23x_standard_peripheral/Source/gd32e23x_usart.c ****     \brief      configure USART DMA transmission
 950:../Firmware/GD32E23x_standard_peripheral/Source/gd32e23x_usart.c ****     \param[in]  usart_periph: USARTx(x=0,1)
 951:../Firmware/GD32E23x_standard_peripheral/Source/gd32e23x_usart.c ****     \param[in]  dmacmd: enable or disable DMA for transmission
 952:../Firmware/GD32E23x_standard_peripheral/Source/gd32e23x_usart.c ****                 only one parameter can be selected which is shown as below:
 953:../Firmware/GD32E23x_standard_peripheral/Source/gd32e23x_usart.c ****       \arg        USART_DENT_ENABLE: DMA enable for transmission
 954:../Firmware/GD32E23x_standard_peripheral/Source/gd32e23x_usart.c ****       \arg        USART_DENT_DISABLE: DMA disable for transmission
 955:../Firmware/GD32E23x_standard_peripheral/Source/gd32e23x_usart.c ****     \param[out] none
 956:../Firmware/GD32E23x_standard_peripheral/Source/gd32e23x_usart.c ****     \retval     none
 957:../Firmware/GD32E23x_standard_peripheral/Source/gd32e23x_usart.c **** */
 958:../Firmware/GD32E23x_standard_peripheral/Source/gd32e23x_usart.c **** void usart_dma_transmit_config(uint32_t usart_periph, uint32_t dmacmd)
 959:../Firmware/GD32E23x_standard_peripheral/Source/gd32e23x_usart.c **** {
 3205              		.loc 1 959 1
 3206              		.cfi_startproc
 3207              		@ args = 0, pretend = 0, frame = 8
 3208              		@ frame_needed = 1, uses_anonymous_args = 0
 3209 0000 80B5     		push	{r7, lr}
 3210              		.cfi_def_cfa_offset 8
 3211              		.cfi_offset 7, -8
 3212              		.cfi_offset 14, -4
 3213 0002 82B0     		sub	sp, sp, #8
 3214              		.cfi_def_cfa_offset 16
 3215 0004 00AF     		add	r7, sp, #0
 3216              		.cfi_def_cfa_register 7
 3217 0006 7860     		str	r0, [r7, #4]
 3218 0008 3960     		str	r1, [r7]
 960:../Firmware/GD32E23x_standard_peripheral/Source/gd32e23x_usart.c ****     USART_CTL2(usart_periph) &= ~USART_CTL2_DENT;
 3219              		.loc 1 960 30
 3220 000a 7B68     		ldr	r3, [r7, #4]
 3221 000c 0833     		adds	r3, r3, #8
 3222 000e 1A68     		ldr	r2, [r3]
 3223 0010 7B68     		ldr	r3, [r7, #4]
 3224 0012 0833     		adds	r3, r3, #8
 3225 0014 8021     		movs	r1, #128
 3226 0016 8A43     		bics	r2, r1
 3227 0018 1A60     		str	r2, [r3]
 961:../Firmware/GD32E23x_standard_peripheral/Source/gd32e23x_usart.c ****     /* configure DMA transmission */
 962:../Firmware/GD32E23x_standard_peripheral/Source/gd32e23x_usart.c ****     USART_CTL2(usart_periph) |= dmacmd;
 3228              		.loc 1 962 30
 3229 001a 7B68     		ldr	r3, [r7, #4]
 3230 001c 0833     		adds	r3, r3, #8
 3231 001e 1968     		ldr	r1, [r3]
 3232 0020 7B68     		ldr	r3, [r7, #4]
 3233 0022 0833     		adds	r3, r3, #8
 3234 0024 3A68     		ldr	r2, [r7]
 3235 0026 0A43     		orrs	r2, r1
 3236 0028 1A60     		str	r2, [r3]
 963:../Firmware/GD32E23x_standard_peripheral/Source/gd32e23x_usart.c **** }
 3237              		.loc 1 963 1
 3238 002a C046     		nop
 3239 002c BD46     		mov	sp, r7
 3240 002e 02B0     		add	sp, sp, #8
 3241              		@ sp needed
 3242 0030 80BD     		pop	{r7, pc}
 3243              		.cfi_endproc
 3244              	.LFE113:
 3246              		.section	.text.usart_reception_error_dma_disable,"ax",%progbits
 3247              		.align	1
 3248              		.global	usart_reception_error_dma_disable
 3249              		.syntax unified
 3250              		.code	16
 3251              		.thumb_func
 3252              		.fpu softvfp
 3254              	usart_reception_error_dma_disable:
 3255              	.LFB114:
 964:../Firmware/GD32E23x_standard_peripheral/Source/gd32e23x_usart.c **** 
 965:../Firmware/GD32E23x_standard_peripheral/Source/gd32e23x_usart.c **** /*!
 966:../Firmware/GD32E23x_standard_peripheral/Source/gd32e23x_usart.c ****     \brief      disable DMA on reception error
 967:../Firmware/GD32E23x_standard_peripheral/Source/gd32e23x_usart.c ****     \param[in]  usart_periph: USARTx(x=0,1)
 968:../Firmware/GD32E23x_standard_peripheral/Source/gd32e23x_usart.c ****     \param[out] none
 969:../Firmware/GD32E23x_standard_peripheral/Source/gd32e23x_usart.c ****     \retval     none
 970:../Firmware/GD32E23x_standard_peripheral/Source/gd32e23x_usart.c **** */
 971:../Firmware/GD32E23x_standard_peripheral/Source/gd32e23x_usart.c **** void usart_reception_error_dma_disable(uint32_t usart_periph)
 972:../Firmware/GD32E23x_standard_peripheral/Source/gd32e23x_usart.c **** {
 3256              		.loc 1 972 1
 3257              		.cfi_startproc
 3258              		@ args = 0, pretend = 0, frame = 8
 3259              		@ frame_needed = 1, uses_anonymous_args = 0
 3260 0000 80B5     		push	{r7, lr}
 3261              		.cfi_def_cfa_offset 8
 3262              		.cfi_offset 7, -8
 3263              		.cfi_offset 14, -4
 3264 0002 82B0     		sub	sp, sp, #8
 3265              		.cfi_def_cfa_offset 16
 3266 0004 00AF     		add	r7, sp, #0
 3267              		.cfi_def_cfa_register 7
 3268 0006 7860     		str	r0, [r7, #4]
 973:../Firmware/GD32E23x_standard_peripheral/Source/gd32e23x_usart.c ****     /* disable USART */
 974:../Firmware/GD32E23x_standard_peripheral/Source/gd32e23x_usart.c ****     USART_CTL0(usart_periph) &= ~(USART_CTL0_UEN);
 3269              		.loc 1 974 30
 3270 0008 7B68     		ldr	r3, [r7, #4]
 3271 000a 1A68     		ldr	r2, [r3]
 3272 000c 7B68     		ldr	r3, [r7, #4]
 3273 000e 0121     		movs	r1, #1
 3274 0010 8A43     		bics	r2, r1
 3275 0012 1A60     		str	r2, [r3]
 975:../Firmware/GD32E23x_standard_peripheral/Source/gd32e23x_usart.c **** 
 976:../Firmware/GD32E23x_standard_peripheral/Source/gd32e23x_usart.c ****     USART_CTL2(usart_periph) |= USART_CTL2_DDRE;
 3276              		.loc 1 976 30
 3277 0014 7B68     		ldr	r3, [r7, #4]
 3278 0016 0833     		adds	r3, r3, #8
 3279 0018 1A68     		ldr	r2, [r3]
 3280 001a 7B68     		ldr	r3, [r7, #4]
 3281 001c 0833     		adds	r3, r3, #8
 3282 001e 42F20001 		movw	r1, #8192
 3283 0022 0A43     		orrs	r2, r1
 3284 0024 1A60     		str	r2, [r3]
 977:../Firmware/GD32E23x_standard_peripheral/Source/gd32e23x_usart.c **** }
 3285              		.loc 1 977 1
 3286 0026 C046     		nop
 3287 0028 BD46     		mov	sp, r7
 3288 002a 02B0     		add	sp, sp, #8
 3289              		@ sp needed
 3290 002c 80BD     		pop	{r7, pc}
 3291              		.cfi_endproc
 3292              	.LFE114:
 3294              		.section	.text.usart_reception_error_dma_enable,"ax",%progbits
 3295              		.align	1
 3296              		.global	usart_reception_error_dma_enable
 3297              		.syntax unified
 3298              		.code	16
 3299              		.thumb_func
 3300              		.fpu softvfp
 3302              	usart_reception_error_dma_enable:
 3303              	.LFB115:
 978:../Firmware/GD32E23x_standard_peripheral/Source/gd32e23x_usart.c **** 
 979:../Firmware/GD32E23x_standard_peripheral/Source/gd32e23x_usart.c **** /*!
 980:../Firmware/GD32E23x_standard_peripheral/Source/gd32e23x_usart.c ****     \brief      enable DMA on reception error
 981:../Firmware/GD32E23x_standard_peripheral/Source/gd32e23x_usart.c ****     \param[in]  usart_periph: USARTx(x=0,1)
 982:../Firmware/GD32E23x_standard_peripheral/Source/gd32e23x_usart.c ****     \param[out] none
 983:../Firmware/GD32E23x_standard_peripheral/Source/gd32e23x_usart.c ****     \retval     none
 984:../Firmware/GD32E23x_standard_peripheral/Source/gd32e23x_usart.c **** */
 985:../Firmware/GD32E23x_standard_peripheral/Source/gd32e23x_usart.c **** void usart_reception_error_dma_enable(uint32_t usart_periph)
 986:../Firmware/GD32E23x_standard_peripheral/Source/gd32e23x_usart.c **** {
 3304              		.loc 1 986 1
 3305              		.cfi_startproc
 3306              		@ args = 0, pretend = 0, frame = 8
 3307              		@ frame_needed = 1, uses_anonymous_args = 0
 3308 0000 80B5     		push	{r7, lr}
 3309              		.cfi_def_cfa_offset 8
 3310              		.cfi_offset 7, -8
 3311              		.cfi_offset 14, -4
 3312 0002 82B0     		sub	sp, sp, #8
 3313              		.cfi_def_cfa_offset 16
 3314 0004 00AF     		add	r7, sp, #0
 3315              		.cfi_def_cfa_register 7
 3316 0006 7860     		str	r0, [r7, #4]
 987:../Firmware/GD32E23x_standard_peripheral/Source/gd32e23x_usart.c ****     /* disable USART */
 988:../Firmware/GD32E23x_standard_peripheral/Source/gd32e23x_usart.c ****     USART_CTL0(usart_periph) &= ~(USART_CTL0_UEN);
 3317              		.loc 1 988 30
 3318 0008 7B68     		ldr	r3, [r7, #4]
 3319 000a 1A68     		ldr	r2, [r3]
 3320 000c 7B68     		ldr	r3, [r7, #4]
 3321 000e 0121     		movs	r1, #1
 3322 0010 8A43     		bics	r2, r1
 3323 0012 1A60     		str	r2, [r3]
 989:../Firmware/GD32E23x_standard_peripheral/Source/gd32e23x_usart.c **** 
 990:../Firmware/GD32E23x_standard_peripheral/Source/gd32e23x_usart.c ****     USART_CTL2(usart_periph) &= ~(USART_CTL2_DDRE);
 3324              		.loc 1 990 30
 3325 0014 7B68     		ldr	r3, [r7, #4]
 3326 0016 0833     		adds	r3, r3, #8
 3327 0018 1A68     		ldr	r2, [r3]
 3328 001a 7B68     		ldr	r3, [r7, #4]
 3329 001c 0833     		adds	r3, r3, #8
 3330 001e 0349     		ldr	r1, .L127
 3331 0020 0A40     		ands	r2, r1
 3332 0022 1A60     		str	r2, [r3]
 991:../Firmware/GD32E23x_standard_peripheral/Source/gd32e23x_usart.c **** }
 3333              		.loc 1 991 1
 3334 0024 C046     		nop
 3335 0026 BD46     		mov	sp, r7
 3336 0028 02B0     		add	sp, sp, #8
 3337              		@ sp needed
 3338 002a 80BD     		pop	{r7, pc}
 3339              	.L128:
 3340              		.align	2
 3341              	.L127:
 3342 002c FFDFFFFF 		.word	-8193
 3343              		.cfi_endproc
 3344              	.LFE115:
 3346              		.section	.text.usart_wakeup_enable,"ax",%progbits
 3347              		.align	1
 3348              		.global	usart_wakeup_enable
 3349              		.syntax unified
 3350              		.code	16
 3351              		.thumb_func
 3352              		.fpu softvfp
 3354              	usart_wakeup_enable:
 3355              	.LFB116:
 992:../Firmware/GD32E23x_standard_peripheral/Source/gd32e23x_usart.c **** 
 993:../Firmware/GD32E23x_standard_peripheral/Source/gd32e23x_usart.c **** /*!
 994:../Firmware/GD32E23x_standard_peripheral/Source/gd32e23x_usart.c ****     \brief      enable USART to wakeup the mcu from deep-sleep mode
 995:../Firmware/GD32E23x_standard_peripheral/Source/gd32e23x_usart.c ****     \param[in]  usart_periph: USARTx(x=0)
 996:../Firmware/GD32E23x_standard_peripheral/Source/gd32e23x_usart.c ****     \param[out] none
 997:../Firmware/GD32E23x_standard_peripheral/Source/gd32e23x_usart.c ****     \retval     none
 998:../Firmware/GD32E23x_standard_peripheral/Source/gd32e23x_usart.c **** */
 999:../Firmware/GD32E23x_standard_peripheral/Source/gd32e23x_usart.c **** void usart_wakeup_enable(uint32_t usart_periph)
1000:../Firmware/GD32E23x_standard_peripheral/Source/gd32e23x_usart.c **** {
 3356              		.loc 1 1000 1
 3357              		.cfi_startproc
 3358              		@ args = 0, pretend = 0, frame = 8
 3359              		@ frame_needed = 1, uses_anonymous_args = 0
 3360 0000 80B5     		push	{r7, lr}
 3361              		.cfi_def_cfa_offset 8
 3362              		.cfi_offset 7, -8
 3363              		.cfi_offset 14, -4
 3364 0002 82B0     		sub	sp, sp, #8
 3365              		.cfi_def_cfa_offset 16
 3366 0004 00AF     		add	r7, sp, #0
 3367              		.cfi_def_cfa_register 7
 3368 0006 7860     		str	r0, [r7, #4]
1001:../Firmware/GD32E23x_standard_peripheral/Source/gd32e23x_usart.c ****     USART_CTL0(usart_periph) |= USART_CTL0_UESM;
 3369              		.loc 1 1001 30
 3370 0008 7B68     		ldr	r3, [r7, #4]
 3371 000a 1A68     		ldr	r2, [r3]
 3372 000c 7B68     		ldr	r3, [r7, #4]
 3373 000e 0221     		movs	r1, #2
 3374 0010 0A43     		orrs	r2, r1
 3375 0012 1A60     		str	r2, [r3]
1002:../Firmware/GD32E23x_standard_peripheral/Source/gd32e23x_usart.c **** }
 3376              		.loc 1 1002 1
 3377 0014 C046     		nop
 3378 0016 BD46     		mov	sp, r7
 3379 0018 02B0     		add	sp, sp, #8
 3380              		@ sp needed
 3381 001a 80BD     		pop	{r7, pc}
 3382              		.cfi_endproc
 3383              	.LFE116:
 3385              		.section	.text.usart_wakeup_disable,"ax",%progbits
 3386              		.align	1
 3387              		.global	usart_wakeup_disable
 3388              		.syntax unified
 3389              		.code	16
 3390              		.thumb_func
 3391              		.fpu softvfp
 3393              	usart_wakeup_disable:
 3394              	.LFB117:
1003:../Firmware/GD32E23x_standard_peripheral/Source/gd32e23x_usart.c **** 
1004:../Firmware/GD32E23x_standard_peripheral/Source/gd32e23x_usart.c **** /*!
1005:../Firmware/GD32E23x_standard_peripheral/Source/gd32e23x_usart.c ****     \brief      disable USART to wakeup the mcu from deep-sleep mode
1006:../Firmware/GD32E23x_standard_peripheral/Source/gd32e23x_usart.c ****     \param[in]  usart_periph: USARTx(x=0)
1007:../Firmware/GD32E23x_standard_peripheral/Source/gd32e23x_usart.c ****     \param[out] none
1008:../Firmware/GD32E23x_standard_peripheral/Source/gd32e23x_usart.c ****     \retval     none
1009:../Firmware/GD32E23x_standard_peripheral/Source/gd32e23x_usart.c **** */
1010:../Firmware/GD32E23x_standard_peripheral/Source/gd32e23x_usart.c **** void usart_wakeup_disable(uint32_t usart_periph)
1011:../Firmware/GD32E23x_standard_peripheral/Source/gd32e23x_usart.c **** {
 3395              		.loc 1 1011 1
 3396              		.cfi_startproc
 3397              		@ args = 0, pretend = 0, frame = 8
 3398              		@ frame_needed = 1, uses_anonymous_args = 0
 3399 0000 80B5     		push	{r7, lr}
 3400              		.cfi_def_cfa_offset 8
 3401              		.cfi_offset 7, -8
 3402              		.cfi_offset 14, -4
 3403 0002 82B0     		sub	sp, sp, #8
 3404              		.cfi_def_cfa_offset 16
 3405 0004 00AF     		add	r7, sp, #0
 3406              		.cfi_def_cfa_register 7
 3407 0006 7860     		str	r0, [r7, #4]
1012:../Firmware/GD32E23x_standard_peripheral/Source/gd32e23x_usart.c ****     USART_CTL0(usart_periph) &= ~(USART_CTL0_UESM);
 3408              		.loc 1 1012 30
 3409 0008 7B68     		ldr	r3, [r7, #4]
 3410 000a 1A68     		ldr	r2, [r3]
 3411 000c 7B68     		ldr	r3, [r7, #4]
 3412 000e 0221     		movs	r1, #2
 3413 0010 8A43     		bics	r2, r1
 3414 0012 1A60     		str	r2, [r3]
1013:../Firmware/GD32E23x_standard_peripheral/Source/gd32e23x_usart.c **** }
 3415              		.loc 1 1013 1
 3416 0014 C046     		nop
 3417 0016 BD46     		mov	sp, r7
 3418 0018 02B0     		add	sp, sp, #8
 3419              		@ sp needed
 3420 001a 80BD     		pop	{r7, pc}
 3421              		.cfi_endproc
 3422              	.LFE117:
 3424              		.section	.text.usart_wakeup_mode_config,"ax",%progbits
 3425              		.align	1
 3426              		.global	usart_wakeup_mode_config
 3427              		.syntax unified
 3428              		.code	16
 3429              		.thumb_func
 3430              		.fpu softvfp
 3432              	usart_wakeup_mode_config:
 3433              	.LFB118:
1014:../Firmware/GD32E23x_standard_peripheral/Source/gd32e23x_usart.c **** 
1015:../Firmware/GD32E23x_standard_peripheral/Source/gd32e23x_usart.c **** /*!
1016:../Firmware/GD32E23x_standard_peripheral/Source/gd32e23x_usart.c ****     \brief      configure the USART wakeup mode from deep-sleep mode
1017:../Firmware/GD32E23x_standard_peripheral/Source/gd32e23x_usart.c ****     \param[in]  usart_periph: USARTx(x=0)
1018:../Firmware/GD32E23x_standard_peripheral/Source/gd32e23x_usart.c ****     \param[in]  wum: wakeup mode
1019:../Firmware/GD32E23x_standard_peripheral/Source/gd32e23x_usart.c ****                 only one parameter can be selected which is shown as below:
1020:../Firmware/GD32E23x_standard_peripheral/Source/gd32e23x_usart.c ****       \arg        USART_WUM_ADDR: WUF active on address match
1021:../Firmware/GD32E23x_standard_peripheral/Source/gd32e23x_usart.c ****       \arg        USART_WUM_STARTB: WUF active on start bit
1022:../Firmware/GD32E23x_standard_peripheral/Source/gd32e23x_usart.c ****       \arg        USART_WUM_RBNE: WUF active on RBNE
1023:../Firmware/GD32E23x_standard_peripheral/Source/gd32e23x_usart.c ****     \param[out] none
1024:../Firmware/GD32E23x_standard_peripheral/Source/gd32e23x_usart.c ****     \retval     none
1025:../Firmware/GD32E23x_standard_peripheral/Source/gd32e23x_usart.c **** */
1026:../Firmware/GD32E23x_standard_peripheral/Source/gd32e23x_usart.c **** void usart_wakeup_mode_config(uint32_t usart_periph, uint32_t wum)
1027:../Firmware/GD32E23x_standard_peripheral/Source/gd32e23x_usart.c **** {
 3434              		.loc 1 1027 1
 3435              		.cfi_startproc
 3436              		@ args = 0, pretend = 0, frame = 8
 3437              		@ frame_needed = 1, uses_anonymous_args = 0
 3438 0000 80B5     		push	{r7, lr}
 3439              		.cfi_def_cfa_offset 8
 3440              		.cfi_offset 7, -8
 3441              		.cfi_offset 14, -4
 3442 0002 82B0     		sub	sp, sp, #8
 3443              		.cfi_def_cfa_offset 16
 3444 0004 00AF     		add	r7, sp, #0
 3445              		.cfi_def_cfa_register 7
 3446 0006 7860     		str	r0, [r7, #4]
 3447 0008 3960     		str	r1, [r7]
1028:../Firmware/GD32E23x_standard_peripheral/Source/gd32e23x_usart.c ****     /* disable USART */
1029:../Firmware/GD32E23x_standard_peripheral/Source/gd32e23x_usart.c ****     USART_CTL0(usart_periph) &= ~(USART_CTL0_UEN);
 3448              		.loc 1 1029 30
 3449 000a 7B68     		ldr	r3, [r7, #4]
 3450 000c 1A68     		ldr	r2, [r3]
 3451 000e 7B68     		ldr	r3, [r7, #4]
 3452 0010 0121     		movs	r1, #1
 3453 0012 8A43     		bics	r2, r1
 3454 0014 1A60     		str	r2, [r3]
1030:../Firmware/GD32E23x_standard_peripheral/Source/gd32e23x_usart.c ****     /* reset WUM bit */
1031:../Firmware/GD32E23x_standard_peripheral/Source/gd32e23x_usart.c ****     USART_CTL2(usart_periph) &= ~(USART_CTL2_WUM);
 3455              		.loc 1 1031 30
 3456 0016 7B68     		ldr	r3, [r7, #4]
 3457 0018 0833     		adds	r3, r3, #8
 3458 001a 1A68     		ldr	r2, [r3]
 3459 001c 7B68     		ldr	r3, [r7, #4]
 3460 001e 0833     		adds	r3, r3, #8
 3461 0020 0849     		ldr	r1, .L132
 3462 0022 0A40     		ands	r2, r1
 3463 0024 1A60     		str	r2, [r3]
1032:../Firmware/GD32E23x_standard_peripheral/Source/gd32e23x_usart.c ****     USART_CTL2(usart_periph) |= USART_CTL2_WUM & (wum);
 3464              		.loc 1 1032 30
 3465 0026 7B68     		ldr	r3, [r7, #4]
 3466 0028 0833     		adds	r3, r3, #8
 3467 002a 1968     		ldr	r1, [r3]
 3468              		.loc 1 1032 48
 3469 002c 3A68     		ldr	r2, [r7]
 3470 002e C023     		movs	r3, #192
 3471 0030 9B03     		lsls	r3, r3, #14
 3472 0032 1A40     		ands	r2, r3
 3473              		.loc 1 1032 30
 3474 0034 7B68     		ldr	r3, [r7, #4]
 3475 0036 0833     		adds	r3, r3, #8
 3476 0038 0A43     		orrs	r2, r1
 3477 003a 1A60     		str	r2, [r3]
1033:../Firmware/GD32E23x_standard_peripheral/Source/gd32e23x_usart.c **** }
 3478              		.loc 1 1033 1
 3479 003c C046     		nop
 3480 003e BD46     		mov	sp, r7
 3481 0040 02B0     		add	sp, sp, #8
 3482              		@ sp needed
 3483 0042 80BD     		pop	{r7, pc}
 3484              	.L133:
 3485              		.align	2
 3486              	.L132:
 3487 0044 FFFFCFFF 		.word	-3145729
 3488              		.cfi_endproc
 3489              	.LFE118:
 3491              		.section	.text.usart_receive_fifo_enable,"ax",%progbits
 3492              		.align	1
 3493              		.global	usart_receive_fifo_enable
 3494              		.syntax unified
 3495              		.code	16
 3496              		.thumb_func
 3497              		.fpu softvfp
 3499              	usart_receive_fifo_enable:
 3500              	.LFB119:
1034:../Firmware/GD32E23x_standard_peripheral/Source/gd32e23x_usart.c **** 
1035:../Firmware/GD32E23x_standard_peripheral/Source/gd32e23x_usart.c **** /*!
1036:../Firmware/GD32E23x_standard_peripheral/Source/gd32e23x_usart.c ****     \brief      enable receive FIFO
1037:../Firmware/GD32E23x_standard_peripheral/Source/gd32e23x_usart.c ****     \param[in]  usart_periph: USARTx(x=0,1)
1038:../Firmware/GD32E23x_standard_peripheral/Source/gd32e23x_usart.c ****     \param[out] none
1039:../Firmware/GD32E23x_standard_peripheral/Source/gd32e23x_usart.c ****     \retval     none
1040:../Firmware/GD32E23x_standard_peripheral/Source/gd32e23x_usart.c **** */
1041:../Firmware/GD32E23x_standard_peripheral/Source/gd32e23x_usart.c **** void usart_receive_fifo_enable(uint32_t usart_periph)
1042:../Firmware/GD32E23x_standard_peripheral/Source/gd32e23x_usart.c **** {
 3501              		.loc 1 1042 1
 3502              		.cfi_startproc
 3503              		@ args = 0, pretend = 0, frame = 8
 3504              		@ frame_needed = 1, uses_anonymous_args = 0
 3505 0000 80B5     		push	{r7, lr}
 3506              		.cfi_def_cfa_offset 8
 3507              		.cfi_offset 7, -8
 3508              		.cfi_offset 14, -4
 3509 0002 82B0     		sub	sp, sp, #8
 3510              		.cfi_def_cfa_offset 16
 3511 0004 00AF     		add	r7, sp, #0
 3512              		.cfi_def_cfa_register 7
 3513 0006 7860     		str	r0, [r7, #4]
1043:../Firmware/GD32E23x_standard_peripheral/Source/gd32e23x_usart.c ****     USART_RFCS(usart_periph) |= USART_RFCS_RFEN;
 3514              		.loc 1 1043 30
 3515 0008 7B68     		ldr	r3, [r7, #4]
 3516 000a D033     		adds	r3, r3, #208
 3517 000c 1A68     		ldr	r2, [r3]
 3518 000e 7B68     		ldr	r3, [r7, #4]
 3519 0010 D033     		adds	r3, r3, #208
 3520 0012 40F20011 		movw	r1, #256
 3521 0016 0A43     		orrs	r2, r1
 3522 0018 1A60     		str	r2, [r3]
1044:../Firmware/GD32E23x_standard_peripheral/Source/gd32e23x_usart.c **** }
 3523              		.loc 1 1044 1
 3524 001a C046     		nop
 3525 001c BD46     		mov	sp, r7
 3526 001e 02B0     		add	sp, sp, #8
 3527              		@ sp needed
 3528 0020 80BD     		pop	{r7, pc}
 3529              		.cfi_endproc
 3530              	.LFE119:
 3532              		.section	.text.usart_receive_fifo_disable,"ax",%progbits
 3533              		.align	1
 3534              		.global	usart_receive_fifo_disable
 3535              		.syntax unified
 3536              		.code	16
 3537              		.thumb_func
 3538              		.fpu softvfp
 3540              	usart_receive_fifo_disable:
 3541              	.LFB120:
1045:../Firmware/GD32E23x_standard_peripheral/Source/gd32e23x_usart.c **** 
1046:../Firmware/GD32E23x_standard_peripheral/Source/gd32e23x_usart.c **** /*!
1047:../Firmware/GD32E23x_standard_peripheral/Source/gd32e23x_usart.c ****     \brief      disable receive FIFO
1048:../Firmware/GD32E23x_standard_peripheral/Source/gd32e23x_usart.c ****     \param[in]  usart_periph: USARTx(x=0,1)
1049:../Firmware/GD32E23x_standard_peripheral/Source/gd32e23x_usart.c ****     \param[out] none
1050:../Firmware/GD32E23x_standard_peripheral/Source/gd32e23x_usart.c ****     \retval     none
1051:../Firmware/GD32E23x_standard_peripheral/Source/gd32e23x_usart.c **** */
1052:../Firmware/GD32E23x_standard_peripheral/Source/gd32e23x_usart.c **** void usart_receive_fifo_disable(uint32_t usart_periph)
1053:../Firmware/GD32E23x_standard_peripheral/Source/gd32e23x_usart.c **** {
 3542              		.loc 1 1053 1
 3543              		.cfi_startproc
 3544              		@ args = 0, pretend = 0, frame = 8
 3545              		@ frame_needed = 1, uses_anonymous_args = 0
 3546 0000 80B5     		push	{r7, lr}
 3547              		.cfi_def_cfa_offset 8
 3548              		.cfi_offset 7, -8
 3549              		.cfi_offset 14, -4
 3550 0002 82B0     		sub	sp, sp, #8
 3551              		.cfi_def_cfa_offset 16
 3552 0004 00AF     		add	r7, sp, #0
 3553              		.cfi_def_cfa_register 7
 3554 0006 7860     		str	r0, [r7, #4]
1054:../Firmware/GD32E23x_standard_peripheral/Source/gd32e23x_usart.c ****     USART_RFCS(usart_periph) &= ~(USART_RFCS_RFEN);
 3555              		.loc 1 1054 30
 3556 0008 7B68     		ldr	r3, [r7, #4]
 3557 000a D033     		adds	r3, r3, #208
 3558 000c 1A68     		ldr	r2, [r3]
 3559 000e 7B68     		ldr	r3, [r7, #4]
 3560 0010 D033     		adds	r3, r3, #208
 3561 0012 0349     		ldr	r1, .L136
 3562 0014 0A40     		ands	r2, r1
 3563 0016 1A60     		str	r2, [r3]
1055:../Firmware/GD32E23x_standard_peripheral/Source/gd32e23x_usart.c **** }
 3564              		.loc 1 1055 1
 3565 0018 C046     		nop
 3566 001a BD46     		mov	sp, r7
 3567 001c 02B0     		add	sp, sp, #8
 3568              		@ sp needed
 3569 001e 80BD     		pop	{r7, pc}
 3570              	.L137:
 3571              		.align	2
 3572              	.L136:
 3573 0020 FFFEFFFF 		.word	-257
 3574              		.cfi_endproc
 3575              	.LFE120:
 3577              		.section	.text.usart_receive_fifo_counter_number,"ax",%progbits
 3578              		.align	1
 3579              		.global	usart_receive_fifo_counter_number
 3580              		.syntax unified
 3581              		.code	16
 3582              		.thumb_func
 3583              		.fpu softvfp
 3585              	usart_receive_fifo_counter_number:
 3586              	.LFB121:
1056:../Firmware/GD32E23x_standard_peripheral/Source/gd32e23x_usart.c **** 
1057:../Firmware/GD32E23x_standard_peripheral/Source/gd32e23x_usart.c **** /*!
1058:../Firmware/GD32E23x_standard_peripheral/Source/gd32e23x_usart.c ****     \brief      read receive FIFO counter number
1059:../Firmware/GD32E23x_standard_peripheral/Source/gd32e23x_usart.c ****     \param[in]  usart_periph: USARTx(x=0,1)
1060:../Firmware/GD32E23x_standard_peripheral/Source/gd32e23x_usart.c ****     \param[out] none
1061:../Firmware/GD32E23x_standard_peripheral/Source/gd32e23x_usart.c ****     \retval     receive FIFO counter number
1062:../Firmware/GD32E23x_standard_peripheral/Source/gd32e23x_usart.c **** */
1063:../Firmware/GD32E23x_standard_peripheral/Source/gd32e23x_usart.c **** uint8_t usart_receive_fifo_counter_number(uint32_t usart_periph)
1064:../Firmware/GD32E23x_standard_peripheral/Source/gd32e23x_usart.c **** {
 3587              		.loc 1 1064 1
 3588              		.cfi_startproc
 3589              		@ args = 0, pretend = 0, frame = 8
 3590              		@ frame_needed = 1, uses_anonymous_args = 0
 3591 0000 80B5     		push	{r7, lr}
 3592              		.cfi_def_cfa_offset 8
 3593              		.cfi_offset 7, -8
 3594              		.cfi_offset 14, -4
 3595 0002 82B0     		sub	sp, sp, #8
 3596              		.cfi_def_cfa_offset 16
 3597 0004 00AF     		add	r7, sp, #0
 3598              		.cfi_def_cfa_register 7
 3599 0006 7860     		str	r0, [r7, #4]
1065:../Firmware/GD32E23x_standard_peripheral/Source/gd32e23x_usart.c ****     return (uint8_t)(GET_BITS(USART_RFCS(usart_periph), 12U, 14U));
 3600              		.loc 1 1065 22
 3601 0008 7B68     		ldr	r3, [r7, #4]
 3602 000a D033     		adds	r3, r3, #208
 3603 000c 1B68     		ldr	r3, [r3]
 3604 000e 1B0B     		lsrs	r3, r3, #12
 3605              		.loc 1 1065 12
 3606 0010 DBB2     		uxtb	r3, r3
 3607 0012 0722     		movs	r2, #7
 3608 0014 1340     		ands	r3, r2
 3609 0016 DBB2     		uxtb	r3, r3
1066:../Firmware/GD32E23x_standard_peripheral/Source/gd32e23x_usart.c **** }
 3610              		.loc 1 1066 1
 3611 0018 1800     		movs	r0, r3
 3612 001a BD46     		mov	sp, r7
 3613 001c 02B0     		add	sp, sp, #8
 3614              		@ sp needed
 3615 001e 80BD     		pop	{r7, pc}
 3616              		.cfi_endproc
 3617              	.LFE121:
 3619              		.section	.text.usart_flag_get,"ax",%progbits
 3620              		.align	1
 3621              		.global	usart_flag_get
 3622              		.syntax unified
 3623              		.code	16
 3624              		.thumb_func
 3625              		.fpu softvfp
 3627              	usart_flag_get:
 3628              	.LFB122:
1067:../Firmware/GD32E23x_standard_peripheral/Source/gd32e23x_usart.c **** 
1068:../Firmware/GD32E23x_standard_peripheral/Source/gd32e23x_usart.c **** /*!
1069:../Firmware/GD32E23x_standard_peripheral/Source/gd32e23x_usart.c ****     \brief      get flag in STAT/CHC/RFCS register
1070:../Firmware/GD32E23x_standard_peripheral/Source/gd32e23x_usart.c ****     \param[in]  usart_periph: USARTx(x=0,1)
1071:../Firmware/GD32E23x_standard_peripheral/Source/gd32e23x_usart.c ****     \param[in]  flag: flag type
1072:../Firmware/GD32E23x_standard_peripheral/Source/gd32e23x_usart.c ****                 only one parameter can be selected which is shown as below:
1073:../Firmware/GD32E23x_standard_peripheral/Source/gd32e23x_usart.c ****       \arg        USART_FLAG_PERR: parity error flag
1074:../Firmware/GD32E23x_standard_peripheral/Source/gd32e23x_usart.c ****       \arg        USART_FLAG_FERR: frame error flag
1075:../Firmware/GD32E23x_standard_peripheral/Source/gd32e23x_usart.c ****       \arg        USART_FLAG_NERR: noise error flag
1076:../Firmware/GD32E23x_standard_peripheral/Source/gd32e23x_usart.c ****       \arg        USART_FLAG_ORERR: overrun error
1077:../Firmware/GD32E23x_standard_peripheral/Source/gd32e23x_usart.c ****       \arg        USART_FLAG_IDLE: idle line detected flag
1078:../Firmware/GD32E23x_standard_peripheral/Source/gd32e23x_usart.c ****       \arg        USART_FLAG_RBNE: read data buffer not empty
1079:../Firmware/GD32E23x_standard_peripheral/Source/gd32e23x_usart.c ****       \arg        USART_FLAG_TC: transmission completed
1080:../Firmware/GD32E23x_standard_peripheral/Source/gd32e23x_usart.c ****       \arg        USART_FLAG_TBE: transmit data register empty
1081:../Firmware/GD32E23x_standard_peripheral/Source/gd32e23x_usart.c ****       \arg        USART_FLAG_LBD: LIN break detected flag
1082:../Firmware/GD32E23x_standard_peripheral/Source/gd32e23x_usart.c ****       \arg        USART_FLAG_CTSF: CTS change flag
1083:../Firmware/GD32E23x_standard_peripheral/Source/gd32e23x_usart.c ****       \arg        USART_FLAG_CTS: CTS level
1084:../Firmware/GD32E23x_standard_peripheral/Source/gd32e23x_usart.c ****       \arg        USART_FLAG_RT: receiver timeout flag
1085:../Firmware/GD32E23x_standard_peripheral/Source/gd32e23x_usart.c ****       \arg        USART_FLAG_EB: end of block flag
1086:../Firmware/GD32E23x_standard_peripheral/Source/gd32e23x_usart.c ****       \arg        USART_FLAG_BSY: busy flag
1087:../Firmware/GD32E23x_standard_peripheral/Source/gd32e23x_usart.c ****       \arg        USART_FLAG_AM: address match flag
1088:../Firmware/GD32E23x_standard_peripheral/Source/gd32e23x_usart.c ****       \arg        USART_FLAG_SB: send break flag
1089:../Firmware/GD32E23x_standard_peripheral/Source/gd32e23x_usart.c ****       \arg        USART_FLAG_RWU: receiver wakeup from mute mode.
1090:../Firmware/GD32E23x_standard_peripheral/Source/gd32e23x_usart.c ****       \arg        USART_FLAG_WU: wakeup from deep-sleep mode flag
1091:../Firmware/GD32E23x_standard_peripheral/Source/gd32e23x_usart.c ****       \arg        USART_FLAG_TEA: transmit enable acknowledge flag
1092:../Firmware/GD32E23x_standard_peripheral/Source/gd32e23x_usart.c ****       \arg        USART_FLAG_REA: receive enable acknowledge flag
1093:../Firmware/GD32E23x_standard_peripheral/Source/gd32e23x_usart.c ****       \arg        USART_FLAG_EPERR: early parity error flag
1094:../Firmware/GD32E23x_standard_peripheral/Source/gd32e23x_usart.c ****       \arg        USART_FLAG_RFE: receive FIFO empty flag
1095:../Firmware/GD32E23x_standard_peripheral/Source/gd32e23x_usart.c ****       \arg        USART_FLAG_RFF: receive FIFO full flag
1096:../Firmware/GD32E23x_standard_peripheral/Source/gd32e23x_usart.c ****       \arg        USART_FLAG_RFFINT: receive FIFO full interrupt flag
1097:../Firmware/GD32E23x_standard_peripheral/Source/gd32e23x_usart.c ****     \param[out] none
1098:../Firmware/GD32E23x_standard_peripheral/Source/gd32e23x_usart.c ****     \retval     FlagStatus: SET or RESET
1099:../Firmware/GD32E23x_standard_peripheral/Source/gd32e23x_usart.c **** */
1100:../Firmware/GD32E23x_standard_peripheral/Source/gd32e23x_usart.c **** FlagStatus usart_flag_get(uint32_t usart_periph, usart_flag_enum flag)
1101:../Firmware/GD32E23x_standard_peripheral/Source/gd32e23x_usart.c **** {
 3629              		.loc 1 1101 1
 3630              		.cfi_startproc
 3631              		@ args = 0, pretend = 0, frame = 8
 3632              		@ frame_needed = 1, uses_anonymous_args = 0
 3633 0000 80B5     		push	{r7, lr}
 3634              		.cfi_def_cfa_offset 8
 3635              		.cfi_offset 7, -8
 3636              		.cfi_offset 14, -4
 3637 0002 82B0     		sub	sp, sp, #8
 3638              		.cfi_def_cfa_offset 16
 3639 0004 00AF     		add	r7, sp, #0
 3640              		.cfi_def_cfa_register 7
 3641 0006 7860     		str	r0, [r7, #4]
 3642 0008 0A00     		movs	r2, r1
 3643 000a BB1C     		adds	r3, r7, #2
 3644 000c 1A80     		strh	r2, [r3]
1102:../Firmware/GD32E23x_standard_peripheral/Source/gd32e23x_usart.c ****     if(RESET != (USART_REG_VAL(usart_periph, flag) & BIT(USART_BIT_POS(flag)))) {
 3645              		.loc 1 1102 18
 3646 000e BB1C     		adds	r3, r7, #2
 3647 0010 1B88     		ldrh	r3, [r3]
 3648 0012 9B09     		lsrs	r3, r3, #6
 3649 0014 9BB2     		uxth	r3, r3
 3650 0016 1A00     		movs	r2, r3
 3651 0018 7B68     		ldr	r3, [r7, #4]
 3652 001a D318     		adds	r3, r2, r3
 3653 001c 1A68     		ldr	r2, [r3]
 3654              		.loc 1 1102 54
 3655 001e BB1C     		adds	r3, r7, #2
 3656 0020 1B88     		ldrh	r3, [r3]
 3657 0022 1F21     		movs	r1, #31
 3658 0024 0B40     		ands	r3, r1
 3659              		.loc 1 1102 14
 3660 0026 DA40     		lsrs	r2, r2, r3
 3661 0028 1300     		movs	r3, r2
 3662 002a 0122     		movs	r2, #1
 3663 002c 1340     		ands	r3, r2
 3664              		.loc 1 1102 7
 3665 002e 0BB1     		cbz	r3, .L141
1103:../Firmware/GD32E23x_standard_peripheral/Source/gd32e23x_usart.c ****         return SET;
 3666              		.loc 1 1103 16
 3667 0030 0123     		movs	r3, #1
 3668 0032 00E0     		b	.L142
 3669              	.L141:
1104:../Firmware/GD32E23x_standard_peripheral/Source/gd32e23x_usart.c ****     } else {
1105:../Firmware/GD32E23x_standard_peripheral/Source/gd32e23x_usart.c ****         return RESET;
 3670              		.loc 1 1105 16
 3671 0034 0023     		movs	r3, #0
 3672              	.L142:
1106:../Firmware/GD32E23x_standard_peripheral/Source/gd32e23x_usart.c ****     }
1107:../Firmware/GD32E23x_standard_peripheral/Source/gd32e23x_usart.c **** }
 3673              		.loc 1 1107 1
 3674 0036 1800     		movs	r0, r3
 3675 0038 BD46     		mov	sp, r7
 3676 003a 02B0     		add	sp, sp, #8
 3677              		@ sp needed
 3678 003c 80BD     		pop	{r7, pc}
 3679              		.cfi_endproc
 3680              	.LFE122:
 3682              		.section	.text.usart_flag_clear,"ax",%progbits
 3683              		.align	1
 3684              		.global	usart_flag_clear
 3685              		.syntax unified
 3686              		.code	16
 3687              		.thumb_func
 3688              		.fpu softvfp
 3690              	usart_flag_clear:
 3691              	.LFB123:
1108:../Firmware/GD32E23x_standard_peripheral/Source/gd32e23x_usart.c **** 
1109:../Firmware/GD32E23x_standard_peripheral/Source/gd32e23x_usart.c **** /*!
1110:../Firmware/GD32E23x_standard_peripheral/Source/gd32e23x_usart.c ****     \brief      clear USART status
1111:../Firmware/GD32E23x_standard_peripheral/Source/gd32e23x_usart.c ****     \param[in]  usart_periph: USARTx(x=0,1)
1112:../Firmware/GD32E23x_standard_peripheral/Source/gd32e23x_usart.c ****     \param[in]  flag: flag type
1113:../Firmware/GD32E23x_standard_peripheral/Source/gd32e23x_usart.c ****                 only one parameter can be selected which is shown as below:
1114:../Firmware/GD32E23x_standard_peripheral/Source/gd32e23x_usart.c ****       \arg        USART_FLAG_PERR: parity error flag
1115:../Firmware/GD32E23x_standard_peripheral/Source/gd32e23x_usart.c ****       \arg        USART_FLAG_FERR: frame error flag
1116:../Firmware/GD32E23x_standard_peripheral/Source/gd32e23x_usart.c ****       \arg        USART_FLAG_NERR: noise detected flag
1117:../Firmware/GD32E23x_standard_peripheral/Source/gd32e23x_usart.c ****       \arg        USART_FLAG_ORERR: overrun error flag
1118:../Firmware/GD32E23x_standard_peripheral/Source/gd32e23x_usart.c ****       \arg        USART_FLAG_IDLE: idle line detected flag
1119:../Firmware/GD32E23x_standard_peripheral/Source/gd32e23x_usart.c ****       \arg        USART_FLAG_TC: transmission complete flag
1120:../Firmware/GD32E23x_standard_peripheral/Source/gd32e23x_usart.c ****       \arg        USART_FLAG_LBD: LIN break detected flag
1121:../Firmware/GD32E23x_standard_peripheral/Source/gd32e23x_usart.c ****       \arg        USART_FLAG_CTSF: CTS change flag
1122:../Firmware/GD32E23x_standard_peripheral/Source/gd32e23x_usart.c ****       \arg        USART_FLAG_RT: receiver timeout flag
1123:../Firmware/GD32E23x_standard_peripheral/Source/gd32e23x_usart.c ****       \arg        USART_FLAG_EB: end of block flag
1124:../Firmware/GD32E23x_standard_peripheral/Source/gd32e23x_usart.c ****       \arg        USART_FLAG_AM: address match flag
1125:../Firmware/GD32E23x_standard_peripheral/Source/gd32e23x_usart.c ****       \arg        USART_FLAG_WU: wakeup from deep-sleep mode flag
1126:../Firmware/GD32E23x_standard_peripheral/Source/gd32e23x_usart.c ****       \arg        USART_FLAG_EPERR: early parity error flag
1127:../Firmware/GD32E23x_standard_peripheral/Source/gd32e23x_usart.c ****     \param[out] none
1128:../Firmware/GD32E23x_standard_peripheral/Source/gd32e23x_usart.c ****     \retval     none
1129:../Firmware/GD32E23x_standard_peripheral/Source/gd32e23x_usart.c **** */
1130:../Firmware/GD32E23x_standard_peripheral/Source/gd32e23x_usart.c **** void usart_flag_clear(uint32_t usart_periph, usart_flag_enum flag)
1131:../Firmware/GD32E23x_standard_peripheral/Source/gd32e23x_usart.c **** {
 3692              		.loc 1 1131 1
 3693              		.cfi_startproc
 3694              		@ args = 0, pretend = 0, frame = 8
 3695              		@ frame_needed = 1, uses_anonymous_args = 0
 3696 0000 80B5     		push	{r7, lr}
 3697              		.cfi_def_cfa_offset 8
 3698              		.cfi_offset 7, -8
 3699              		.cfi_offset 14, -4
 3700 0002 82B0     		sub	sp, sp, #8
 3701              		.cfi_def_cfa_offset 16
 3702 0004 00AF     		add	r7, sp, #0
 3703              		.cfi_def_cfa_register 7
 3704 0006 7860     		str	r0, [r7, #4]
 3705 0008 0A00     		movs	r2, r1
 3706 000a BB1C     		adds	r3, r7, #2
 3707 000c 1A80     		strh	r2, [r3]
1132:../Firmware/GD32E23x_standard_peripheral/Source/gd32e23x_usart.c ****     USART_INTC(usart_periph) |= BIT(USART_BIT_POS(flag));
 3708              		.loc 1 1132 30
 3709 000e 7B68     		ldr	r3, [r7, #4]
 3710 0010 2033     		adds	r3, r3, #32
 3711 0012 1968     		ldr	r1, [r3]
 3712              		.loc 1 1132 33
 3713 0014 BB1C     		adds	r3, r7, #2
 3714 0016 1B88     		ldrh	r3, [r3]
 3715 0018 1F22     		movs	r2, #31
 3716 001a 1340     		ands	r3, r2
 3717 001c 0122     		movs	r2, #1
 3718 001e 9A40     		lsls	r2, r2, r3
 3719              		.loc 1 1132 30
 3720 0020 7B68     		ldr	r3, [r7, #4]
 3721 0022 2033     		adds	r3, r3, #32
 3722 0024 0A43     		orrs	r2, r1
 3723 0026 1A60     		str	r2, [r3]
1133:../Firmware/GD32E23x_standard_peripheral/Source/gd32e23x_usart.c **** }
 3724              		.loc 1 1133 1
 3725 0028 C046     		nop
 3726 002a BD46     		mov	sp, r7
 3727 002c 02B0     		add	sp, sp, #8
 3728              		@ sp needed
 3729 002e 80BD     		pop	{r7, pc}
 3730              		.cfi_endproc
 3731              	.LFE123:
 3733              		.section	.text.usart_interrupt_enable,"ax",%progbits
 3734              		.align	1
 3735              		.global	usart_interrupt_enable
 3736              		.syntax unified
 3737              		.code	16
 3738              		.thumb_func
 3739              		.fpu softvfp
 3741              	usart_interrupt_enable:
 3742              	.LFB124:
1134:../Firmware/GD32E23x_standard_peripheral/Source/gd32e23x_usart.c **** 
1135:../Firmware/GD32E23x_standard_peripheral/Source/gd32e23x_usart.c **** /*!
1136:../Firmware/GD32E23x_standard_peripheral/Source/gd32e23x_usart.c ****     \brief      enable USART interrupt
1137:../Firmware/GD32E23x_standard_peripheral/Source/gd32e23x_usart.c ****     \param[in]  usart_periph: USARTx(x=0,1)
1138:../Firmware/GD32E23x_standard_peripheral/Source/gd32e23x_usart.c ****     \param[in]  inttype: interrupt type
1139:../Firmware/GD32E23x_standard_peripheral/Source/gd32e23x_usart.c ****                 only one parameter can be selected which is shown as below:
1140:../Firmware/GD32E23x_standard_peripheral/Source/gd32e23x_usart.c ****       \arg        USART_INT_IDLE: idle interrupt
1141:../Firmware/GD32E23x_standard_peripheral/Source/gd32e23x_usart.c ****       \arg        USART_INT_RBNE: read data buffer not empty interrupt and
1142:../Firmware/GD32E23x_standard_peripheral/Source/gd32e23x_usart.c ****                                   overrun error interrupt enable interrupt
1143:../Firmware/GD32E23x_standard_peripheral/Source/gd32e23x_usart.c ****       \arg        USART_INT_TC: transmission complete interrupt
1144:../Firmware/GD32E23x_standard_peripheral/Source/gd32e23x_usart.c ****       \arg        USART_INT_TBE: transmit data register empty interrupt
1145:../Firmware/GD32E23x_standard_peripheral/Source/gd32e23x_usart.c ****       \arg        USART_INT_PERR: parity error interrupt
1146:../Firmware/GD32E23x_standard_peripheral/Source/gd32e23x_usart.c ****       \arg        USART_INT_AM: address match interrupt
1147:../Firmware/GD32E23x_standard_peripheral/Source/gd32e23x_usart.c ****       \arg        USART_INT_RT: receiver timeout interrupt
1148:../Firmware/GD32E23x_standard_peripheral/Source/gd32e23x_usart.c ****       \arg        USART_INT_EB: end of block interrupt
1149:../Firmware/GD32E23x_standard_peripheral/Source/gd32e23x_usart.c ****       \arg        USART_INT_LBD: LIN break detection interrupt
1150:../Firmware/GD32E23x_standard_peripheral/Source/gd32e23x_usart.c ****       \arg        USART_INT_ERR: error interrupt enable in multibuffer communication
1151:../Firmware/GD32E23x_standard_peripheral/Source/gd32e23x_usart.c ****       \arg        USART_INT_CTS: CTS interrupt
1152:../Firmware/GD32E23x_standard_peripheral/Source/gd32e23x_usart.c ****       \arg        USART_INT_WU: wakeup from deep-sleep mode interrupt
1153:../Firmware/GD32E23x_standard_peripheral/Source/gd32e23x_usart.c ****       \arg        USART_INT_RFF: receive FIFO full interrupt enable
1154:../Firmware/GD32E23x_standard_peripheral/Source/gd32e23x_usart.c ****     \param[out] none
1155:../Firmware/GD32E23x_standard_peripheral/Source/gd32e23x_usart.c ****     \retval     none
1156:../Firmware/GD32E23x_standard_peripheral/Source/gd32e23x_usart.c **** */
1157:../Firmware/GD32E23x_standard_peripheral/Source/gd32e23x_usart.c **** void usart_interrupt_enable(uint32_t usart_periph, usart_interrupt_enum interrupt)
1158:../Firmware/GD32E23x_standard_peripheral/Source/gd32e23x_usart.c **** {
 3743              		.loc 1 1158 1
 3744              		.cfi_startproc
 3745              		@ args = 0, pretend = 0, frame = 8
 3746              		@ frame_needed = 1, uses_anonymous_args = 0
 3747 0000 80B5     		push	{r7, lr}
 3748              		.cfi_def_cfa_offset 8
 3749              		.cfi_offset 7, -8
 3750              		.cfi_offset 14, -4
 3751 0002 82B0     		sub	sp, sp, #8
 3752              		.cfi_def_cfa_offset 16
 3753 0004 00AF     		add	r7, sp, #0
 3754              		.cfi_def_cfa_register 7
 3755 0006 7860     		str	r0, [r7, #4]
 3756 0008 0A00     		movs	r2, r1
 3757 000a BB1C     		adds	r3, r7, #2
 3758 000c 1A80     		strh	r2, [r3]
1159:../Firmware/GD32E23x_standard_peripheral/Source/gd32e23x_usart.c ****     USART_REG_VAL(usart_periph, interrupt) |= BIT(USART_BIT_POS(interrupt));
 3759              		.loc 1 1159 44
 3760 000e BB1C     		adds	r3, r7, #2
 3761 0010 1B88     		ldrh	r3, [r3]
 3762 0012 9B09     		lsrs	r3, r3, #6
 3763 0014 9BB2     		uxth	r3, r3
 3764 0016 1A00     		movs	r2, r3
 3765 0018 7B68     		ldr	r3, [r7, #4]
 3766 001a D318     		adds	r3, r2, r3
 3767 001c 1968     		ldr	r1, [r3]
 3768              		.loc 1 1159 47
 3769 001e BB1C     		adds	r3, r7, #2
 3770 0020 1B88     		ldrh	r3, [r3]
 3771 0022 1F22     		movs	r2, #31
 3772 0024 1340     		ands	r3, r2
 3773 0026 0122     		movs	r2, #1
 3774 0028 9A40     		lsls	r2, r2, r3
 3775              		.loc 1 1159 44
 3776 002a BB1C     		adds	r3, r7, #2
 3777 002c 1B88     		ldrh	r3, [r3]
 3778 002e 9B09     		lsrs	r3, r3, #6
 3779 0030 9BB2     		uxth	r3, r3
 3780 0032 1800     		movs	r0, r3
 3781 0034 7B68     		ldr	r3, [r7, #4]
 3782 0036 C318     		adds	r3, r0, r3
 3783 0038 0A43     		orrs	r2, r1
 3784 003a 1A60     		str	r2, [r3]
1160:../Firmware/GD32E23x_standard_peripheral/Source/gd32e23x_usart.c **** }
 3785              		.loc 1 1160 1
 3786 003c C046     		nop
 3787 003e BD46     		mov	sp, r7
 3788 0040 02B0     		add	sp, sp, #8
 3789              		@ sp needed
 3790 0042 80BD     		pop	{r7, pc}
 3791              		.cfi_endproc
 3792              	.LFE124:
 3794              		.section	.text.usart_interrupt_disable,"ax",%progbits
 3795              		.align	1
 3796              		.global	usart_interrupt_disable
 3797              		.syntax unified
 3798              		.code	16
 3799              		.thumb_func
 3800              		.fpu softvfp
 3802              	usart_interrupt_disable:
 3803              	.LFB125:
1161:../Firmware/GD32E23x_standard_peripheral/Source/gd32e23x_usart.c **** 
1162:../Firmware/GD32E23x_standard_peripheral/Source/gd32e23x_usart.c **** /*!
1163:../Firmware/GD32E23x_standard_peripheral/Source/gd32e23x_usart.c ****     \brief      disable USART interrupt
1164:../Firmware/GD32E23x_standard_peripheral/Source/gd32e23x_usart.c ****     \param[in]  usart_periph: USARTx(x=0,1)
1165:../Firmware/GD32E23x_standard_peripheral/Source/gd32e23x_usart.c ****     \param[in]  inttype: interrupt type
1166:../Firmware/GD32E23x_standard_peripheral/Source/gd32e23x_usart.c ****                 only one parameter can be selected which is shown as below:
1167:../Firmware/GD32E23x_standard_peripheral/Source/gd32e23x_usart.c ****       \arg        USART_INT_IDLE: idle interrupt
1168:../Firmware/GD32E23x_standard_peripheral/Source/gd32e23x_usart.c ****       \arg        USART_INT_RBNE: read data buffer not empty interrupt and
1169:../Firmware/GD32E23x_standard_peripheral/Source/gd32e23x_usart.c ****                                   overrun error interrupt
1170:../Firmware/GD32E23x_standard_peripheral/Source/gd32e23x_usart.c ****       \arg        USART_INT_TC: transmission complete interrupt
1171:../Firmware/GD32E23x_standard_peripheral/Source/gd32e23x_usart.c ****       \arg        USART_INT_TBE: transmit data register empty interrupt
1172:../Firmware/GD32E23x_standard_peripheral/Source/gd32e23x_usart.c ****       \arg        USART_INT_PERR: parity error interrupt
1173:../Firmware/GD32E23x_standard_peripheral/Source/gd32e23x_usart.c ****       \arg        USART_INT_AM: address match interrupt
1174:../Firmware/GD32E23x_standard_peripheral/Source/gd32e23x_usart.c ****       \arg        USART_INT_RT: receiver timeout interrupt
1175:../Firmware/GD32E23x_standard_peripheral/Source/gd32e23x_usart.c ****       \arg        USART_INT_EB: end of block interrupt
1176:../Firmware/GD32E23x_standard_peripheral/Source/gd32e23x_usart.c ****       \arg        USART_INT_LBD: LIN break detection interrupt
1177:../Firmware/GD32E23x_standard_peripheral/Source/gd32e23x_usart.c ****       \arg        USART_INT_ERR: error interrupt enable in multibuffer communication
1178:../Firmware/GD32E23x_standard_peripheral/Source/gd32e23x_usart.c ****       \arg        USART_INT_CTS: CTS interrupt
1179:../Firmware/GD32E23x_standard_peripheral/Source/gd32e23x_usart.c ****       \arg        USART_INT_WU: wakeup from deep-sleep mode interrupt
1180:../Firmware/GD32E23x_standard_peripheral/Source/gd32e23x_usart.c ****       \arg        USART_INT_RFF: receive FIFO full interrupt enable
1181:../Firmware/GD32E23x_standard_peripheral/Source/gd32e23x_usart.c ****     \param[out] none
1182:../Firmware/GD32E23x_standard_peripheral/Source/gd32e23x_usart.c ****     \retval     none
1183:../Firmware/GD32E23x_standard_peripheral/Source/gd32e23x_usart.c **** */
1184:../Firmware/GD32E23x_standard_peripheral/Source/gd32e23x_usart.c **** void usart_interrupt_disable(uint32_t usart_periph, usart_interrupt_enum interrupt)
1185:../Firmware/GD32E23x_standard_peripheral/Source/gd32e23x_usart.c **** {
 3804              		.loc 1 1185 1
 3805              		.cfi_startproc
 3806              		@ args = 0, pretend = 0, frame = 8
 3807              		@ frame_needed = 1, uses_anonymous_args = 0
 3808 0000 80B5     		push	{r7, lr}
 3809              		.cfi_def_cfa_offset 8
 3810              		.cfi_offset 7, -8
 3811              		.cfi_offset 14, -4
 3812 0002 82B0     		sub	sp, sp, #8
 3813              		.cfi_def_cfa_offset 16
 3814 0004 00AF     		add	r7, sp, #0
 3815              		.cfi_def_cfa_register 7
 3816 0006 7860     		str	r0, [r7, #4]
 3817 0008 0A00     		movs	r2, r1
 3818 000a BB1C     		adds	r3, r7, #2
 3819 000c 1A80     		strh	r2, [r3]
1186:../Firmware/GD32E23x_standard_peripheral/Source/gd32e23x_usart.c ****     USART_REG_VAL(usart_periph, interrupt) &= ~BIT(USART_BIT_POS(interrupt));
 3820              		.loc 1 1186 44
 3821 000e BB1C     		adds	r3, r7, #2
 3822 0010 1B88     		ldrh	r3, [r3]
 3823 0012 9B09     		lsrs	r3, r3, #6
 3824 0014 9BB2     		uxth	r3, r3
 3825 0016 1A00     		movs	r2, r3
 3826 0018 7B68     		ldr	r3, [r7, #4]
 3827 001a D318     		adds	r3, r2, r3
 3828 001c 1A68     		ldr	r2, [r3]
 3829              		.loc 1 1186 48
 3830 001e BB1C     		adds	r3, r7, #2
 3831 0020 1B88     		ldrh	r3, [r3]
 3832 0022 1F21     		movs	r1, #31
 3833 0024 0B40     		ands	r3, r1
 3834 0026 0121     		movs	r1, #1
 3835 0028 9940     		lsls	r1, r1, r3
 3836 002a 0B00     		movs	r3, r1
 3837              		.loc 1 1186 47
 3838 002c D943     		mvns	r1, r3
 3839              		.loc 1 1186 44
 3840 002e BB1C     		adds	r3, r7, #2
 3841 0030 1B88     		ldrh	r3, [r3]
 3842 0032 9B09     		lsrs	r3, r3, #6
 3843 0034 9BB2     		uxth	r3, r3
 3844 0036 1800     		movs	r0, r3
 3845 0038 7B68     		ldr	r3, [r7, #4]
 3846 003a C318     		adds	r3, r0, r3
 3847 003c 0A40     		ands	r2, r1
 3848 003e 1A60     		str	r2, [r3]
1187:../Firmware/GD32E23x_standard_peripheral/Source/gd32e23x_usart.c **** }
 3849              		.loc 1 1187 1
 3850 0040 C046     		nop
 3851 0042 BD46     		mov	sp, r7
 3852 0044 02B0     		add	sp, sp, #8
 3853              		@ sp needed
 3854 0046 80BD     		pop	{r7, pc}
 3855              		.cfi_endproc
 3856              	.LFE125:
 3858              		.section	.text.usart_command_enable,"ax",%progbits
 3859              		.align	1
 3860              		.global	usart_command_enable
 3861              		.syntax unified
 3862              		.code	16
 3863              		.thumb_func
 3864              		.fpu softvfp
 3866              	usart_command_enable:
 3867              	.LFB126:
1188:../Firmware/GD32E23x_standard_peripheral/Source/gd32e23x_usart.c **** 
1189:../Firmware/GD32E23x_standard_peripheral/Source/gd32e23x_usart.c **** /*!
1190:../Firmware/GD32E23x_standard_peripheral/Source/gd32e23x_usart.c ****     \brief      enable USART command
1191:../Firmware/GD32E23x_standard_peripheral/Source/gd32e23x_usart.c ****     \param[in]  usart_periph: USARTx(x=0,1)
1192:../Firmware/GD32E23x_standard_peripheral/Source/gd32e23x_usart.c ****     \param[in]  cmdtype: command type
1193:../Firmware/GD32E23x_standard_peripheral/Source/gd32e23x_usart.c ****                 only one parameter can be selected which is shown as below:
1194:../Firmware/GD32E23x_standard_peripheral/Source/gd32e23x_usart.c ****       \arg        USART_CMD_SBKCMD: send break command
1195:../Firmware/GD32E23x_standard_peripheral/Source/gd32e23x_usart.c ****       \arg        USART_CMD_MMCMD: mute mode command
1196:../Firmware/GD32E23x_standard_peripheral/Source/gd32e23x_usart.c ****       \arg        USART_CMD_RXFCMD: receive data flush command
1197:../Firmware/GD32E23x_standard_peripheral/Source/gd32e23x_usart.c ****       \arg        USART_CMD_TXFCMD: transmit data flush request
1198:../Firmware/GD32E23x_standard_peripheral/Source/gd32e23x_usart.c ****     \param[out] none
1199:../Firmware/GD32E23x_standard_peripheral/Source/gd32e23x_usart.c ****     \retval     none
1200:../Firmware/GD32E23x_standard_peripheral/Source/gd32e23x_usart.c **** */
1201:../Firmware/GD32E23x_standard_peripheral/Source/gd32e23x_usart.c **** void usart_command_enable(uint32_t usart_periph, uint32_t cmdtype)
1202:../Firmware/GD32E23x_standard_peripheral/Source/gd32e23x_usart.c **** {
 3868              		.loc 1 1202 1
 3869              		.cfi_startproc
 3870              		@ args = 0, pretend = 0, frame = 8
 3871              		@ frame_needed = 1, uses_anonymous_args = 0
 3872 0000 80B5     		push	{r7, lr}
 3873              		.cfi_def_cfa_offset 8
 3874              		.cfi_offset 7, -8
 3875              		.cfi_offset 14, -4
 3876 0002 82B0     		sub	sp, sp, #8
 3877              		.cfi_def_cfa_offset 16
 3878 0004 00AF     		add	r7, sp, #0
 3879              		.cfi_def_cfa_register 7
 3880 0006 7860     		str	r0, [r7, #4]
 3881 0008 3960     		str	r1, [r7]
1203:../Firmware/GD32E23x_standard_peripheral/Source/gd32e23x_usart.c ****     USART_CMD(usart_periph) |= (cmdtype);
 3882              		.loc 1 1203 29
 3883 000a 7B68     		ldr	r3, [r7, #4]
 3884 000c 1833     		adds	r3, r3, #24
 3885 000e 1968     		ldr	r1, [r3]
 3886 0010 7B68     		ldr	r3, [r7, #4]
 3887 0012 1833     		adds	r3, r3, #24
 3888 0014 3A68     		ldr	r2, [r7]
 3889 0016 0A43     		orrs	r2, r1
 3890 0018 1A60     		str	r2, [r3]
1204:../Firmware/GD32E23x_standard_peripheral/Source/gd32e23x_usart.c **** }
 3891              		.loc 1 1204 1
 3892 001a C046     		nop
 3893 001c BD46     		mov	sp, r7
 3894 001e 02B0     		add	sp, sp, #8
 3895              		@ sp needed
 3896 0020 80BD     		pop	{r7, pc}
 3897              		.cfi_endproc
 3898              	.LFE126:
 3900              		.section	.text.usart_interrupt_flag_get,"ax",%progbits
 3901              		.align	1
 3902              		.global	usart_interrupt_flag_get
 3903              		.syntax unified
 3904              		.code	16
 3905              		.thumb_func
 3906              		.fpu softvfp
 3908              	usart_interrupt_flag_get:
 3909              	.LFB127:
1205:../Firmware/GD32E23x_standard_peripheral/Source/gd32e23x_usart.c **** 
1206:../Firmware/GD32E23x_standard_peripheral/Source/gd32e23x_usart.c **** /*!
1207:../Firmware/GD32E23x_standard_peripheral/Source/gd32e23x_usart.c ****     \brief      get USART interrupt and flag status
1208:../Firmware/GD32E23x_standard_peripheral/Source/gd32e23x_usart.c ****     \param[in]  usart_periph: USARTx(x=0,1)
1209:../Firmware/GD32E23x_standard_peripheral/Source/gd32e23x_usart.c ****     \param[in]  int_flag: interrupt and flag type, refer to usart_interrupt_flag_enum
1210:../Firmware/GD32E23x_standard_peripheral/Source/gd32e23x_usart.c ****                 only one parameter can be selected which is shown as below:
1211:../Firmware/GD32E23x_standard_peripheral/Source/gd32e23x_usart.c ****       \arg        USART_INT_FLAG_EB: end of block interrupt and flag
1212:../Firmware/GD32E23x_standard_peripheral/Source/gd32e23x_usart.c ****       \arg        USART_INT_FLAG_RT: receiver timeout interrupt and flag
1213:../Firmware/GD32E23x_standard_peripheral/Source/gd32e23x_usart.c ****       \arg        USART_INT_FLAG_AM: address match interrupt and flag
1214:../Firmware/GD32E23x_standard_peripheral/Source/gd32e23x_usart.c ****       \arg        USART_INT_FLAG_PERR: parity error interrupt and flag
1215:../Firmware/GD32E23x_standard_peripheral/Source/gd32e23x_usart.c ****       \arg        USART_INT_FLAG_TBE: transmitter buffer empty interrupt and flag
1216:../Firmware/GD32E23x_standard_peripheral/Source/gd32e23x_usart.c ****       \arg        USART_INT_FLAG_TC: transmission complete interrupt and flag
1217:../Firmware/GD32E23x_standard_peripheral/Source/gd32e23x_usart.c ****       \arg        USART_INT_FLAG_RBNE: read data buffer not empty interrupt and flag
1218:../Firmware/GD32E23x_standard_peripheral/Source/gd32e23x_usart.c ****       \arg        USART_INT_FLAG_RBNE_ORERR: read data buffer not empty interrupt and overrun error
1219:../Firmware/GD32E23x_standard_peripheral/Source/gd32e23x_usart.c ****       \arg        USART_INT_FLAG_IDLE: IDLE line detected interrupt and flag
1220:../Firmware/GD32E23x_standard_peripheral/Source/gd32e23x_usart.c ****       \arg        USART_INT_FLAG_LBD: LIN break detected interrupt and flag
1221:../Firmware/GD32E23x_standard_peripheral/Source/gd32e23x_usart.c ****       \arg        USART_INT_FLAG_WU: wakeup from deep-sleep mode interrupt and flag
1222:../Firmware/GD32E23x_standard_peripheral/Source/gd32e23x_usart.c ****       \arg        USART_INT_FLAG_CTS: CTS interrupt and flag
1223:../Firmware/GD32E23x_standard_peripheral/Source/gd32e23x_usart.c ****       \arg        USART_INT_FLAG_ERR_NERR: error interrupt and noise error flag
1224:../Firmware/GD32E23x_standard_peripheral/Source/gd32e23x_usart.c ****       \arg        USART_INT_FLAG_ERR_ORERR: error interrupt and overrun error
1225:../Firmware/GD32E23x_standard_peripheral/Source/gd32e23x_usart.c ****       \arg        USART_INT_FLAG_ERR_FERR: error interrupt and frame error flag
1226:../Firmware/GD32E23x_standard_peripheral/Source/gd32e23x_usart.c ****       \arg        USART_INT_FLAG_RFF: receive FIFO full interrupt and flag
1227:../Firmware/GD32E23x_standard_peripheral/Source/gd32e23x_usart.c ****     \param[out] none
1228:../Firmware/GD32E23x_standard_peripheral/Source/gd32e23x_usart.c ****     \retval     FlagStatus: SET or RESET
1229:../Firmware/GD32E23x_standard_peripheral/Source/gd32e23x_usart.c **** */
1230:../Firmware/GD32E23x_standard_peripheral/Source/gd32e23x_usart.c **** FlagStatus usart_interrupt_flag_get(uint32_t usart_periph, usart_interrupt_flag_enum int_flag)
1231:../Firmware/GD32E23x_standard_peripheral/Source/gd32e23x_usart.c **** {
 3910              		.loc 1 1231 1
 3911              		.cfi_startproc
 3912              		@ args = 0, pretend = 0, frame = 16
 3913              		@ frame_needed = 1, uses_anonymous_args = 0
 3914 0000 80B5     		push	{r7, lr}
 3915              		.cfi_def_cfa_offset 8
 3916              		.cfi_offset 7, -8
 3917              		.cfi_offset 14, -4
 3918 0002 84B0     		sub	sp, sp, #16
 3919              		.cfi_def_cfa_offset 24
 3920 0004 00AF     		add	r7, sp, #0
 3921              		.cfi_def_cfa_register 7
 3922 0006 7860     		str	r0, [r7, #4]
 3923 0008 3960     		str	r1, [r7]
1232:../Firmware/GD32E23x_standard_peripheral/Source/gd32e23x_usart.c ****     uint32_t intenable = 0U, flagstatus = 0U;
 3924              		.loc 1 1232 14
 3925 000a 0023     		movs	r3, #0
 3926 000c FB60     		str	r3, [r7, #12]
 3927              		.loc 1 1232 30
 3928 000e 0023     		movs	r3, #0
 3929 0010 BB60     		str	r3, [r7, #8]
1233:../Firmware/GD32E23x_standard_peripheral/Source/gd32e23x_usart.c ****     /* get the interrupt enable bit status */
1234:../Firmware/GD32E23x_standard_peripheral/Source/gd32e23x_usart.c ****     intenable = (USART_REG_VAL(usart_periph, int_flag) & BIT(USART_BIT_POS(int_flag)));
 3930              		.loc 1 1234 18
 3931 0012 3B68     		ldr	r3, [r7]
 3932 0014 9B09     		lsrs	r3, r3, #6
 3933 0016 9B05     		lsls	r3, r3, #22
 3934 0018 9A0D     		lsrs	r2, r3, #22
 3935 001a 7B68     		ldr	r3, [r7, #4]
 3936 001c D318     		adds	r3, r2, r3
 3937 001e 1B68     		ldr	r3, [r3]
 3938              		.loc 1 1234 58
 3939 0020 3A68     		ldr	r2, [r7]
 3940 0022 1F21     		movs	r1, #31
 3941 0024 0A40     		ands	r2, r1
 3942 0026 0121     		movs	r1, #1
 3943 0028 9140     		lsls	r1, r1, r2
 3944 002a 0A00     		movs	r2, r1
 3945              		.loc 1 1234 15
 3946 002c 1340     		ands	r3, r2
 3947 002e FB60     		str	r3, [r7, #12]
1235:../Firmware/GD32E23x_standard_peripheral/Source/gd32e23x_usart.c ****     /* get the corresponding flag bit status */
1236:../Firmware/GD32E23x_standard_peripheral/Source/gd32e23x_usart.c ****     flagstatus = (USART_REG_VAL2(usart_periph, int_flag) & BIT(USART_BIT_POS2(int_flag)));
 3948              		.loc 1 1236 19
 3949 0030 3B68     		ldr	r3, [r7]
 3950 0032 9A0D     		lsrs	r2, r3, #22
 3951 0034 7B68     		ldr	r3, [r7, #4]
 3952 0036 D318     		adds	r3, r2, r3
 3953 0038 1B68     		ldr	r3, [r3]
 3954              		.loc 1 1236 60
 3955 003a 3A68     		ldr	r2, [r7]
 3956 003c 120C     		lsrs	r2, r2, #16
 3957 003e 1F21     		movs	r1, #31
 3958 0040 0A40     		ands	r2, r1
 3959 0042 0121     		movs	r1, #1
 3960 0044 9140     		lsls	r1, r1, r2
 3961 0046 0A00     		movs	r2, r1
 3962              		.loc 1 1236 16
 3963 0048 1340     		ands	r3, r2
 3964 004a BB60     		str	r3, [r7, #8]
1237:../Firmware/GD32E23x_standard_peripheral/Source/gd32e23x_usart.c **** 
1238:../Firmware/GD32E23x_standard_peripheral/Source/gd32e23x_usart.c ****     if(flagstatus && intenable) {
 3965              		.loc 1 1238 7
 3966 004c BB68     		ldr	r3, [r7, #8]
 3967 004e 1BB1     		cbz	r3, .L148
 3968              		.loc 1 1238 19 discriminator 1
 3969 0050 FB68     		ldr	r3, [r7, #12]
 3970 0052 0BB1     		cbz	r3, .L148
1239:../Firmware/GD32E23x_standard_peripheral/Source/gd32e23x_usart.c ****         return SET;
 3971              		.loc 1 1239 16
 3972 0054 0123     		movs	r3, #1
 3973 0056 00E0     		b	.L149
 3974              	.L148:
1240:../Firmware/GD32E23x_standard_peripheral/Source/gd32e23x_usart.c ****     } else {
1241:../Firmware/GD32E23x_standard_peripheral/Source/gd32e23x_usart.c ****         return RESET;
 3975              		.loc 1 1241 16
 3976 0058 0023     		movs	r3, #0
 3977              	.L149:
1242:../Firmware/GD32E23x_standard_peripheral/Source/gd32e23x_usart.c ****     }
1243:../Firmware/GD32E23x_standard_peripheral/Source/gd32e23x_usart.c **** }
 3978              		.loc 1 1243 1
 3979 005a 1800     		movs	r0, r3
 3980 005c BD46     		mov	sp, r7
 3981 005e 04B0     		add	sp, sp, #16
 3982              		@ sp needed
 3983 0060 80BD     		pop	{r7, pc}
 3984              		.cfi_endproc
 3985              	.LFE127:
 3987              		.section	.text.usart_interrupt_flag_clear,"ax",%progbits
 3988              		.align	1
 3989              		.global	usart_interrupt_flag_clear
 3990              		.syntax unified
 3991              		.code	16
 3992              		.thumb_func
 3993              		.fpu softvfp
 3995              	usart_interrupt_flag_clear:
 3996              	.LFB128:
1244:../Firmware/GD32E23x_standard_peripheral/Source/gd32e23x_usart.c **** 
1245:../Firmware/GD32E23x_standard_peripheral/Source/gd32e23x_usart.c **** /*!
1246:../Firmware/GD32E23x_standard_peripheral/Source/gd32e23x_usart.c ****     \brief      clear USART interrupt flag
1247:../Firmware/GD32E23x_standard_peripheral/Source/gd32e23x_usart.c ****     \param[in]  usart_periph: USARTx(x=0,1)
1248:../Firmware/GD32E23x_standard_peripheral/Source/gd32e23x_usart.c ****     \param[in]  flag: USART interrupt flag
1249:../Firmware/GD32E23x_standard_peripheral/Source/gd32e23x_usart.c ****                 only one parameter can be selected which is shown as below:
1250:../Firmware/GD32E23x_standard_peripheral/Source/gd32e23x_usart.c ****       \arg        USART_INT_FLAG_PERR: parity error flag
1251:../Firmware/GD32E23x_standard_peripheral/Source/gd32e23x_usart.c ****       \arg        USART_INT_FLAG_ERR_FERR: frame error flag
1252:../Firmware/GD32E23x_standard_peripheral/Source/gd32e23x_usart.c ****       \arg        USART_INT_FLAG_ERR_NERR: noise detected flag
1253:../Firmware/GD32E23x_standard_peripheral/Source/gd32e23x_usart.c ****       \arg        USART_INT_FLAG_RBNE_ORERR: read data buffer not empty interrupt and overrun error
1254:../Firmware/GD32E23x_standard_peripheral/Source/gd32e23x_usart.c ****       \arg        USART_INT_FLAG_ERR_ORERR: error interrupt and overrun error
1255:../Firmware/GD32E23x_standard_peripheral/Source/gd32e23x_usart.c ****       \arg        USART_INT_FLAG_IDLE: idle line detected flag
1256:../Firmware/GD32E23x_standard_peripheral/Source/gd32e23x_usart.c ****       \arg        USART_INT_FLAG_TC: transmission complete flag
1257:../Firmware/GD32E23x_standard_peripheral/Source/gd32e23x_usart.c ****       \arg        USART_INT_FLAG_LBD: LIN break detected flag
1258:../Firmware/GD32E23x_standard_peripheral/Source/gd32e23x_usart.c ****       \arg        USART_INT_FLAG_CTS: CTS change flag
1259:../Firmware/GD32E23x_standard_peripheral/Source/gd32e23x_usart.c ****       \arg        USART_INT_FLAG_RT: receiver timeout flag
1260:../Firmware/GD32E23x_standard_peripheral/Source/gd32e23x_usart.c ****       \arg        USART_INT_FLAG_EB: end of block flag
1261:../Firmware/GD32E23x_standard_peripheral/Source/gd32e23x_usart.c ****       \arg        USART_INT_FLAG_AM: address match flag
1262:../Firmware/GD32E23x_standard_peripheral/Source/gd32e23x_usart.c ****       \arg        USART_INT_FLAG_WU: wakeup from deep-sleep mode flag
1263:../Firmware/GD32E23x_standard_peripheral/Source/gd32e23x_usart.c ****       \arg        USART_INT_FLAG_RFF: receive FIFO full interrupt and flag
1264:../Firmware/GD32E23x_standard_peripheral/Source/gd32e23x_usart.c ****     \param[out] none
1265:../Firmware/GD32E23x_standard_peripheral/Source/gd32e23x_usart.c ****     \retval     none
1266:../Firmware/GD32E23x_standard_peripheral/Source/gd32e23x_usart.c **** */
1267:../Firmware/GD32E23x_standard_peripheral/Source/gd32e23x_usart.c **** void usart_interrupt_flag_clear(uint32_t usart_periph, usart_interrupt_flag_enum flag)
1268:../Firmware/GD32E23x_standard_peripheral/Source/gd32e23x_usart.c **** {
 3997              		.loc 1 1268 1
 3998              		.cfi_startproc
 3999              		@ args = 0, pretend = 0, frame = 8
 4000              		@ frame_needed = 1, uses_anonymous_args = 0
 4001 0000 80B5     		push	{r7, lr}
 4002              		.cfi_def_cfa_offset 8
 4003              		.cfi_offset 7, -8
 4004              		.cfi_offset 14, -4
 4005 0002 82B0     		sub	sp, sp, #8
 4006              		.cfi_def_cfa_offset 16
 4007 0004 00AF     		add	r7, sp, #0
 4008              		.cfi_def_cfa_register 7
 4009 0006 7860     		str	r0, [r7, #4]
 4010 0008 3960     		str	r1, [r7]
1269:../Firmware/GD32E23x_standard_peripheral/Source/gd32e23x_usart.c ****     if(USART_INT_FLAG_RFF == flag) {
 4011              		.loc 1 1269 7
 4012 000a 3A68     		ldr	r2, [r7]
 4013 000c 43F20943 		movw	r3, #13321
 4014 0010 C3F20F43 		movt	r3, 13327
 4015 0014 9A42     		cmp	r2, r3
 4016 0016 08D1     		bne	.L151
1270:../Firmware/GD32E23x_standard_peripheral/Source/gd32e23x_usart.c ****         USART_RFCS(usart_periph) &= (uint32_t)(~USART_RFCS_RFFINT);
 4017              		.loc 1 1270 34
 4018 0018 7B68     		ldr	r3, [r7, #4]
 4019 001a D033     		adds	r3, r3, #208
 4020 001c 1A68     		ldr	r2, [r3]
 4021 001e 7B68     		ldr	r3, [r7, #4]
 4022 0020 D033     		adds	r3, r3, #208
 4023 0022 0A49     		ldr	r1, .L154
 4024 0024 0A40     		ands	r2, r1
 4025 0026 1A60     		str	r2, [r3]
1271:../Firmware/GD32E23x_standard_peripheral/Source/gd32e23x_usart.c ****     } else {
1272:../Firmware/GD32E23x_standard_peripheral/Source/gd32e23x_usart.c ****         USART_INTC(usart_periph) |= BIT(USART_BIT_POS2(flag));
1273:../Firmware/GD32E23x_standard_peripheral/Source/gd32e23x_usart.c ****     }
1274:../Firmware/GD32E23x_standard_peripheral/Source/gd32e23x_usart.c **** }
 4026              		.loc 1 1274 1
 4027 0028 0CE0     		b	.L153
 4028              	.L151:
1272:../Firmware/GD32E23x_standard_peripheral/Source/gd32e23x_usart.c ****     }
 4029              		.loc 1 1272 34
 4030 002a 7B68     		ldr	r3, [r7, #4]
 4031 002c 2033     		adds	r3, r3, #32
 4032 002e 1968     		ldr	r1, [r3]
1272:../Firmware/GD32E23x_standard_peripheral/Source/gd32e23x_usart.c ****     }
 4033              		.loc 1 1272 37
 4034 0030 3B68     		ldr	r3, [r7]
 4035 0032 1B0C     		lsrs	r3, r3, #16
 4036 0034 1F22     		movs	r2, #31
 4037 0036 1340     		ands	r3, r2
 4038 0038 0122     		movs	r2, #1
 4039 003a 9A40     		lsls	r2, r2, r3
1272:../Firmware/GD32E23x_standard_peripheral/Source/gd32e23x_usart.c ****     }
 4040              		.loc 1 1272 34
 4041 003c 7B68     		ldr	r3, [r7, #4]
 4042 003e 2033     		adds	r3, r3, #32
 4043 0040 0A43     		orrs	r2, r1
 4044 0042 1A60     		str	r2, [r3]
 4045              	.L153:
 4046              		.loc 1 1274 1
 4047 0044 C046     		nop
 4048 0046 BD46     		mov	sp, r7
 4049 0048 02B0     		add	sp, sp, #8
 4050              		@ sp needed
 4051 004a 80BD     		pop	{r7, pc}
 4052              	.L155:
 4053              		.align	2
 4054              	.L154:
 4055 004c FF7FFFFF 		.word	-32769
 4056              		.cfi_endproc
 4057              	.LFE128:
 4059              		.text
 4060              	.Letext0:
 4061              		.file 2 "d:\\software\\gd32embeddedbuilder_v1.5.6_rel\\tools\\gnu tools arm embedded\\xpack-arm-no
 4062              		.file 3 "d:\\software\\gd32embeddedbuilder_v1.5.6_rel\\tools\\gnu tools arm embedded\\xpack-arm-no
 4063              		.file 4 "../Firmware/CMSIS/GD/GD32E23x/Include/gd32e23x.h"
 4064              		.file 5 "../Firmware/GD32E23x_standard_peripheral/Include/gd32e23x_rcu.h"
 4065              		.file 6 "../Firmware/GD32E23x_standard_peripheral/Include/gd32e23x_usart.h"
 4066              		.file 7 "../Firmware/CMSIS/GD/GD32E23x/Include/system_gd32e23x.h"
DEFINED SYMBOLS
                            *ABS*:00000000 gd32e23x_usart.c
C:\Users\sen.he\AppData\Local\Temp\ccFCcSFm.s:16     .text.usart_deinit:00000000 $t
C:\Users\sen.he\AppData\Local\Temp\ccFCcSFm.s:24     .text.usart_deinit:00000000 usart_deinit
C:\Users\sen.he\AppData\Local\Temp\ccFCcSFm.s:82     .text.usart_baudrate_set:00000000 $t
C:\Users\sen.he\AppData\Local\Temp\ccFCcSFm.s:89     .text.usart_baudrate_set:00000000 usart_baudrate_set
C:\Users\sen.he\AppData\Local\Temp\ccFCcSFm.s:237    .text.usart_parity_config:00000000 $t
C:\Users\sen.he\AppData\Local\Temp\ccFCcSFm.s:244    .text.usart_parity_config:00000000 usart_parity_config
C:\Users\sen.he\AppData\Local\Temp\ccFCcSFm.s:290    .text.usart_parity_config:00000038 $d
C:\Users\sen.he\AppData\Local\Temp\ccFCcSFm.s:295    .text.usart_word_length_set:00000000 $t
C:\Users\sen.he\AppData\Local\Temp\ccFCcSFm.s:302    .text.usart_word_length_set:00000000 usart_word_length_set
C:\Users\sen.he\AppData\Local\Temp\ccFCcSFm.s:348    .text.usart_word_length_set:00000038 $d
C:\Users\sen.he\AppData\Local\Temp\ccFCcSFm.s:353    .text.usart_stop_bit_set:00000000 $t
C:\Users\sen.he\AppData\Local\Temp\ccFCcSFm.s:360    .text.usart_stop_bit_set:00000000 usart_stop_bit_set
C:\Users\sen.he\AppData\Local\Temp\ccFCcSFm.s:410    .text.usart_stop_bit_set:00000040 $d
C:\Users\sen.he\AppData\Local\Temp\ccFCcSFm.s:415    .text.usart_enable:00000000 $t
C:\Users\sen.he\AppData\Local\Temp\ccFCcSFm.s:422    .text.usart_enable:00000000 usart_enable
C:\Users\sen.he\AppData\Local\Temp\ccFCcSFm.s:454    .text.usart_disable:00000000 $t
C:\Users\sen.he\AppData\Local\Temp\ccFCcSFm.s:461    .text.usart_disable:00000000 usart_disable
C:\Users\sen.he\AppData\Local\Temp\ccFCcSFm.s:493    .text.usart_transmit_config:00000000 $t
C:\Users\sen.he\AppData\Local\Temp\ccFCcSFm.s:500    .text.usart_transmit_config:00000000 usart_transmit_config
C:\Users\sen.he\AppData\Local\Temp\ccFCcSFm.s:540    .text.usart_receive_config:00000000 $t
C:\Users\sen.he\AppData\Local\Temp\ccFCcSFm.s:547    .text.usart_receive_config:00000000 usart_receive_config
C:\Users\sen.he\AppData\Local\Temp\ccFCcSFm.s:587    .text.usart_data_first_config:00000000 $t
C:\Users\sen.he\AppData\Local\Temp\ccFCcSFm.s:594    .text.usart_data_first_config:00000000 usart_data_first_config
C:\Users\sen.he\AppData\Local\Temp\ccFCcSFm.s:649    .text.usart_data_first_config:00000044 $d
C:\Users\sen.he\AppData\Local\Temp\ccFCcSFm.s:654    .text.usart_invert_config:00000000 $t
C:\Users\sen.he\AppData\Local\Temp\ccFCcSFm.s:661    .text.usart_invert_config:00000000 usart_invert_config
C:\Users\sen.he\AppData\Local\Temp\ccFCcSFm.s:697    .rodata.usart_invert_config:00000000 $d
C:\Users\sen.he\AppData\Local\Temp\ccFCcSFm.s:820    .text.usart_invert_config:000000d0 $d
C:\Users\sen.he\AppData\Local\Temp\ccFCcSFm.s:829    .text.usart_overrun_enable:00000000 $t
C:\Users\sen.he\AppData\Local\Temp\ccFCcSFm.s:836    .text.usart_overrun_enable:00000000 usart_overrun_enable
C:\Users\sen.he\AppData\Local\Temp\ccFCcSFm.s:876    .text.usart_overrun_enable:0000002c $d
C:\Users\sen.he\AppData\Local\Temp\ccFCcSFm.s:881    .text.usart_overrun_disable:00000000 $t
C:\Users\sen.he\AppData\Local\Temp\ccFCcSFm.s:888    .text.usart_overrun_disable:00000000 usart_overrun_disable
C:\Users\sen.he\AppData\Local\Temp\ccFCcSFm.s:929    .text.usart_oversample_config:00000000 $t
C:\Users\sen.he\AppData\Local\Temp\ccFCcSFm.s:936    .text.usart_oversample_config:00000000 usart_oversample_config
C:\Users\sen.he\AppData\Local\Temp\ccFCcSFm.s:982    .text.usart_oversample_config:00000038 $d
C:\Users\sen.he\AppData\Local\Temp\ccFCcSFm.s:987    .text.usart_sample_bit_config:00000000 $t
C:\Users\sen.he\AppData\Local\Temp\ccFCcSFm.s:994    .text.usart_sample_bit_config:00000000 usart_sample_bit_config
C:\Users\sen.he\AppData\Local\Temp\ccFCcSFm.s:1044   .text.usart_sample_bit_config:00000040 $d
C:\Users\sen.he\AppData\Local\Temp\ccFCcSFm.s:1049   .text.usart_receiver_timeout_enable:00000000 $t
C:\Users\sen.he\AppData\Local\Temp\ccFCcSFm.s:1056   .text.usart_receiver_timeout_enable:00000000 usart_receiver_timeout_enable
C:\Users\sen.he\AppData\Local\Temp\ccFCcSFm.s:1091   .text.usart_receiver_timeout_disable:00000000 $t
C:\Users\sen.he\AppData\Local\Temp\ccFCcSFm.s:1098   .text.usart_receiver_timeout_disable:00000000 usart_receiver_timeout_disable
C:\Users\sen.he\AppData\Local\Temp\ccFCcSFm.s:1131   .text.usart_receiver_timeout_disable:00000020 $d
C:\Users\sen.he\AppData\Local\Temp\ccFCcSFm.s:1136   .text.usart_receiver_timeout_threshold_config:00000000 $t
C:\Users\sen.he\AppData\Local\Temp\ccFCcSFm.s:1143   .text.usart_receiver_timeout_threshold_config:00000000 usart_receiver_timeout_threshold_config
C:\Users\sen.he\AppData\Local\Temp\ccFCcSFm.s:1187   .text.usart_data_transmit:00000000 $t
C:\Users\sen.he\AppData\Local\Temp\ccFCcSFm.s:1194   .text.usart_data_transmit:00000000 usart_data_transmit
C:\Users\sen.he\AppData\Local\Temp\ccFCcSFm.s:1229   .text.usart_data_receive:00000000 $t
C:\Users\sen.he\AppData\Local\Temp\ccFCcSFm.s:1236   .text.usart_data_receive:00000000 usart_data_receive
C:\Users\sen.he\AppData\Local\Temp\ccFCcSFm.s:1270   .text.usart_address_config:00000000 $t
C:\Users\sen.he\AppData\Local\Temp\ccFCcSFm.s:1277   .text.usart_address_config:00000000 usart_address_config
C:\Users\sen.he\AppData\Local\Temp\ccFCcSFm.s:1335   .text.usart_address_detection_mode_config:00000000 $t
C:\Users\sen.he\AppData\Local\Temp\ccFCcSFm.s:1342   .text.usart_address_detection_mode_config:00000000 usart_address_detection_mode_config
C:\Users\sen.he\AppData\Local\Temp\ccFCcSFm.s:1397   .text.usart_mute_mode_enable:00000000 $t
C:\Users\sen.he\AppData\Local\Temp\ccFCcSFm.s:1404   .text.usart_mute_mode_enable:00000000 usart_mute_mode_enable
C:\Users\sen.he\AppData\Local\Temp\ccFCcSFm.s:1436   .text.usart_mute_mode_disable:00000000 $t
C:\Users\sen.he\AppData\Local\Temp\ccFCcSFm.s:1443   .text.usart_mute_mode_disable:00000000 usart_mute_mode_disable
C:\Users\sen.he\AppData\Local\Temp\ccFCcSFm.s:1474   .text.usart_mute_mode_disable:0000001c $d
C:\Users\sen.he\AppData\Local\Temp\ccFCcSFm.s:1479   .text.usart_mute_mode_wakeup_config:00000000 $t
C:\Users\sen.he\AppData\Local\Temp\ccFCcSFm.s:1486   .text.usart_mute_mode_wakeup_config:00000000 usart_mute_mode_wakeup_config
C:\Users\sen.he\AppData\Local\Temp\ccFCcSFm.s:1532   .text.usart_mute_mode_wakeup_config:00000038 $d
C:\Users\sen.he\AppData\Local\Temp\ccFCcSFm.s:1537   .text.usart_lin_mode_enable:00000000 $t
C:\Users\sen.he\AppData\Local\Temp\ccFCcSFm.s:1544   .text.usart_lin_mode_enable:00000000 usart_lin_mode_enable
C:\Users\sen.he\AppData\Local\Temp\ccFCcSFm.s:1585   .text.usart_lin_mode_disable:00000000 $t
C:\Users\sen.he\AppData\Local\Temp\ccFCcSFm.s:1592   .text.usart_lin_mode_disable:00000000 usart_lin_mode_disable
C:\Users\sen.he\AppData\Local\Temp\ccFCcSFm.s:1632   .text.usart_lin_mode_disable:0000002c $d
C:\Users\sen.he\AppData\Local\Temp\ccFCcSFm.s:1637   .text.usart_lin_break_detection_length_config:00000000 $t
C:\Users\sen.he\AppData\Local\Temp\ccFCcSFm.s:1644   .text.usart_lin_break_detection_length_config:00000000 usart_lin_break_detection_length_config
C:\Users\sen.he\AppData\Local\Temp\ccFCcSFm.s:1699   .text.usart_halfduplex_enable:00000000 $t
C:\Users\sen.he\AppData\Local\Temp\ccFCcSFm.s:1706   .text.usart_halfduplex_enable:00000000 usart_halfduplex_enable
C:\Users\sen.he\AppData\Local\Temp\ccFCcSFm.s:1747   .text.usart_halfduplex_disable:00000000 $t
C:\Users\sen.he\AppData\Local\Temp\ccFCcSFm.s:1754   .text.usart_halfduplex_disable:00000000 usart_halfduplex_disable
C:\Users\sen.he\AppData\Local\Temp\ccFCcSFm.s:1795   .text.usart_clock_enable:00000000 $t
C:\Users\sen.he\AppData\Local\Temp\ccFCcSFm.s:1802   .text.usart_clock_enable:00000000 usart_clock_enable
C:\Users\sen.he\AppData\Local\Temp\ccFCcSFm.s:1843   .text.usart_clock_disable:00000000 $t
C:\Users\sen.he\AppData\Local\Temp\ccFCcSFm.s:1850   .text.usart_clock_disable:00000000 usart_clock_disable
C:\Users\sen.he\AppData\Local\Temp\ccFCcSFm.s:1890   .text.usart_clock_disable:0000002c $d
C:\Users\sen.he\AppData\Local\Temp\ccFCcSFm.s:1895   .text.usart_synchronous_clock_config:00000000 $t
C:\Users\sen.he\AppData\Local\Temp\ccFCcSFm.s:1902   .text.usart_synchronous_clock_config:00000000 usart_synchronous_clock_config
C:\Users\sen.he\AppData\Local\Temp\ccFCcSFm.s:1984   .text.usart_synchronous_clock_config:00000074 $d
C:\Users\sen.he\AppData\Local\Temp\ccFCcSFm.s:1989   .text.usart_guard_time_config:00000000 $t
C:\Users\sen.he\AppData\Local\Temp\ccFCcSFm.s:1996   .text.usart_guard_time_config:00000000 usart_guard_time_config
C:\Users\sen.he\AppData\Local\Temp\ccFCcSFm.s:2052   .text.usart_guard_time_config:00000044 $d
C:\Users\sen.he\AppData\Local\Temp\ccFCcSFm.s:2057   .text.usart_smartcard_mode_enable:00000000 $t
C:\Users\sen.he\AppData\Local\Temp\ccFCcSFm.s:2064   .text.usart_smartcard_mode_enable:00000000 usart_smartcard_mode_enable
C:\Users\sen.he\AppData\Local\Temp\ccFCcSFm.s:2105   .text.usart_smartcard_mode_disable:00000000 $t
C:\Users\sen.he\AppData\Local\Temp\ccFCcSFm.s:2112   .text.usart_smartcard_mode_disable:00000000 usart_smartcard_mode_disable
C:\Users\sen.he\AppData\Local\Temp\ccFCcSFm.s:2153   .text.usart_smartcard_mode_nack_enable:00000000 $t
C:\Users\sen.he\AppData\Local\Temp\ccFCcSFm.s:2160   .text.usart_smartcard_mode_nack_enable:00000000 usart_smartcard_mode_nack_enable
C:\Users\sen.he\AppData\Local\Temp\ccFCcSFm.s:2201   .text.usart_smartcard_mode_nack_disable:00000000 $t
C:\Users\sen.he\AppData\Local\Temp\ccFCcSFm.s:2208   .text.usart_smartcard_mode_nack_disable:00000000 usart_smartcard_mode_nack_disable
C:\Users\sen.he\AppData\Local\Temp\ccFCcSFm.s:2249   .text.usart_smartcard_mode_early_nack_enable:00000000 $t
C:\Users\sen.he\AppData\Local\Temp\ccFCcSFm.s:2256   .text.usart_smartcard_mode_early_nack_enable:00000000 usart_smartcard_mode_early_nack_enable
C:\Users\sen.he\AppData\Local\Temp\ccFCcSFm.s:2290   .text.usart_smartcard_mode_early_nack_disable:00000000 $t
C:\Users\sen.he\AppData\Local\Temp\ccFCcSFm.s:2297   .text.usart_smartcard_mode_early_nack_disable:00000000 usart_smartcard_mode_early_nack_disable
C:\Users\sen.he\AppData\Local\Temp\ccFCcSFm.s:2331   .text.usart_smartcard_autoretry_config:00000000 $t
C:\Users\sen.he\AppData\Local\Temp\ccFCcSFm.s:2338   .text.usart_smartcard_autoretry_config:00000000 usart_smartcard_autoretry_config
C:\Users\sen.he\AppData\Local\Temp\ccFCcSFm.s:2395   .text.usart_smartcard_autoretry_config:00000048 $d
C:\Users\sen.he\AppData\Local\Temp\ccFCcSFm.s:2400   .text.usart_block_length_config:00000000 $t
C:\Users\sen.he\AppData\Local\Temp\ccFCcSFm.s:2407   .text.usart_block_length_config:00000000 usart_block_length_config
C:\Users\sen.he\AppData\Local\Temp\ccFCcSFm.s:2454   .text.usart_irda_mode_enable:00000000 $t
C:\Users\sen.he\AppData\Local\Temp\ccFCcSFm.s:2461   .text.usart_irda_mode_enable:00000000 usart_irda_mode_enable
C:\Users\sen.he\AppData\Local\Temp\ccFCcSFm.s:2502   .text.usart_irda_mode_disable:00000000 $t
C:\Users\sen.he\AppData\Local\Temp\ccFCcSFm.s:2509   .text.usart_irda_mode_disable:00000000 usart_irda_mode_disable
C:\Users\sen.he\AppData\Local\Temp\ccFCcSFm.s:2550   .text.usart_prescaler_config:00000000 $t
C:\Users\sen.he\AppData\Local\Temp\ccFCcSFm.s:2557   .text.usart_prescaler_config:00000000 usart_prescaler_config
C:\Users\sen.he\AppData\Local\Temp\ccFCcSFm.s:2608   .text.usart_irda_lowpower_config:00000000 $t
C:\Users\sen.he\AppData\Local\Temp\ccFCcSFm.s:2615   .text.usart_irda_lowpower_config:00000000 usart_irda_lowpower_config
C:\Users\sen.he\AppData\Local\Temp\ccFCcSFm.s:2670   .text.usart_hardware_flow_rts_config:00000000 $t
C:\Users\sen.he\AppData\Local\Temp\ccFCcSFm.s:2677   .text.usart_hardware_flow_rts_config:00000000 usart_hardware_flow_rts_config
C:\Users\sen.he\AppData\Local\Temp\ccFCcSFm.s:2727   .text.usart_hardware_flow_rts_config:00000040 $d
C:\Users\sen.he\AppData\Local\Temp\ccFCcSFm.s:2732   .text.usart_hardware_flow_cts_config:00000000 $t
C:\Users\sen.he\AppData\Local\Temp\ccFCcSFm.s:2739   .text.usart_hardware_flow_cts_config:00000000 usart_hardware_flow_cts_config
C:\Users\sen.he\AppData\Local\Temp\ccFCcSFm.s:2789   .text.usart_hardware_flow_cts_config:00000040 $d
C:\Users\sen.he\AppData\Local\Temp\ccFCcSFm.s:2794   .text.usart_hardware_flow_coherence_config:00000000 $t
C:\Users\sen.he\AppData\Local\Temp\ccFCcSFm.s:2801   .text.usart_hardware_flow_coherence_config:00000000 usart_hardware_flow_coherence_config
C:\Users\sen.he\AppData\Local\Temp\ccFCcSFm.s:2849   .text.usart_rs485_driver_enable:00000000 $t
C:\Users\sen.he\AppData\Local\Temp\ccFCcSFm.s:2856   .text.usart_rs485_driver_enable:00000000 usart_rs485_driver_enable
C:\Users\sen.he\AppData\Local\Temp\ccFCcSFm.s:2897   .text.usart_rs485_driver_disable:00000000 $t
C:\Users\sen.he\AppData\Local\Temp\ccFCcSFm.s:2904   .text.usart_rs485_driver_disable:00000000 usart_rs485_driver_disable
C:\Users\sen.he\AppData\Local\Temp\ccFCcSFm.s:2944   .text.usart_rs485_driver_disable:0000002c $d
C:\Users\sen.he\AppData\Local\Temp\ccFCcSFm.s:2949   .text.usart_driver_assertime_config:00000000 $t
C:\Users\sen.he\AppData\Local\Temp\ccFCcSFm.s:2956   .text.usart_driver_assertime_config:00000000 usart_driver_assertime_config
C:\Users\sen.he\AppData\Local\Temp\ccFCcSFm.s:3009   .text.usart_driver_assertime_config:00000040 $d
C:\Users\sen.he\AppData\Local\Temp\ccFCcSFm.s:3014   .text.usart_driver_deassertime_config:00000000 $t
C:\Users\sen.he\AppData\Local\Temp\ccFCcSFm.s:3021   .text.usart_driver_deassertime_config:00000000 usart_driver_deassertime_config
C:\Users\sen.he\AppData\Local\Temp\ccFCcSFm.s:3074   .text.usart_driver_deassertime_config:00000040 $d
C:\Users\sen.he\AppData\Local\Temp\ccFCcSFm.s:3079   .text.usart_depolarity_config:00000000 $t
C:\Users\sen.he\AppData\Local\Temp\ccFCcSFm.s:3086   .text.usart_depolarity_config:00000000 usart_depolarity_config
C:\Users\sen.he\AppData\Local\Temp\ccFCcSFm.s:3140   .text.usart_depolarity_config:00000044 $d
C:\Users\sen.he\AppData\Local\Temp\ccFCcSFm.s:3145   .text.usart_dma_receive_config:00000000 $t
C:\Users\sen.he\AppData\Local\Temp\ccFCcSFm.s:3152   .text.usart_dma_receive_config:00000000 usart_dma_receive_config
C:\Users\sen.he\AppData\Local\Temp\ccFCcSFm.s:3196   .text.usart_dma_transmit_config:00000000 $t
C:\Users\sen.he\AppData\Local\Temp\ccFCcSFm.s:3203   .text.usart_dma_transmit_config:00000000 usart_dma_transmit_config
C:\Users\sen.he\AppData\Local\Temp\ccFCcSFm.s:3247   .text.usart_reception_error_dma_disable:00000000 $t
C:\Users\sen.he\AppData\Local\Temp\ccFCcSFm.s:3254   .text.usart_reception_error_dma_disable:00000000 usart_reception_error_dma_disable
C:\Users\sen.he\AppData\Local\Temp\ccFCcSFm.s:3295   .text.usart_reception_error_dma_enable:00000000 $t
C:\Users\sen.he\AppData\Local\Temp\ccFCcSFm.s:3302   .text.usart_reception_error_dma_enable:00000000 usart_reception_error_dma_enable
C:\Users\sen.he\AppData\Local\Temp\ccFCcSFm.s:3342   .text.usart_reception_error_dma_enable:0000002c $d
C:\Users\sen.he\AppData\Local\Temp\ccFCcSFm.s:3347   .text.usart_wakeup_enable:00000000 $t
C:\Users\sen.he\AppData\Local\Temp\ccFCcSFm.s:3354   .text.usart_wakeup_enable:00000000 usart_wakeup_enable
C:\Users\sen.he\AppData\Local\Temp\ccFCcSFm.s:3386   .text.usart_wakeup_disable:00000000 $t
C:\Users\sen.he\AppData\Local\Temp\ccFCcSFm.s:3393   .text.usart_wakeup_disable:00000000 usart_wakeup_disable
C:\Users\sen.he\AppData\Local\Temp\ccFCcSFm.s:3425   .text.usart_wakeup_mode_config:00000000 $t
C:\Users\sen.he\AppData\Local\Temp\ccFCcSFm.s:3432   .text.usart_wakeup_mode_config:00000000 usart_wakeup_mode_config
C:\Users\sen.he\AppData\Local\Temp\ccFCcSFm.s:3487   .text.usart_wakeup_mode_config:00000044 $d
C:\Users\sen.he\AppData\Local\Temp\ccFCcSFm.s:3492   .text.usart_receive_fifo_enable:00000000 $t
C:\Users\sen.he\AppData\Local\Temp\ccFCcSFm.s:3499   .text.usart_receive_fifo_enable:00000000 usart_receive_fifo_enable
C:\Users\sen.he\AppData\Local\Temp\ccFCcSFm.s:3533   .text.usart_receive_fifo_disable:00000000 $t
C:\Users\sen.he\AppData\Local\Temp\ccFCcSFm.s:3540   .text.usart_receive_fifo_disable:00000000 usart_receive_fifo_disable
C:\Users\sen.he\AppData\Local\Temp\ccFCcSFm.s:3573   .text.usart_receive_fifo_disable:00000020 $d
C:\Users\sen.he\AppData\Local\Temp\ccFCcSFm.s:3578   .text.usart_receive_fifo_counter_number:00000000 $t
C:\Users\sen.he\AppData\Local\Temp\ccFCcSFm.s:3585   .text.usart_receive_fifo_counter_number:00000000 usart_receive_fifo_counter_number
C:\Users\sen.he\AppData\Local\Temp\ccFCcSFm.s:3620   .text.usart_flag_get:00000000 $t
C:\Users\sen.he\AppData\Local\Temp\ccFCcSFm.s:3627   .text.usart_flag_get:00000000 usart_flag_get
C:\Users\sen.he\AppData\Local\Temp\ccFCcSFm.s:3683   .text.usart_flag_clear:00000000 $t
C:\Users\sen.he\AppData\Local\Temp\ccFCcSFm.s:3690   .text.usart_flag_clear:00000000 usart_flag_clear
C:\Users\sen.he\AppData\Local\Temp\ccFCcSFm.s:3734   .text.usart_interrupt_enable:00000000 $t
C:\Users\sen.he\AppData\Local\Temp\ccFCcSFm.s:3741   .text.usart_interrupt_enable:00000000 usart_interrupt_enable
C:\Users\sen.he\AppData\Local\Temp\ccFCcSFm.s:3795   .text.usart_interrupt_disable:00000000 $t
C:\Users\sen.he\AppData\Local\Temp\ccFCcSFm.s:3802   .text.usart_interrupt_disable:00000000 usart_interrupt_disable
C:\Users\sen.he\AppData\Local\Temp\ccFCcSFm.s:3859   .text.usart_command_enable:00000000 $t
C:\Users\sen.he\AppData\Local\Temp\ccFCcSFm.s:3866   .text.usart_command_enable:00000000 usart_command_enable
C:\Users\sen.he\AppData\Local\Temp\ccFCcSFm.s:3901   .text.usart_interrupt_flag_get:00000000 $t
C:\Users\sen.he\AppData\Local\Temp\ccFCcSFm.s:3908   .text.usart_interrupt_flag_get:00000000 usart_interrupt_flag_get
C:\Users\sen.he\AppData\Local\Temp\ccFCcSFm.s:3988   .text.usart_interrupt_flag_clear:00000000 $t
C:\Users\sen.he\AppData\Local\Temp\ccFCcSFm.s:3995   .text.usart_interrupt_flag_clear:00000000 usart_interrupt_flag_clear
C:\Users\sen.he\AppData\Local\Temp\ccFCcSFm.s:4055   .text.usart_interrupt_flag_clear:0000004c $d
                           .group:00000000 wm4.0.590463c46bf1d553a4d8081ecba6952e
                           .group:00000000 wm4.gd32e23x.h.39.0bf85d194b71a50de4fcad938c637dda
                           .group:00000000 wm4._newlib_version.h.4.9ba035841e762c3308916a0ce96032e7
                           .group:00000000 wm4.features.h.33.318b64d71e0957639cfb30f1db1f7ec8
                           .group:00000000 wm4._default_types.h.15.247e5cd201eca3442cbf5404108c4935
                           .group:00000000 wm4._intsup.h.10.cce27fed8484c08a33f522034c30d2b5
                           .group:00000000 wm4._stdint.h.10.c24fa3af3bc1706662bb5593a907e841
                           .group:00000000 wm4.stdint.h.23.d53047a68f4a85177f80b422d52785ed
                           .group:00000000 wm4.core_cm23.h.64.de3bc139a6604757cb96382033d22ea4
                           .group:00000000 wm4.cmsis_gcc.h.26.41038879cf168e2c536d47f29b7e8dd8
                           .group:00000000 wm4.core_cm23.h.125.de61c9c922e4fe53a01469e1afefe964
                           .group:00000000 wm4.system_gd32e23x.h.38.7a884860f7764c0ab5165a93f03201bb
                           .group:00000000 wm4.gd32e23x.h.163.9acf0d7337f9fe4e45533e128df527f9
                           .group:00000000 wm4.gd32e23x_adc.h.41.e37db1574230c817b545e8965349e4d7
                           .group:00000000 wm4.gd32e23x_crc.h.36.279adb768307700338e007c7ed677511
                           .group:00000000 wm4.gd32e23x_dbg.h.36.d33e52eaa928f5287aa06af215016669
                           .group:00000000 wm4.gd32e23x_dma.h.36.526a5bad10d356aae73db43b8b6c8ac1
                           .group:00000000 wm4.gd32e23x_exti.h.36.af0d6df8c0ce7b2677a9f89a98c409ce
                           .group:00000000 wm4.gd32e23x_fmc.h.36.75bde762cab332c240661c238a094712
                           .group:00000000 wm4.gd32e23x_gpio.h.36.795887d0586769fb622efbe77d569cda
                           .group:00000000 wm4.gd32e23x_syscfg.h.36.01ade19f7155772b744fa54349aa8666
                           .group:00000000 wm4.gd32e23x_i2c.h.36.e6cffa765f1652866ccb69e12f59470e
                           .group:00000000 wm4.gd32e23x_fwdgt.h.36.2fcc8574db554a4bd9e84c5cd0b7ab23
                           .group:00000000 wm4.gd32e23x_pmu.h.36.eca9453dd7794477bf31deebb1c6dd71
                           .group:00000000 wm4.gd32e23x_rcu.h.36.5275b85972d8917a1d7fb8903e56792a
                           .group:00000000 wm4.gd32e23x_rtc.h.36.83ced1869b0634048aca709e2e07b91d
                           .group:00000000 wm4.gd32e23x_spi.h.36.3f2a16ec9ce43b99360e154caa44fc36
                           .group:00000000 wm4.gd32e23x_timer.h.36.1a402a135f3e05d89798e4281e3b9d83
                           .group:00000000 wm4.gd32e23x_wwdgt.h.36.067f8fa16250ddb8196a2d3d5347a8d1
                           .group:00000000 wm4.gd32e23x_misc.h.36.02bcf8ea2494d3a2286a92cdad908103
                           .group:00000000 wm4.gd32e23x_cmp.h.36.0a60ec830a2d39bbe01854c1093a76e2
                           .group:00000000 wm4.gd32e23x_usart.h.41.888599020e72b0f92e0331ca354d1788

UNDEFINED SYMBOLS
rcu_periph_reset_enable
rcu_periph_reset_disable
rcu_clock_freq_get
