   1              		.cpu cortex-m23
   2              		.eabi_attribute 20, 1
   3              		.eabi_attribute 21, 1
   4              		.eabi_attribute 23, 3
   5              		.eabi_attribute 24, 1
   6              		.eabi_attribute 25, 1
   7              		.eabi_attribute 26, 1
   8              		.eabi_attribute 30, 6
   9              		.eabi_attribute 34, 0
  10              		.eabi_attribute 18, 4
  11              		.file	"gd32e23x_rcu.c"
  12              		.text
  13              	.Ltext0:
  14              		.cfi_sections	.debug_frame
  15              		.section	.text.rcu_deinit,"ax",%progbits
  16              		.align	1
  17              		.global	rcu_deinit
  18              		.arch armv8-m.base
  19              		.syntax unified
  20              		.code	16
  21              		.thumb_func
  22              		.fpu softvfp
  24              	rcu_deinit:
  25              	.LFB58:
  26              		.file 1 "../Firmware/GD32E23x_standard_peripheral/Source/gd32e23x_rcu.c"
   1:../Firmware/GD32E23x_standard_peripheral/Source/gd32e23x_rcu.c **** /*!
   2:../Firmware/GD32E23x_standard_peripheral/Source/gd32e23x_rcu.c ****     \file    gd32e23x_rcu.c
   3:../Firmware/GD32E23x_standard_peripheral/Source/gd32e23x_rcu.c ****     \brief   RCU driver
   4:../Firmware/GD32E23x_standard_peripheral/Source/gd32e23x_rcu.c **** 
   5:../Firmware/GD32E23x_standard_peripheral/Source/gd32e23x_rcu.c ****     \version 2025-08-08, V2.4.0, firmware for GD32E23x
   6:../Firmware/GD32E23x_standard_peripheral/Source/gd32e23x_rcu.c **** */
   7:../Firmware/GD32E23x_standard_peripheral/Source/gd32e23x_rcu.c **** 
   8:../Firmware/GD32E23x_standard_peripheral/Source/gd32e23x_rcu.c **** /*
   9:../Firmware/GD32E23x_standard_peripheral/Source/gd32e23x_rcu.c ****     Copyright (c) 2025, GigaDevice Semiconductor Inc.
  10:../Firmware/GD32E23x_standard_peripheral/Source/gd32e23x_rcu.c **** 
  11:../Firmware/GD32E23x_standard_peripheral/Source/gd32e23x_rcu.c ****     Redistribution and use in source and binary forms, with or without modification,
  12:../Firmware/GD32E23x_standard_peripheral/Source/gd32e23x_rcu.c **** are permitted provided that the following conditions are met:
  13:../Firmware/GD32E23x_standard_peripheral/Source/gd32e23x_rcu.c **** 
  14:../Firmware/GD32E23x_standard_peripheral/Source/gd32e23x_rcu.c ****     1. Redistributions of source code must retain the above copyright notice, this
  15:../Firmware/GD32E23x_standard_peripheral/Source/gd32e23x_rcu.c ****        list of conditions and the following disclaimer.
  16:../Firmware/GD32E23x_standard_peripheral/Source/gd32e23x_rcu.c ****     2. Redistributions in binary form must reproduce the above copyright notice,
  17:../Firmware/GD32E23x_standard_peripheral/Source/gd32e23x_rcu.c ****        this list of conditions and the following disclaimer in the documentation
  18:../Firmware/GD32E23x_standard_peripheral/Source/gd32e23x_rcu.c ****        and/or other materials provided with the distribution.
  19:../Firmware/GD32E23x_standard_peripheral/Source/gd32e23x_rcu.c ****     3. Neither the name of the copyright holder nor the names of its contributors
  20:../Firmware/GD32E23x_standard_peripheral/Source/gd32e23x_rcu.c ****        may be used to endorse or promote products derived from this software without
  21:../Firmware/GD32E23x_standard_peripheral/Source/gd32e23x_rcu.c ****        specific prior written permission.
  22:../Firmware/GD32E23x_standard_peripheral/Source/gd32e23x_rcu.c **** 
  23:../Firmware/GD32E23x_standard_peripheral/Source/gd32e23x_rcu.c ****     THIS SOFTWARE IS PROVIDED BY THE COPYRIGHT HOLDERS AND CONTRIBUTORS "AS IS"
  24:../Firmware/GD32E23x_standard_peripheral/Source/gd32e23x_rcu.c **** AND ANY EXPRESS OR IMPLIED WARRANTIES, INCLUDING, BUT NOT LIMITED TO, THE IMPLIED
  25:../Firmware/GD32E23x_standard_peripheral/Source/gd32e23x_rcu.c **** WARRANTIES OF MERCHANTABILITY AND FITNESS FOR A PARTICULAR PURPOSE ARE DISCLAIMED.
  26:../Firmware/GD32E23x_standard_peripheral/Source/gd32e23x_rcu.c **** IN NO EVENT SHALL THE COPYRIGHT HOLDER OR CONTRIBUTORS BE LIABLE FOR ANY DIRECT,
  27:../Firmware/GD32E23x_standard_peripheral/Source/gd32e23x_rcu.c **** INDIRECT, INCIDENTAL, SPECIAL, EXEMPLARY, OR CONSEQUENTIAL DAMAGES (INCLUDING, BUT
  28:../Firmware/GD32E23x_standard_peripheral/Source/gd32e23x_rcu.c **** NOT LIMITED TO, PROCUREMENT OF SUBSTITUTE GOODS OR SERVICES; LOSS OF USE, DATA, OR
  29:../Firmware/GD32E23x_standard_peripheral/Source/gd32e23x_rcu.c **** PROFITS; OR BUSINESS INTERRUPTION) HOWEVER CAUSED AND ON ANY THEORY OF LIABILITY,
  30:../Firmware/GD32E23x_standard_peripheral/Source/gd32e23x_rcu.c **** WHETHER IN CONTRACT, STRICT LIABILITY, OR TORT (INCLUDING NEGLIGENCE OR OTHERWISE)
  31:../Firmware/GD32E23x_standard_peripheral/Source/gd32e23x_rcu.c **** ARISING IN ANY WAY OUT OF THE USE OF THIS SOFTWARE, EVEN IF ADVISED OF THE POSSIBILITY
  32:../Firmware/GD32E23x_standard_peripheral/Source/gd32e23x_rcu.c **** OF SUCH DAMAGE.
  33:../Firmware/GD32E23x_standard_peripheral/Source/gd32e23x_rcu.c **** */
  34:../Firmware/GD32E23x_standard_peripheral/Source/gd32e23x_rcu.c **** 
  35:../Firmware/GD32E23x_standard_peripheral/Source/gd32e23x_rcu.c **** #include "gd32e23x_rcu.h"
  36:../Firmware/GD32E23x_standard_peripheral/Source/gd32e23x_rcu.c **** 
  37:../Firmware/GD32E23x_standard_peripheral/Source/gd32e23x_rcu.c **** /* define clock source */
  38:../Firmware/GD32E23x_standard_peripheral/Source/gd32e23x_rcu.c **** #define SEL_IRC8M       0x00U
  39:../Firmware/GD32E23x_standard_peripheral/Source/gd32e23x_rcu.c **** #define SEL_HXTAL       0x01U
  40:../Firmware/GD32E23x_standard_peripheral/Source/gd32e23x_rcu.c **** #define SEL_PLL         0x02U
  41:../Firmware/GD32E23x_standard_peripheral/Source/gd32e23x_rcu.c **** 
  42:../Firmware/GD32E23x_standard_peripheral/Source/gd32e23x_rcu.c **** /* define startup timeout count */
  43:../Firmware/GD32E23x_standard_peripheral/Source/gd32e23x_rcu.c **** #define OSC_STARTUP_TIMEOUT         ((uint32_t)0x000FFFFFU)
  44:../Firmware/GD32E23x_standard_peripheral/Source/gd32e23x_rcu.c **** #define LXTAL_STARTUP_TIMEOUT       ((uint32_t)0x03FFFFFFU)
  45:../Firmware/GD32E23x_standard_peripheral/Source/gd32e23x_rcu.c **** 
  46:../Firmware/GD32E23x_standard_peripheral/Source/gd32e23x_rcu.c **** /*!
  47:../Firmware/GD32E23x_standard_peripheral/Source/gd32e23x_rcu.c ****     \brief      deinitialize the RCU
  48:../Firmware/GD32E23x_standard_peripheral/Source/gd32e23x_rcu.c ****     \param[in]  none
  49:../Firmware/GD32E23x_standard_peripheral/Source/gd32e23x_rcu.c ****     \param[out] none
  50:../Firmware/GD32E23x_standard_peripheral/Source/gd32e23x_rcu.c ****     \retval     none
  51:../Firmware/GD32E23x_standard_peripheral/Source/gd32e23x_rcu.c ****     \note       This function contains scenarios leading to an infinite loop.
  52:../Firmware/GD32E23x_standard_peripheral/Source/gd32e23x_rcu.c ****                 Modify according to the use's actual usage scenarios.
  53:../Firmware/GD32E23x_standard_peripheral/Source/gd32e23x_rcu.c **** */
  54:../Firmware/GD32E23x_standard_peripheral/Source/gd32e23x_rcu.c **** void rcu_deinit(void)
  55:../Firmware/GD32E23x_standard_peripheral/Source/gd32e23x_rcu.c **** {
  27              		.loc 1 55 1
  28              		.cfi_startproc
  29              		@ args = 0, pretend = 0, frame = 0
  30              		@ frame_needed = 1, uses_anonymous_args = 0
  31 0000 80B5     		push	{r7, lr}
  32              		.cfi_def_cfa_offset 8
  33              		.cfi_offset 7, -8
  34              		.cfi_offset 14, -4
  35 0002 00AF     		add	r7, sp, #0
  36              		.cfi_def_cfa_register 7
  56:../Firmware/GD32E23x_standard_peripheral/Source/gd32e23x_rcu.c ****     /* enable IRC8M */
  57:../Firmware/GD32E23x_standard_peripheral/Source/gd32e23x_rcu.c ****     RCU_CTL0 |= RCU_CTL0_IRC8MEN;
  37              		.loc 1 57 14
  38 0004 41F20003 		movw	r3, #4096
  39 0008 C4F20203 		movt	r3, 16386
  40 000c 1A68     		ldr	r2, [r3]
  41 000e 41F20003 		movw	r3, #4096
  42 0012 C4F20203 		movt	r3, 16386
  43 0016 0121     		movs	r1, #1
  44 0018 0A43     		orrs	r2, r1
  45 001a 1A60     		str	r2, [r3]
  58:../Firmware/GD32E23x_standard_peripheral/Source/gd32e23x_rcu.c ****     while(0U == (RCU_CTL0 & RCU_CTL0_IRC8MSTB)) {
  46              		.loc 1 58 10
  47 001c C046     		nop
  48              	.L2:
  49              		.loc 1 58 18 discriminator 1
  50 001e 41F20003 		movw	r3, #4096
  51 0022 C4F20203 		movt	r3, 16386
  52 0026 1B68     		ldr	r3, [r3]
  53              		.loc 1 58 27 discriminator 1
  54 0028 0222     		movs	r2, #2
  55 002a 1340     		ands	r3, r2
  56              		.loc 1 58 10 discriminator 1
  57 002c 002B     		cmp	r3, #0
  58 002e F6D0     		beq	.L2
  59:../Firmware/GD32E23x_standard_peripheral/Source/gd32e23x_rcu.c ****     }
  60:../Firmware/GD32E23x_standard_peripheral/Source/gd32e23x_rcu.c ****     RCU_CFG0 &= ~RCU_CFG0_SCS;
  59              		.loc 1 60 14
  60 0030 41F20403 		movw	r3, #4100
  61 0034 C4F20203 		movt	r3, 16386
  62 0038 1A68     		ldr	r2, [r3]
  63 003a 41F20403 		movw	r3, #4100
  64 003e C4F20203 		movt	r3, 16386
  65 0042 0321     		movs	r1, #3
  66 0044 8A43     		bics	r2, r1
  67 0046 1A60     		str	r2, [r3]
  61:../Firmware/GD32E23x_standard_peripheral/Source/gd32e23x_rcu.c ****     RCU_CTL0 &= ~(RCU_CTL0_HXTALEN | RCU_CTL0_CKMEN | RCU_CTL0_PLLEN | RCU_CTL0_HXTALBPS);
  68              		.loc 1 61 14
  69 0048 41F20003 		movw	r3, #4096
  70 004c C4F20203 		movt	r3, 16386
  71 0050 1968     		ldr	r1, [r3]
  72 0052 41F20003 		movw	r3, #4096
  73 0056 C4F20203 		movt	r3, 16386
  74 005a 4FF6FF72 		movw	r2, #65535
  75 005e CFF6F262 		movt	r2, 65266
  76 0062 0A40     		ands	r2, r1
  77 0064 1A60     		str	r2, [r3]
  62:../Firmware/GD32E23x_standard_peripheral/Source/gd32e23x_rcu.c ****     /* reset RCU */
  63:../Firmware/GD32E23x_standard_peripheral/Source/gd32e23x_rcu.c ****     RCU_CFG0 &= ~(RCU_CFG0_SCS | RCU_CFG0_AHBPSC | RCU_CFG0_APB1PSC | RCU_CFG0_APB2PSC | \
  78              		.loc 1 63 14
  79 0066 41F20403 		movw	r3, #4100
  80 006a C4F20203 		movt	r3, 16386
  81 006e 1968     		ldr	r1, [r3]
  82 0070 41F20403 		movw	r3, #4100
  83 0074 C4F20203 		movt	r3, 16386
  84 0078 0C22     		movs	r2, #12
  85 007a C0F6FF02 		movt	r2, 2303
  86 007e 0A40     		ands	r2, r1
  87 0080 1A60     		str	r2, [r3]
  64:../Firmware/GD32E23x_standard_peripheral/Source/gd32e23x_rcu.c ****                   RCU_CFG0_ADCPSC | RCU_CFG0_CKOUTSEL | RCU_CFG0_CKOUTDIV | RCU_CFG0_PLLDV);
  65:../Firmware/GD32E23x_standard_peripheral/Source/gd32e23x_rcu.c ****     RCU_CFG0 &= ~(RCU_CFG0_PLLSEL | RCU_CFG0_PLLMF | RCU_CFG0_PLLMF4 | RCU_CFG0_PLLDV);
  88              		.loc 1 65 14
  89 0082 41F20403 		movw	r3, #4100
  90 0086 C4F20203 		movt	r3, 16386
  91 008a 1968     		ldr	r1, [r3]
  92 008c 41F20403 		movw	r3, #4100
  93 0090 C4F20203 		movt	r3, 16386
  94 0094 4FF6FF72 		movw	r2, #65535
  95 0098 C7F2C272 		movt	r2, 30658
  96 009c 0A40     		ands	r2, r1
  97 009e 1A60     		str	r2, [r3]
  66:../Firmware/GD32E23x_standard_peripheral/Source/gd32e23x_rcu.c ****     RCU_CFG1 &= ~(RCU_CFG1_PREDV);
  98              		.loc 1 66 14
  99 00a0 41F22C03 		movw	r3, #4140
 100 00a4 C4F20203 		movt	r3, 16386
 101 00a8 1A68     		ldr	r2, [r3]
 102 00aa 41F22C03 		movw	r3, #4140
 103 00ae C4F20203 		movt	r3, 16386
 104 00b2 0F21     		movs	r1, #15
 105 00b4 8A43     		bics	r2, r1
 106 00b6 1A60     		str	r2, [r3]
  67:../Firmware/GD32E23x_standard_peripheral/Source/gd32e23x_rcu.c ****     RCU_CFG2 &= ~(RCU_CFG2_USART0SEL | RCU_CFG2_ADCSEL);
 107              		.loc 1 67 14
 108 00b8 41F23003 		movw	r3, #4144
 109 00bc C4F20203 		movt	r3, 16386
 110 00c0 1A68     		ldr	r2, [r3]
 111 00c2 41F23003 		movw	r3, #4144
 112 00c6 C4F20203 		movt	r3, 16386
 113 00ca 1849     		ldr	r1, .L3
 114 00cc 0A40     		ands	r2, r1
 115 00ce 1A60     		str	r2, [r3]
  68:../Firmware/GD32E23x_standard_peripheral/Source/gd32e23x_rcu.c ****     RCU_CFG2 &= ~RCU_CFG2_IRC28MDIV;
 116              		.loc 1 68 14
 117 00d0 41F23003 		movw	r3, #4144
 118 00d4 C4F20203 		movt	r3, 16386
 119 00d8 1A68     		ldr	r2, [r3]
 120 00da 41F23003 		movw	r3, #4144
 121 00de C4F20203 		movt	r3, 16386
 122 00e2 1349     		ldr	r1, .L3+4
 123 00e4 0A40     		ands	r2, r1
 124 00e6 1A60     		str	r2, [r3]
  69:../Firmware/GD32E23x_standard_peripheral/Source/gd32e23x_rcu.c ****     RCU_CFG2 &= ~RCU_CFG2_ADCPSC2;
 125              		.loc 1 69 14
 126 00e8 41F23003 		movw	r3, #4144
 127 00ec C4F20203 		movt	r3, 16386
 128 00f0 1A68     		ldr	r2, [r3]
 129 00f2 41F23003 		movw	r3, #4144
 130 00f6 C4F20203 		movt	r3, 16386
 131 00fa 5200     		lsls	r2, r2, #1
 132 00fc 5208     		lsrs	r2, r2, #1
 133 00fe 1A60     		str	r2, [r3]
  70:../Firmware/GD32E23x_standard_peripheral/Source/gd32e23x_rcu.c ****     RCU_CTL1 &= ~RCU_CTL1_IRC28MEN;
 134              		.loc 1 70 14
 135 0100 41F23403 		movw	r3, #4148
 136 0104 C4F20203 		movt	r3, 16386
 137 0108 1A68     		ldr	r2, [r3]
 138 010a 41F23403 		movw	r3, #4148
 139 010e C4F20203 		movt	r3, 16386
 140 0112 0121     		movs	r1, #1
 141 0114 8A43     		bics	r2, r1
 142 0116 1A60     		str	r2, [r3]
  71:../Firmware/GD32E23x_standard_peripheral/Source/gd32e23x_rcu.c ****     RCU_INT = 0x00000000U;
 143              		.loc 1 71 5
 144 0118 41F20803 		movw	r3, #4104
 145 011c C4F20203 		movt	r3, 16386
 146              		.loc 1 71 13
 147 0120 0022     		movs	r2, #0
 148 0122 1A60     		str	r2, [r3]
  72:../Firmware/GD32E23x_standard_peripheral/Source/gd32e23x_rcu.c **** }
 149              		.loc 1 72 1
 150 0124 C046     		nop
 151 0126 BD46     		mov	sp, r7
 152              		@ sp needed
 153 0128 80BD     		pop	{r7, pc}
 154              	.L4:
 155 012a C046     		.align	2
 156              	.L3:
 157 012c FCFEFFFF 		.word	-260
 158 0130 FFFFFEFF 		.word	-65537
 159              		.cfi_endproc
 160              	.LFE58:
 162              		.section	.text.rcu_periph_clock_enable,"ax",%progbits
 163              		.align	1
 164              		.global	rcu_periph_clock_enable
 165              		.syntax unified
 166              		.code	16
 167              		.thumb_func
 168              		.fpu softvfp
 170              	rcu_periph_clock_enable:
 171              	.LFB59:
  73:../Firmware/GD32E23x_standard_peripheral/Source/gd32e23x_rcu.c **** 
  74:../Firmware/GD32E23x_standard_peripheral/Source/gd32e23x_rcu.c **** /*!
  75:../Firmware/GD32E23x_standard_peripheral/Source/gd32e23x_rcu.c ****     \brief      enable the peripherals clock
  76:../Firmware/GD32E23x_standard_peripheral/Source/gd32e23x_rcu.c ****     \param[in]  periph: RCU peripherals, refer to rcu_periph_enum
  77:../Firmware/GD32E23x_standard_peripheral/Source/gd32e23x_rcu.c ****                 only one parameter can be selected which is shown as below:
  78:../Firmware/GD32E23x_standard_peripheral/Source/gd32e23x_rcu.c ****       \arg        RCU_GPIOx (x=A,B,C,F): GPIO ports clock
  79:../Firmware/GD32E23x_standard_peripheral/Source/gd32e23x_rcu.c ****       \arg        RCU_DMA: DMA clock
  80:../Firmware/GD32E23x_standard_peripheral/Source/gd32e23x_rcu.c ****       \arg        RCU_CRC: CRC clock
  81:../Firmware/GD32E23x_standard_peripheral/Source/gd32e23x_rcu.c ****       \arg        RCU_CFGCMP: CFGCMP clock
  82:../Firmware/GD32E23x_standard_peripheral/Source/gd32e23x_rcu.c ****       \arg        RCU_ADC: ADC clock
  83:../Firmware/GD32E23x_standard_peripheral/Source/gd32e23x_rcu.c ****       \arg        RCU_TIMERx (x=0,2,5,13,14,15,16): TIMER clock
  84:../Firmware/GD32E23x_standard_peripheral/Source/gd32e23x_rcu.c ****       \arg        RCU_SPIx (x=0,1): SPI clock
  85:../Firmware/GD32E23x_standard_peripheral/Source/gd32e23x_rcu.c ****       \arg        RCU_USARTx (x=0,1): USART clock
  86:../Firmware/GD32E23x_standard_peripheral/Source/gd32e23x_rcu.c ****       \arg        RCU_WWDGT: WWDGT clock
  87:../Firmware/GD32E23x_standard_peripheral/Source/gd32e23x_rcu.c ****       \arg        RCU_I2Cx (x=0,1): I2C clock
  88:../Firmware/GD32E23x_standard_peripheral/Source/gd32e23x_rcu.c ****       \arg        RCU_PMU: PMU clock
  89:../Firmware/GD32E23x_standard_peripheral/Source/gd32e23x_rcu.c ****       \arg        RCU_RTC: RTC clock
  90:../Firmware/GD32E23x_standard_peripheral/Source/gd32e23x_rcu.c ****       \arg        RCU_DBGMCU: DBGMCU clock
  91:../Firmware/GD32E23x_standard_peripheral/Source/gd32e23x_rcu.c ****     \param[out] none
  92:../Firmware/GD32E23x_standard_peripheral/Source/gd32e23x_rcu.c ****     \retval     none
  93:../Firmware/GD32E23x_standard_peripheral/Source/gd32e23x_rcu.c **** */
  94:../Firmware/GD32E23x_standard_peripheral/Source/gd32e23x_rcu.c **** void rcu_periph_clock_enable(rcu_periph_enum periph)
  95:../Firmware/GD32E23x_standard_peripheral/Source/gd32e23x_rcu.c **** {
 172              		.loc 1 95 1
 173              		.cfi_startproc
 174              		@ args = 0, pretend = 0, frame = 8
 175              		@ frame_needed = 1, uses_anonymous_args = 0
 176 0000 80B5     		push	{r7, lr}
 177              		.cfi_def_cfa_offset 8
 178              		.cfi_offset 7, -8
 179              		.cfi_offset 14, -4
 180 0002 82B0     		sub	sp, sp, #8
 181              		.cfi_def_cfa_offset 16
 182 0004 00AF     		add	r7, sp, #0
 183              		.cfi_def_cfa_register 7
 184 0006 0200     		movs	r2, r0
 185 0008 BB1D     		adds	r3, r7, #6
 186 000a 1A80     		strh	r2, [r3]
  96:../Firmware/GD32E23x_standard_peripheral/Source/gd32e23x_rcu.c ****     RCU_REG_VAL(periph) |= BIT(RCU_BIT_POS(periph));
 187              		.loc 1 96 25
 188 000c BB1D     		adds	r3, r7, #6
 189 000e 1B88     		ldrh	r3, [r3]
 190 0010 9B09     		lsrs	r3, r3, #6
 191 0012 9BB2     		uxth	r3, r3
 192 0014 41F2000C 		movw	ip, #4096
 193 0018 C4F2020C 		movt	ip, 16386
 194 001c 6344     		add	r3, r3, ip
 195 001e 1968     		ldr	r1, [r3]
 196              		.loc 1 96 28
 197 0020 BB1D     		adds	r3, r7, #6
 198 0022 1B88     		ldrh	r3, [r3]
 199 0024 1F22     		movs	r2, #31
 200 0026 1340     		ands	r3, r2
 201 0028 0122     		movs	r2, #1
 202 002a 9A40     		lsls	r2, r2, r3
 203              		.loc 1 96 25
 204 002c BB1D     		adds	r3, r7, #6
 205 002e 1B88     		ldrh	r3, [r3]
 206 0030 9B09     		lsrs	r3, r3, #6
 207 0032 9BB2     		uxth	r3, r3
 208 0034 41F2000C 		movw	ip, #4096
 209 0038 C4F2020C 		movt	ip, 16386
 210 003c 6344     		add	r3, r3, ip
 211 003e 0A43     		orrs	r2, r1
 212 0040 1A60     		str	r2, [r3]
  97:../Firmware/GD32E23x_standard_peripheral/Source/gd32e23x_rcu.c **** }
 213              		.loc 1 97 1
 214 0042 C046     		nop
 215 0044 BD46     		mov	sp, r7
 216 0046 02B0     		add	sp, sp, #8
 217              		@ sp needed
 218 0048 80BD     		pop	{r7, pc}
 219              		.cfi_endproc
 220              	.LFE59:
 222              		.section	.text.rcu_periph_clock_disable,"ax",%progbits
 223              		.align	1
 224              		.global	rcu_periph_clock_disable
 225              		.syntax unified
 226              		.code	16
 227              		.thumb_func
 228              		.fpu softvfp
 230              	rcu_periph_clock_disable:
 231              	.LFB60:
  98:../Firmware/GD32E23x_standard_peripheral/Source/gd32e23x_rcu.c **** 
  99:../Firmware/GD32E23x_standard_peripheral/Source/gd32e23x_rcu.c **** /*!
 100:../Firmware/GD32E23x_standard_peripheral/Source/gd32e23x_rcu.c ****     \brief      disable the peripherals clock
 101:../Firmware/GD32E23x_standard_peripheral/Source/gd32e23x_rcu.c ****     \param[in]  periph: RCU peripherals, refer to rcu_periph_enum
 102:../Firmware/GD32E23x_standard_peripheral/Source/gd32e23x_rcu.c ****                 only one parameter can be selected which is shown as below:
 103:../Firmware/GD32E23x_standard_peripheral/Source/gd32e23x_rcu.c ****       \arg        RCU_GPIOx (x=A,B,C,F): GPIO ports clock
 104:../Firmware/GD32E23x_standard_peripheral/Source/gd32e23x_rcu.c ****       \arg        RCU_DMA: DMA clock
 105:../Firmware/GD32E23x_standard_peripheral/Source/gd32e23x_rcu.c ****       \arg        RCU_CRC: CRC clock
 106:../Firmware/GD32E23x_standard_peripheral/Source/gd32e23x_rcu.c ****       \arg        RCU_CFGCMP: CFGCMP clock
 107:../Firmware/GD32E23x_standard_peripheral/Source/gd32e23x_rcu.c ****       \arg        RCU_ADC: ADC clock
 108:../Firmware/GD32E23x_standard_peripheral/Source/gd32e23x_rcu.c ****       \arg        RCU_TIMERx (x=0,2,5,13,14,15,16): TIMER clock
 109:../Firmware/GD32E23x_standard_peripheral/Source/gd32e23x_rcu.c ****       \arg        RCU_SPIx (x=0,1): SPI clock
 110:../Firmware/GD32E23x_standard_peripheral/Source/gd32e23x_rcu.c ****       \arg        RCU_USARTx (x=0,1): USART clock
 111:../Firmware/GD32E23x_standard_peripheral/Source/gd32e23x_rcu.c ****       \arg        RCU_WWDGT: WWDGT clock
 112:../Firmware/GD32E23x_standard_peripheral/Source/gd32e23x_rcu.c ****       \arg        RCU_I2Cx (x=0,1): I2C clock
 113:../Firmware/GD32E23x_standard_peripheral/Source/gd32e23x_rcu.c ****       \arg        RCU_PMU: PMU clock
 114:../Firmware/GD32E23x_standard_peripheral/Source/gd32e23x_rcu.c ****       \arg        RCU_RTC: RTC clock
 115:../Firmware/GD32E23x_standard_peripheral/Source/gd32e23x_rcu.c ****       \arg        RCU_DBGMCU: DBGMCU clock
 116:../Firmware/GD32E23x_standard_peripheral/Source/gd32e23x_rcu.c ****     \param[out] none
 117:../Firmware/GD32E23x_standard_peripheral/Source/gd32e23x_rcu.c ****     \retval     none
 118:../Firmware/GD32E23x_standard_peripheral/Source/gd32e23x_rcu.c **** */
 119:../Firmware/GD32E23x_standard_peripheral/Source/gd32e23x_rcu.c **** void rcu_periph_clock_disable(rcu_periph_enum periph)
 120:../Firmware/GD32E23x_standard_peripheral/Source/gd32e23x_rcu.c **** {
 232              		.loc 1 120 1
 233              		.cfi_startproc
 234              		@ args = 0, pretend = 0, frame = 8
 235              		@ frame_needed = 1, uses_anonymous_args = 0
 236 0000 80B5     		push	{r7, lr}
 237              		.cfi_def_cfa_offset 8
 238              		.cfi_offset 7, -8
 239              		.cfi_offset 14, -4
 240 0002 82B0     		sub	sp, sp, #8
 241              		.cfi_def_cfa_offset 16
 242 0004 00AF     		add	r7, sp, #0
 243              		.cfi_def_cfa_register 7
 244 0006 0200     		movs	r2, r0
 245 0008 BB1D     		adds	r3, r7, #6
 246 000a 1A80     		strh	r2, [r3]
 121:../Firmware/GD32E23x_standard_peripheral/Source/gd32e23x_rcu.c ****     RCU_REG_VAL(periph) &= ~BIT(RCU_BIT_POS(periph));
 247              		.loc 1 121 25
 248 000c BB1D     		adds	r3, r7, #6
 249 000e 1B88     		ldrh	r3, [r3]
 250 0010 9B09     		lsrs	r3, r3, #6
 251 0012 9BB2     		uxth	r3, r3
 252 0014 41F2000C 		movw	ip, #4096
 253 0018 C4F2020C 		movt	ip, 16386
 254 001c 6344     		add	r3, r3, ip
 255 001e 1A68     		ldr	r2, [r3]
 256              		.loc 1 121 29
 257 0020 BB1D     		adds	r3, r7, #6
 258 0022 1B88     		ldrh	r3, [r3]
 259 0024 1F21     		movs	r1, #31
 260 0026 0B40     		ands	r3, r1
 261 0028 0121     		movs	r1, #1
 262 002a 9940     		lsls	r1, r1, r3
 263 002c 0B00     		movs	r3, r1
 264              		.loc 1 121 28
 265 002e D943     		mvns	r1, r3
 266              		.loc 1 121 25
 267 0030 BB1D     		adds	r3, r7, #6
 268 0032 1B88     		ldrh	r3, [r3]
 269 0034 9B09     		lsrs	r3, r3, #6
 270 0036 9BB2     		uxth	r3, r3
 271 0038 41F2000C 		movw	ip, #4096
 272 003c C4F2020C 		movt	ip, 16386
 273 0040 6344     		add	r3, r3, ip
 274 0042 0A40     		ands	r2, r1
 275 0044 1A60     		str	r2, [r3]
 122:../Firmware/GD32E23x_standard_peripheral/Source/gd32e23x_rcu.c **** }
 276              		.loc 1 122 1
 277 0046 C046     		nop
 278 0048 BD46     		mov	sp, r7
 279 004a 02B0     		add	sp, sp, #8
 280              		@ sp needed
 281 004c 80BD     		pop	{r7, pc}
 282              		.cfi_endproc
 283              	.LFE60:
 285              		.section	.text.rcu_periph_clock_sleep_enable,"ax",%progbits
 286              		.align	1
 287              		.global	rcu_periph_clock_sleep_enable
 288              		.syntax unified
 289              		.code	16
 290              		.thumb_func
 291              		.fpu softvfp
 293              	rcu_periph_clock_sleep_enable:
 294              	.LFB61:
 123:../Firmware/GD32E23x_standard_peripheral/Source/gd32e23x_rcu.c **** 
 124:../Firmware/GD32E23x_standard_peripheral/Source/gd32e23x_rcu.c **** /*!
 125:../Firmware/GD32E23x_standard_peripheral/Source/gd32e23x_rcu.c ****     \brief      enable the peripherals clock when sleep mode
 126:../Firmware/GD32E23x_standard_peripheral/Source/gd32e23x_rcu.c ****     \param[in]  periph: RCU peripherals, refer to rcu_periph_sleep_enum
 127:../Firmware/GD32E23x_standard_peripheral/Source/gd32e23x_rcu.c ****                 only one parameter can be selected which is shown as below:
 128:../Firmware/GD32E23x_standard_peripheral/Source/gd32e23x_rcu.c ****       \arg        RCU_FMC_SLP: FMC clock
 129:../Firmware/GD32E23x_standard_peripheral/Source/gd32e23x_rcu.c ****       \arg        RCU_SRAM_SLP: SRAM clock
 130:../Firmware/GD32E23x_standard_peripheral/Source/gd32e23x_rcu.c ****     \param[out] none
 131:../Firmware/GD32E23x_standard_peripheral/Source/gd32e23x_rcu.c ****     \retval     none
 132:../Firmware/GD32E23x_standard_peripheral/Source/gd32e23x_rcu.c **** */
 133:../Firmware/GD32E23x_standard_peripheral/Source/gd32e23x_rcu.c **** void rcu_periph_clock_sleep_enable(rcu_periph_sleep_enum periph)
 134:../Firmware/GD32E23x_standard_peripheral/Source/gd32e23x_rcu.c **** {
 295              		.loc 1 134 1
 296              		.cfi_startproc
 297              		@ args = 0, pretend = 0, frame = 8
 298              		@ frame_needed = 1, uses_anonymous_args = 0
 299 0000 80B5     		push	{r7, lr}
 300              		.cfi_def_cfa_offset 8
 301              		.cfi_offset 7, -8
 302              		.cfi_offset 14, -4
 303 0002 82B0     		sub	sp, sp, #8
 304              		.cfi_def_cfa_offset 16
 305 0004 00AF     		add	r7, sp, #0
 306              		.cfi_def_cfa_register 7
 307 0006 0200     		movs	r2, r0
 308 0008 BB1D     		adds	r3, r7, #6
 309 000a 1A80     		strh	r2, [r3]
 135:../Firmware/GD32E23x_standard_peripheral/Source/gd32e23x_rcu.c ****     RCU_REG_VAL(periph) |= BIT(RCU_BIT_POS(periph));
 310              		.loc 1 135 25
 311 000c BB1D     		adds	r3, r7, #6
 312 000e 1B88     		ldrh	r3, [r3]
 313 0010 9B09     		lsrs	r3, r3, #6
 314 0012 9BB2     		uxth	r3, r3
 315 0014 41F2000C 		movw	ip, #4096
 316 0018 C4F2020C 		movt	ip, 16386
 317 001c 6344     		add	r3, r3, ip
 318 001e 1968     		ldr	r1, [r3]
 319              		.loc 1 135 28
 320 0020 BB1D     		adds	r3, r7, #6
 321 0022 1B88     		ldrh	r3, [r3]
 322 0024 1F22     		movs	r2, #31
 323 0026 1340     		ands	r3, r2
 324 0028 0122     		movs	r2, #1
 325 002a 9A40     		lsls	r2, r2, r3
 326              		.loc 1 135 25
 327 002c BB1D     		adds	r3, r7, #6
 328 002e 1B88     		ldrh	r3, [r3]
 329 0030 9B09     		lsrs	r3, r3, #6
 330 0032 9BB2     		uxth	r3, r3
 331 0034 41F2000C 		movw	ip, #4096
 332 0038 C4F2020C 		movt	ip, 16386
 333 003c 6344     		add	r3, r3, ip
 334 003e 0A43     		orrs	r2, r1
 335 0040 1A60     		str	r2, [r3]
 136:../Firmware/GD32E23x_standard_peripheral/Source/gd32e23x_rcu.c **** }
 336              		.loc 1 136 1
 337 0042 C046     		nop
 338 0044 BD46     		mov	sp, r7
 339 0046 02B0     		add	sp, sp, #8
 340              		@ sp needed
 341 0048 80BD     		pop	{r7, pc}
 342              		.cfi_endproc
 343              	.LFE61:
 345              		.section	.text.rcu_periph_clock_sleep_disable,"ax",%progbits
 346              		.align	1
 347              		.global	rcu_periph_clock_sleep_disable
 348              		.syntax unified
 349              		.code	16
 350              		.thumb_func
 351              		.fpu softvfp
 353              	rcu_periph_clock_sleep_disable:
 354              	.LFB62:
 137:../Firmware/GD32E23x_standard_peripheral/Source/gd32e23x_rcu.c **** 
 138:../Firmware/GD32E23x_standard_peripheral/Source/gd32e23x_rcu.c **** /*!
 139:../Firmware/GD32E23x_standard_peripheral/Source/gd32e23x_rcu.c ****     \brief      disable the peripherals clock when sleep mode
 140:../Firmware/GD32E23x_standard_peripheral/Source/gd32e23x_rcu.c ****     \param[in]  periph: RCU peripherals, refer to rcu_periph_sleep_enum
 141:../Firmware/GD32E23x_standard_peripheral/Source/gd32e23x_rcu.c ****                 only one parameter can be selected which is shown as below:
 142:../Firmware/GD32E23x_standard_peripheral/Source/gd32e23x_rcu.c ****       \arg        RCU_FMC_SLP: FMC clock
 143:../Firmware/GD32E23x_standard_peripheral/Source/gd32e23x_rcu.c ****       \arg        RCU_SRAM_SLP: SRAM clock
 144:../Firmware/GD32E23x_standard_peripheral/Source/gd32e23x_rcu.c ****     \param[out] none
 145:../Firmware/GD32E23x_standard_peripheral/Source/gd32e23x_rcu.c ****     \retval     none
 146:../Firmware/GD32E23x_standard_peripheral/Source/gd32e23x_rcu.c **** */
 147:../Firmware/GD32E23x_standard_peripheral/Source/gd32e23x_rcu.c **** void rcu_periph_clock_sleep_disable(rcu_periph_sleep_enum periph)
 148:../Firmware/GD32E23x_standard_peripheral/Source/gd32e23x_rcu.c **** {
 355              		.loc 1 148 1
 356              		.cfi_startproc
 357              		@ args = 0, pretend = 0, frame = 8
 358              		@ frame_needed = 1, uses_anonymous_args = 0
 359 0000 80B5     		push	{r7, lr}
 360              		.cfi_def_cfa_offset 8
 361              		.cfi_offset 7, -8
 362              		.cfi_offset 14, -4
 363 0002 82B0     		sub	sp, sp, #8
 364              		.cfi_def_cfa_offset 16
 365 0004 00AF     		add	r7, sp, #0
 366              		.cfi_def_cfa_register 7
 367 0006 0200     		movs	r2, r0
 368 0008 BB1D     		adds	r3, r7, #6
 369 000a 1A80     		strh	r2, [r3]
 149:../Firmware/GD32E23x_standard_peripheral/Source/gd32e23x_rcu.c ****     RCU_REG_VAL(periph) &= ~BIT(RCU_BIT_POS(periph));
 370              		.loc 1 149 25
 371 000c BB1D     		adds	r3, r7, #6
 372 000e 1B88     		ldrh	r3, [r3]
 373 0010 9B09     		lsrs	r3, r3, #6
 374 0012 9BB2     		uxth	r3, r3
 375 0014 41F2000C 		movw	ip, #4096
 376 0018 C4F2020C 		movt	ip, 16386
 377 001c 6344     		add	r3, r3, ip
 378 001e 1A68     		ldr	r2, [r3]
 379              		.loc 1 149 29
 380 0020 BB1D     		adds	r3, r7, #6
 381 0022 1B88     		ldrh	r3, [r3]
 382 0024 1F21     		movs	r1, #31
 383 0026 0B40     		ands	r3, r1
 384 0028 0121     		movs	r1, #1
 385 002a 9940     		lsls	r1, r1, r3
 386 002c 0B00     		movs	r3, r1
 387              		.loc 1 149 28
 388 002e D943     		mvns	r1, r3
 389              		.loc 1 149 25
 390 0030 BB1D     		adds	r3, r7, #6
 391 0032 1B88     		ldrh	r3, [r3]
 392 0034 9B09     		lsrs	r3, r3, #6
 393 0036 9BB2     		uxth	r3, r3
 394 0038 41F2000C 		movw	ip, #4096
 395 003c C4F2020C 		movt	ip, 16386
 396 0040 6344     		add	r3, r3, ip
 397 0042 0A40     		ands	r2, r1
 398 0044 1A60     		str	r2, [r3]
 150:../Firmware/GD32E23x_standard_peripheral/Source/gd32e23x_rcu.c **** }
 399              		.loc 1 150 1
 400 0046 C046     		nop
 401 0048 BD46     		mov	sp, r7
 402 004a 02B0     		add	sp, sp, #8
 403              		@ sp needed
 404 004c 80BD     		pop	{r7, pc}
 405              		.cfi_endproc
 406              	.LFE62:
 408              		.section	.text.rcu_periph_reset_enable,"ax",%progbits
 409              		.align	1
 410              		.global	rcu_periph_reset_enable
 411              		.syntax unified
 412              		.code	16
 413              		.thumb_func
 414              		.fpu softvfp
 416              	rcu_periph_reset_enable:
 417              	.LFB63:
 151:../Firmware/GD32E23x_standard_peripheral/Source/gd32e23x_rcu.c **** /*!
 152:../Firmware/GD32E23x_standard_peripheral/Source/gd32e23x_rcu.c ****     \brief      reset the peripherals
 153:../Firmware/GD32E23x_standard_peripheral/Source/gd32e23x_rcu.c ****     \param[in]  periph_reset: RCU peripherals reset, refer to rcu_periph_reset_enum
 154:../Firmware/GD32E23x_standard_peripheral/Source/gd32e23x_rcu.c ****                 only one parameter can be selected which is shown as below:
 155:../Firmware/GD32E23x_standard_peripheral/Source/gd32e23x_rcu.c ****       \arg        RCU_GPIOxRST (x=A,B,C,F): reset GPIO ports
 156:../Firmware/GD32E23x_standard_peripheral/Source/gd32e23x_rcu.c ****       \arg        RCU_CFGCMPRST: reset CFGCMP
 157:../Firmware/GD32E23x_standard_peripheral/Source/gd32e23x_rcu.c ****       \arg        RCU_ADCRST: reset ADC
 158:../Firmware/GD32E23x_standard_peripheral/Source/gd32e23x_rcu.c ****       \arg        RCU_TIMERxRST (x=0,2,5,13,14,15,16): reset TIMER
 159:../Firmware/GD32E23x_standard_peripheral/Source/gd32e23x_rcu.c ****       \arg        RCU_SPIxRST (x=0,1): reset SPI
 160:../Firmware/GD32E23x_standard_peripheral/Source/gd32e23x_rcu.c ****       \arg        RCU_USARTxRST (x=0,1): reset USART
 161:../Firmware/GD32E23x_standard_peripheral/Source/gd32e23x_rcu.c ****       \arg        RCU_WWDGTRST: reset WWDGT
 162:../Firmware/GD32E23x_standard_peripheral/Source/gd32e23x_rcu.c ****       \arg        RCU_I2CxRST (x=0,1): reset I2C
 163:../Firmware/GD32E23x_standard_peripheral/Source/gd32e23x_rcu.c ****       \arg        RCU_PMURST: reset PMU
 164:../Firmware/GD32E23x_standard_peripheral/Source/gd32e23x_rcu.c ****     \param[out] none
 165:../Firmware/GD32E23x_standard_peripheral/Source/gd32e23x_rcu.c ****     \retval     none
 166:../Firmware/GD32E23x_standard_peripheral/Source/gd32e23x_rcu.c **** */
 167:../Firmware/GD32E23x_standard_peripheral/Source/gd32e23x_rcu.c **** void rcu_periph_reset_enable(rcu_periph_reset_enum periph_reset)
 168:../Firmware/GD32E23x_standard_peripheral/Source/gd32e23x_rcu.c **** {
 418              		.loc 1 168 1
 419              		.cfi_startproc
 420              		@ args = 0, pretend = 0, frame = 8
 421              		@ frame_needed = 1, uses_anonymous_args = 0
 422 0000 80B5     		push	{r7, lr}
 423              		.cfi_def_cfa_offset 8
 424              		.cfi_offset 7, -8
 425              		.cfi_offset 14, -4
 426 0002 82B0     		sub	sp, sp, #8
 427              		.cfi_def_cfa_offset 16
 428 0004 00AF     		add	r7, sp, #0
 429              		.cfi_def_cfa_register 7
 430 0006 0200     		movs	r2, r0
 431 0008 BB1D     		adds	r3, r7, #6
 432 000a 1A80     		strh	r2, [r3]
 169:../Firmware/GD32E23x_standard_peripheral/Source/gd32e23x_rcu.c ****     RCU_REG_VAL(periph_reset) |= BIT(RCU_BIT_POS(periph_reset));
 433              		.loc 1 169 31
 434 000c BB1D     		adds	r3, r7, #6
 435 000e 1B88     		ldrh	r3, [r3]
 436 0010 9B09     		lsrs	r3, r3, #6
 437 0012 9BB2     		uxth	r3, r3
 438 0014 41F2000C 		movw	ip, #4096
 439 0018 C4F2020C 		movt	ip, 16386
 440 001c 6344     		add	r3, r3, ip
 441 001e 1968     		ldr	r1, [r3]
 442              		.loc 1 169 34
 443 0020 BB1D     		adds	r3, r7, #6
 444 0022 1B88     		ldrh	r3, [r3]
 445 0024 1F22     		movs	r2, #31
 446 0026 1340     		ands	r3, r2
 447 0028 0122     		movs	r2, #1
 448 002a 9A40     		lsls	r2, r2, r3
 449              		.loc 1 169 31
 450 002c BB1D     		adds	r3, r7, #6
 451 002e 1B88     		ldrh	r3, [r3]
 452 0030 9B09     		lsrs	r3, r3, #6
 453 0032 9BB2     		uxth	r3, r3
 454 0034 41F2000C 		movw	ip, #4096
 455 0038 C4F2020C 		movt	ip, 16386
 456 003c 6344     		add	r3, r3, ip
 457 003e 0A43     		orrs	r2, r1
 458 0040 1A60     		str	r2, [r3]
 170:../Firmware/GD32E23x_standard_peripheral/Source/gd32e23x_rcu.c **** }
 459              		.loc 1 170 1
 460 0042 C046     		nop
 461 0044 BD46     		mov	sp, r7
 462 0046 02B0     		add	sp, sp, #8
 463              		@ sp needed
 464 0048 80BD     		pop	{r7, pc}
 465              		.cfi_endproc
 466              	.LFE63:
 468              		.section	.text.rcu_periph_reset_disable,"ax",%progbits
 469              		.align	1
 470              		.global	rcu_periph_reset_disable
 471              		.syntax unified
 472              		.code	16
 473              		.thumb_func
 474              		.fpu softvfp
 476              	rcu_periph_reset_disable:
 477              	.LFB64:
 171:../Firmware/GD32E23x_standard_peripheral/Source/gd32e23x_rcu.c **** 
 172:../Firmware/GD32E23x_standard_peripheral/Source/gd32e23x_rcu.c **** /*!
 173:../Firmware/GD32E23x_standard_peripheral/Source/gd32e23x_rcu.c ****     \brief      disable reset the peripheral
 174:../Firmware/GD32E23x_standard_peripheral/Source/gd32e23x_rcu.c ****     \param[in]  periph_reset: RCU peripherals reset, refer to rcu_periph_reset_enum
 175:../Firmware/GD32E23x_standard_peripheral/Source/gd32e23x_rcu.c ****                 only one parameter can be selected which is shown as below:
 176:../Firmware/GD32E23x_standard_peripheral/Source/gd32e23x_rcu.c ****       \arg        RCU_GPIOxRST (x=A,B,C,F): reset GPIO ports
 177:../Firmware/GD32E23x_standard_peripheral/Source/gd32e23x_rcu.c ****       \arg        RCU_CFGCMPRST: reset CFGCMP
 178:../Firmware/GD32E23x_standard_peripheral/Source/gd32e23x_rcu.c ****       \arg        RCU_ADCRST: reset ADC
 179:../Firmware/GD32E23x_standard_peripheral/Source/gd32e23x_rcu.c ****       \arg        RCU_TIMERxRST (x=0,2,5,13,14,15,16): reset TIMER
 180:../Firmware/GD32E23x_standard_peripheral/Source/gd32e23x_rcu.c ****       \arg        RCU_SPIxRST (x=0,1): reset SPI
 181:../Firmware/GD32E23x_standard_peripheral/Source/gd32e23x_rcu.c ****       \arg        RCU_USARTxRST (x=0,1): reset USART
 182:../Firmware/GD32E23x_standard_peripheral/Source/gd32e23x_rcu.c ****       \arg        RCU_WWDGTRST: reset WWDGT
 183:../Firmware/GD32E23x_standard_peripheral/Source/gd32e23x_rcu.c ****       \arg        RCU_I2CxRST (x=0,1): reset I2C
 184:../Firmware/GD32E23x_standard_peripheral/Source/gd32e23x_rcu.c ****       \arg        RCU_PMURST: reset PMU
 185:../Firmware/GD32E23x_standard_peripheral/Source/gd32e23x_rcu.c ****     \param[out] none
 186:../Firmware/GD32E23x_standard_peripheral/Source/gd32e23x_rcu.c ****     \retval     none
 187:../Firmware/GD32E23x_standard_peripheral/Source/gd32e23x_rcu.c **** */
 188:../Firmware/GD32E23x_standard_peripheral/Source/gd32e23x_rcu.c **** void rcu_periph_reset_disable(rcu_periph_reset_enum periph_reset)
 189:../Firmware/GD32E23x_standard_peripheral/Source/gd32e23x_rcu.c **** {
 478              		.loc 1 189 1
 479              		.cfi_startproc
 480              		@ args = 0, pretend = 0, frame = 8
 481              		@ frame_needed = 1, uses_anonymous_args = 0
 482 0000 80B5     		push	{r7, lr}
 483              		.cfi_def_cfa_offset 8
 484              		.cfi_offset 7, -8
 485              		.cfi_offset 14, -4
 486 0002 82B0     		sub	sp, sp, #8
 487              		.cfi_def_cfa_offset 16
 488 0004 00AF     		add	r7, sp, #0
 489              		.cfi_def_cfa_register 7
 490 0006 0200     		movs	r2, r0
 491 0008 BB1D     		adds	r3, r7, #6
 492 000a 1A80     		strh	r2, [r3]
 190:../Firmware/GD32E23x_standard_peripheral/Source/gd32e23x_rcu.c ****     RCU_REG_VAL(periph_reset) &= ~BIT(RCU_BIT_POS(periph_reset));
 493              		.loc 1 190 31
 494 000c BB1D     		adds	r3, r7, #6
 495 000e 1B88     		ldrh	r3, [r3]
 496 0010 9B09     		lsrs	r3, r3, #6
 497 0012 9BB2     		uxth	r3, r3
 498 0014 41F2000C 		movw	ip, #4096
 499 0018 C4F2020C 		movt	ip, 16386
 500 001c 6344     		add	r3, r3, ip
 501 001e 1A68     		ldr	r2, [r3]
 502              		.loc 1 190 35
 503 0020 BB1D     		adds	r3, r7, #6
 504 0022 1B88     		ldrh	r3, [r3]
 505 0024 1F21     		movs	r1, #31
 506 0026 0B40     		ands	r3, r1
 507 0028 0121     		movs	r1, #1
 508 002a 9940     		lsls	r1, r1, r3
 509 002c 0B00     		movs	r3, r1
 510              		.loc 1 190 34
 511 002e D943     		mvns	r1, r3
 512              		.loc 1 190 31
 513 0030 BB1D     		adds	r3, r7, #6
 514 0032 1B88     		ldrh	r3, [r3]
 515 0034 9B09     		lsrs	r3, r3, #6
 516 0036 9BB2     		uxth	r3, r3
 517 0038 41F2000C 		movw	ip, #4096
 518 003c C4F2020C 		movt	ip, 16386
 519 0040 6344     		add	r3, r3, ip
 520 0042 0A40     		ands	r2, r1
 521 0044 1A60     		str	r2, [r3]
 191:../Firmware/GD32E23x_standard_peripheral/Source/gd32e23x_rcu.c **** }
 522              		.loc 1 191 1
 523 0046 C046     		nop
 524 0048 BD46     		mov	sp, r7
 525 004a 02B0     		add	sp, sp, #8
 526              		@ sp needed
 527 004c 80BD     		pop	{r7, pc}
 528              		.cfi_endproc
 529              	.LFE64:
 531              		.section	.text.rcu_bkp_reset_enable,"ax",%progbits
 532              		.align	1
 533              		.global	rcu_bkp_reset_enable
 534              		.syntax unified
 535              		.code	16
 536              		.thumb_func
 537              		.fpu softvfp
 539              	rcu_bkp_reset_enable:
 540              	.LFB65:
 192:../Firmware/GD32E23x_standard_peripheral/Source/gd32e23x_rcu.c **** 
 193:../Firmware/GD32E23x_standard_peripheral/Source/gd32e23x_rcu.c **** /*!
 194:../Firmware/GD32E23x_standard_peripheral/Source/gd32e23x_rcu.c ****     \brief      reset the BKP
 195:../Firmware/GD32E23x_standard_peripheral/Source/gd32e23x_rcu.c ****     \param[in]  none
 196:../Firmware/GD32E23x_standard_peripheral/Source/gd32e23x_rcu.c ****     \param[out] none
 197:../Firmware/GD32E23x_standard_peripheral/Source/gd32e23x_rcu.c ****     \retval     none
 198:../Firmware/GD32E23x_standard_peripheral/Source/gd32e23x_rcu.c **** */
 199:../Firmware/GD32E23x_standard_peripheral/Source/gd32e23x_rcu.c **** void rcu_bkp_reset_enable(void)
 200:../Firmware/GD32E23x_standard_peripheral/Source/gd32e23x_rcu.c **** {
 541              		.loc 1 200 1
 542              		.cfi_startproc
 543              		@ args = 0, pretend = 0, frame = 0
 544              		@ frame_needed = 1, uses_anonymous_args = 0
 545 0000 80B5     		push	{r7, lr}
 546              		.cfi_def_cfa_offset 8
 547              		.cfi_offset 7, -8
 548              		.cfi_offset 14, -4
 549 0002 00AF     		add	r7, sp, #0
 550              		.cfi_def_cfa_register 7
 201:../Firmware/GD32E23x_standard_peripheral/Source/gd32e23x_rcu.c ****     RCU_BDCTL |= RCU_BDCTL_BKPRST;
 551              		.loc 1 201 15
 552 0004 41F22003 		movw	r3, #4128
 553 0008 C4F20203 		movt	r3, 16386
 554 000c 1A68     		ldr	r2, [r3]
 555 000e 41F22003 		movw	r3, #4128
 556 0012 C4F20203 		movt	r3, 16386
 557 0016 8021     		movs	r1, #128
 558 0018 4902     		lsls	r1, r1, #9
 559 001a 0A43     		orrs	r2, r1
 560 001c 1A60     		str	r2, [r3]
 202:../Firmware/GD32E23x_standard_peripheral/Source/gd32e23x_rcu.c **** }
 561              		.loc 1 202 1
 562 001e C046     		nop
 563 0020 BD46     		mov	sp, r7
 564              		@ sp needed
 565 0022 80BD     		pop	{r7, pc}
 566              		.cfi_endproc
 567              	.LFE65:
 569              		.section	.text.rcu_bkp_reset_disable,"ax",%progbits
 570              		.align	1
 571              		.global	rcu_bkp_reset_disable
 572              		.syntax unified
 573              		.code	16
 574              		.thumb_func
 575              		.fpu softvfp
 577              	rcu_bkp_reset_disable:
 578              	.LFB66:
 203:../Firmware/GD32E23x_standard_peripheral/Source/gd32e23x_rcu.c **** 
 204:../Firmware/GD32E23x_standard_peripheral/Source/gd32e23x_rcu.c **** /*!
 205:../Firmware/GD32E23x_standard_peripheral/Source/gd32e23x_rcu.c ****     \brief      disable the BKP reset
 206:../Firmware/GD32E23x_standard_peripheral/Source/gd32e23x_rcu.c ****     \param[in]  none
 207:../Firmware/GD32E23x_standard_peripheral/Source/gd32e23x_rcu.c ****     \param[out] none
 208:../Firmware/GD32E23x_standard_peripheral/Source/gd32e23x_rcu.c ****     \retval     none
 209:../Firmware/GD32E23x_standard_peripheral/Source/gd32e23x_rcu.c **** */
 210:../Firmware/GD32E23x_standard_peripheral/Source/gd32e23x_rcu.c **** void rcu_bkp_reset_disable(void)
 211:../Firmware/GD32E23x_standard_peripheral/Source/gd32e23x_rcu.c **** {
 579              		.loc 1 211 1
 580              		.cfi_startproc
 581              		@ args = 0, pretend = 0, frame = 0
 582              		@ frame_needed = 1, uses_anonymous_args = 0
 583 0000 80B5     		push	{r7, lr}
 584              		.cfi_def_cfa_offset 8
 585              		.cfi_offset 7, -8
 586              		.cfi_offset 14, -4
 587 0002 00AF     		add	r7, sp, #0
 588              		.cfi_def_cfa_register 7
 212:../Firmware/GD32E23x_standard_peripheral/Source/gd32e23x_rcu.c ****     RCU_BDCTL &= ~RCU_BDCTL_BKPRST;
 589              		.loc 1 212 15
 590 0004 41F22003 		movw	r3, #4128
 591 0008 C4F20203 		movt	r3, 16386
 592 000c 1A68     		ldr	r2, [r3]
 593 000e 41F22003 		movw	r3, #4128
 594 0012 C4F20203 		movt	r3, 16386
 595 0016 0349     		ldr	r1, .L13
 596 0018 0A40     		ands	r2, r1
 597 001a 1A60     		str	r2, [r3]
 213:../Firmware/GD32E23x_standard_peripheral/Source/gd32e23x_rcu.c **** }
 598              		.loc 1 213 1
 599 001c C046     		nop
 600 001e BD46     		mov	sp, r7
 601              		@ sp needed
 602 0020 80BD     		pop	{r7, pc}
 603              	.L14:
 604 0022 C046     		.align	2
 605              	.L13:
 606 0024 FFFFFEFF 		.word	-65537
 607              		.cfi_endproc
 608              	.LFE66:
 610              		.section	.text.rcu_system_clock_source_config,"ax",%progbits
 611              		.align	1
 612              		.global	rcu_system_clock_source_config
 613              		.syntax unified
 614              		.code	16
 615              		.thumb_func
 616              		.fpu softvfp
 618              	rcu_system_clock_source_config:
 619              	.LFB67:
 214:../Firmware/GD32E23x_standard_peripheral/Source/gd32e23x_rcu.c **** 
 215:../Firmware/GD32E23x_standard_peripheral/Source/gd32e23x_rcu.c **** /*!
 216:../Firmware/GD32E23x_standard_peripheral/Source/gd32e23x_rcu.c ****     \brief      configure the system clock source
 217:../Firmware/GD32E23x_standard_peripheral/Source/gd32e23x_rcu.c ****     \param[in]  ck_sys: system clock source select
 218:../Firmware/GD32E23x_standard_peripheral/Source/gd32e23x_rcu.c ****                 only one parameter can be selected which is shown as below:
 219:../Firmware/GD32E23x_standard_peripheral/Source/gd32e23x_rcu.c ****       \arg        RCU_CKSYSSRC_IRC8M: select CK_IRC8M as the CK_SYS source
 220:../Firmware/GD32E23x_standard_peripheral/Source/gd32e23x_rcu.c ****       \arg        RCU_CKSYSSRC_HXTAL: select CK_HXTAL as the CK_SYS source
 221:../Firmware/GD32E23x_standard_peripheral/Source/gd32e23x_rcu.c ****       \arg        RCU_CKSYSSRC_PLL: select CK_PLL as the CK_SYS source
 222:../Firmware/GD32E23x_standard_peripheral/Source/gd32e23x_rcu.c ****     \param[out] none
 223:../Firmware/GD32E23x_standard_peripheral/Source/gd32e23x_rcu.c ****     \retval     none
 224:../Firmware/GD32E23x_standard_peripheral/Source/gd32e23x_rcu.c **** */
 225:../Firmware/GD32E23x_standard_peripheral/Source/gd32e23x_rcu.c **** void rcu_system_clock_source_config(uint32_t ck_sys)
 226:../Firmware/GD32E23x_standard_peripheral/Source/gd32e23x_rcu.c **** {
 620              		.loc 1 226 1
 621              		.cfi_startproc
 622              		@ args = 0, pretend = 0, frame = 16
 623              		@ frame_needed = 1, uses_anonymous_args = 0
 624 0000 80B5     		push	{r7, lr}
 625              		.cfi_def_cfa_offset 8
 626              		.cfi_offset 7, -8
 627              		.cfi_offset 14, -4
 628 0002 84B0     		sub	sp, sp, #16
 629              		.cfi_def_cfa_offset 24
 630 0004 00AF     		add	r7, sp, #0
 631              		.cfi_def_cfa_register 7
 632 0006 7860     		str	r0, [r7, #4]
 227:../Firmware/GD32E23x_standard_peripheral/Source/gd32e23x_rcu.c ****     uint32_t cksys_source = 0U;
 633              		.loc 1 227 14
 634 0008 0023     		movs	r3, #0
 635 000a FB60     		str	r3, [r7, #12]
 228:../Firmware/GD32E23x_standard_peripheral/Source/gd32e23x_rcu.c ****     cksys_source = RCU_CFG0;
 636              		.loc 1 228 20
 637 000c 41F20403 		movw	r3, #4100
 638 0010 C4F20203 		movt	r3, 16386
 639              		.loc 1 228 18
 640 0014 1B68     		ldr	r3, [r3]
 641 0016 FB60     		str	r3, [r7, #12]
 229:../Firmware/GD32E23x_standard_peripheral/Source/gd32e23x_rcu.c ****     /* reset the SCS bits and set according to ck_sys */
 230:../Firmware/GD32E23x_standard_peripheral/Source/gd32e23x_rcu.c ****     cksys_source &= ~RCU_CFG0_SCS;
 642              		.loc 1 230 18
 643 0018 FB68     		ldr	r3, [r7, #12]
 644 001a 0322     		movs	r2, #3
 645 001c 9343     		bics	r3, r2
 646 001e FB60     		str	r3, [r7, #12]
 231:../Firmware/GD32E23x_standard_peripheral/Source/gd32e23x_rcu.c ****     RCU_CFG0 = (ck_sys | cksys_source);
 647              		.loc 1 231 5
 648 0020 41F20403 		movw	r3, #4100
 649 0024 C4F20203 		movt	r3, 16386
 650              		.loc 1 231 24
 651 0028 7968     		ldr	r1, [r7, #4]
 652 002a FA68     		ldr	r2, [r7, #12]
 653 002c 0A43     		orrs	r2, r1
 654              		.loc 1 231 14
 655 002e 1A60     		str	r2, [r3]
 232:../Firmware/GD32E23x_standard_peripheral/Source/gd32e23x_rcu.c **** }
 656              		.loc 1 232 1
 657 0030 C046     		nop
 658 0032 BD46     		mov	sp, r7
 659 0034 04B0     		add	sp, sp, #16
 660              		@ sp needed
 661 0036 80BD     		pop	{r7, pc}
 662              		.cfi_endproc
 663              	.LFE67:
 665              		.section	.text.rcu_system_clock_source_get,"ax",%progbits
 666              		.align	1
 667              		.global	rcu_system_clock_source_get
 668              		.syntax unified
 669              		.code	16
 670              		.thumb_func
 671              		.fpu softvfp
 673              	rcu_system_clock_source_get:
 674              	.LFB68:
 233:../Firmware/GD32E23x_standard_peripheral/Source/gd32e23x_rcu.c **** 
 234:../Firmware/GD32E23x_standard_peripheral/Source/gd32e23x_rcu.c **** /*!
 235:../Firmware/GD32E23x_standard_peripheral/Source/gd32e23x_rcu.c ****     \brief      get the system clock source
 236:../Firmware/GD32E23x_standard_peripheral/Source/gd32e23x_rcu.c ****     \param[in]  none
 237:../Firmware/GD32E23x_standard_peripheral/Source/gd32e23x_rcu.c ****     \param[out] none
 238:../Firmware/GD32E23x_standard_peripheral/Source/gd32e23x_rcu.c ****     \retval     which clock is selected as CK_SYS source
 239:../Firmware/GD32E23x_standard_peripheral/Source/gd32e23x_rcu.c ****       \arg        RCU_SCSS_IRC8M: select CK_IRC8M as the CK_SYS source
 240:../Firmware/GD32E23x_standard_peripheral/Source/gd32e23x_rcu.c ****       \arg        RCU_SCSS_HXTAL: select CK_HXTAL as the CK_SYS source
 241:../Firmware/GD32E23x_standard_peripheral/Source/gd32e23x_rcu.c ****       \arg        RCU_SCSS_PLL: select CK_PLL as the CK_SYS source
 242:../Firmware/GD32E23x_standard_peripheral/Source/gd32e23x_rcu.c **** */
 243:../Firmware/GD32E23x_standard_peripheral/Source/gd32e23x_rcu.c **** uint32_t rcu_system_clock_source_get(void)
 244:../Firmware/GD32E23x_standard_peripheral/Source/gd32e23x_rcu.c **** {
 675              		.loc 1 244 1
 676              		.cfi_startproc
 677              		@ args = 0, pretend = 0, frame = 0
 678              		@ frame_needed = 1, uses_anonymous_args = 0
 679 0000 80B5     		push	{r7, lr}
 680              		.cfi_def_cfa_offset 8
 681              		.cfi_offset 7, -8
 682              		.cfi_offset 14, -4
 683 0002 00AF     		add	r7, sp, #0
 684              		.cfi_def_cfa_register 7
 245:../Firmware/GD32E23x_standard_peripheral/Source/gd32e23x_rcu.c ****     return (RCU_CFG0 & RCU_CFG0_SCSS);
 685              		.loc 1 245 22
 686 0004 41F20403 		movw	r3, #4100
 687 0008 C4F20203 		movt	r3, 16386
 688 000c 1B68     		ldr	r3, [r3]
 689 000e 0C22     		movs	r2, #12
 690 0010 1340     		ands	r3, r2
 246:../Firmware/GD32E23x_standard_peripheral/Source/gd32e23x_rcu.c **** }
 691              		.loc 1 246 1
 692 0012 1800     		movs	r0, r3
 693 0014 BD46     		mov	sp, r7
 694              		@ sp needed
 695 0016 80BD     		pop	{r7, pc}
 696              		.cfi_endproc
 697              	.LFE68:
 699              		.section	.text.rcu_ahb_clock_config,"ax",%progbits
 700              		.align	1
 701              		.global	rcu_ahb_clock_config
 702              		.syntax unified
 703              		.code	16
 704              		.thumb_func
 705              		.fpu softvfp
 707              	rcu_ahb_clock_config:
 708              	.LFB69:
 247:../Firmware/GD32E23x_standard_peripheral/Source/gd32e23x_rcu.c **** 
 248:../Firmware/GD32E23x_standard_peripheral/Source/gd32e23x_rcu.c **** /*!
 249:../Firmware/GD32E23x_standard_peripheral/Source/gd32e23x_rcu.c ****     \brief      configure the AHB clock prescaler selection
 250:../Firmware/GD32E23x_standard_peripheral/Source/gd32e23x_rcu.c ****     \param[in]  ck_ahb: AHB clock prescaler selection
 251:../Firmware/GD32E23x_standard_peripheral/Source/gd32e23x_rcu.c ****                 only one parameter can be selected which is shown as below:
 252:../Firmware/GD32E23x_standard_peripheral/Source/gd32e23x_rcu.c ****       \arg        RCU_AHB_CKSYS_DIVx(x=1, 2, 4, 8, 16, 64, 128, 256, 512): AHB clock is divided by 
 253:../Firmware/GD32E23x_standard_peripheral/Source/gd32e23x_rcu.c ****     \param[out] none
 254:../Firmware/GD32E23x_standard_peripheral/Source/gd32e23x_rcu.c ****     \retval     none
 255:../Firmware/GD32E23x_standard_peripheral/Source/gd32e23x_rcu.c **** */
 256:../Firmware/GD32E23x_standard_peripheral/Source/gd32e23x_rcu.c **** void rcu_ahb_clock_config(uint32_t ck_ahb)
 257:../Firmware/GD32E23x_standard_peripheral/Source/gd32e23x_rcu.c **** {
 709              		.loc 1 257 1
 710              		.cfi_startproc
 711              		@ args = 0, pretend = 0, frame = 16
 712              		@ frame_needed = 1, uses_anonymous_args = 0
 713 0000 80B5     		push	{r7, lr}
 714              		.cfi_def_cfa_offset 8
 715              		.cfi_offset 7, -8
 716              		.cfi_offset 14, -4
 717 0002 84B0     		sub	sp, sp, #16
 718              		.cfi_def_cfa_offset 24
 719 0004 00AF     		add	r7, sp, #0
 720              		.cfi_def_cfa_register 7
 721 0006 7860     		str	r0, [r7, #4]
 258:../Firmware/GD32E23x_standard_peripheral/Source/gd32e23x_rcu.c ****     uint32_t ahbpsc = 0U;
 722              		.loc 1 258 14
 723 0008 0023     		movs	r3, #0
 724 000a FB60     		str	r3, [r7, #12]
 259:../Firmware/GD32E23x_standard_peripheral/Source/gd32e23x_rcu.c ****     ahbpsc = RCU_CFG0;
 725              		.loc 1 259 14
 726 000c 41F20403 		movw	r3, #4100
 727 0010 C4F20203 		movt	r3, 16386
 728              		.loc 1 259 12
 729 0014 1B68     		ldr	r3, [r3]
 730 0016 FB60     		str	r3, [r7, #12]
 260:../Firmware/GD32E23x_standard_peripheral/Source/gd32e23x_rcu.c ****     /* reset the AHBPSC bits and set according to ck_ahb */
 261:../Firmware/GD32E23x_standard_peripheral/Source/gd32e23x_rcu.c ****     ahbpsc &= ~RCU_CFG0_AHBPSC;
 731              		.loc 1 261 12
 732 0018 FB68     		ldr	r3, [r7, #12]
 733 001a F022     		movs	r2, #240
 734 001c 9343     		bics	r3, r2
 735 001e FB60     		str	r3, [r7, #12]
 262:../Firmware/GD32E23x_standard_peripheral/Source/gd32e23x_rcu.c ****     RCU_CFG0 = (ck_ahb | ahbpsc);
 736              		.loc 1 262 5
 737 0020 41F20403 		movw	r3, #4100
 738 0024 C4F20203 		movt	r3, 16386
 739              		.loc 1 262 24
 740 0028 7968     		ldr	r1, [r7, #4]
 741 002a FA68     		ldr	r2, [r7, #12]
 742 002c 0A43     		orrs	r2, r1
 743              		.loc 1 262 14
 744 002e 1A60     		str	r2, [r3]
 263:../Firmware/GD32E23x_standard_peripheral/Source/gd32e23x_rcu.c **** }
 745              		.loc 1 263 1
 746 0030 C046     		nop
 747 0032 BD46     		mov	sp, r7
 748 0034 04B0     		add	sp, sp, #16
 749              		@ sp needed
 750 0036 80BD     		pop	{r7, pc}
 751              		.cfi_endproc
 752              	.LFE69:
 754              		.section	.text.rcu_apb1_clock_config,"ax",%progbits
 755              		.align	1
 756              		.global	rcu_apb1_clock_config
 757              		.syntax unified
 758              		.code	16
 759              		.thumb_func
 760              		.fpu softvfp
 762              	rcu_apb1_clock_config:
 763              	.LFB70:
 264:../Firmware/GD32E23x_standard_peripheral/Source/gd32e23x_rcu.c **** 
 265:../Firmware/GD32E23x_standard_peripheral/Source/gd32e23x_rcu.c **** /*!
 266:../Firmware/GD32E23x_standard_peripheral/Source/gd32e23x_rcu.c ****     \brief      configure the APB1 clock prescaler selection
 267:../Firmware/GD32E23x_standard_peripheral/Source/gd32e23x_rcu.c ****     \param[in]  ck_apb1: APB1 clock prescaler selection
 268:../Firmware/GD32E23x_standard_peripheral/Source/gd32e23x_rcu.c ****                 only one parameter can be selected which is shown as below:
 269:../Firmware/GD32E23x_standard_peripheral/Source/gd32e23x_rcu.c ****       \arg        RCU_APB1_CKAHB_DIV1: select CK_AHB as CK_APB1
 270:../Firmware/GD32E23x_standard_peripheral/Source/gd32e23x_rcu.c ****       \arg        RCU_APB1_CKAHB_DIV2: select CK_AHB/2 as CK_APB1
 271:../Firmware/GD32E23x_standard_peripheral/Source/gd32e23x_rcu.c ****       \arg        RCU_APB1_CKAHB_DIV4: select CK_AHB/4 as CK_APB1
 272:../Firmware/GD32E23x_standard_peripheral/Source/gd32e23x_rcu.c ****       \arg        RCU_APB1_CKAHB_DIV8: select CK_AHB/8 as CK_APB1
 273:../Firmware/GD32E23x_standard_peripheral/Source/gd32e23x_rcu.c ****       \arg        RCU_APB1_CKAHB_DIV16: select CK_AHB/16 as CK_APB1
 274:../Firmware/GD32E23x_standard_peripheral/Source/gd32e23x_rcu.c ****     \param[out] none
 275:../Firmware/GD32E23x_standard_peripheral/Source/gd32e23x_rcu.c ****     \retval     none
 276:../Firmware/GD32E23x_standard_peripheral/Source/gd32e23x_rcu.c **** */
 277:../Firmware/GD32E23x_standard_peripheral/Source/gd32e23x_rcu.c **** void rcu_apb1_clock_config(uint32_t ck_apb1)
 278:../Firmware/GD32E23x_standard_peripheral/Source/gd32e23x_rcu.c **** {
 764              		.loc 1 278 1
 765              		.cfi_startproc
 766              		@ args = 0, pretend = 0, frame = 16
 767              		@ frame_needed = 1, uses_anonymous_args = 0
 768 0000 80B5     		push	{r7, lr}
 769              		.cfi_def_cfa_offset 8
 770              		.cfi_offset 7, -8
 771              		.cfi_offset 14, -4
 772 0002 84B0     		sub	sp, sp, #16
 773              		.cfi_def_cfa_offset 24
 774 0004 00AF     		add	r7, sp, #0
 775              		.cfi_def_cfa_register 7
 776 0006 7860     		str	r0, [r7, #4]
 279:../Firmware/GD32E23x_standard_peripheral/Source/gd32e23x_rcu.c ****     uint32_t apb1psc = 0U;
 777              		.loc 1 279 14
 778 0008 0023     		movs	r3, #0
 779 000a FB60     		str	r3, [r7, #12]
 280:../Firmware/GD32E23x_standard_peripheral/Source/gd32e23x_rcu.c ****     apb1psc = RCU_CFG0;
 780              		.loc 1 280 15
 781 000c 41F20403 		movw	r3, #4100
 782 0010 C4F20203 		movt	r3, 16386
 783              		.loc 1 280 13
 784 0014 1B68     		ldr	r3, [r3]
 785 0016 FB60     		str	r3, [r7, #12]
 281:../Firmware/GD32E23x_standard_peripheral/Source/gd32e23x_rcu.c ****     /* reset the APB1PSC and set according to ck_apb1 */
 282:../Firmware/GD32E23x_standard_peripheral/Source/gd32e23x_rcu.c ****     apb1psc &= ~RCU_CFG0_APB1PSC;
 786              		.loc 1 282 13
 787 0018 FB68     		ldr	r3, [r7, #12]
 788 001a 074A     		ldr	r2, .L20
 789 001c 1340     		ands	r3, r2
 790 001e FB60     		str	r3, [r7, #12]
 283:../Firmware/GD32E23x_standard_peripheral/Source/gd32e23x_rcu.c ****     RCU_CFG0 = (ck_apb1 | apb1psc);
 791              		.loc 1 283 5
 792 0020 41F20403 		movw	r3, #4100
 793 0024 C4F20203 		movt	r3, 16386
 794              		.loc 1 283 25
 795 0028 7968     		ldr	r1, [r7, #4]
 796 002a FA68     		ldr	r2, [r7, #12]
 797 002c 0A43     		orrs	r2, r1
 798              		.loc 1 283 14
 799 002e 1A60     		str	r2, [r3]
 284:../Firmware/GD32E23x_standard_peripheral/Source/gd32e23x_rcu.c **** }
 800              		.loc 1 284 1
 801 0030 C046     		nop
 802 0032 BD46     		mov	sp, r7
 803 0034 04B0     		add	sp, sp, #16
 804              		@ sp needed
 805 0036 80BD     		pop	{r7, pc}
 806              	.L21:
 807              		.align	2
 808              	.L20:
 809 0038 FFF8FFFF 		.word	-1793
 810              		.cfi_endproc
 811              	.LFE70:
 813              		.section	.text.rcu_apb2_clock_config,"ax",%progbits
 814              		.align	1
 815              		.global	rcu_apb2_clock_config
 816              		.syntax unified
 817              		.code	16
 818              		.thumb_func
 819              		.fpu softvfp
 821              	rcu_apb2_clock_config:
 822              	.LFB71:
 285:../Firmware/GD32E23x_standard_peripheral/Source/gd32e23x_rcu.c **** 
 286:../Firmware/GD32E23x_standard_peripheral/Source/gd32e23x_rcu.c **** /*!
 287:../Firmware/GD32E23x_standard_peripheral/Source/gd32e23x_rcu.c ****     \brief      configure the APB2 clock prescaler selection
 288:../Firmware/GD32E23x_standard_peripheral/Source/gd32e23x_rcu.c ****     \param[in]  ck_apb2: APB2 clock prescaler selection
 289:../Firmware/GD32E23x_standard_peripheral/Source/gd32e23x_rcu.c ****                 only one parameter can be selected which is shown as below:
 290:../Firmware/GD32E23x_standard_peripheral/Source/gd32e23x_rcu.c ****       \arg        RCU_APB2_CKAHB_DIV1: select CK_AHB as CK_APB2
 291:../Firmware/GD32E23x_standard_peripheral/Source/gd32e23x_rcu.c ****       \arg        RCU_APB2_CKAHB_DIV2: select CK_AHB/2 as CK_APB2
 292:../Firmware/GD32E23x_standard_peripheral/Source/gd32e23x_rcu.c ****       \arg        RCU_APB2_CKAHB_DIV4: select CK_AHB/4 as CK_APB2
 293:../Firmware/GD32E23x_standard_peripheral/Source/gd32e23x_rcu.c ****       \arg        RCU_APB2_CKAHB_DIV8: select CK_AHB/8 as CK_APB2
 294:../Firmware/GD32E23x_standard_peripheral/Source/gd32e23x_rcu.c ****       \arg        RCU_APB2_CKAHB_DIV16: select CK_AHB/16 as CK_APB2
 295:../Firmware/GD32E23x_standard_peripheral/Source/gd32e23x_rcu.c ****     \param[out] none
 296:../Firmware/GD32E23x_standard_peripheral/Source/gd32e23x_rcu.c ****     \retval     none
 297:../Firmware/GD32E23x_standard_peripheral/Source/gd32e23x_rcu.c **** */
 298:../Firmware/GD32E23x_standard_peripheral/Source/gd32e23x_rcu.c **** void rcu_apb2_clock_config(uint32_t ck_apb2)
 299:../Firmware/GD32E23x_standard_peripheral/Source/gd32e23x_rcu.c **** {
 823              		.loc 1 299 1
 824              		.cfi_startproc
 825              		@ args = 0, pretend = 0, frame = 16
 826              		@ frame_needed = 1, uses_anonymous_args = 0
 827 0000 80B5     		push	{r7, lr}
 828              		.cfi_def_cfa_offset 8
 829              		.cfi_offset 7, -8
 830              		.cfi_offset 14, -4
 831 0002 84B0     		sub	sp, sp, #16
 832              		.cfi_def_cfa_offset 24
 833 0004 00AF     		add	r7, sp, #0
 834              		.cfi_def_cfa_register 7
 835 0006 7860     		str	r0, [r7, #4]
 300:../Firmware/GD32E23x_standard_peripheral/Source/gd32e23x_rcu.c ****     uint32_t apb2psc = 0U;
 836              		.loc 1 300 14
 837 0008 0023     		movs	r3, #0
 838 000a FB60     		str	r3, [r7, #12]
 301:../Firmware/GD32E23x_standard_peripheral/Source/gd32e23x_rcu.c ****     apb2psc = RCU_CFG0;
 839              		.loc 1 301 15
 840 000c 41F20403 		movw	r3, #4100
 841 0010 C4F20203 		movt	r3, 16386
 842              		.loc 1 301 13
 843 0014 1B68     		ldr	r3, [r3]
 844 0016 FB60     		str	r3, [r7, #12]
 302:../Firmware/GD32E23x_standard_peripheral/Source/gd32e23x_rcu.c ****     /* reset the APB2PSC and set according to ck_apb2 */
 303:../Firmware/GD32E23x_standard_peripheral/Source/gd32e23x_rcu.c ****     apb2psc &= ~RCU_CFG0_APB2PSC;
 845              		.loc 1 303 13
 846 0018 FB68     		ldr	r3, [r7, #12]
 847 001a 074A     		ldr	r2, .L23
 848 001c 1340     		ands	r3, r2
 849 001e FB60     		str	r3, [r7, #12]
 304:../Firmware/GD32E23x_standard_peripheral/Source/gd32e23x_rcu.c ****     RCU_CFG0 = (ck_apb2 | apb2psc);
 850              		.loc 1 304 5
 851 0020 41F20403 		movw	r3, #4100
 852 0024 C4F20203 		movt	r3, 16386
 853              		.loc 1 304 25
 854 0028 7968     		ldr	r1, [r7, #4]
 855 002a FA68     		ldr	r2, [r7, #12]
 856 002c 0A43     		orrs	r2, r1
 857              		.loc 1 304 14
 858 002e 1A60     		str	r2, [r3]
 305:../Firmware/GD32E23x_standard_peripheral/Source/gd32e23x_rcu.c **** }
 859              		.loc 1 305 1
 860 0030 C046     		nop
 861 0032 BD46     		mov	sp, r7
 862 0034 04B0     		add	sp, sp, #16
 863              		@ sp needed
 864 0036 80BD     		pop	{r7, pc}
 865              	.L24:
 866              		.align	2
 867              	.L23:
 868 0038 FFC7FFFF 		.word	-14337
 869              		.cfi_endproc
 870              	.LFE71:
 872              		.section	.text.rcu_adc_clock_config,"ax",%progbits
 873              		.align	1
 874              		.global	rcu_adc_clock_config
 875              		.syntax unified
 876              		.code	16
 877              		.thumb_func
 878              		.fpu softvfp
 880              	rcu_adc_clock_config:
 881              	.LFB72:
 306:../Firmware/GD32E23x_standard_peripheral/Source/gd32e23x_rcu.c **** 
 307:../Firmware/GD32E23x_standard_peripheral/Source/gd32e23x_rcu.c **** /*!
 308:../Firmware/GD32E23x_standard_peripheral/Source/gd32e23x_rcu.c ****     \brief      configure the ADC clock prescaler selection
 309:../Firmware/GD32E23x_standard_peripheral/Source/gd32e23x_rcu.c ****     \param[in]  ck_adc: ADC clock prescaler selection, refer to rcu_adc_clock_enum
 310:../Firmware/GD32E23x_standard_peripheral/Source/gd32e23x_rcu.c ****                 only one parameter can be selected which is shown as below:
 311:../Firmware/GD32E23x_standard_peripheral/Source/gd32e23x_rcu.c ****       \arg        RCU_ADCCK_IRC28M_DIV2: select CK_IRC28M/2 as CK_ADC
 312:../Firmware/GD32E23x_standard_peripheral/Source/gd32e23x_rcu.c ****       \arg        RCU_ADCCK_IRC28M: select CK_IRC28M as CK_ADC
 313:../Firmware/GD32E23x_standard_peripheral/Source/gd32e23x_rcu.c ****       \arg        RCU_ADCCK_APB2_DIV2: select CK_APB2/2 as CK_ADC
 314:../Firmware/GD32E23x_standard_peripheral/Source/gd32e23x_rcu.c ****       \arg        RCU_ADCCK_AHB_DIV3: select CK_AHB/3 as CK_ADC
 315:../Firmware/GD32E23x_standard_peripheral/Source/gd32e23x_rcu.c ****       \arg        RCU_ADCCK_APB2_DIV4: select CK_APB2/4 as CK_ADC
 316:../Firmware/GD32E23x_standard_peripheral/Source/gd32e23x_rcu.c ****       \arg        RCU_ADCCK_AHB_DIV5: select CK_AHB/5 as CK_ADC
 317:../Firmware/GD32E23x_standard_peripheral/Source/gd32e23x_rcu.c ****       \arg        RCU_ADCCK_APB2_DIV6: select CK_APB2/6 as CK_ADC
 318:../Firmware/GD32E23x_standard_peripheral/Source/gd32e23x_rcu.c ****       \arg        RCU_ADCCK_AHB_DIV7: select CK_AHB/7 as CK_ADC
 319:../Firmware/GD32E23x_standard_peripheral/Source/gd32e23x_rcu.c ****       \arg        RCU_ADCCK_APB2_DIV8: select CK_APB2/8 as CK_ADC
 320:../Firmware/GD32E23x_standard_peripheral/Source/gd32e23x_rcu.c ****       \arg        RCU_ADCCK_AHB_DIV9: select CK_AHB/9 as CK_ADC
 321:../Firmware/GD32E23x_standard_peripheral/Source/gd32e23x_rcu.c ****     \param[out] none
 322:../Firmware/GD32E23x_standard_peripheral/Source/gd32e23x_rcu.c ****     \retval     none
 323:../Firmware/GD32E23x_standard_peripheral/Source/gd32e23x_rcu.c **** */
 324:../Firmware/GD32E23x_standard_peripheral/Source/gd32e23x_rcu.c **** void rcu_adc_clock_config(rcu_adc_clock_enum ck_adc)
 325:../Firmware/GD32E23x_standard_peripheral/Source/gd32e23x_rcu.c **** {
 882              		.loc 1 325 1
 883              		.cfi_startproc
 884              		@ args = 0, pretend = 0, frame = 8
 885              		@ frame_needed = 1, uses_anonymous_args = 0
 886 0000 80B5     		push	{r7, lr}
 887              		.cfi_def_cfa_offset 8
 888              		.cfi_offset 7, -8
 889              		.cfi_offset 14, -4
 890 0002 82B0     		sub	sp, sp, #8
 891              		.cfi_def_cfa_offset 16
 892 0004 00AF     		add	r7, sp, #0
 893              		.cfi_def_cfa_register 7
 894 0006 0200     		movs	r2, r0
 895 0008 FB1D     		adds	r3, r7, #7
 896 000a 1A70     		strb	r2, [r3]
 326:../Firmware/GD32E23x_standard_peripheral/Source/gd32e23x_rcu.c ****     /* reset the ADCPSC, ADCSEL, IRC28MDIV bits */
 327:../Firmware/GD32E23x_standard_peripheral/Source/gd32e23x_rcu.c ****     RCU_CFG0 &= ~RCU_CFG0_ADCPSC;
 897              		.loc 1 327 14
 898 000c 41F20403 		movw	r3, #4100
 899 0010 C4F20203 		movt	r3, 16386
 900 0014 1A68     		ldr	r2, [r3]
 901 0016 41F20403 		movw	r3, #4100
 902 001a C4F20203 		movt	r3, 16386
 903 001e AD49     		ldr	r1, .L40
 904 0020 0A40     		ands	r2, r1
 905 0022 1A60     		str	r2, [r3]
 328:../Firmware/GD32E23x_standard_peripheral/Source/gd32e23x_rcu.c ****     RCU_CFG2 &= ~(RCU_CFG2_ADCSEL | RCU_CFG2_IRC28MDIV | RCU_CFG2_ADCPSC2);
 906              		.loc 1 328 14
 907 0024 41F23003 		movw	r3, #4144
 908 0028 C4F20203 		movt	r3, 16386
 909 002c 1968     		ldr	r1, [r3]
 910 002e 41F23003 		movw	r3, #4144
 911 0032 C4F20203 		movt	r3, 16386
 912 0036 4FF6FF62 		movw	r2, #65279
 913 003a C7F6FE72 		movt	r2, 32766
 914 003e 0A40     		ands	r2, r1
 915 0040 1A60     		str	r2, [r3]
 329:../Firmware/GD32E23x_standard_peripheral/Source/gd32e23x_rcu.c **** 
 330:../Firmware/GD32E23x_standard_peripheral/Source/gd32e23x_rcu.c ****     /* set the ADC clock according to ck_adc */
 331:../Firmware/GD32E23x_standard_peripheral/Source/gd32e23x_rcu.c ****     switch(ck_adc) {
 916              		.loc 1 331 5
 917 0042 FB1D     		adds	r3, r7, #7
 918 0044 1B78     		ldrb	r3, [r3]
 919 0046 092B     		cmp	r3, #9
 920 0048 00D9     		bls	.LCB716
 921 004a 3DE1     		b	.L39	@long jump
 922              	.LCB716:
 923 004c 9A00     		lsls	r2, r3, #2
 924 004e A24B     		ldr	r3, .L40+4
 925 0050 D318     		adds	r3, r2, r3
 926 0052 1B68     		ldr	r3, [r3]
 927 0054 9F46     		mov	pc, r3
 928              		.section	.rodata.rcu_adc_clock_config,"a",%progbits
 929              		.align	2
 930              	.L28:
 931 0000 56000000 		.word	.L37
 932 0004 88000000 		.word	.L36
 933 0008 BC000000 		.word	.L35
 934 000c EC000000 		.word	.L34
 935 0010 36010000 		.word	.L33
 936 0014 6C010000 		.word	.L32
 937 0018 BC010000 		.word	.L31
 938 001c F2010000 		.word	.L30
 939 0020 42020000 		.word	.L29
 940 0024 78020000 		.word	.L27
 941              		.section	.text.rcu_adc_clock_config
 942              	.L37:
 332:../Firmware/GD32E23x_standard_peripheral/Source/gd32e23x_rcu.c ****     case RCU_ADCCK_IRC28M_DIV2:
 333:../Firmware/GD32E23x_standard_peripheral/Source/gd32e23x_rcu.c ****         RCU_CFG2 &= ~RCU_CFG2_IRC28MDIV;
 943              		.loc 1 333 18
 944 0056 41F23003 		movw	r3, #4144
 945 005a C4F20203 		movt	r3, 16386
 946 005e 1A68     		ldr	r2, [r3]
 947 0060 41F23003 		movw	r3, #4144
 948 0064 C4F20203 		movt	r3, 16386
 949 0068 9C49     		ldr	r1, .L40+8
 950 006a 0A40     		ands	r2, r1
 951 006c 1A60     		str	r2, [r3]
 334:../Firmware/GD32E23x_standard_peripheral/Source/gd32e23x_rcu.c ****         RCU_CFG2 &= ~RCU_CFG2_ADCSEL;
 952              		.loc 1 334 18
 953 006e 41F23003 		movw	r3, #4144
 954 0072 C4F20203 		movt	r3, 16386
 955 0076 1A68     		ldr	r2, [r3]
 956 0078 41F23003 		movw	r3, #4144
 957 007c C4F20203 		movt	r3, 16386
 958 0080 9749     		ldr	r1, .L40+12
 959 0082 0A40     		ands	r2, r1
 960 0084 1A60     		str	r2, [r3]
 335:../Firmware/GD32E23x_standard_peripheral/Source/gd32e23x_rcu.c ****         break;
 961              		.loc 1 335 9
 962 0086 20E1     		b	.L38
 963              	.L36:
 336:../Firmware/GD32E23x_standard_peripheral/Source/gd32e23x_rcu.c ****     case RCU_ADCCK_IRC28M:
 337:../Firmware/GD32E23x_standard_peripheral/Source/gd32e23x_rcu.c ****         RCU_CFG2 |= RCU_CFG2_IRC28MDIV;
 964              		.loc 1 337 18
 965 0088 41F23003 		movw	r3, #4144
 966 008c C4F20203 		movt	r3, 16386
 967 0090 1A68     		ldr	r2, [r3]
 968 0092 41F23003 		movw	r3, #4144
 969 0096 C4F20203 		movt	r3, 16386
 970 009a 8021     		movs	r1, #128
 971 009c 4902     		lsls	r1, r1, #9
 972 009e 0A43     		orrs	r2, r1
 973 00a0 1A60     		str	r2, [r3]
 338:../Firmware/GD32E23x_standard_peripheral/Source/gd32e23x_rcu.c ****         RCU_CFG2 &= ~RCU_CFG2_ADCSEL;
 974              		.loc 1 338 18
 975 00a2 41F23003 		movw	r3, #4144
 976 00a6 C4F20203 		movt	r3, 16386
 977 00aa 1A68     		ldr	r2, [r3]
 978 00ac 41F23003 		movw	r3, #4144
 979 00b0 C4F20203 		movt	r3, 16386
 980 00b4 8A49     		ldr	r1, .L40+12
 981 00b6 0A40     		ands	r2, r1
 982 00b8 1A60     		str	r2, [r3]
 339:../Firmware/GD32E23x_standard_peripheral/Source/gd32e23x_rcu.c ****         break;
 983              		.loc 1 339 9
 984 00ba 06E1     		b	.L38
 985              	.L35:
 340:../Firmware/GD32E23x_standard_peripheral/Source/gd32e23x_rcu.c ****     case RCU_ADCCK_APB2_DIV2:
 341:../Firmware/GD32E23x_standard_peripheral/Source/gd32e23x_rcu.c ****         RCU_CFG0 |= RCU_ADC_CKAPB2_DIV2;
 986              		.loc 1 341 18
 987 00bc 41F20402 		movw	r2, #4100
 988 00c0 C4F20202 		movt	r2, 16386
 989 00c4 41F20403 		movw	r3, #4100
 990 00c8 C4F20203 		movt	r3, 16386
 991 00cc 1268     		ldr	r2, [r2]
 992 00ce 1A60     		str	r2, [r3]
 342:../Firmware/GD32E23x_standard_peripheral/Source/gd32e23x_rcu.c ****         RCU_CFG2 |= RCU_CFG2_ADCSEL;
 993              		.loc 1 342 18
 994 00d0 41F23003 		movw	r3, #4144
 995 00d4 C4F20203 		movt	r3, 16386
 996 00d8 1A68     		ldr	r2, [r3]
 997 00da 41F23003 		movw	r3, #4144
 998 00de C4F20203 		movt	r3, 16386
 999 00e2 40F20011 		movw	r1, #256
 1000 00e6 0A43     		orrs	r2, r1
 1001 00e8 1A60     		str	r2, [r3]
 343:../Firmware/GD32E23x_standard_peripheral/Source/gd32e23x_rcu.c ****         break;
 1002              		.loc 1 343 9
 1003 00ea EEE0     		b	.L38
 1004              	.L34:
 344:../Firmware/GD32E23x_standard_peripheral/Source/gd32e23x_rcu.c ****     case RCU_ADCCK_AHB_DIV3:
 345:../Firmware/GD32E23x_standard_peripheral/Source/gd32e23x_rcu.c ****         RCU_CFG0 |= RCU_ADC_CKAPB2_DIV2;
 1005              		.loc 1 345 18
 1006 00ec 41F20402 		movw	r2, #4100
 1007 00f0 C4F20202 		movt	r2, 16386
 1008 00f4 41F20403 		movw	r3, #4100
 1009 00f8 C4F20203 		movt	r3, 16386
 1010 00fc 1268     		ldr	r2, [r2]
 1011 00fe 1A60     		str	r2, [r3]
 346:../Firmware/GD32E23x_standard_peripheral/Source/gd32e23x_rcu.c ****         RCU_CFG2 |= RCU_CFG2_ADCPSC2;
 1012              		.loc 1 346 18
 1013 0100 41F23003 		movw	r3, #4144
 1014 0104 C4F20203 		movt	r3, 16386
 1015 0108 1A68     		ldr	r2, [r3]
 1016 010a 41F23003 		movw	r3, #4144
 1017 010e C4F20203 		movt	r3, 16386
 1018 0112 8021     		movs	r1, #128
 1019 0114 0906     		lsls	r1, r1, #24
 1020 0116 0A43     		orrs	r2, r1
 1021 0118 1A60     		str	r2, [r3]
 347:../Firmware/GD32E23x_standard_peripheral/Source/gd32e23x_rcu.c ****         RCU_CFG2 |= RCU_CFG2_ADCSEL;
 1022              		.loc 1 347 18
 1023 011a 41F23003 		movw	r3, #4144
 1024 011e C4F20203 		movt	r3, 16386
 1025 0122 1A68     		ldr	r2, [r3]
 1026 0124 41F23003 		movw	r3, #4144
 1027 0128 C4F20203 		movt	r3, 16386
 1028 012c 40F20011 		movw	r1, #256
 1029 0130 0A43     		orrs	r2, r1
 1030 0132 1A60     		str	r2, [r3]
 348:../Firmware/GD32E23x_standard_peripheral/Source/gd32e23x_rcu.c ****         break;
 1031              		.loc 1 348 9
 1032 0134 C9E0     		b	.L38
 1033              	.L33:
 349:../Firmware/GD32E23x_standard_peripheral/Source/gd32e23x_rcu.c ****     case RCU_ADCCK_APB2_DIV4:
 350:../Firmware/GD32E23x_standard_peripheral/Source/gd32e23x_rcu.c ****         RCU_CFG0 |= RCU_ADC_CKAPB2_DIV4;
 1034              		.loc 1 350 18
 1035 0136 41F20403 		movw	r3, #4100
 1036 013a C4F20203 		movt	r3, 16386
 1037 013e 1A68     		ldr	r2, [r3]
 1038 0140 41F20403 		movw	r3, #4100
 1039 0144 C4F20203 		movt	r3, 16386
 1040 0148 44F20001 		movw	r1, #16384
 1041 014c 0A43     		orrs	r2, r1
 1042 014e 1A60     		str	r2, [r3]
 351:../Firmware/GD32E23x_standard_peripheral/Source/gd32e23x_rcu.c ****         RCU_CFG2 |= RCU_CFG2_ADCSEL;
 1043              		.loc 1 351 18
 1044 0150 41F23003 		movw	r3, #4144
 1045 0154 C4F20203 		movt	r3, 16386
 1046 0158 1A68     		ldr	r2, [r3]
 1047 015a 41F23003 		movw	r3, #4144
 1048 015e C4F20203 		movt	r3, 16386
 1049 0162 40F20011 		movw	r1, #256
 1050 0166 0A43     		orrs	r2, r1
 1051 0168 1A60     		str	r2, [r3]
 352:../Firmware/GD32E23x_standard_peripheral/Source/gd32e23x_rcu.c ****         break;
 1052              		.loc 1 352 9
 1053 016a AEE0     		b	.L38
 1054              	.L32:
 353:../Firmware/GD32E23x_standard_peripheral/Source/gd32e23x_rcu.c ****     case RCU_ADCCK_AHB_DIV5:
 354:../Firmware/GD32E23x_standard_peripheral/Source/gd32e23x_rcu.c ****         RCU_CFG0 |= RCU_ADC_CKAPB2_DIV4;
 1055              		.loc 1 354 18
 1056 016c 41F20403 		movw	r3, #4100
 1057 0170 C4F20203 		movt	r3, 16386
 1058 0174 1A68     		ldr	r2, [r3]
 1059 0176 41F20403 		movw	r3, #4100
 1060 017a C4F20203 		movt	r3, 16386
 1061 017e 44F20001 		movw	r1, #16384
 1062 0182 0A43     		orrs	r2, r1
 1063 0184 1A60     		str	r2, [r3]
 355:../Firmware/GD32E23x_standard_peripheral/Source/gd32e23x_rcu.c ****         RCU_CFG2 |= RCU_CFG2_ADCPSC2;
 1064              		.loc 1 355 18
 1065 0186 41F23003 		movw	r3, #4144
 1066 018a C4F20203 		movt	r3, 16386
 1067 018e 1A68     		ldr	r2, [r3]
 1068 0190 41F23003 		movw	r3, #4144
 1069 0194 C4F20203 		movt	r3, 16386
 1070 0198 8021     		movs	r1, #128
 1071 019a 0906     		lsls	r1, r1, #24
 1072 019c 0A43     		orrs	r2, r1
 1073 019e 1A60     		str	r2, [r3]
 356:../Firmware/GD32E23x_standard_peripheral/Source/gd32e23x_rcu.c ****         RCU_CFG2 |= RCU_CFG2_ADCSEL;
 1074              		.loc 1 356 18
 1075 01a0 41F23003 		movw	r3, #4144
 1076 01a4 C4F20203 		movt	r3, 16386
 1077 01a8 1A68     		ldr	r2, [r3]
 1078 01aa 41F23003 		movw	r3, #4144
 1079 01ae C4F20203 		movt	r3, 16386
 1080 01b2 40F20011 		movw	r1, #256
 1081 01b6 0A43     		orrs	r2, r1
 1082 01b8 1A60     		str	r2, [r3]
 357:../Firmware/GD32E23x_standard_peripheral/Source/gd32e23x_rcu.c ****         break;
 1083              		.loc 1 357 9
 1084 01ba 86E0     		b	.L38
 1085              	.L31:
 358:../Firmware/GD32E23x_standard_peripheral/Source/gd32e23x_rcu.c ****     case RCU_ADCCK_APB2_DIV6:
 359:../Firmware/GD32E23x_standard_peripheral/Source/gd32e23x_rcu.c ****         RCU_CFG0 |= RCU_ADC_CKAPB2_DIV6;
 1086              		.loc 1 359 18
 1087 01bc 41F20403 		movw	r3, #4100
 1088 01c0 C4F20203 		movt	r3, 16386
 1089 01c4 1A68     		ldr	r2, [r3]
 1090 01c6 41F20403 		movw	r3, #4100
 1091 01ca C4F20203 		movt	r3, 16386
 1092 01ce 48F20001 		movw	r1, #32768
 1093 01d2 0A43     		orrs	r2, r1
 1094 01d4 1A60     		str	r2, [r3]
 360:../Firmware/GD32E23x_standard_peripheral/Source/gd32e23x_rcu.c ****         RCU_CFG2 |= RCU_CFG2_ADCSEL;
 1095              		.loc 1 360 18
 1096 01d6 41F23003 		movw	r3, #4144
 1097 01da C4F20203 		movt	r3, 16386
 1098 01de 1A68     		ldr	r2, [r3]
 1099 01e0 41F23003 		movw	r3, #4144
 1100 01e4 C4F20203 		movt	r3, 16386
 1101 01e8 40F20011 		movw	r1, #256
 1102 01ec 0A43     		orrs	r2, r1
 1103 01ee 1A60     		str	r2, [r3]
 361:../Firmware/GD32E23x_standard_peripheral/Source/gd32e23x_rcu.c ****         break;
 1104              		.loc 1 361 9
 1105 01f0 6BE0     		b	.L38
 1106              	.L30:
 362:../Firmware/GD32E23x_standard_peripheral/Source/gd32e23x_rcu.c ****     case RCU_ADCCK_AHB_DIV7:
 363:../Firmware/GD32E23x_standard_peripheral/Source/gd32e23x_rcu.c ****         RCU_CFG0 |= RCU_ADC_CKAPB2_DIV6;
 1107              		.loc 1 363 18
 1108 01f2 41F20403 		movw	r3, #4100
 1109 01f6 C4F20203 		movt	r3, 16386
 1110 01fa 1A68     		ldr	r2, [r3]
 1111 01fc 41F20403 		movw	r3, #4100
 1112 0200 C4F20203 		movt	r3, 16386
 1113 0204 48F20001 		movw	r1, #32768
 1114 0208 0A43     		orrs	r2, r1
 1115 020a 1A60     		str	r2, [r3]
 364:../Firmware/GD32E23x_standard_peripheral/Source/gd32e23x_rcu.c ****         RCU_CFG2 |= RCU_CFG2_ADCPSC2;
 1116              		.loc 1 364 18
 1117 020c 41F23003 		movw	r3, #4144
 1118 0210 C4F20203 		movt	r3, 16386
 1119 0214 1A68     		ldr	r2, [r3]
 1120 0216 41F23003 		movw	r3, #4144
 1121 021a C4F20203 		movt	r3, 16386
 1122 021e 8021     		movs	r1, #128
 1123 0220 0906     		lsls	r1, r1, #24
 1124 0222 0A43     		orrs	r2, r1
 1125 0224 1A60     		str	r2, [r3]
 365:../Firmware/GD32E23x_standard_peripheral/Source/gd32e23x_rcu.c ****         RCU_CFG2 |= RCU_CFG2_ADCSEL;
 1126              		.loc 1 365 18
 1127 0226 41F23003 		movw	r3, #4144
 1128 022a C4F20203 		movt	r3, 16386
 1129 022e 1A68     		ldr	r2, [r3]
 1130 0230 41F23003 		movw	r3, #4144
 1131 0234 C4F20203 		movt	r3, 16386
 1132 0238 40F20011 		movw	r1, #256
 1133 023c 0A43     		orrs	r2, r1
 1134 023e 1A60     		str	r2, [r3]
 366:../Firmware/GD32E23x_standard_peripheral/Source/gd32e23x_rcu.c ****         break;
 1135              		.loc 1 366 9
 1136 0240 43E0     		b	.L38
 1137              	.L29:
 367:../Firmware/GD32E23x_standard_peripheral/Source/gd32e23x_rcu.c ****     case RCU_ADCCK_APB2_DIV8:
 368:../Firmware/GD32E23x_standard_peripheral/Source/gd32e23x_rcu.c ****         RCU_CFG0 |= RCU_ADC_CKAPB2_DIV8;
 1138              		.loc 1 368 18
 1139 0242 41F20403 		movw	r3, #4100
 1140 0246 C4F20203 		movt	r3, 16386
 1141 024a 1A68     		ldr	r2, [r3]
 1142 024c 41F20403 		movw	r3, #4100
 1143 0250 C4F20203 		movt	r3, 16386
 1144 0254 4CF20001 		movw	r1, #49152
 1145 0258 0A43     		orrs	r2, r1
 1146 025a 1A60     		str	r2, [r3]
 369:../Firmware/GD32E23x_standard_peripheral/Source/gd32e23x_rcu.c ****         RCU_CFG2 |= RCU_CFG2_ADCSEL;
 1147              		.loc 1 369 18
 1148 025c 41F23003 		movw	r3, #4144
 1149 0260 C4F20203 		movt	r3, 16386
 1150 0264 1A68     		ldr	r2, [r3]
 1151 0266 41F23003 		movw	r3, #4144
 1152 026a C4F20203 		movt	r3, 16386
 1153 026e 40F20011 		movw	r1, #256
 1154 0272 0A43     		orrs	r2, r1
 1155 0274 1A60     		str	r2, [r3]
 370:../Firmware/GD32E23x_standard_peripheral/Source/gd32e23x_rcu.c ****         break;
 1156              		.loc 1 370 9
 1157 0276 28E0     		b	.L38
 1158              	.L27:
 371:../Firmware/GD32E23x_standard_peripheral/Source/gd32e23x_rcu.c ****     case RCU_ADCCK_AHB_DIV9:
 372:../Firmware/GD32E23x_standard_peripheral/Source/gd32e23x_rcu.c ****         RCU_CFG0 |= RCU_ADC_CKAPB2_DIV8;
 1159              		.loc 1 372 18
 1160 0278 41F20403 		movw	r3, #4100
 1161 027c C4F20203 		movt	r3, 16386
 1162 0280 1A68     		ldr	r2, [r3]
 1163 0282 41F20403 		movw	r3, #4100
 1164 0286 C4F20203 		movt	r3, 16386
 1165 028a 4CF20001 		movw	r1, #49152
 1166 028e 0A43     		orrs	r2, r1
 1167 0290 1A60     		str	r2, [r3]
 373:../Firmware/GD32E23x_standard_peripheral/Source/gd32e23x_rcu.c ****         RCU_CFG2 |= RCU_CFG2_ADCPSC2;
 1168              		.loc 1 373 18
 1169 0292 41F23003 		movw	r3, #4144
 1170 0296 C4F20203 		movt	r3, 16386
 1171 029a 1A68     		ldr	r2, [r3]
 1172 029c 41F23003 		movw	r3, #4144
 1173 02a0 C4F20203 		movt	r3, 16386
 1174 02a4 8021     		movs	r1, #128
 1175 02a6 0906     		lsls	r1, r1, #24
 1176 02a8 0A43     		orrs	r2, r1
 1177 02aa 1A60     		str	r2, [r3]
 374:../Firmware/GD32E23x_standard_peripheral/Source/gd32e23x_rcu.c ****         RCU_CFG2 |= RCU_CFG2_ADCSEL;
 1178              		.loc 1 374 18
 1179 02ac 41F23003 		movw	r3, #4144
 1180 02b0 C4F20203 		movt	r3, 16386
 1181 02b4 1A68     		ldr	r2, [r3]
 1182 02b6 41F23003 		movw	r3, #4144
 1183 02ba C4F20203 		movt	r3, 16386
 1184 02be 40F20011 		movw	r1, #256
 1185 02c2 0A43     		orrs	r2, r1
 1186 02c4 1A60     		str	r2, [r3]
 375:../Firmware/GD32E23x_standard_peripheral/Source/gd32e23x_rcu.c ****         break;
 1187              		.loc 1 375 9
 1188 02c6 00E0     		b	.L38
 1189              	.L39:
 376:../Firmware/GD32E23x_standard_peripheral/Source/gd32e23x_rcu.c ****     default:
 377:../Firmware/GD32E23x_standard_peripheral/Source/gd32e23x_rcu.c ****         break;
 1190              		.loc 1 377 9
 1191 02c8 C046     		nop
 1192              	.L38:
 378:../Firmware/GD32E23x_standard_peripheral/Source/gd32e23x_rcu.c ****     }
 379:../Firmware/GD32E23x_standard_peripheral/Source/gd32e23x_rcu.c **** }
 1193              		.loc 1 379 1
 1194 02ca C046     		nop
 1195 02cc BD46     		mov	sp, r7
 1196 02ce 02B0     		add	sp, sp, #8
 1197              		@ sp needed
 1198 02d0 80BD     		pop	{r7, pc}
 1199              	.L41:
 1200 02d2 C046     		.align	2
 1201              	.L40:
 1202 02d4 FF3FFFFF 		.word	-49153
 1203 02d8 00000000 		.word	.L28
 1204 02dc FFFFFEFF 		.word	-65537
 1205 02e0 FFFEFFFF 		.word	-257
 1206              		.cfi_endproc
 1207              	.LFE72:
 1209              		.section	.text.rcu_ckout_config,"ax",%progbits
 1210              		.align	1
 1211              		.global	rcu_ckout_config
 1212              		.syntax unified
 1213              		.code	16
 1214              		.thumb_func
 1215              		.fpu softvfp
 1217              	rcu_ckout_config:
 1218              	.LFB73:
 380:../Firmware/GD32E23x_standard_peripheral/Source/gd32e23x_rcu.c **** 
 381:../Firmware/GD32E23x_standard_peripheral/Source/gd32e23x_rcu.c **** /*!
 382:../Firmware/GD32E23x_standard_peripheral/Source/gd32e23x_rcu.c ****     \brief      configure the CK_OUT clock source and divider
 383:../Firmware/GD32E23x_standard_peripheral/Source/gd32e23x_rcu.c ****     \param[in]  ckout_src: CK_OUT clock source selection
 384:../Firmware/GD32E23x_standard_peripheral/Source/gd32e23x_rcu.c ****                 only one parameter can be selected which is shown as below:
 385:../Firmware/GD32E23x_standard_peripheral/Source/gd32e23x_rcu.c ****       \arg        RCU_CKOUTSRC_NONE: no clock selected
 386:../Firmware/GD32E23x_standard_peripheral/Source/gd32e23x_rcu.c ****       \arg        RCU_CKOUTSRC_IRC28M: IRC28M selected
 387:../Firmware/GD32E23x_standard_peripheral/Source/gd32e23x_rcu.c ****       \arg        RCU_CKOUTSRC_IRC40K: IRC40K selected
 388:../Firmware/GD32E23x_standard_peripheral/Source/gd32e23x_rcu.c ****       \arg        RCU_CKOUTSRC_LXTAL: LXTAL selected
 389:../Firmware/GD32E23x_standard_peripheral/Source/gd32e23x_rcu.c ****       \arg        RCU_CKOUTSRC_CKSYS: CKSYS selected
 390:../Firmware/GD32E23x_standard_peripheral/Source/gd32e23x_rcu.c ****       \arg        RCU_CKOUTSRC_IRC8M: IRC8M selected
 391:../Firmware/GD32E23x_standard_peripheral/Source/gd32e23x_rcu.c ****       \arg        RCU_CKOUTSRC_HXTAL: HXTAL selected
 392:../Firmware/GD32E23x_standard_peripheral/Source/gd32e23x_rcu.c ****       \arg        RCU_CKOUTSRC_CKPLL_DIV1: CK_PLL selected
 393:../Firmware/GD32E23x_standard_peripheral/Source/gd32e23x_rcu.c ****       \arg        RCU_CKOUTSRC_CKPLL_DIV2: CK_PLL/2 selected
 394:../Firmware/GD32E23x_standard_peripheral/Source/gd32e23x_rcu.c ****     \param[in]  ckout_div: CK_OUT divider
 395:../Firmware/GD32E23x_standard_peripheral/Source/gd32e23x_rcu.c ****       \arg        RCU_CKOUT_DIVx(x=1,2,4,8,16,32,64,128): CK_OUT is divided by x
 396:../Firmware/GD32E23x_standard_peripheral/Source/gd32e23x_rcu.c ****     \param[out] none
 397:../Firmware/GD32E23x_standard_peripheral/Source/gd32e23x_rcu.c ****     \retval     none
 398:../Firmware/GD32E23x_standard_peripheral/Source/gd32e23x_rcu.c **** */
 399:../Firmware/GD32E23x_standard_peripheral/Source/gd32e23x_rcu.c **** void rcu_ckout_config(uint32_t ckout_src, uint32_t ckout_div)
 400:../Firmware/GD32E23x_standard_peripheral/Source/gd32e23x_rcu.c **** {
 1219              		.loc 1 400 1
 1220              		.cfi_startproc
 1221              		@ args = 0, pretend = 0, frame = 16
 1222              		@ frame_needed = 1, uses_anonymous_args = 0
 1223 0000 80B5     		push	{r7, lr}
 1224              		.cfi_def_cfa_offset 8
 1225              		.cfi_offset 7, -8
 1226              		.cfi_offset 14, -4
 1227 0002 84B0     		sub	sp, sp, #16
 1228              		.cfi_def_cfa_offset 24
 1229 0004 00AF     		add	r7, sp, #0
 1230              		.cfi_def_cfa_register 7
 1231 0006 7860     		str	r0, [r7, #4]
 1232 0008 3960     		str	r1, [r7]
 401:../Firmware/GD32E23x_standard_peripheral/Source/gd32e23x_rcu.c ****     uint32_t ckout = 0U;
 1233              		.loc 1 401 14
 1234 000a 0023     		movs	r3, #0
 1235 000c FB60     		str	r3, [r7, #12]
 402:../Firmware/GD32E23x_standard_peripheral/Source/gd32e23x_rcu.c ****     ckout = RCU_CFG0;
 1236              		.loc 1 402 13
 1237 000e 41F20403 		movw	r3, #4100
 1238 0012 C4F20203 		movt	r3, 16386
 1239              		.loc 1 402 11
 1240 0016 1B68     		ldr	r3, [r3]
 1241 0018 FB60     		str	r3, [r7, #12]
 403:../Firmware/GD32E23x_standard_peripheral/Source/gd32e23x_rcu.c ****     /* reset the CKOUTSEL, CKOUTDIV and PLLDV bits and set according to ckout_src and ckout_div */
 404:../Firmware/GD32E23x_standard_peripheral/Source/gd32e23x_rcu.c ****     ckout &= ~(RCU_CFG0_CKOUTSEL | RCU_CFG0_CKOUTDIV | RCU_CFG0_PLLDV);
 1242              		.loc 1 404 11
 1243 001a FB68     		ldr	r3, [r7, #12]
 1244 001c 084A     		ldr	r2, .L43
 1245 001e 1340     		ands	r3, r2
 1246 0020 FB60     		str	r3, [r7, #12]
 405:../Firmware/GD32E23x_standard_peripheral/Source/gd32e23x_rcu.c ****     RCU_CFG0 = (ckout | ckout_src | ckout_div);
 1247              		.loc 1 405 23
 1248 0022 FA68     		ldr	r2, [r7, #12]
 1249 0024 7B68     		ldr	r3, [r7, #4]
 1250 0026 1A43     		orrs	r2, r3
 1251 0028 1100     		movs	r1, r2
 1252              		.loc 1 405 5
 1253 002a 41F20403 		movw	r3, #4100
 1254 002e C4F20203 		movt	r3, 16386
 1255              		.loc 1 405 35
 1256 0032 3A68     		ldr	r2, [r7]
 1257 0034 0A43     		orrs	r2, r1
 1258              		.loc 1 405 14
 1259 0036 1A60     		str	r2, [r3]
 406:../Firmware/GD32E23x_standard_peripheral/Source/gd32e23x_rcu.c **** }
 1260              		.loc 1 406 1
 1261 0038 C046     		nop
 1262 003a BD46     		mov	sp, r7
 1263 003c 04B0     		add	sp, sp, #16
 1264              		@ sp needed
 1265 003e 80BD     		pop	{r7, pc}
 1266              	.L44:
 1267              		.align	2
 1268              	.L43:
 1269 0040 FFFFFF08 		.word	150994943
 1270              		.cfi_endproc
 1271              	.LFE73:
 1273              		.section	.text.rcu_pll_config,"ax",%progbits
 1274              		.align	1
 1275              		.global	rcu_pll_config
 1276              		.syntax unified
 1277              		.code	16
 1278              		.thumb_func
 1279              		.fpu softvfp
 1281              	rcu_pll_config:
 1282              	.LFB74:
 407:../Firmware/GD32E23x_standard_peripheral/Source/gd32e23x_rcu.c **** 
 408:../Firmware/GD32E23x_standard_peripheral/Source/gd32e23x_rcu.c **** /*!
 409:../Firmware/GD32E23x_standard_peripheral/Source/gd32e23x_rcu.c ****     \brief      configure the PLL clock source selection and PLL multiply factor
 410:../Firmware/GD32E23x_standard_peripheral/Source/gd32e23x_rcu.c ****     \param[in]  pll_src: PLL clock source selection
 411:../Firmware/GD32E23x_standard_peripheral/Source/gd32e23x_rcu.c ****                 only one parameter can be selected which is shown as below:
 412:../Firmware/GD32E23x_standard_peripheral/Source/gd32e23x_rcu.c ****       \arg        RCU_PLLSRC_IRC8M_DIV2: select CK_IRC8M/2 as PLL source clock
 413:../Firmware/GD32E23x_standard_peripheral/Source/gd32e23x_rcu.c ****       \arg        RCU_PLLSRC_HXTAL: select HXTAL as PLL source clock
 414:../Firmware/GD32E23x_standard_peripheral/Source/gd32e23x_rcu.c ****     \param[in]  pll_mul: PLL multiply factor
 415:../Firmware/GD32E23x_standard_peripheral/Source/gd32e23x_rcu.c ****                 only one parameter can be selected which is shown as below:
 416:../Firmware/GD32E23x_standard_peripheral/Source/gd32e23x_rcu.c ****       \arg        RCU_PLL_MULx(x=2..32): PLL source clock * x
 417:../Firmware/GD32E23x_standard_peripheral/Source/gd32e23x_rcu.c ****     \param[out] none
 418:../Firmware/GD32E23x_standard_peripheral/Source/gd32e23x_rcu.c ****     \retval     none
 419:../Firmware/GD32E23x_standard_peripheral/Source/gd32e23x_rcu.c **** */
 420:../Firmware/GD32E23x_standard_peripheral/Source/gd32e23x_rcu.c **** void rcu_pll_config(uint32_t pll_src, uint32_t pll_mul)
 421:../Firmware/GD32E23x_standard_peripheral/Source/gd32e23x_rcu.c **** {
 1283              		.loc 1 421 1
 1284              		.cfi_startproc
 1285              		@ args = 0, pretend = 0, frame = 8
 1286              		@ frame_needed = 1, uses_anonymous_args = 0
 1287 0000 80B5     		push	{r7, lr}
 1288              		.cfi_def_cfa_offset 8
 1289              		.cfi_offset 7, -8
 1290              		.cfi_offset 14, -4
 1291 0002 82B0     		sub	sp, sp, #8
 1292              		.cfi_def_cfa_offset 16
 1293 0004 00AF     		add	r7, sp, #0
 1294              		.cfi_def_cfa_register 7
 1295 0006 7860     		str	r0, [r7, #4]
 1296 0008 3960     		str	r1, [r7]
 422:../Firmware/GD32E23x_standard_peripheral/Source/gd32e23x_rcu.c ****     RCU_CFG0 &= ~(RCU_CFG0_PLLSEL | RCU_CFG0_PLLMF);
 1297              		.loc 1 422 14
 1298 000a 41F20403 		movw	r3, #4100
 1299 000e C4F20203 		movt	r3, 16386
 1300 0012 1968     		ldr	r1, [r3]
 1301 0014 41F20403 		movw	r3, #4100
 1302 0018 C4F20203 		movt	r3, 16386
 1303 001c 4FF6FF72 		movw	r2, #65535
 1304 0020 CFF2C272 		movt	r2, 63426
 1305 0024 0A40     		ands	r2, r1
 1306 0026 1A60     		str	r2, [r3]
 423:../Firmware/GD32E23x_standard_peripheral/Source/gd32e23x_rcu.c ****     RCU_CFG0 |= (pll_src | pll_mul);
 1307              		.loc 1 423 14
 1308 0028 41F20403 		movw	r3, #4100
 1309 002c C4F20203 		movt	r3, 16386
 1310 0030 1968     		ldr	r1, [r3]
 1311              		.loc 1 423 26
 1312 0032 7A68     		ldr	r2, [r7, #4]
 1313 0034 3B68     		ldr	r3, [r7]
 1314 0036 1A43     		orrs	r2, r3
 1315              		.loc 1 423 14
 1316 0038 41F20403 		movw	r3, #4100
 1317 003c C4F20203 		movt	r3, 16386
 1318 0040 0A43     		orrs	r2, r1
 1319 0042 1A60     		str	r2, [r3]
 424:../Firmware/GD32E23x_standard_peripheral/Source/gd32e23x_rcu.c **** }
 1320              		.loc 1 424 1
 1321 0044 C046     		nop
 1322 0046 BD46     		mov	sp, r7
 1323 0048 02B0     		add	sp, sp, #8
 1324              		@ sp needed
 1325 004a 80BD     		pop	{r7, pc}
 1326              		.cfi_endproc
 1327              	.LFE74:
 1329              		.section	.text.rcu_usart_clock_config,"ax",%progbits
 1330              		.align	1
 1331              		.global	rcu_usart_clock_config
 1332              		.syntax unified
 1333              		.code	16
 1334              		.thumb_func
 1335              		.fpu softvfp
 1337              	rcu_usart_clock_config:
 1338              	.LFB75:
 425:../Firmware/GD32E23x_standard_peripheral/Source/gd32e23x_rcu.c **** 
 426:../Firmware/GD32E23x_standard_peripheral/Source/gd32e23x_rcu.c **** /*!
 427:../Firmware/GD32E23x_standard_peripheral/Source/gd32e23x_rcu.c ****     \brief      configure the USART clock source selection
 428:../Firmware/GD32E23x_standard_peripheral/Source/gd32e23x_rcu.c ****     \param[in]  ck_usart: USART clock source selection
 429:../Firmware/GD32E23x_standard_peripheral/Source/gd32e23x_rcu.c ****                 only one parameter can be selected which is shown as below:
 430:../Firmware/GD32E23x_standard_peripheral/Source/gd32e23x_rcu.c ****       \arg        RCU_USART0SRC_CKAPB2: CK_USART0 select CK_APB2
 431:../Firmware/GD32E23x_standard_peripheral/Source/gd32e23x_rcu.c ****       \arg        RCU_USART0SRC_CKSYS: CK_USART0 select CK_SYS
 432:../Firmware/GD32E23x_standard_peripheral/Source/gd32e23x_rcu.c ****       \arg        RCU_USART0SRC_LXTAL: CK_USART0 select CK_LXTAL
 433:../Firmware/GD32E23x_standard_peripheral/Source/gd32e23x_rcu.c ****       \arg        RCU_USART0SRC_IRC8M: CK_USART0 select CK_IRC8M
 434:../Firmware/GD32E23x_standard_peripheral/Source/gd32e23x_rcu.c ****     \param[out] none
 435:../Firmware/GD32E23x_standard_peripheral/Source/gd32e23x_rcu.c ****     \retval     none
 436:../Firmware/GD32E23x_standard_peripheral/Source/gd32e23x_rcu.c **** */
 437:../Firmware/GD32E23x_standard_peripheral/Source/gd32e23x_rcu.c **** void rcu_usart_clock_config(uint32_t ck_usart)
 438:../Firmware/GD32E23x_standard_peripheral/Source/gd32e23x_rcu.c **** {
 1339              		.loc 1 438 1
 1340              		.cfi_startproc
 1341              		@ args = 0, pretend = 0, frame = 8
 1342              		@ frame_needed = 1, uses_anonymous_args = 0
 1343 0000 80B5     		push	{r7, lr}
 1344              		.cfi_def_cfa_offset 8
 1345              		.cfi_offset 7, -8
 1346              		.cfi_offset 14, -4
 1347 0002 82B0     		sub	sp, sp, #8
 1348              		.cfi_def_cfa_offset 16
 1349 0004 00AF     		add	r7, sp, #0
 1350              		.cfi_def_cfa_register 7
 1351 0006 7860     		str	r0, [r7, #4]
 439:../Firmware/GD32E23x_standard_peripheral/Source/gd32e23x_rcu.c ****     /* reset the USART0SEL bits and set according to ck_usart */
 440:../Firmware/GD32E23x_standard_peripheral/Source/gd32e23x_rcu.c ****     RCU_CFG2 &= ~RCU_CFG2_USART0SEL;
 1352              		.loc 1 440 14
 1353 0008 41F23003 		movw	r3, #4144
 1354 000c C4F20203 		movt	r3, 16386
 1355 0010 1A68     		ldr	r2, [r3]
 1356 0012 41F23003 		movw	r3, #4144
 1357 0016 C4F20203 		movt	r3, 16386
 1358 001a 0321     		movs	r1, #3
 1359 001c 8A43     		bics	r2, r1
 1360 001e 1A60     		str	r2, [r3]
 441:../Firmware/GD32E23x_standard_peripheral/Source/gd32e23x_rcu.c ****     RCU_CFG2 |= ck_usart;
 1361              		.loc 1 441 14
 1362 0020 41F23003 		movw	r3, #4144
 1363 0024 C4F20203 		movt	r3, 16386
 1364 0028 1968     		ldr	r1, [r3]
 1365 002a 41F23003 		movw	r3, #4144
 1366 002e C4F20203 		movt	r3, 16386
 1367 0032 7A68     		ldr	r2, [r7, #4]
 1368 0034 0A43     		orrs	r2, r1
 1369 0036 1A60     		str	r2, [r3]
 442:../Firmware/GD32E23x_standard_peripheral/Source/gd32e23x_rcu.c **** }
 1370              		.loc 1 442 1
 1371 0038 C046     		nop
 1372 003a BD46     		mov	sp, r7
 1373 003c 02B0     		add	sp, sp, #8
 1374              		@ sp needed
 1375 003e 80BD     		pop	{r7, pc}
 1376              		.cfi_endproc
 1377              	.LFE75:
 1379              		.section	.text.rcu_rtc_clock_config,"ax",%progbits
 1380              		.align	1
 1381              		.global	rcu_rtc_clock_config
 1382              		.syntax unified
 1383              		.code	16
 1384              		.thumb_func
 1385              		.fpu softvfp
 1387              	rcu_rtc_clock_config:
 1388              	.LFB76:
 443:../Firmware/GD32E23x_standard_peripheral/Source/gd32e23x_rcu.c **** 
 444:../Firmware/GD32E23x_standard_peripheral/Source/gd32e23x_rcu.c **** /*!
 445:../Firmware/GD32E23x_standard_peripheral/Source/gd32e23x_rcu.c ****     \brief      configure the RTC clock source selection
 446:../Firmware/GD32E23x_standard_peripheral/Source/gd32e23x_rcu.c ****     \param[in]  rtc_clock_source: RTC clock source selection
 447:../Firmware/GD32E23x_standard_peripheral/Source/gd32e23x_rcu.c ****                 only one parameter can be selected which is shown as below:
 448:../Firmware/GD32E23x_standard_peripheral/Source/gd32e23x_rcu.c ****       \arg        RCU_RTCSRC_NONE: no clock selected
 449:../Firmware/GD32E23x_standard_peripheral/Source/gd32e23x_rcu.c ****       \arg        RCU_RTCSRC_LXTAL: CK_LXTAL selected as RTC source clock
 450:../Firmware/GD32E23x_standard_peripheral/Source/gd32e23x_rcu.c ****       \arg        RCU_RTCSRC_IRC40K: CK_IRC40K selected as RTC source clock
 451:../Firmware/GD32E23x_standard_peripheral/Source/gd32e23x_rcu.c ****       \arg        RCU_RTCSRC_HXTAL_DIV32: CK_HXTAL/32 selected as RTC source clock
 452:../Firmware/GD32E23x_standard_peripheral/Source/gd32e23x_rcu.c ****     \param[out] none
 453:../Firmware/GD32E23x_standard_peripheral/Source/gd32e23x_rcu.c ****     \retval     none
 454:../Firmware/GD32E23x_standard_peripheral/Source/gd32e23x_rcu.c **** */
 455:../Firmware/GD32E23x_standard_peripheral/Source/gd32e23x_rcu.c **** void rcu_rtc_clock_config(uint32_t rtc_clock_source)
 456:../Firmware/GD32E23x_standard_peripheral/Source/gd32e23x_rcu.c **** {
 1389              		.loc 1 456 1
 1390              		.cfi_startproc
 1391              		@ args = 0, pretend = 0, frame = 8
 1392              		@ frame_needed = 1, uses_anonymous_args = 0
 1393 0000 80B5     		push	{r7, lr}
 1394              		.cfi_def_cfa_offset 8
 1395              		.cfi_offset 7, -8
 1396              		.cfi_offset 14, -4
 1397 0002 82B0     		sub	sp, sp, #8
 1398              		.cfi_def_cfa_offset 16
 1399 0004 00AF     		add	r7, sp, #0
 1400              		.cfi_def_cfa_register 7
 1401 0006 7860     		str	r0, [r7, #4]
 457:../Firmware/GD32E23x_standard_peripheral/Source/gd32e23x_rcu.c ****     /* reset the RTCSRC bits and set according to rtc_clock_source */
 458:../Firmware/GD32E23x_standard_peripheral/Source/gd32e23x_rcu.c ****     RCU_BDCTL &= ~RCU_BDCTL_RTCSRC;
 1402              		.loc 1 458 15
 1403 0008 41F22003 		movw	r3, #4128
 1404 000c C4F20203 		movt	r3, 16386
 1405 0010 1A68     		ldr	r2, [r3]
 1406 0012 41F22003 		movw	r3, #4128
 1407 0016 C4F20203 		movt	r3, 16386
 1408 001a 0949     		ldr	r1, .L48
 1409 001c 0A40     		ands	r2, r1
 1410 001e 1A60     		str	r2, [r3]
 459:../Firmware/GD32E23x_standard_peripheral/Source/gd32e23x_rcu.c ****     RCU_BDCTL |= rtc_clock_source;
 1411              		.loc 1 459 15
 1412 0020 41F22003 		movw	r3, #4128
 1413 0024 C4F20203 		movt	r3, 16386
 1414 0028 1968     		ldr	r1, [r3]
 1415 002a 41F22003 		movw	r3, #4128
 1416 002e C4F20203 		movt	r3, 16386
 1417 0032 7A68     		ldr	r2, [r7, #4]
 1418 0034 0A43     		orrs	r2, r1
 1419 0036 1A60     		str	r2, [r3]
 460:../Firmware/GD32E23x_standard_peripheral/Source/gd32e23x_rcu.c **** }
 1420              		.loc 1 460 1
 1421 0038 C046     		nop
 1422 003a BD46     		mov	sp, r7
 1423 003c 02B0     		add	sp, sp, #8
 1424              		@ sp needed
 1425 003e 80BD     		pop	{r7, pc}
 1426              	.L49:
 1427              		.align	2
 1428              	.L48:
 1429 0040 FFFCFFFF 		.word	-769
 1430              		.cfi_endproc
 1431              	.LFE76:
 1433              		.section	.text.rcu_hxtal_prediv_config,"ax",%progbits
 1434              		.align	1
 1435              		.global	rcu_hxtal_prediv_config
 1436              		.syntax unified
 1437              		.code	16
 1438              		.thumb_func
 1439              		.fpu softvfp
 1441              	rcu_hxtal_prediv_config:
 1442              	.LFB77:
 461:../Firmware/GD32E23x_standard_peripheral/Source/gd32e23x_rcu.c **** 
 462:../Firmware/GD32E23x_standard_peripheral/Source/gd32e23x_rcu.c **** /*!
 463:../Firmware/GD32E23x_standard_peripheral/Source/gd32e23x_rcu.c ****     \brief      configure the HXTAL divider used as input of PLL
 464:../Firmware/GD32E23x_standard_peripheral/Source/gd32e23x_rcu.c ****     \param[in]  hxtal_prediv: HXTAL divider used as input of PLL
 465:../Firmware/GD32E23x_standard_peripheral/Source/gd32e23x_rcu.c ****                 only one parameter can be selected which is shown as below:
 466:../Firmware/GD32E23x_standard_peripheral/Source/gd32e23x_rcu.c ****       \arg        RCU_PLL_PREDVx(x=1..16): HXTAL divided x used as input of PLL
 467:../Firmware/GD32E23x_standard_peripheral/Source/gd32e23x_rcu.c ****     \param[out] none
 468:../Firmware/GD32E23x_standard_peripheral/Source/gd32e23x_rcu.c ****     \retval     none
 469:../Firmware/GD32E23x_standard_peripheral/Source/gd32e23x_rcu.c **** */
 470:../Firmware/GD32E23x_standard_peripheral/Source/gd32e23x_rcu.c **** void rcu_hxtal_prediv_config(uint32_t hxtal_prediv)
 471:../Firmware/GD32E23x_standard_peripheral/Source/gd32e23x_rcu.c **** {
 1443              		.loc 1 471 1
 1444              		.cfi_startproc
 1445              		@ args = 0, pretend = 0, frame = 16
 1446              		@ frame_needed = 1, uses_anonymous_args = 0
 1447 0000 80B5     		push	{r7, lr}
 1448              		.cfi_def_cfa_offset 8
 1449              		.cfi_offset 7, -8
 1450              		.cfi_offset 14, -4
 1451 0002 84B0     		sub	sp, sp, #16
 1452              		.cfi_def_cfa_offset 24
 1453 0004 00AF     		add	r7, sp, #0
 1454              		.cfi_def_cfa_register 7
 1455 0006 7860     		str	r0, [r7, #4]
 472:../Firmware/GD32E23x_standard_peripheral/Source/gd32e23x_rcu.c ****     uint32_t prediv = 0U;
 1456              		.loc 1 472 14
 1457 0008 0023     		movs	r3, #0
 1458 000a FB60     		str	r3, [r7, #12]
 473:../Firmware/GD32E23x_standard_peripheral/Source/gd32e23x_rcu.c ****     prediv = RCU_CFG1;
 1459              		.loc 1 473 14
 1460 000c 41F22C03 		movw	r3, #4140
 1461 0010 C4F20203 		movt	r3, 16386
 1462              		.loc 1 473 12
 1463 0014 1B68     		ldr	r3, [r3]
 1464 0016 FB60     		str	r3, [r7, #12]
 474:../Firmware/GD32E23x_standard_peripheral/Source/gd32e23x_rcu.c ****     /* reset the PREDV bits and set according to hxtal_prediv */
 475:../Firmware/GD32E23x_standard_peripheral/Source/gd32e23x_rcu.c ****     prediv &= ~RCU_CFG1_PREDV;
 1465              		.loc 1 475 12
 1466 0018 FB68     		ldr	r3, [r7, #12]
 1467 001a 0F22     		movs	r2, #15
 1468 001c 9343     		bics	r3, r2
 1469 001e FB60     		str	r3, [r7, #12]
 476:../Firmware/GD32E23x_standard_peripheral/Source/gd32e23x_rcu.c ****     RCU_CFG1 = (prediv | hxtal_prediv);
 1470              		.loc 1 476 5
 1471 0020 41F22C03 		movw	r3, #4140
 1472 0024 C4F20203 		movt	r3, 16386
 1473              		.loc 1 476 24
 1474 0028 F968     		ldr	r1, [r7, #12]
 1475 002a 7A68     		ldr	r2, [r7, #4]
 1476 002c 0A43     		orrs	r2, r1
 1477              		.loc 1 476 14
 1478 002e 1A60     		str	r2, [r3]
 477:../Firmware/GD32E23x_standard_peripheral/Source/gd32e23x_rcu.c **** }
 1479              		.loc 1 477 1
 1480 0030 C046     		nop
 1481 0032 BD46     		mov	sp, r7
 1482 0034 04B0     		add	sp, sp, #16
 1483              		@ sp needed
 1484 0036 80BD     		pop	{r7, pc}
 1485              		.cfi_endproc
 1486              	.LFE77:
 1488              		.section	.text.rcu_lxtal_drive_capability_config,"ax",%progbits
 1489              		.align	1
 1490              		.global	rcu_lxtal_drive_capability_config
 1491              		.syntax unified
 1492              		.code	16
 1493              		.thumb_func
 1494              		.fpu softvfp
 1496              	rcu_lxtal_drive_capability_config:
 1497              	.LFB78:
 478:../Firmware/GD32E23x_standard_peripheral/Source/gd32e23x_rcu.c **** 
 479:../Firmware/GD32E23x_standard_peripheral/Source/gd32e23x_rcu.c **** /*!
 480:../Firmware/GD32E23x_standard_peripheral/Source/gd32e23x_rcu.c ****     \brief      configure the LXTAL drive capability
 481:../Firmware/GD32E23x_standard_peripheral/Source/gd32e23x_rcu.c ****     \param[in]  lxtal_dricap: drive capability of LXTAL
 482:../Firmware/GD32E23x_standard_peripheral/Source/gd32e23x_rcu.c ****                 only one parameter can be selected which is shown as below:
 483:../Firmware/GD32E23x_standard_peripheral/Source/gd32e23x_rcu.c ****       \arg        RCU_LXTAL_LOWDRI: lower driving capability
 484:../Firmware/GD32E23x_standard_peripheral/Source/gd32e23x_rcu.c ****       \arg        RCU_LXTAL_MED_LOWDRI: medium low driving capability
 485:../Firmware/GD32E23x_standard_peripheral/Source/gd32e23x_rcu.c ****       \arg        RCU_LXTAL_MED_HIGHDRI: medium high driving capability
 486:../Firmware/GD32E23x_standard_peripheral/Source/gd32e23x_rcu.c ****       \arg        RCU_LXTAL_HIGHDRI: higher driving capability
 487:../Firmware/GD32E23x_standard_peripheral/Source/gd32e23x_rcu.c ****     \param[out] none
 488:../Firmware/GD32E23x_standard_peripheral/Source/gd32e23x_rcu.c ****     \retval     none
 489:../Firmware/GD32E23x_standard_peripheral/Source/gd32e23x_rcu.c **** */
 490:../Firmware/GD32E23x_standard_peripheral/Source/gd32e23x_rcu.c **** void rcu_lxtal_drive_capability_config(uint32_t lxtal_dricap)
 491:../Firmware/GD32E23x_standard_peripheral/Source/gd32e23x_rcu.c **** {
 1498              		.loc 1 491 1
 1499              		.cfi_startproc
 1500              		@ args = 0, pretend = 0, frame = 8
 1501              		@ frame_needed = 1, uses_anonymous_args = 0
 1502 0000 80B5     		push	{r7, lr}
 1503              		.cfi_def_cfa_offset 8
 1504              		.cfi_offset 7, -8
 1505              		.cfi_offset 14, -4
 1506 0002 82B0     		sub	sp, sp, #8
 1507              		.cfi_def_cfa_offset 16
 1508 0004 00AF     		add	r7, sp, #0
 1509              		.cfi_def_cfa_register 7
 1510 0006 7860     		str	r0, [r7, #4]
 492:../Firmware/GD32E23x_standard_peripheral/Source/gd32e23x_rcu.c ****     /* reset the LXTALDRI bits and set according to lxtal_dricap */
 493:../Firmware/GD32E23x_standard_peripheral/Source/gd32e23x_rcu.c ****     RCU_BDCTL &= ~RCU_BDCTL_LXTALDRI;
 1511              		.loc 1 493 15
 1512 0008 41F22003 		movw	r3, #4128
 1513 000c C4F20203 		movt	r3, 16386
 1514 0010 1A68     		ldr	r2, [r3]
 1515 0012 41F22003 		movw	r3, #4128
 1516 0016 C4F20203 		movt	r3, 16386
 1517 001a 1821     		movs	r1, #24
 1518 001c 8A43     		bics	r2, r1
 1519 001e 1A60     		str	r2, [r3]
 494:../Firmware/GD32E23x_standard_peripheral/Source/gd32e23x_rcu.c ****     RCU_BDCTL |= lxtal_dricap;
 1520              		.loc 1 494 15
 1521 0020 41F22003 		movw	r3, #4128
 1522 0024 C4F20203 		movt	r3, 16386
 1523 0028 1968     		ldr	r1, [r3]
 1524 002a 41F22003 		movw	r3, #4128
 1525 002e C4F20203 		movt	r3, 16386
 1526 0032 7A68     		ldr	r2, [r7, #4]
 1527 0034 0A43     		orrs	r2, r1
 1528 0036 1A60     		str	r2, [r3]
 495:../Firmware/GD32E23x_standard_peripheral/Source/gd32e23x_rcu.c **** }
 1529              		.loc 1 495 1
 1530 0038 C046     		nop
 1531 003a BD46     		mov	sp, r7
 1532 003c 02B0     		add	sp, sp, #8
 1533              		@ sp needed
 1534 003e 80BD     		pop	{r7, pc}
 1535              		.cfi_endproc
 1536              	.LFE78:
 1538              		.section	.text.rcu_osci_stab_wait,"ax",%progbits
 1539              		.align	1
 1540              		.global	rcu_osci_stab_wait
 1541              		.syntax unified
 1542              		.code	16
 1543              		.thumb_func
 1544              		.fpu softvfp
 1546              	rcu_osci_stab_wait:
 1547              	.LFB79:
 496:../Firmware/GD32E23x_standard_peripheral/Source/gd32e23x_rcu.c **** 
 497:../Firmware/GD32E23x_standard_peripheral/Source/gd32e23x_rcu.c **** /*!
 498:../Firmware/GD32E23x_standard_peripheral/Source/gd32e23x_rcu.c ****     \brief      wait until oscillator stabilization flags is SET
 499:../Firmware/GD32E23x_standard_peripheral/Source/gd32e23x_rcu.c ****     \param[in]  osci: oscillator types, refer to rcu_osci_type_enum
 500:../Firmware/GD32E23x_standard_peripheral/Source/gd32e23x_rcu.c ****                 only one parameter can be selected which is shown as below:
 501:../Firmware/GD32E23x_standard_peripheral/Source/gd32e23x_rcu.c ****       \arg        RCU_HXTAL: HXTAL
 502:../Firmware/GD32E23x_standard_peripheral/Source/gd32e23x_rcu.c ****       \arg        RCU_LXTAL: LXTAL
 503:../Firmware/GD32E23x_standard_peripheral/Source/gd32e23x_rcu.c ****       \arg        RCU_IRC8M: IRC8M
 504:../Firmware/GD32E23x_standard_peripheral/Source/gd32e23x_rcu.c ****       \arg        RCU_IRC28M: IRC28M
 505:../Firmware/GD32E23x_standard_peripheral/Source/gd32e23x_rcu.c ****       \arg        RCU_IRC40K: IRC40K
 506:../Firmware/GD32E23x_standard_peripheral/Source/gd32e23x_rcu.c ****       \arg        RCU_PLL_CK: PLL
 507:../Firmware/GD32E23x_standard_peripheral/Source/gd32e23x_rcu.c ****     \param[out] none
 508:../Firmware/GD32E23x_standard_peripheral/Source/gd32e23x_rcu.c ****     \retval     ErrStatus: SUCCESS or ERROR
 509:../Firmware/GD32E23x_standard_peripheral/Source/gd32e23x_rcu.c ****     \note       This function includes timeout exit scenarios.
 510:../Firmware/GD32E23x_standard_peripheral/Source/gd32e23x_rcu.c ****                 Modify according to the use's actual usage scenarios.
 511:../Firmware/GD32E23x_standard_peripheral/Source/gd32e23x_rcu.c **** */
 512:../Firmware/GD32E23x_standard_peripheral/Source/gd32e23x_rcu.c **** ErrStatus rcu_osci_stab_wait(rcu_osci_type_enum osci)
 513:../Firmware/GD32E23x_standard_peripheral/Source/gd32e23x_rcu.c **** {
 1548              		.loc 1 513 1
 1549              		.cfi_startproc
 1550              		@ args = 0, pretend = 0, frame = 16
 1551              		@ frame_needed = 1, uses_anonymous_args = 0
 1552 0000 90B5     		push	{r4, r7, lr}
 1553              		.cfi_def_cfa_offset 12
 1554              		.cfi_offset 4, -12
 1555              		.cfi_offset 7, -8
 1556              		.cfi_offset 14, -4
 1557 0002 85B0     		sub	sp, sp, #20
 1558              		.cfi_def_cfa_offset 32
 1559 0004 00AF     		add	r7, sp, #0
 1560              		.cfi_def_cfa_register 7
 1561 0006 0200     		movs	r2, r0
 1562 0008 BB1D     		adds	r3, r7, #6
 1563 000a 1A80     		strh	r2, [r3]
 514:../Firmware/GD32E23x_standard_peripheral/Source/gd32e23x_rcu.c ****     uint32_t stb_cnt = 0U;
 1564              		.loc 1 514 14
 1565 000c 0023     		movs	r3, #0
 1566 000e FB60     		str	r3, [r7, #12]
 515:../Firmware/GD32E23x_standard_peripheral/Source/gd32e23x_rcu.c ****     ErrStatus reval = ERROR;
 1567              		.loc 1 515 15
 1568 0010 0B23     		movs	r3, #11
 1569 0012 FB18     		adds	r3, r7, r3
 1570 0014 0022     		movs	r2, #0
 1571 0016 1A70     		strb	r2, [r3]
 516:../Firmware/GD32E23x_standard_peripheral/Source/gd32e23x_rcu.c ****     FlagStatus osci_stat = RESET;
 1572              		.loc 1 516 16
 1573 0018 0A23     		movs	r3, #10
 1574 001a FB18     		adds	r3, r7, r3
 1575 001c 0022     		movs	r2, #0
 1576 001e 1A70     		strb	r2, [r3]
 517:../Firmware/GD32E23x_standard_peripheral/Source/gd32e23x_rcu.c ****     switch(osci) {
 1577              		.loc 1 517 5
 1578 0020 BB1D     		adds	r3, r7, #6
 1579 0022 1B88     		ldrh	r3, [r3]
 1580 0024 40F60052 		movw	r2, #3328
 1581 0028 9342     		cmp	r3, r2
 1582 002a 00D1     		bne	.LCB1274
 1583 002c 8BE0     		b	.L72	@long jump
 1584              	.LCB1274:
 1585 002e 40F60052 		movw	r2, #3328
 1586 0032 9342     		cmp	r3, r2
 1587 0034 00DD     		ble	.LCB1277
 1588 0036 DDE0     		b	.L85	@long jump
 1589              	.LCB1277:
 1590 0038 40F60012 		movw	r2, #2304
 1591 003c 9342     		cmp	r3, r2
 1592 003e 00D1     		bne	.LCB1280
 1593 0040 A3E0     		b	.L76	@long jump
 1594              	.LCB1280:
 1595 0042 40F60012 		movw	r2, #2304
 1596 0046 9342     		cmp	r3, r2
 1597 0048 00DD     		ble	.LCB1283
 1598 004a D3E0     		b	.L85	@long jump
 1599              	.LCB1283:
 1600 004c 40F60002 		movw	r2, #2048
 1601 0050 9342     		cmp	r3, r2
 1602 0052 39D0     		beq	.L64
 1603 0054 40F60002 		movw	r2, #2048
 1604 0058 9342     		cmp	r3, r2
 1605 005a 00DD     		ble	.LCB1289
 1606 005c CAE0     		b	.L85	@long jump
 1607              	.LCB1289:
 1608 005e 182B     		cmp	r3, #24
 1609 0060 00D1     		bne	.LCB1291
 1610 0062 B2E0     		b	.L80	@long jump
 1611              	.LCB1291:
 1612 0064 00DD     		ble	.LCB1293
 1613 0066 C5E0     		b	.L85	@long jump
 1614              	.LCB1293:
 1615 0068 002B     		cmp	r3, #0
 1616 006a 4CD0     		beq	.L68
 1617 006c 102B     		cmp	r3, #16
 1618 006e 00D0     		beq	.LCB1297
 1619 0070 C0E0     		b	.L85	@long jump
 1620              	.LCB1297:
 518:../Firmware/GD32E23x_standard_peripheral/Source/gd32e23x_rcu.c ****     case RCU_HXTAL:
 519:../Firmware/GD32E23x_standard_peripheral/Source/gd32e23x_rcu.c ****         /* wait until HXTAL is stabilization and osci_stat is not more than timeout */
 520:../Firmware/GD32E23x_standard_peripheral/Source/gd32e23x_rcu.c ****         while((RESET == osci_stat) && (HXTAL_STARTUP_TIMEOUT != stb_cnt)) {
 1621              		.loc 1 520 14
 1622 0072 09E0     		b	.L59
 1623              	.L61:
 521:../Firmware/GD32E23x_standard_peripheral/Source/gd32e23x_rcu.c ****             osci_stat = rcu_flag_get(RCU_FLAG_HXTALSTB);
 1624              		.loc 1 521 25
 1625 0074 0A23     		movs	r3, #10
 1626 0076 FC18     		adds	r4, r7, r3
 1627 0078 1120     		movs	r0, #17
 1628 007a FFF7FEFF 		bl	rcu_flag_get
 1629 007e 0300     		movs	r3, r0
 1630 0080 2370     		strb	r3, [r4]
 522:../Firmware/GD32E23x_standard_peripheral/Source/gd32e23x_rcu.c ****             stb_cnt++;
 1631              		.loc 1 522 20
 1632 0082 FB68     		ldr	r3, [r7, #12]
 1633 0084 0133     		adds	r3, r3, #1
 1634 0086 FB60     		str	r3, [r7, #12]
 1635              	.L59:
 520:../Firmware/GD32E23x_standard_peripheral/Source/gd32e23x_rcu.c ****             osci_stat = rcu_flag_get(RCU_FLAG_HXTALSTB);
 1636              		.loc 1 520 14
 1637 0088 0A23     		movs	r3, #10
 1638 008a FB18     		adds	r3, r7, r3
 1639 008c 1B78     		ldrb	r3, [r3]
 1640 008e 23B9     		cbnz	r3, .L60
 520:../Firmware/GD32E23x_standard_peripheral/Source/gd32e23x_rcu.c ****             osci_stat = rcu_flag_get(RCU_FLAG_HXTALSTB);
 1641              		.loc 1 520 36 discriminator 1
 1642 0090 FB68     		ldr	r3, [r7, #12]
 1643 0092 4FF6FF72 		movw	r2, #65535
 1644 0096 9342     		cmp	r3, r2
 1645 0098 ECD1     		bne	.L61
 1646              	.L60:
 523:../Firmware/GD32E23x_standard_peripheral/Source/gd32e23x_rcu.c ****         }
 524:../Firmware/GD32E23x_standard_peripheral/Source/gd32e23x_rcu.c ****         /* check whether flag is set or not */
 525:../Firmware/GD32E23x_standard_peripheral/Source/gd32e23x_rcu.c ****         if(RESET != rcu_flag_get(RCU_FLAG_HXTALSTB)) {
 1647              		.loc 1 525 21
 1648 009a 1120     		movs	r0, #17
 1649 009c FFF7FEFF 		bl	rcu_flag_get
 1650 00a0 0300     		movs	r3, r0
 1651              		.loc 1 525 11
 1652 00a2 002B     		cmp	r3, #0
 1653 00a4 00D1A7E0 		bne	.LCB1327;b	.L86	@long jump
 1654              	.LCB1327:
 526:../Firmware/GD32E23x_standard_peripheral/Source/gd32e23x_rcu.c ****             reval = SUCCESS;
 1655              		.loc 1 526 19
 1656 00a8 0B23     		movs	r3, #11
 1657 00aa FB18     		adds	r3, r7, r3
 1658 00ac 0122     		movs	r2, #1
 1659 00ae 1A70     		strb	r2, [r3]
 527:../Firmware/GD32E23x_standard_peripheral/Source/gd32e23x_rcu.c ****         }
 528:../Firmware/GD32E23x_standard_peripheral/Source/gd32e23x_rcu.c ****         break;
 1660              		.loc 1 528 9
 1661 00b0 A2E0     		b	.L86
 1662              	.L66:
 529:../Firmware/GD32E23x_standard_peripheral/Source/gd32e23x_rcu.c **** 
 530:../Firmware/GD32E23x_standard_peripheral/Source/gd32e23x_rcu.c ****     /* wait LXTAL stable */
 531:../Firmware/GD32E23x_standard_peripheral/Source/gd32e23x_rcu.c ****     case RCU_LXTAL:
 532:../Firmware/GD32E23x_standard_peripheral/Source/gd32e23x_rcu.c ****         while((RESET == osci_stat) && (LXTAL_STARTUP_TIMEOUT != stb_cnt)) {
 533:../Firmware/GD32E23x_standard_peripheral/Source/gd32e23x_rcu.c ****             osci_stat = rcu_flag_get(RCU_FLAG_LXTALSTB);
 1663              		.loc 1 533 25
 1664 00b2 0A23     		movs	r3, #10
 1665 00b4 FC18     		adds	r4, r7, r3
 1666 00b6 40F60100 		movw	r0, #2049
 1667 00ba FFF7FEFF 		bl	rcu_flag_get
 1668 00be 0300     		movs	r3, r0
 1669 00c0 2370     		strb	r3, [r4]
 534:../Firmware/GD32E23x_standard_peripheral/Source/gd32e23x_rcu.c ****             stb_cnt++;
 1670              		.loc 1 534 20
 1671 00c2 FB68     		ldr	r3, [r7, #12]
 1672 00c4 0133     		adds	r3, r3, #1
 1673 00c6 FB60     		str	r3, [r7, #12]
 1674              	.L64:
 532:../Firmware/GD32E23x_standard_peripheral/Source/gd32e23x_rcu.c ****             osci_stat = rcu_flag_get(RCU_FLAG_LXTALSTB);
 1675              		.loc 1 532 14
 1676 00c8 0A23     		movs	r3, #10
 1677 00ca FB18     		adds	r3, r7, r3
 1678 00cc 1B78     		ldrb	r3, [r3]
 1679 00ce 1BB9     		cbnz	r3, .L65
 532:../Firmware/GD32E23x_standard_peripheral/Source/gd32e23x_rcu.c ****             osci_stat = rcu_flag_get(RCU_FLAG_LXTALSTB);
 1680              		.loc 1 532 36 discriminator 1
 1681 00d0 FB68     		ldr	r3, [r7, #12]
 1682 00d2 524A     		ldr	r2, .L92
 1683 00d4 9342     		cmp	r3, r2
 1684 00d6 ECD1     		bne	.L66
 1685              	.L65:
 535:../Firmware/GD32E23x_standard_peripheral/Source/gd32e23x_rcu.c ****         }
 536:../Firmware/GD32E23x_standard_peripheral/Source/gd32e23x_rcu.c ****         /* check whether flag is set or not */
 537:../Firmware/GD32E23x_standard_peripheral/Source/gd32e23x_rcu.c ****         if(RESET != rcu_flag_get(RCU_FLAG_LXTALSTB)) {
 1686              		.loc 1 537 21
 1687 00d8 40F60100 		movw	r0, #2049
 1688 00dc FFF7FEFF 		bl	rcu_flag_get
 1689 00e0 0300     		movs	r3, r0
 1690              		.loc 1 537 11
 1691 00e2 002B     		cmp	r3, #0
 1692 00e4 00D189E0 		bne	.LCB1361;b	.L87	@long jump
 1693              	.LCB1361:
 538:../Firmware/GD32E23x_standard_peripheral/Source/gd32e23x_rcu.c ****             reval = SUCCESS;
 1694              		.loc 1 538 19
 1695 00e8 0B23     		movs	r3, #11
 1696 00ea FB18     		adds	r3, r7, r3
 1697 00ec 0122     		movs	r2, #1
 1698 00ee 1A70     		strb	r2, [r3]
 539:../Firmware/GD32E23x_standard_peripheral/Source/gd32e23x_rcu.c ****         }
 540:../Firmware/GD32E23x_standard_peripheral/Source/gd32e23x_rcu.c ****         break;
 1699              		.loc 1 540 9
 1700 00f0 84E0     		b	.L87
 1701              	.L70:
 541:../Firmware/GD32E23x_standard_peripheral/Source/gd32e23x_rcu.c **** 
 542:../Firmware/GD32E23x_standard_peripheral/Source/gd32e23x_rcu.c ****     /* wait IRC8M stable */
 543:../Firmware/GD32E23x_standard_peripheral/Source/gd32e23x_rcu.c ****     case RCU_IRC8M:
 544:../Firmware/GD32E23x_standard_peripheral/Source/gd32e23x_rcu.c ****         while((RESET == osci_stat) && (IRC8M_STARTUP_TIMEOUT != stb_cnt)) {
 545:../Firmware/GD32E23x_standard_peripheral/Source/gd32e23x_rcu.c ****             osci_stat = rcu_flag_get(RCU_FLAG_IRC8MSTB);
 1702              		.loc 1 545 25
 1703 00f2 0A23     		movs	r3, #10
 1704 00f4 FC18     		adds	r4, r7, r3
 1705 00f6 0120     		movs	r0, #1
 1706 00f8 FFF7FEFF 		bl	rcu_flag_get
 1707 00fc 0300     		movs	r3, r0
 1708 00fe 2370     		strb	r3, [r4]
 546:../Firmware/GD32E23x_standard_peripheral/Source/gd32e23x_rcu.c ****             stb_cnt++;
 1709              		.loc 1 546 20
 1710 0100 FB68     		ldr	r3, [r7, #12]
 1711 0102 0133     		adds	r3, r3, #1
 1712 0104 FB60     		str	r3, [r7, #12]
 1713              	.L68:
 544:../Firmware/GD32E23x_standard_peripheral/Source/gd32e23x_rcu.c ****             osci_stat = rcu_flag_get(RCU_FLAG_IRC8MSTB);
 1714              		.loc 1 544 14
 1715 0106 0A23     		movs	r3, #10
 1716 0108 FB18     		adds	r3, r7, r3
 1717 010a 1B78     		ldrb	r3, [r3]
 1718 010c 23B9     		cbnz	r3, .L69
 544:../Firmware/GD32E23x_standard_peripheral/Source/gd32e23x_rcu.c ****             osci_stat = rcu_flag_get(RCU_FLAG_IRC8MSTB);
 1719              		.loc 1 544 36 discriminator 1
 1720 010e FB68     		ldr	r3, [r7, #12]
 1721 0110 40F20052 		movw	r2, #1280
 1722 0114 9342     		cmp	r3, r2
 1723 0116 ECD1     		bne	.L70
 1724              	.L69:
 547:../Firmware/GD32E23x_standard_peripheral/Source/gd32e23x_rcu.c ****         }
 548:../Firmware/GD32E23x_standard_peripheral/Source/gd32e23x_rcu.c ****         /* check whether flag is set or not */
 549:../Firmware/GD32E23x_standard_peripheral/Source/gd32e23x_rcu.c ****         if(RESET != rcu_flag_get(RCU_FLAG_IRC8MSTB)) {
 1725              		.loc 1 549 21
 1726 0118 0120     		movs	r0, #1
 1727 011a FFF7FEFF 		bl	rcu_flag_get
 1728 011e 0300     		movs	r3, r0
 1729              		.loc 1 549 11
 1730 0120 002B     		cmp	r3, #0
 1731 0122 00D16CE0 		bne	.LCB1395;b	.L88	@long jump
 1732              	.LCB1395:
 550:../Firmware/GD32E23x_standard_peripheral/Source/gd32e23x_rcu.c ****             reval = SUCCESS;
 1733              		.loc 1 550 19
 1734 0126 0B23     		movs	r3, #11
 1735 0128 FB18     		adds	r3, r7, r3
 1736 012a 0122     		movs	r2, #1
 1737 012c 1A70     		strb	r2, [r3]
 551:../Firmware/GD32E23x_standard_peripheral/Source/gd32e23x_rcu.c ****         }
 552:../Firmware/GD32E23x_standard_peripheral/Source/gd32e23x_rcu.c ****         break;
 1738              		.loc 1 552 9
 1739 012e 67E0     		b	.L88
 1740              	.L74:
 553:../Firmware/GD32E23x_standard_peripheral/Source/gd32e23x_rcu.c **** 
 554:../Firmware/GD32E23x_standard_peripheral/Source/gd32e23x_rcu.c ****     /* wait IRC28M stable */
 555:../Firmware/GD32E23x_standard_peripheral/Source/gd32e23x_rcu.c ****     case RCU_IRC28M:
 556:../Firmware/GD32E23x_standard_peripheral/Source/gd32e23x_rcu.c ****         while((RESET == osci_stat) && (OSC_STARTUP_TIMEOUT != stb_cnt)) {
 557:../Firmware/GD32E23x_standard_peripheral/Source/gd32e23x_rcu.c ****             osci_stat = rcu_flag_get(RCU_FLAG_IRC28MSTB);
 1741              		.loc 1 557 25
 1742 0130 0A23     		movs	r3, #10
 1743 0132 FC18     		adds	r4, r7, r3
 1744 0134 40F60150 		movw	r0, #3329
 1745 0138 FFF7FEFF 		bl	rcu_flag_get
 1746 013c 0300     		movs	r3, r0
 1747 013e 2370     		strb	r3, [r4]
 558:../Firmware/GD32E23x_standard_peripheral/Source/gd32e23x_rcu.c ****             stb_cnt++;
 1748              		.loc 1 558 20
 1749 0140 FB68     		ldr	r3, [r7, #12]
 1750 0142 0133     		adds	r3, r3, #1
 1751 0144 FB60     		str	r3, [r7, #12]
 1752              	.L72:
 556:../Firmware/GD32E23x_standard_peripheral/Source/gd32e23x_rcu.c ****             osci_stat = rcu_flag_get(RCU_FLAG_IRC28MSTB);
 1753              		.loc 1 556 14
 1754 0146 0A23     		movs	r3, #10
 1755 0148 FB18     		adds	r3, r7, r3
 1756 014a 1B78     		ldrb	r3, [r3]
 1757 014c 33B9     		cbnz	r3, .L73
 556:../Firmware/GD32E23x_standard_peripheral/Source/gd32e23x_rcu.c ****             osci_stat = rcu_flag_get(RCU_FLAG_IRC28MSTB);
 1758              		.loc 1 556 36 discriminator 1
 1759 014e FA68     		ldr	r2, [r7, #12]
 1760 0150 4FF6FF73 		movw	r3, #65535
 1761 0154 C0F20F03 		movt	r3, 15
 1762 0158 9A42     		cmp	r2, r3
 1763 015a E9D1     		bne	.L74
 1764              	.L73:
 559:../Firmware/GD32E23x_standard_peripheral/Source/gd32e23x_rcu.c ****         }
 560:../Firmware/GD32E23x_standard_peripheral/Source/gd32e23x_rcu.c ****         /* check whether flag is set or not */
 561:../Firmware/GD32E23x_standard_peripheral/Source/gd32e23x_rcu.c ****         if(RESET != rcu_flag_get(RCU_FLAG_IRC28MSTB)) {
 1765              		.loc 1 561 21
 1766 015c 40F60150 		movw	r0, #3329
 1767 0160 FFF7FEFF 		bl	rcu_flag_get
 1768 0164 0300     		movs	r3, r0
 1769              		.loc 1 561 11
 1770 0166 002B     		cmp	r3, #0
 1771 0168 4CD0     		beq	.L89
 562:../Firmware/GD32E23x_standard_peripheral/Source/gd32e23x_rcu.c ****             reval = SUCCESS;
 1772              		.loc 1 562 19
 1773 016a 0B23     		movs	r3, #11
 1774 016c FB18     		adds	r3, r7, r3
 1775 016e 0122     		movs	r2, #1
 1776 0170 1A70     		strb	r2, [r3]
 563:../Firmware/GD32E23x_standard_peripheral/Source/gd32e23x_rcu.c ****         }
 564:../Firmware/GD32E23x_standard_peripheral/Source/gd32e23x_rcu.c ****         break;
 1777              		.loc 1 564 9
 1778 0172 47E0     		b	.L89
 1779              	.L78:
 565:../Firmware/GD32E23x_standard_peripheral/Source/gd32e23x_rcu.c **** 
 566:../Firmware/GD32E23x_standard_peripheral/Source/gd32e23x_rcu.c ****     /* wait IRC40K stable */
 567:../Firmware/GD32E23x_standard_peripheral/Source/gd32e23x_rcu.c ****     case RCU_IRC40K:
 568:../Firmware/GD32E23x_standard_peripheral/Source/gd32e23x_rcu.c ****         while((RESET == osci_stat) && (OSC_STARTUP_TIMEOUT != stb_cnt)) {
 569:../Firmware/GD32E23x_standard_peripheral/Source/gd32e23x_rcu.c ****             osci_stat = rcu_flag_get(RCU_FLAG_IRC40KSTB);
 1780              		.loc 1 569 25
 1781 0174 0A23     		movs	r3, #10
 1782 0176 FC18     		adds	r4, r7, r3
 1783 0178 40F60110 		movw	r0, #2305
 1784 017c FFF7FEFF 		bl	rcu_flag_get
 1785 0180 0300     		movs	r3, r0
 1786 0182 2370     		strb	r3, [r4]
 570:../Firmware/GD32E23x_standard_peripheral/Source/gd32e23x_rcu.c ****             stb_cnt++;
 1787              		.loc 1 570 20
 1788 0184 FB68     		ldr	r3, [r7, #12]
 1789 0186 0133     		adds	r3, r3, #1
 1790 0188 FB60     		str	r3, [r7, #12]
 1791              	.L76:
 568:../Firmware/GD32E23x_standard_peripheral/Source/gd32e23x_rcu.c ****             osci_stat = rcu_flag_get(RCU_FLAG_IRC40KSTB);
 1792              		.loc 1 568 14
 1793 018a 0A23     		movs	r3, #10
 1794 018c FB18     		adds	r3, r7, r3
 1795 018e 1B78     		ldrb	r3, [r3]
 1796 0190 33B9     		cbnz	r3, .L77
 568:../Firmware/GD32E23x_standard_peripheral/Source/gd32e23x_rcu.c ****             osci_stat = rcu_flag_get(RCU_FLAG_IRC40KSTB);
 1797              		.loc 1 568 36 discriminator 1
 1798 0192 FA68     		ldr	r2, [r7, #12]
 1799 0194 4FF6FF73 		movw	r3, #65535
 1800 0198 C0F20F03 		movt	r3, 15
 1801 019c 9A42     		cmp	r2, r3
 1802 019e E9D1     		bne	.L78
 1803              	.L77:
 571:../Firmware/GD32E23x_standard_peripheral/Source/gd32e23x_rcu.c ****         }
 572:../Firmware/GD32E23x_standard_peripheral/Source/gd32e23x_rcu.c ****         /* check whether flag is set or not */
 573:../Firmware/GD32E23x_standard_peripheral/Source/gd32e23x_rcu.c ****         if(RESET != rcu_flag_get(RCU_FLAG_IRC40KSTB)) {
 1804              		.loc 1 573 21
 1805 01a0 40F60110 		movw	r0, #2305
 1806 01a4 FFF7FEFF 		bl	rcu_flag_get
 1807 01a8 0300     		movs	r3, r0
 1808              		.loc 1 573 11
 1809 01aa 6BB3     		cbz	r3, .L90
 574:../Firmware/GD32E23x_standard_peripheral/Source/gd32e23x_rcu.c ****             reval = SUCCESS;
 1810              		.loc 1 574 19
 1811 01ac 0B23     		movs	r3, #11
 1812 01ae FB18     		adds	r3, r7, r3
 1813 01b0 0122     		movs	r2, #1
 1814 01b2 1A70     		strb	r2, [r3]
 575:../Firmware/GD32E23x_standard_peripheral/Source/gd32e23x_rcu.c ****         }
 576:../Firmware/GD32E23x_standard_peripheral/Source/gd32e23x_rcu.c ****         break;
 1815              		.loc 1 576 9
 1816 01b4 28E0     		b	.L90
 1817              	.L82:
 577:../Firmware/GD32E23x_standard_peripheral/Source/gd32e23x_rcu.c **** 
 578:../Firmware/GD32E23x_standard_peripheral/Source/gd32e23x_rcu.c ****     /* wait PLL stable */
 579:../Firmware/GD32E23x_standard_peripheral/Source/gd32e23x_rcu.c ****     case RCU_PLL_CK:
 580:../Firmware/GD32E23x_standard_peripheral/Source/gd32e23x_rcu.c ****         while((RESET == osci_stat) && (OSC_STARTUP_TIMEOUT != stb_cnt)) {
 581:../Firmware/GD32E23x_standard_peripheral/Source/gd32e23x_rcu.c ****             osci_stat = rcu_flag_get(RCU_FLAG_PLLSTB);
 1818              		.loc 1 581 25
 1819 01b6 0A23     		movs	r3, #10
 1820 01b8 FC18     		adds	r4, r7, r3
 1821 01ba 1920     		movs	r0, #25
 1822 01bc FFF7FEFF 		bl	rcu_flag_get
 1823 01c0 0300     		movs	r3, r0
 1824 01c2 2370     		strb	r3, [r4]
 582:../Firmware/GD32E23x_standard_peripheral/Source/gd32e23x_rcu.c ****             stb_cnt++;
 1825              		.loc 1 582 20
 1826 01c4 FB68     		ldr	r3, [r7, #12]
 1827 01c6 0133     		adds	r3, r3, #1
 1828 01c8 FB60     		str	r3, [r7, #12]
 1829              	.L80:
 580:../Firmware/GD32E23x_standard_peripheral/Source/gd32e23x_rcu.c ****             osci_stat = rcu_flag_get(RCU_FLAG_PLLSTB);
 1830              		.loc 1 580 14
 1831 01ca 0A23     		movs	r3, #10
 1832 01cc FB18     		adds	r3, r7, r3
 1833 01ce 1B78     		ldrb	r3, [r3]
 1834 01d0 33B9     		cbnz	r3, .L81
 580:../Firmware/GD32E23x_standard_peripheral/Source/gd32e23x_rcu.c ****             osci_stat = rcu_flag_get(RCU_FLAG_PLLSTB);
 1835              		.loc 1 580 36 discriminator 1
 1836 01d2 FA68     		ldr	r2, [r7, #12]
 1837 01d4 4FF6FF73 		movw	r3, #65535
 1838 01d8 C0F20F03 		movt	r3, 15
 1839 01dc 9A42     		cmp	r2, r3
 1840 01de EAD1     		bne	.L82
 1841              	.L81:
 583:../Firmware/GD32E23x_standard_peripheral/Source/gd32e23x_rcu.c ****         }
 584:../Firmware/GD32E23x_standard_peripheral/Source/gd32e23x_rcu.c ****         /* check whether flag is set or not */
 585:../Firmware/GD32E23x_standard_peripheral/Source/gd32e23x_rcu.c ****         if(RESET != rcu_flag_get(RCU_FLAG_PLLSTB)) {
 1842              		.loc 1 585 21
 1843 01e0 1920     		movs	r0, #25
 1844 01e2 FFF7FEFF 		bl	rcu_flag_get
 1845 01e6 0300     		movs	r3, r0
 1846              		.loc 1 585 11
 1847 01e8 83B1     		cbz	r3, .L91
 586:../Firmware/GD32E23x_standard_peripheral/Source/gd32e23x_rcu.c ****             reval = SUCCESS;
 1848              		.loc 1 586 19
 1849 01ea 0B23     		movs	r3, #11
 1850 01ec FB18     		adds	r3, r7, r3
 1851 01ee 0122     		movs	r2, #1
 1852 01f0 1A70     		strb	r2, [r3]
 587:../Firmware/GD32E23x_standard_peripheral/Source/gd32e23x_rcu.c ****         }
 588:../Firmware/GD32E23x_standard_peripheral/Source/gd32e23x_rcu.c ****         break;
 1853              		.loc 1 588 9
 1854 01f2 0BE0     		b	.L91
 1855              	.L85:
 589:../Firmware/GD32E23x_standard_peripheral/Source/gd32e23x_rcu.c **** 
 590:../Firmware/GD32E23x_standard_peripheral/Source/gd32e23x_rcu.c ****     default:
 591:../Firmware/GD32E23x_standard_peripheral/Source/gd32e23x_rcu.c ****         break;
 1856              		.loc 1 591 9
 1857 01f4 C046     		nop
 1858 01f6 0AE0     		b	.L63
 1859              	.L86:
 528:../Firmware/GD32E23x_standard_peripheral/Source/gd32e23x_rcu.c **** 
 1860              		.loc 1 528 9
 1861 01f8 C046     		nop
 1862 01fa 08E0     		b	.L63
 1863              	.L87:
 540:../Firmware/GD32E23x_standard_peripheral/Source/gd32e23x_rcu.c **** 
 1864              		.loc 1 540 9
 1865 01fc C046     		nop
 1866 01fe 06E0     		b	.L63
 1867              	.L88:
 552:../Firmware/GD32E23x_standard_peripheral/Source/gd32e23x_rcu.c **** 
 1868              		.loc 1 552 9
 1869 0200 C046     		nop
 1870 0202 04E0     		b	.L63
 1871              	.L89:
 564:../Firmware/GD32E23x_standard_peripheral/Source/gd32e23x_rcu.c **** 
 1872              		.loc 1 564 9
 1873 0204 C046     		nop
 1874 0206 02E0     		b	.L63
 1875              	.L90:
 576:../Firmware/GD32E23x_standard_peripheral/Source/gd32e23x_rcu.c **** 
 1876              		.loc 1 576 9
 1877 0208 C046     		nop
 1878 020a 00E0     		b	.L63
 1879              	.L91:
 588:../Firmware/GD32E23x_standard_peripheral/Source/gd32e23x_rcu.c **** 
 1880              		.loc 1 588 9
 1881 020c C046     		nop
 1882              	.L63:
 592:../Firmware/GD32E23x_standard_peripheral/Source/gd32e23x_rcu.c ****     }
 593:../Firmware/GD32E23x_standard_peripheral/Source/gd32e23x_rcu.c ****     /* return value */
 594:../Firmware/GD32E23x_standard_peripheral/Source/gd32e23x_rcu.c ****     return reval;
 1883              		.loc 1 594 12
 1884 020e 0B23     		movs	r3, #11
 1885 0210 FB18     		adds	r3, r7, r3
 1886 0212 1B78     		ldrb	r3, [r3]
 595:../Firmware/GD32E23x_standard_peripheral/Source/gd32e23x_rcu.c **** }
 1887              		.loc 1 595 1
 1888 0214 1800     		movs	r0, r3
 1889 0216 BD46     		mov	sp, r7
 1890 0218 05B0     		add	sp, sp, #20
 1891              		@ sp needed
 1892 021a 90BD     		pop	{r4, r7, pc}
 1893              	.L93:
 1894              		.align	2
 1895              	.L92:
 1896 021c FFFFFF03 		.word	67108863
 1897              		.cfi_endproc
 1898              	.LFE79:
 1900              		.section	.text.rcu_osci_on,"ax",%progbits
 1901              		.align	1
 1902              		.global	rcu_osci_on
 1903              		.syntax unified
 1904              		.code	16
 1905              		.thumb_func
 1906              		.fpu softvfp
 1908              	rcu_osci_on:
 1909              	.LFB80:
 596:../Firmware/GD32E23x_standard_peripheral/Source/gd32e23x_rcu.c **** 
 597:../Firmware/GD32E23x_standard_peripheral/Source/gd32e23x_rcu.c **** /*!
 598:../Firmware/GD32E23x_standard_peripheral/Source/gd32e23x_rcu.c ****     \brief      turn on the oscillator
 599:../Firmware/GD32E23x_standard_peripheral/Source/gd32e23x_rcu.c ****     \param[in]  osci: oscillator types, refer to rcu_osci_type_enum
 600:../Firmware/GD32E23x_standard_peripheral/Source/gd32e23x_rcu.c ****                 only one parameter can be selected which is shown as below:
 601:../Firmware/GD32E23x_standard_peripheral/Source/gd32e23x_rcu.c ****       \arg        RCU_HXTAL: HXTAL
 602:../Firmware/GD32E23x_standard_peripheral/Source/gd32e23x_rcu.c ****       \arg        RCU_LXTAL: LXTAL
 603:../Firmware/GD32E23x_standard_peripheral/Source/gd32e23x_rcu.c ****       \arg        RCU_IRC8M: IRC8M
 604:../Firmware/GD32E23x_standard_peripheral/Source/gd32e23x_rcu.c ****       \arg        RCU_IRC28M: IRC28M
 605:../Firmware/GD32E23x_standard_peripheral/Source/gd32e23x_rcu.c ****       \arg        RCU_IRC40K: IRC40K
 606:../Firmware/GD32E23x_standard_peripheral/Source/gd32e23x_rcu.c ****       \arg        RCU_PLL_CK: PLL
 607:../Firmware/GD32E23x_standard_peripheral/Source/gd32e23x_rcu.c ****     \param[out] none
 608:../Firmware/GD32E23x_standard_peripheral/Source/gd32e23x_rcu.c ****     \retval     none
 609:../Firmware/GD32E23x_standard_peripheral/Source/gd32e23x_rcu.c **** */
 610:../Firmware/GD32E23x_standard_peripheral/Source/gd32e23x_rcu.c **** void rcu_osci_on(rcu_osci_type_enum osci)
 611:../Firmware/GD32E23x_standard_peripheral/Source/gd32e23x_rcu.c **** {
 1910              		.loc 1 611 1
 1911              		.cfi_startproc
 1912              		@ args = 0, pretend = 0, frame = 8
 1913              		@ frame_needed = 1, uses_anonymous_args = 0
 1914 0000 80B5     		push	{r7, lr}
 1915              		.cfi_def_cfa_offset 8
 1916              		.cfi_offset 7, -8
 1917              		.cfi_offset 14, -4
 1918 0002 82B0     		sub	sp, sp, #8
 1919              		.cfi_def_cfa_offset 16
 1920 0004 00AF     		add	r7, sp, #0
 1921              		.cfi_def_cfa_register 7
 1922 0006 0200     		movs	r2, r0
 1923 0008 BB1D     		adds	r3, r7, #6
 1924 000a 1A80     		strh	r2, [r3]
 612:../Firmware/GD32E23x_standard_peripheral/Source/gd32e23x_rcu.c ****     RCU_REG_VAL(osci) |= BIT(RCU_BIT_POS(osci));
 1925              		.loc 1 612 23
 1926 000c BB1D     		adds	r3, r7, #6
 1927 000e 1B88     		ldrh	r3, [r3]
 1928 0010 9B09     		lsrs	r3, r3, #6
 1929 0012 9BB2     		uxth	r3, r3
 1930 0014 41F2000C 		movw	ip, #4096
 1931 0018 C4F2020C 		movt	ip, 16386
 1932 001c 6344     		add	r3, r3, ip
 1933 001e 1968     		ldr	r1, [r3]
 1934              		.loc 1 612 26
 1935 0020 BB1D     		adds	r3, r7, #6
 1936 0022 1B88     		ldrh	r3, [r3]
 1937 0024 1F22     		movs	r2, #31
 1938 0026 1340     		ands	r3, r2
 1939 0028 0122     		movs	r2, #1
 1940 002a 9A40     		lsls	r2, r2, r3
 1941              		.loc 1 612 23
 1942 002c BB1D     		adds	r3, r7, #6
 1943 002e 1B88     		ldrh	r3, [r3]
 1944 0030 9B09     		lsrs	r3, r3, #6
 1945 0032 9BB2     		uxth	r3, r3
 1946 0034 41F2000C 		movw	ip, #4096
 1947 0038 C4F2020C 		movt	ip, 16386
 1948 003c 6344     		add	r3, r3, ip
 1949 003e 0A43     		orrs	r2, r1
 1950 0040 1A60     		str	r2, [r3]
 613:../Firmware/GD32E23x_standard_peripheral/Source/gd32e23x_rcu.c **** }
 1951              		.loc 1 613 1
 1952 0042 C046     		nop
 1953 0044 BD46     		mov	sp, r7
 1954 0046 02B0     		add	sp, sp, #8
 1955              		@ sp needed
 1956 0048 80BD     		pop	{r7, pc}
 1957              		.cfi_endproc
 1958              	.LFE80:
 1960              		.section	.text.rcu_osci_off,"ax",%progbits
 1961              		.align	1
 1962              		.global	rcu_osci_off
 1963              		.syntax unified
 1964              		.code	16
 1965              		.thumb_func
 1966              		.fpu softvfp
 1968              	rcu_osci_off:
 1969              	.LFB81:
 614:../Firmware/GD32E23x_standard_peripheral/Source/gd32e23x_rcu.c **** 
 615:../Firmware/GD32E23x_standard_peripheral/Source/gd32e23x_rcu.c **** /*!
 616:../Firmware/GD32E23x_standard_peripheral/Source/gd32e23x_rcu.c ****     \brief      turn off the oscillator
 617:../Firmware/GD32E23x_standard_peripheral/Source/gd32e23x_rcu.c ****     \param[in]  osci: oscillator types, refer to rcu_osci_type_enum
 618:../Firmware/GD32E23x_standard_peripheral/Source/gd32e23x_rcu.c ****                 only one parameter can be selected which is shown as below:
 619:../Firmware/GD32E23x_standard_peripheral/Source/gd32e23x_rcu.c ****       \arg        RCU_HXTAL: HXTAL
 620:../Firmware/GD32E23x_standard_peripheral/Source/gd32e23x_rcu.c ****       \arg        RCU_LXTAL: LXTAL
 621:../Firmware/GD32E23x_standard_peripheral/Source/gd32e23x_rcu.c ****       \arg        RCU_IRC8M: IRC8M
 622:../Firmware/GD32E23x_standard_peripheral/Source/gd32e23x_rcu.c ****       \arg        RCU_IRC28M: IRC28M
 623:../Firmware/GD32E23x_standard_peripheral/Source/gd32e23x_rcu.c ****       \arg        RCU_IRC40K: IRC40K
 624:../Firmware/GD32E23x_standard_peripheral/Source/gd32e23x_rcu.c ****       \arg        RCU_PLL_CK: PLL
 625:../Firmware/GD32E23x_standard_peripheral/Source/gd32e23x_rcu.c ****     \param[out] none
 626:../Firmware/GD32E23x_standard_peripheral/Source/gd32e23x_rcu.c ****     \retval     none
 627:../Firmware/GD32E23x_standard_peripheral/Source/gd32e23x_rcu.c **** */
 628:../Firmware/GD32E23x_standard_peripheral/Source/gd32e23x_rcu.c **** void rcu_osci_off(rcu_osci_type_enum osci)
 629:../Firmware/GD32E23x_standard_peripheral/Source/gd32e23x_rcu.c **** {
 1970              		.loc 1 629 1
 1971              		.cfi_startproc
 1972              		@ args = 0, pretend = 0, frame = 8
 1973              		@ frame_needed = 1, uses_anonymous_args = 0
 1974 0000 80B5     		push	{r7, lr}
 1975              		.cfi_def_cfa_offset 8
 1976              		.cfi_offset 7, -8
 1977              		.cfi_offset 14, -4
 1978 0002 82B0     		sub	sp, sp, #8
 1979              		.cfi_def_cfa_offset 16
 1980 0004 00AF     		add	r7, sp, #0
 1981              		.cfi_def_cfa_register 7
 1982 0006 0200     		movs	r2, r0
 1983 0008 BB1D     		adds	r3, r7, #6
 1984 000a 1A80     		strh	r2, [r3]
 630:../Firmware/GD32E23x_standard_peripheral/Source/gd32e23x_rcu.c ****     RCU_REG_VAL(osci) &= ~BIT(RCU_BIT_POS(osci));
 1985              		.loc 1 630 23
 1986 000c BB1D     		adds	r3, r7, #6
 1987 000e 1B88     		ldrh	r3, [r3]
 1988 0010 9B09     		lsrs	r3, r3, #6
 1989 0012 9BB2     		uxth	r3, r3
 1990 0014 41F2000C 		movw	ip, #4096
 1991 0018 C4F2020C 		movt	ip, 16386
 1992 001c 6344     		add	r3, r3, ip
 1993 001e 1A68     		ldr	r2, [r3]
 1994              		.loc 1 630 27
 1995 0020 BB1D     		adds	r3, r7, #6
 1996 0022 1B88     		ldrh	r3, [r3]
 1997 0024 1F21     		movs	r1, #31
 1998 0026 0B40     		ands	r3, r1
 1999 0028 0121     		movs	r1, #1
 2000 002a 9940     		lsls	r1, r1, r3
 2001 002c 0B00     		movs	r3, r1
 2002              		.loc 1 630 26
 2003 002e D943     		mvns	r1, r3
 2004              		.loc 1 630 23
 2005 0030 BB1D     		adds	r3, r7, #6
 2006 0032 1B88     		ldrh	r3, [r3]
 2007 0034 9B09     		lsrs	r3, r3, #6
 2008 0036 9BB2     		uxth	r3, r3
 2009 0038 41F2000C 		movw	ip, #4096
 2010 003c C4F2020C 		movt	ip, 16386
 2011 0040 6344     		add	r3, r3, ip
 2012 0042 0A40     		ands	r2, r1
 2013 0044 1A60     		str	r2, [r3]
 631:../Firmware/GD32E23x_standard_peripheral/Source/gd32e23x_rcu.c **** }
 2014              		.loc 1 631 1
 2015 0046 C046     		nop
 2016 0048 BD46     		mov	sp, r7
 2017 004a 02B0     		add	sp, sp, #8
 2018              		@ sp needed
 2019 004c 80BD     		pop	{r7, pc}
 2020              		.cfi_endproc
 2021              	.LFE81:
 2023              		.section	.text.rcu_osci_bypass_mode_enable,"ax",%progbits
 2024              		.align	1
 2025              		.global	rcu_osci_bypass_mode_enable
 2026              		.syntax unified
 2027              		.code	16
 2028              		.thumb_func
 2029              		.fpu softvfp
 2031              	rcu_osci_bypass_mode_enable:
 2032              	.LFB82:
 632:../Firmware/GD32E23x_standard_peripheral/Source/gd32e23x_rcu.c **** 
 633:../Firmware/GD32E23x_standard_peripheral/Source/gd32e23x_rcu.c **** /*!
 634:../Firmware/GD32E23x_standard_peripheral/Source/gd32e23x_rcu.c ****     \brief      enable the oscillator bypass mode, HXTALEN or LXTALEN must be reset before it
 635:../Firmware/GD32E23x_standard_peripheral/Source/gd32e23x_rcu.c ****     \param[in]  osci: oscillator types, refer to rcu_osci_type_enum
 636:../Firmware/GD32E23x_standard_peripheral/Source/gd32e23x_rcu.c ****                 only one parameter can be selected which is shown as below:
 637:../Firmware/GD32E23x_standard_peripheral/Source/gd32e23x_rcu.c ****       \arg        RCU_HXTAL: HXTAL
 638:../Firmware/GD32E23x_standard_peripheral/Source/gd32e23x_rcu.c ****       \arg        RCU_LXTAL: LXTAL
 639:../Firmware/GD32E23x_standard_peripheral/Source/gd32e23x_rcu.c ****     \param[out] none
 640:../Firmware/GD32E23x_standard_peripheral/Source/gd32e23x_rcu.c ****     \retval     none
 641:../Firmware/GD32E23x_standard_peripheral/Source/gd32e23x_rcu.c **** */
 642:../Firmware/GD32E23x_standard_peripheral/Source/gd32e23x_rcu.c **** void rcu_osci_bypass_mode_enable(rcu_osci_type_enum osci)
 643:../Firmware/GD32E23x_standard_peripheral/Source/gd32e23x_rcu.c **** {
 2033              		.loc 1 643 1
 2034              		.cfi_startproc
 2035              		@ args = 0, pretend = 0, frame = 16
 2036              		@ frame_needed = 1, uses_anonymous_args = 0
 2037 0000 80B5     		push	{r7, lr}
 2038              		.cfi_def_cfa_offset 8
 2039              		.cfi_offset 7, -8
 2040              		.cfi_offset 14, -4
 2041 0002 84B0     		sub	sp, sp, #16
 2042              		.cfi_def_cfa_offset 24
 2043 0004 00AF     		add	r7, sp, #0
 2044              		.cfi_def_cfa_register 7
 2045 0006 0200     		movs	r2, r0
 2046 0008 BB1D     		adds	r3, r7, #6
 2047 000a 1A80     		strh	r2, [r3]
 644:../Firmware/GD32E23x_standard_peripheral/Source/gd32e23x_rcu.c ****     uint32_t reg;
 645:../Firmware/GD32E23x_standard_peripheral/Source/gd32e23x_rcu.c ****     switch(osci) {
 2048              		.loc 1 645 5
 2049 000c BB1D     		adds	r3, r7, #6
 2050 000e 1B88     		ldrh	r3, [r3]
 2051 0010 40F60052 		movw	r2, #3328
 2052 0014 9342     		cmp	r3, r2
 2053 0016 50D0     		beq	.L101
 2054 0018 40F60052 		movw	r2, #3328
 2055 001c 9342     		cmp	r3, r2
 2056 001e 4EDC     		bgt	.L102
 2057 0020 40F60012 		movw	r2, #2304
 2058 0024 9342     		cmp	r3, r2
 2059 0026 48D0     		beq	.L101
 2060 0028 40F60012 		movw	r2, #2304
 2061 002c 9342     		cmp	r3, r2
 2062 002e 46DC     		bgt	.L102
 2063 0030 40F60002 		movw	r2, #2048
 2064 0034 9342     		cmp	r3, r2
 2065 0036 25D0     		beq	.L99
 2066 0038 40F60002 		movw	r2, #2048
 2067 003c 9342     		cmp	r3, r2
 2068 003e 3EDC     		bgt	.L102
 2069 0040 182B     		cmp	r3, #24
 2070 0042 3AD0     		beq	.L101
 2071 0044 3BDC     		bgt	.L102
 2072 0046 C3B3     		cbz	r3, .L101
 2073 0048 102B     		cmp	r3, #16
 2074 004a 38D1     		bne	.L102
 646:../Firmware/GD32E23x_standard_peripheral/Source/gd32e23x_rcu.c ****     case RCU_HXTAL:
 647:../Firmware/GD32E23x_standard_peripheral/Source/gd32e23x_rcu.c ****         /* HXTALEN must be reset before enable the oscillator bypass mode */
 648:../Firmware/GD32E23x_standard_peripheral/Source/gd32e23x_rcu.c ****         reg = RCU_CTL0;
 2075              		.loc 1 648 15
 2076 004c 41F20003 		movw	r3, #4096
 2077 0050 C4F20203 		movt	r3, 16386
 2078              		.loc 1 648 13
 2079 0054 1B68     		ldr	r3, [r3]
 2080 0056 FB60     		str	r3, [r7, #12]
 649:../Firmware/GD32E23x_standard_peripheral/Source/gd32e23x_rcu.c ****         RCU_CTL0 &= ~RCU_CTL0_HXTALEN;
 2081              		.loc 1 649 18
 2082 0058 41F20003 		movw	r3, #4096
 2083 005c C4F20203 		movt	r3, 16386
 2084 0060 1A68     		ldr	r2, [r3]
 2085 0062 41F20003 		movw	r3, #4096
 2086 0066 C4F20203 		movt	r3, 16386
 2087 006a 1749     		ldr	r1, .L104
 2088 006c 0A40     		ands	r2, r1
 2089 006e 1A60     		str	r2, [r3]
 650:../Firmware/GD32E23x_standard_peripheral/Source/gd32e23x_rcu.c ****         RCU_CTL0 = (reg | RCU_CTL0_HXTALBPS);
 2090              		.loc 1 650 9
 2091 0070 41F20003 		movw	r3, #4096
 2092 0074 C4F20203 		movt	r3, 16386
 2093              		.loc 1 650 25
 2094 0078 FA68     		ldr	r2, [r7, #12]
 2095 007a 8021     		movs	r1, #128
 2096 007c C902     		lsls	r1, r1, #11
 2097 007e 0A43     		orrs	r2, r1
 2098              		.loc 1 650 18
 2099 0080 1A60     		str	r2, [r3]
 651:../Firmware/GD32E23x_standard_peripheral/Source/gd32e23x_rcu.c ****         break;
 2100              		.loc 1 651 9
 2101 0082 1DE0     		b	.L100
 2102              	.L99:
 652:../Firmware/GD32E23x_standard_peripheral/Source/gd32e23x_rcu.c ****     case RCU_LXTAL:
 653:../Firmware/GD32E23x_standard_peripheral/Source/gd32e23x_rcu.c ****         /* LXTALEN must be reset before enable the oscillator bypass mode */
 654:../Firmware/GD32E23x_standard_peripheral/Source/gd32e23x_rcu.c ****         reg = RCU_BDCTL;
 2103              		.loc 1 654 15
 2104 0084 41F22003 		movw	r3, #4128
 2105 0088 C4F20203 		movt	r3, 16386
 2106              		.loc 1 654 13
 2107 008c 1B68     		ldr	r3, [r3]
 2108 008e FB60     		str	r3, [r7, #12]
 655:../Firmware/GD32E23x_standard_peripheral/Source/gd32e23x_rcu.c ****         RCU_BDCTL &= ~RCU_BDCTL_LXTALEN;
 2109              		.loc 1 655 19
 2110 0090 41F22003 		movw	r3, #4128
 2111 0094 C4F20203 		movt	r3, 16386
 2112 0098 1A68     		ldr	r2, [r3]
 2113 009a 41F22003 		movw	r3, #4128
 2114 009e C4F20203 		movt	r3, 16386
 2115 00a2 0121     		movs	r1, #1
 2116 00a4 8A43     		bics	r2, r1
 2117 00a6 1A60     		str	r2, [r3]
 656:../Firmware/GD32E23x_standard_peripheral/Source/gd32e23x_rcu.c ****         RCU_BDCTL = (reg | RCU_BDCTL_LXTALBPS);
 2118              		.loc 1 656 9
 2119 00a8 41F22003 		movw	r3, #4128
 2120 00ac C4F20203 		movt	r3, 16386
 2121              		.loc 1 656 26
 2122 00b0 FA68     		ldr	r2, [r7, #12]
 2123 00b2 0421     		movs	r1, #4
 2124 00b4 0A43     		orrs	r2, r1
 2125              		.loc 1 656 19
 2126 00b6 1A60     		str	r2, [r3]
 657:../Firmware/GD32E23x_standard_peripheral/Source/gd32e23x_rcu.c ****         break;
 2127              		.loc 1 657 9
 2128 00b8 02E0     		b	.L100
 2129              	.L101:
 658:../Firmware/GD32E23x_standard_peripheral/Source/gd32e23x_rcu.c ****     case RCU_IRC8M:
 659:../Firmware/GD32E23x_standard_peripheral/Source/gd32e23x_rcu.c ****     case RCU_IRC28M:
 660:../Firmware/GD32E23x_standard_peripheral/Source/gd32e23x_rcu.c ****     case RCU_IRC40K:
 661:../Firmware/GD32E23x_standard_peripheral/Source/gd32e23x_rcu.c ****     case RCU_PLL_CK:
 662:../Firmware/GD32E23x_standard_peripheral/Source/gd32e23x_rcu.c ****         break;
 2130              		.loc 1 662 9
 2131 00ba C046     		nop
 2132 00bc 00E0     		b	.L103
 2133              	.L102:
 663:../Firmware/GD32E23x_standard_peripheral/Source/gd32e23x_rcu.c ****     default:
 664:../Firmware/GD32E23x_standard_peripheral/Source/gd32e23x_rcu.c ****         break;
 2134              		.loc 1 664 9
 2135 00be C046     		nop
 2136              	.L100:
 2137              	.L103:
 665:../Firmware/GD32E23x_standard_peripheral/Source/gd32e23x_rcu.c ****     }
 666:../Firmware/GD32E23x_standard_peripheral/Source/gd32e23x_rcu.c **** }
 2138              		.loc 1 666 1
 2139 00c0 C046     		nop
 2140 00c2 BD46     		mov	sp, r7
 2141 00c4 04B0     		add	sp, sp, #16
 2142              		@ sp needed
 2143 00c6 80BD     		pop	{r7, pc}
 2144              	.L105:
 2145              		.align	2
 2146              	.L104:
 2147 00c8 FFFFFEFF 		.word	-65537
 2148              		.cfi_endproc
 2149              	.LFE82:
 2151              		.section	.text.rcu_osci_bypass_mode_disable,"ax",%progbits
 2152              		.align	1
 2153              		.global	rcu_osci_bypass_mode_disable
 2154              		.syntax unified
 2155              		.code	16
 2156              		.thumb_func
 2157              		.fpu softvfp
 2159              	rcu_osci_bypass_mode_disable:
 2160              	.LFB83:
 667:../Firmware/GD32E23x_standard_peripheral/Source/gd32e23x_rcu.c **** 
 668:../Firmware/GD32E23x_standard_peripheral/Source/gd32e23x_rcu.c **** /*!
 669:../Firmware/GD32E23x_standard_peripheral/Source/gd32e23x_rcu.c ****     \brief      disable the oscillator bypass mode, HXTALEN or LXTALEN must be reset before it
 670:../Firmware/GD32E23x_standard_peripheral/Source/gd32e23x_rcu.c ****     \param[in]  osci: oscillator types, refer to rcu_osci_type_enum
 671:../Firmware/GD32E23x_standard_peripheral/Source/gd32e23x_rcu.c ****                 only one parameter can be selected which is shown as below:
 672:../Firmware/GD32E23x_standard_peripheral/Source/gd32e23x_rcu.c ****       \arg        RCU_HXTAL: HXTAL
 673:../Firmware/GD32E23x_standard_peripheral/Source/gd32e23x_rcu.c ****       \arg        RCU_LXTAL: LXTAL
 674:../Firmware/GD32E23x_standard_peripheral/Source/gd32e23x_rcu.c ****     \param[out] none
 675:../Firmware/GD32E23x_standard_peripheral/Source/gd32e23x_rcu.c ****     \retval     none
 676:../Firmware/GD32E23x_standard_peripheral/Source/gd32e23x_rcu.c **** */
 677:../Firmware/GD32E23x_standard_peripheral/Source/gd32e23x_rcu.c **** void rcu_osci_bypass_mode_disable(rcu_osci_type_enum osci)
 678:../Firmware/GD32E23x_standard_peripheral/Source/gd32e23x_rcu.c **** {
 2161              		.loc 1 678 1
 2162              		.cfi_startproc
 2163              		@ args = 0, pretend = 0, frame = 16
 2164              		@ frame_needed = 1, uses_anonymous_args = 0
 2165 0000 80B5     		push	{r7, lr}
 2166              		.cfi_def_cfa_offset 8
 2167              		.cfi_offset 7, -8
 2168              		.cfi_offset 14, -4
 2169 0002 84B0     		sub	sp, sp, #16
 2170              		.cfi_def_cfa_offset 24
 2171 0004 00AF     		add	r7, sp, #0
 2172              		.cfi_def_cfa_register 7
 2173 0006 0200     		movs	r2, r0
 2174 0008 BB1D     		adds	r3, r7, #6
 2175 000a 1A80     		strh	r2, [r3]
 679:../Firmware/GD32E23x_standard_peripheral/Source/gd32e23x_rcu.c ****     uint32_t reg;
 680:../Firmware/GD32E23x_standard_peripheral/Source/gd32e23x_rcu.c ****     switch(osci) {
 2176              		.loc 1 680 5
 2177 000c BB1D     		adds	r3, r7, #6
 2178 000e 1B88     		ldrh	r3, [r3]
 2179 0010 40F60052 		movw	r2, #3328
 2180 0014 9342     		cmp	r3, r2
 2181 0016 4FD0     		beq	.L111
 2182 0018 40F60052 		movw	r2, #3328
 2183 001c 9342     		cmp	r3, r2
 2184 001e 4DDC     		bgt	.L112
 2185 0020 40F60012 		movw	r2, #2304
 2186 0024 9342     		cmp	r3, r2
 2187 0026 47D0     		beq	.L111
 2188 0028 40F60012 		movw	r2, #2304
 2189 002c 9342     		cmp	r3, r2
 2190 002e 45DC     		bgt	.L112
 2191 0030 40F60002 		movw	r2, #2048
 2192 0034 9342     		cmp	r3, r2
 2193 0036 24D0     		beq	.L109
 2194 0038 40F60002 		movw	r2, #2048
 2195 003c 9342     		cmp	r3, r2
 2196 003e 3DDC     		bgt	.L112
 2197 0040 182B     		cmp	r3, #24
 2198 0042 39D0     		beq	.L111
 2199 0044 3ADC     		bgt	.L112
 2200 0046 BBB3     		cbz	r3, .L111
 2201 0048 102B     		cmp	r3, #16
 2202 004a 37D1     		bne	.L112
 681:../Firmware/GD32E23x_standard_peripheral/Source/gd32e23x_rcu.c ****     case RCU_HXTAL:
 682:../Firmware/GD32E23x_standard_peripheral/Source/gd32e23x_rcu.c ****         /* HXTALEN must be reset before disable the oscillator bypass mode */
 683:../Firmware/GD32E23x_standard_peripheral/Source/gd32e23x_rcu.c ****         reg = RCU_CTL0;
 2203              		.loc 1 683 15
 2204 004c 41F20003 		movw	r3, #4096
 2205 0050 C4F20203 		movt	r3, 16386
 2206              		.loc 1 683 13
 2207 0054 1B68     		ldr	r3, [r3]
 2208 0056 FB60     		str	r3, [r7, #12]
 684:../Firmware/GD32E23x_standard_peripheral/Source/gd32e23x_rcu.c ****         RCU_CTL0 &= ~RCU_CTL0_HXTALEN;
 2209              		.loc 1 684 18
 2210 0058 41F20003 		movw	r3, #4096
 2211 005c C4F20203 		movt	r3, 16386
 2212 0060 1A68     		ldr	r2, [r3]
 2213 0062 41F20003 		movw	r3, #4096
 2214 0066 C4F20203 		movt	r3, 16386
 2215 006a 1749     		ldr	r1, .L114
 2216 006c 0A40     		ands	r2, r1
 2217 006e 1A60     		str	r2, [r3]
 685:../Firmware/GD32E23x_standard_peripheral/Source/gd32e23x_rcu.c ****         RCU_CTL0 = (reg & (~RCU_CTL0_HXTALBPS));
 2218              		.loc 1 685 9
 2219 0070 41F20003 		movw	r3, #4096
 2220 0074 C4F20203 		movt	r3, 16386
 2221              		.loc 1 685 25
 2222 0078 FA68     		ldr	r2, [r7, #12]
 2223 007a 1449     		ldr	r1, .L114+4
 2224 007c 0A40     		ands	r2, r1
 2225              		.loc 1 685 18
 2226 007e 1A60     		str	r2, [r3]
 686:../Firmware/GD32E23x_standard_peripheral/Source/gd32e23x_rcu.c ****         break;
 2227              		.loc 1 686 9
 2228 0080 1DE0     		b	.L110
 2229              	.L109:
 687:../Firmware/GD32E23x_standard_peripheral/Source/gd32e23x_rcu.c ****     case RCU_LXTAL:
 688:../Firmware/GD32E23x_standard_peripheral/Source/gd32e23x_rcu.c ****         /* LXTALEN must be reset before disable the oscillator bypass mode */
 689:../Firmware/GD32E23x_standard_peripheral/Source/gd32e23x_rcu.c ****         reg = RCU_BDCTL;
 2230              		.loc 1 689 15
 2231 0082 41F22003 		movw	r3, #4128
 2232 0086 C4F20203 		movt	r3, 16386
 2233              		.loc 1 689 13
 2234 008a 1B68     		ldr	r3, [r3]
 2235 008c FB60     		str	r3, [r7, #12]
 690:../Firmware/GD32E23x_standard_peripheral/Source/gd32e23x_rcu.c ****         RCU_BDCTL &= ~RCU_BDCTL_LXTALEN;
 2236              		.loc 1 690 19
 2237 008e 41F22003 		movw	r3, #4128
 2238 0092 C4F20203 		movt	r3, 16386
 2239 0096 1A68     		ldr	r2, [r3]
 2240 0098 41F22003 		movw	r3, #4128
 2241 009c C4F20203 		movt	r3, 16386
 2242 00a0 0121     		movs	r1, #1
 2243 00a2 8A43     		bics	r2, r1
 2244 00a4 1A60     		str	r2, [r3]
 691:../Firmware/GD32E23x_standard_peripheral/Source/gd32e23x_rcu.c ****         RCU_BDCTL = (reg & (~RCU_BDCTL_LXTALBPS));
 2245              		.loc 1 691 9
 2246 00a6 41F22003 		movw	r3, #4128
 2247 00aa C4F20203 		movt	r3, 16386
 2248              		.loc 1 691 26
 2249 00ae FA68     		ldr	r2, [r7, #12]
 2250 00b0 0421     		movs	r1, #4
 2251 00b2 8A43     		bics	r2, r1
 2252              		.loc 1 691 19
 2253 00b4 1A60     		str	r2, [r3]
 692:../Firmware/GD32E23x_standard_peripheral/Source/gd32e23x_rcu.c ****         break;
 2254              		.loc 1 692 9
 2255 00b6 02E0     		b	.L110
 2256              	.L111:
 693:../Firmware/GD32E23x_standard_peripheral/Source/gd32e23x_rcu.c ****     case RCU_IRC8M:
 694:../Firmware/GD32E23x_standard_peripheral/Source/gd32e23x_rcu.c ****     case RCU_IRC28M:
 695:../Firmware/GD32E23x_standard_peripheral/Source/gd32e23x_rcu.c ****     case RCU_IRC40K:
 696:../Firmware/GD32E23x_standard_peripheral/Source/gd32e23x_rcu.c ****     case RCU_PLL_CK:
 697:../Firmware/GD32E23x_standard_peripheral/Source/gd32e23x_rcu.c ****         break;
 2257              		.loc 1 697 9
 2258 00b8 C046     		nop
 2259 00ba 00E0     		b	.L113
 2260              	.L112:
 698:../Firmware/GD32E23x_standard_peripheral/Source/gd32e23x_rcu.c ****     default:
 699:../Firmware/GD32E23x_standard_peripheral/Source/gd32e23x_rcu.c ****         break;
 2261              		.loc 1 699 9
 2262 00bc C046     		nop
 2263              	.L110:
 2264              	.L113:
 700:../Firmware/GD32E23x_standard_peripheral/Source/gd32e23x_rcu.c ****     }
 701:../Firmware/GD32E23x_standard_peripheral/Source/gd32e23x_rcu.c **** }
 2265              		.loc 1 701 1
 2266 00be C046     		nop
 2267 00c0 BD46     		mov	sp, r7
 2268 00c2 04B0     		add	sp, sp, #16
 2269              		@ sp needed
 2270 00c4 80BD     		pop	{r7, pc}
 2271              	.L115:
 2272 00c6 C046     		.align	2
 2273              	.L114:
 2274 00c8 FFFFFEFF 		.word	-65537
 2275 00cc FFFFFBFF 		.word	-262145
 2276              		.cfi_endproc
 2277              	.LFE83:
 2279              		.section	.text.rcu_hxtal_clock_monitor_enable,"ax",%progbits
 2280              		.align	1
 2281              		.global	rcu_hxtal_clock_monitor_enable
 2282              		.syntax unified
 2283              		.code	16
 2284              		.thumb_func
 2285              		.fpu softvfp
 2287              	rcu_hxtal_clock_monitor_enable:
 2288              	.LFB84:
 702:../Firmware/GD32E23x_standard_peripheral/Source/gd32e23x_rcu.c **** 
 703:../Firmware/GD32E23x_standard_peripheral/Source/gd32e23x_rcu.c **** /*!
 704:../Firmware/GD32E23x_standard_peripheral/Source/gd32e23x_rcu.c ****     \brief      enable the HXTAL clock monitor
 705:../Firmware/GD32E23x_standard_peripheral/Source/gd32e23x_rcu.c ****     \param[in]  none
 706:../Firmware/GD32E23x_standard_peripheral/Source/gd32e23x_rcu.c ****     \param[out] none
 707:../Firmware/GD32E23x_standard_peripheral/Source/gd32e23x_rcu.c ****     \retval     none
 708:../Firmware/GD32E23x_standard_peripheral/Source/gd32e23x_rcu.c **** */
 709:../Firmware/GD32E23x_standard_peripheral/Source/gd32e23x_rcu.c **** void rcu_hxtal_clock_monitor_enable(void)
 710:../Firmware/GD32E23x_standard_peripheral/Source/gd32e23x_rcu.c **** {
 2289              		.loc 1 710 1
 2290              		.cfi_startproc
 2291              		@ args = 0, pretend = 0, frame = 0
 2292              		@ frame_needed = 1, uses_anonymous_args = 0
 2293 0000 80B5     		push	{r7, lr}
 2294              		.cfi_def_cfa_offset 8
 2295              		.cfi_offset 7, -8
 2296              		.cfi_offset 14, -4
 2297 0002 00AF     		add	r7, sp, #0
 2298              		.cfi_def_cfa_register 7
 711:../Firmware/GD32E23x_standard_peripheral/Source/gd32e23x_rcu.c ****     RCU_CTL0 |= RCU_CTL0_CKMEN;
 2299              		.loc 1 711 14
 2300 0004 41F20003 		movw	r3, #4096
 2301 0008 C4F20203 		movt	r3, 16386
 2302 000c 1A68     		ldr	r2, [r3]
 2303 000e 41F20003 		movw	r3, #4096
 2304 0012 C4F20203 		movt	r3, 16386
 2305 0016 8021     		movs	r1, #128
 2306 0018 0903     		lsls	r1, r1, #12
 2307 001a 0A43     		orrs	r2, r1
 2308 001c 1A60     		str	r2, [r3]
 712:../Firmware/GD32E23x_standard_peripheral/Source/gd32e23x_rcu.c **** }
 2309              		.loc 1 712 1
 2310 001e C046     		nop
 2311 0020 BD46     		mov	sp, r7
 2312              		@ sp needed
 2313 0022 80BD     		pop	{r7, pc}
 2314              		.cfi_endproc
 2315              	.LFE84:
 2317              		.section	.text.rcu_hxtal_clock_monitor_disable,"ax",%progbits
 2318              		.align	1
 2319              		.global	rcu_hxtal_clock_monitor_disable
 2320              		.syntax unified
 2321              		.code	16
 2322              		.thumb_func
 2323              		.fpu softvfp
 2325              	rcu_hxtal_clock_monitor_disable:
 2326              	.LFB85:
 713:../Firmware/GD32E23x_standard_peripheral/Source/gd32e23x_rcu.c **** 
 714:../Firmware/GD32E23x_standard_peripheral/Source/gd32e23x_rcu.c **** /*!
 715:../Firmware/GD32E23x_standard_peripheral/Source/gd32e23x_rcu.c ****     \brief      disable the HXTAL clock monitor
 716:../Firmware/GD32E23x_standard_peripheral/Source/gd32e23x_rcu.c ****     \param[in]  none
 717:../Firmware/GD32E23x_standard_peripheral/Source/gd32e23x_rcu.c ****     \param[out] none
 718:../Firmware/GD32E23x_standard_peripheral/Source/gd32e23x_rcu.c ****     \retval     none
 719:../Firmware/GD32E23x_standard_peripheral/Source/gd32e23x_rcu.c **** */
 720:../Firmware/GD32E23x_standard_peripheral/Source/gd32e23x_rcu.c **** void rcu_hxtal_clock_monitor_disable(void)
 721:../Firmware/GD32E23x_standard_peripheral/Source/gd32e23x_rcu.c **** {
 2327              		.loc 1 721 1
 2328              		.cfi_startproc
 2329              		@ args = 0, pretend = 0, frame = 0
 2330              		@ frame_needed = 1, uses_anonymous_args = 0
 2331 0000 80B5     		push	{r7, lr}
 2332              		.cfi_def_cfa_offset 8
 2333              		.cfi_offset 7, -8
 2334              		.cfi_offset 14, -4
 2335 0002 00AF     		add	r7, sp, #0
 2336              		.cfi_def_cfa_register 7
 722:../Firmware/GD32E23x_standard_peripheral/Source/gd32e23x_rcu.c ****     RCU_CTL0 &= ~RCU_CTL0_CKMEN;
 2337              		.loc 1 722 14
 2338 0004 41F20003 		movw	r3, #4096
 2339 0008 C4F20203 		movt	r3, 16386
 2340 000c 1A68     		ldr	r2, [r3]
 2341 000e 41F20003 		movw	r3, #4096
 2342 0012 C4F20203 		movt	r3, 16386
 2343 0016 0349     		ldr	r1, .L118
 2344 0018 0A40     		ands	r2, r1
 2345 001a 1A60     		str	r2, [r3]
 723:../Firmware/GD32E23x_standard_peripheral/Source/gd32e23x_rcu.c **** }
 2346              		.loc 1 723 1
 2347 001c C046     		nop
 2348 001e BD46     		mov	sp, r7
 2349              		@ sp needed
 2350 0020 80BD     		pop	{r7, pc}
 2351              	.L119:
 2352 0022 C046     		.align	2
 2353              	.L118:
 2354 0024 FFFFF7FF 		.word	-524289
 2355              		.cfi_endproc
 2356              	.LFE85:
 2358              		.section	.text.rcu_irc8m_adjust_value_set,"ax",%progbits
 2359              		.align	1
 2360              		.global	rcu_irc8m_adjust_value_set
 2361              		.syntax unified
 2362              		.code	16
 2363              		.thumb_func
 2364              		.fpu softvfp
 2366              	rcu_irc8m_adjust_value_set:
 2367              	.LFB86:
 724:../Firmware/GD32E23x_standard_peripheral/Source/gd32e23x_rcu.c **** 
 725:../Firmware/GD32E23x_standard_peripheral/Source/gd32e23x_rcu.c **** /*!
 726:../Firmware/GD32E23x_standard_peripheral/Source/gd32e23x_rcu.c ****     \brief      set the IRC8M adjust value
 727:../Firmware/GD32E23x_standard_peripheral/Source/gd32e23x_rcu.c ****     \param[in]  irc8m_adjval: IRC8M adjust value, must be between 0 and 0x1F
 728:../Firmware/GD32E23x_standard_peripheral/Source/gd32e23x_rcu.c ****     \param[out] none
 729:../Firmware/GD32E23x_standard_peripheral/Source/gd32e23x_rcu.c ****     \retval     none
 730:../Firmware/GD32E23x_standard_peripheral/Source/gd32e23x_rcu.c **** */
 731:../Firmware/GD32E23x_standard_peripheral/Source/gd32e23x_rcu.c **** void rcu_irc8m_adjust_value_set(uint8_t irc8m_adjval)
 732:../Firmware/GD32E23x_standard_peripheral/Source/gd32e23x_rcu.c **** {
 2368              		.loc 1 732 1
 2369              		.cfi_startproc
 2370              		@ args = 0, pretend = 0, frame = 16
 2371              		@ frame_needed = 1, uses_anonymous_args = 0
 2372 0000 80B5     		push	{r7, lr}
 2373              		.cfi_def_cfa_offset 8
 2374              		.cfi_offset 7, -8
 2375              		.cfi_offset 14, -4
 2376 0002 84B0     		sub	sp, sp, #16
 2377              		.cfi_def_cfa_offset 24
 2378 0004 00AF     		add	r7, sp, #0
 2379              		.cfi_def_cfa_register 7
 2380 0006 0200     		movs	r2, r0
 2381 0008 FB1D     		adds	r3, r7, #7
 2382 000a 1A70     		strb	r2, [r3]
 733:../Firmware/GD32E23x_standard_peripheral/Source/gd32e23x_rcu.c ****     uint32_t adjust = 0U;
 2383              		.loc 1 733 14
 2384 000c 0023     		movs	r3, #0
 2385 000e FB60     		str	r3, [r7, #12]
 734:../Firmware/GD32E23x_standard_peripheral/Source/gd32e23x_rcu.c ****     adjust = RCU_CTL0;
 2386              		.loc 1 734 14
 2387 0010 41F20003 		movw	r3, #4096
 2388 0014 C4F20203 		movt	r3, 16386
 2389              		.loc 1 734 12
 2390 0018 1B68     		ldr	r3, [r3]
 2391 001a FB60     		str	r3, [r7, #12]
 735:../Firmware/GD32E23x_standard_peripheral/Source/gd32e23x_rcu.c ****     /* reset the IRC8MADJ bits and set according to irc8m_adjval */
 736:../Firmware/GD32E23x_standard_peripheral/Source/gd32e23x_rcu.c ****     adjust &= ~RCU_CTL0_IRC8MADJ;
 2392              		.loc 1 736 12
 2393 001c FB68     		ldr	r3, [r7, #12]
 2394 001e F822     		movs	r2, #248
 2395 0020 9343     		bics	r3, r2
 2396 0022 FB60     		str	r3, [r7, #12]
 737:../Firmware/GD32E23x_standard_peripheral/Source/gd32e23x_rcu.c ****     RCU_CTL0 = (adjust | (((uint32_t)irc8m_adjval) << 3));
 2397              		.loc 1 737 28
 2398 0024 FB1D     		adds	r3, r7, #7
 2399 0026 1B78     		ldrb	r3, [r3]
 2400              		.loc 1 737 52
 2401 0028 D900     		lsls	r1, r3, #3
 2402              		.loc 1 737 5
 2403 002a 41F20003 		movw	r3, #4096
 2404 002e C4F20203 		movt	r3, 16386
 2405              		.loc 1 737 24
 2406 0032 FA68     		ldr	r2, [r7, #12]
 2407 0034 0A43     		orrs	r2, r1
 2408              		.loc 1 737 14
 2409 0036 1A60     		str	r2, [r3]
 738:../Firmware/GD32E23x_standard_peripheral/Source/gd32e23x_rcu.c **** }
 2410              		.loc 1 738 1
 2411 0038 C046     		nop
 2412 003a BD46     		mov	sp, r7
 2413 003c 04B0     		add	sp, sp, #16
 2414              		@ sp needed
 2415 003e 80BD     		pop	{r7, pc}
 2416              		.cfi_endproc
 2417              	.LFE86:
 2419              		.section	.text.rcu_irc28m_adjust_value_set,"ax",%progbits
 2420              		.align	1
 2421              		.global	rcu_irc28m_adjust_value_set
 2422              		.syntax unified
 2423              		.code	16
 2424              		.thumb_func
 2425              		.fpu softvfp
 2427              	rcu_irc28m_adjust_value_set:
 2428              	.LFB87:
 739:../Firmware/GD32E23x_standard_peripheral/Source/gd32e23x_rcu.c **** 
 740:../Firmware/GD32E23x_standard_peripheral/Source/gd32e23x_rcu.c **** /*!
 741:../Firmware/GD32E23x_standard_peripheral/Source/gd32e23x_rcu.c ****     \brief      set the IRC28M adjust value
 742:../Firmware/GD32E23x_standard_peripheral/Source/gd32e23x_rcu.c ****     \param[in]  irc28m_adjval: IRC28M adjust value, must be between 0 and 0x1F
 743:../Firmware/GD32E23x_standard_peripheral/Source/gd32e23x_rcu.c ****     \param[out] none
 744:../Firmware/GD32E23x_standard_peripheral/Source/gd32e23x_rcu.c ****     \retval     none
 745:../Firmware/GD32E23x_standard_peripheral/Source/gd32e23x_rcu.c **** */
 746:../Firmware/GD32E23x_standard_peripheral/Source/gd32e23x_rcu.c **** void rcu_irc28m_adjust_value_set(uint8_t irc28m_adjval)
 747:../Firmware/GD32E23x_standard_peripheral/Source/gd32e23x_rcu.c **** {
 2429              		.loc 1 747 1
 2430              		.cfi_startproc
 2431              		@ args = 0, pretend = 0, frame = 16
 2432              		@ frame_needed = 1, uses_anonymous_args = 0
 2433 0000 80B5     		push	{r7, lr}
 2434              		.cfi_def_cfa_offset 8
 2435              		.cfi_offset 7, -8
 2436              		.cfi_offset 14, -4
 2437 0002 84B0     		sub	sp, sp, #16
 2438              		.cfi_def_cfa_offset 24
 2439 0004 00AF     		add	r7, sp, #0
 2440              		.cfi_def_cfa_register 7
 2441 0006 0200     		movs	r2, r0
 2442 0008 FB1D     		adds	r3, r7, #7
 2443 000a 1A70     		strb	r2, [r3]
 748:../Firmware/GD32E23x_standard_peripheral/Source/gd32e23x_rcu.c ****     uint32_t adjust = 0U;
 2444              		.loc 1 748 14
 2445 000c 0023     		movs	r3, #0
 2446 000e FB60     		str	r3, [r7, #12]
 749:../Firmware/GD32E23x_standard_peripheral/Source/gd32e23x_rcu.c ****     adjust = RCU_CTL1;
 2447              		.loc 1 749 14
 2448 0010 41F23403 		movw	r3, #4148
 2449 0014 C4F20203 		movt	r3, 16386
 2450              		.loc 1 749 12
 2451 0018 1B68     		ldr	r3, [r3]
 2452 001a FB60     		str	r3, [r7, #12]
 750:../Firmware/GD32E23x_standard_peripheral/Source/gd32e23x_rcu.c ****     /* reset the IRC28MADJ bits and set according to irc28m_adjval */
 751:../Firmware/GD32E23x_standard_peripheral/Source/gd32e23x_rcu.c ****     adjust &= ~RCU_CTL1_IRC28MADJ;
 2453              		.loc 1 751 12
 2454 001c FB68     		ldr	r3, [r7, #12]
 2455 001e F822     		movs	r2, #248
 2456 0020 9343     		bics	r3, r2
 2457 0022 FB60     		str	r3, [r7, #12]
 752:../Firmware/GD32E23x_standard_peripheral/Source/gd32e23x_rcu.c ****     RCU_CTL1 = (adjust | (((uint32_t)irc28m_adjval) << 3));
 2458              		.loc 1 752 28
 2459 0024 FB1D     		adds	r3, r7, #7
 2460 0026 1B78     		ldrb	r3, [r3]
 2461              		.loc 1 752 53
 2462 0028 D900     		lsls	r1, r3, #3
 2463              		.loc 1 752 5
 2464 002a 41F23403 		movw	r3, #4148
 2465 002e C4F20203 		movt	r3, 16386
 2466              		.loc 1 752 24
 2467 0032 FA68     		ldr	r2, [r7, #12]
 2468 0034 0A43     		orrs	r2, r1
 2469              		.loc 1 752 14
 2470 0036 1A60     		str	r2, [r3]
 753:../Firmware/GD32E23x_standard_peripheral/Source/gd32e23x_rcu.c **** }
 2471              		.loc 1 753 1
 2472 0038 C046     		nop
 2473 003a BD46     		mov	sp, r7
 2474 003c 04B0     		add	sp, sp, #16
 2475              		@ sp needed
 2476 003e 80BD     		pop	{r7, pc}
 2477              		.cfi_endproc
 2478              	.LFE87:
 2480              		.section	.text.rcu_voltage_key_unlock,"ax",%progbits
 2481              		.align	1
 2482              		.global	rcu_voltage_key_unlock
 2483              		.syntax unified
 2484              		.code	16
 2485              		.thumb_func
 2486              		.fpu softvfp
 2488              	rcu_voltage_key_unlock:
 2489              	.LFB88:
 754:../Firmware/GD32E23x_standard_peripheral/Source/gd32e23x_rcu.c **** 
 755:../Firmware/GD32E23x_standard_peripheral/Source/gd32e23x_rcu.c **** /*!
 756:../Firmware/GD32E23x_standard_peripheral/Source/gd32e23x_rcu.c ****     \brief      unlock the voltage key
 757:../Firmware/GD32E23x_standard_peripheral/Source/gd32e23x_rcu.c ****     \param[in]  none
 758:../Firmware/GD32E23x_standard_peripheral/Source/gd32e23x_rcu.c ****     \param[out] none
 759:../Firmware/GD32E23x_standard_peripheral/Source/gd32e23x_rcu.c ****     \retval     none
 760:../Firmware/GD32E23x_standard_peripheral/Source/gd32e23x_rcu.c **** */
 761:../Firmware/GD32E23x_standard_peripheral/Source/gd32e23x_rcu.c **** void rcu_voltage_key_unlock(void)
 762:../Firmware/GD32E23x_standard_peripheral/Source/gd32e23x_rcu.c **** {
 2490              		.loc 1 762 1
 2491              		.cfi_startproc
 2492              		@ args = 0, pretend = 0, frame = 0
 2493              		@ frame_needed = 1, uses_anonymous_args = 0
 2494 0000 80B5     		push	{r7, lr}
 2495              		.cfi_def_cfa_offset 8
 2496              		.cfi_offset 7, -8
 2497              		.cfi_offset 14, -4
 2498 0002 00AF     		add	r7, sp, #0
 2499              		.cfi_def_cfa_register 7
 763:../Firmware/GD32E23x_standard_peripheral/Source/gd32e23x_rcu.c ****     /* reset the KEY bits and set 0x1A2B3C4D */
 764:../Firmware/GD32E23x_standard_peripheral/Source/gd32e23x_rcu.c ****     RCU_VKEY &= ~RCU_VKEY_KEY;
 2500              		.loc 1 764 14
 2501 0004 41F20013 		movw	r3, #4352
 2502 0008 C4F20203 		movt	r3, 16386
 2503 000c 1B68     		ldr	r3, [r3]
 2504 000e 41F20013 		movw	r3, #4352
 2505 0012 C4F20203 		movt	r3, 16386
 2506 0016 0022     		movs	r2, #0
 2507 0018 1A60     		str	r2, [r3]
 765:../Firmware/GD32E23x_standard_peripheral/Source/gd32e23x_rcu.c ****     RCU_VKEY |= RCU_VKEY_UNLOCK;
 2508              		.loc 1 765 14
 2509 001a 41F20013 		movw	r3, #4352
 2510 001e C4F20203 		movt	r3, 16386
 2511 0022 1968     		ldr	r1, [r3]
 2512 0024 41F20013 		movw	r3, #4352
 2513 0028 C4F20203 		movt	r3, 16386
 2514 002c 43F64D42 		movw	r2, #15437
 2515 0030 C1F62B22 		movt	r2, 6699
 2516 0034 0A43     		orrs	r2, r1
 2517 0036 1A60     		str	r2, [r3]
 766:../Firmware/GD32E23x_standard_peripheral/Source/gd32e23x_rcu.c **** }
 2518              		.loc 1 766 1
 2519 0038 C046     		nop
 2520 003a BD46     		mov	sp, r7
 2521              		@ sp needed
 2522 003c 80BD     		pop	{r7, pc}
 2523              		.cfi_endproc
 2524              	.LFE88:
 2526              		.section	.text.rcu_deepsleep_voltage_set,"ax",%progbits
 2527              		.align	1
 2528              		.global	rcu_deepsleep_voltage_set
 2529              		.syntax unified
 2530              		.code	16
 2531              		.thumb_func
 2532              		.fpu softvfp
 2534              	rcu_deepsleep_voltage_set:
 2535              	.LFB89:
 767:../Firmware/GD32E23x_standard_peripheral/Source/gd32e23x_rcu.c **** 
 768:../Firmware/GD32E23x_standard_peripheral/Source/gd32e23x_rcu.c **** /*!
 769:../Firmware/GD32E23x_standard_peripheral/Source/gd32e23x_rcu.c ****     \brief      set voltage in deep sleep mode
 770:../Firmware/GD32E23x_standard_peripheral/Source/gd32e23x_rcu.c ****     \param[in]  dsvol: deep sleep mode voltage
 771:../Firmware/GD32E23x_standard_peripheral/Source/gd32e23x_rcu.c ****                 only one parameter can be selected which is shown as below:
 772:../Firmware/GD32E23x_standard_peripheral/Source/gd32e23x_rcu.c ****       \arg        RCU_DEEPSLEEP_V_1_0: the core voltage is 1.0V
 773:../Firmware/GD32E23x_standard_peripheral/Source/gd32e23x_rcu.c ****       \arg        RCU_DEEPSLEEP_V_0_9: the core voltage is 0.9V
 774:../Firmware/GD32E23x_standard_peripheral/Source/gd32e23x_rcu.c ****       \arg        RCU_DEEPSLEEP_V_0_8: the core voltage is 0.8V
 775:../Firmware/GD32E23x_standard_peripheral/Source/gd32e23x_rcu.c ****       \arg        RCU_DEEPSLEEP_V_1_2: the core voltage is 1.2V
 776:../Firmware/GD32E23x_standard_peripheral/Source/gd32e23x_rcu.c ****     \param[out] none
 777:../Firmware/GD32E23x_standard_peripheral/Source/gd32e23x_rcu.c ****     \retval     none
 778:../Firmware/GD32E23x_standard_peripheral/Source/gd32e23x_rcu.c **** */
 779:../Firmware/GD32E23x_standard_peripheral/Source/gd32e23x_rcu.c **** void rcu_deepsleep_voltage_set(uint32_t dsvol)
 780:../Firmware/GD32E23x_standard_peripheral/Source/gd32e23x_rcu.c **** {
 2536              		.loc 1 780 1
 2537              		.cfi_startproc
 2538              		@ args = 0, pretend = 0, frame = 8
 2539              		@ frame_needed = 1, uses_anonymous_args = 0
 2540 0000 80B5     		push	{r7, lr}
 2541              		.cfi_def_cfa_offset 8
 2542              		.cfi_offset 7, -8
 2543              		.cfi_offset 14, -4
 2544 0002 82B0     		sub	sp, sp, #8
 2545              		.cfi_def_cfa_offset 16
 2546 0004 00AF     		add	r7, sp, #0
 2547              		.cfi_def_cfa_register 7
 2548 0006 7860     		str	r0, [r7, #4]
 781:../Firmware/GD32E23x_standard_peripheral/Source/gd32e23x_rcu.c ****     /* reset the DSLPVS bits and set according to dsvol */
 782:../Firmware/GD32E23x_standard_peripheral/Source/gd32e23x_rcu.c ****     RCU_DSV &= ~RCU_DSV_DSLPVS;
 2549              		.loc 1 782 13
 2550 0008 41F23413 		movw	r3, #4404
 2551 000c C4F20203 		movt	r3, 16386
 2552 0010 1A68     		ldr	r2, [r3]
 2553 0012 41F23413 		movw	r3, #4404
 2554 0016 C4F20203 		movt	r3, 16386
 2555 001a 0321     		movs	r1, #3
 2556 001c 8A43     		bics	r2, r1
 2557 001e 1A60     		str	r2, [r3]
 783:../Firmware/GD32E23x_standard_peripheral/Source/gd32e23x_rcu.c ****     RCU_DSV |= dsvol;
 2558              		.loc 1 783 13
 2559 0020 41F23413 		movw	r3, #4404
 2560 0024 C4F20203 		movt	r3, 16386
 2561 0028 1968     		ldr	r1, [r3]
 2562 002a 41F23413 		movw	r3, #4404
 2563 002e C4F20203 		movt	r3, 16386
 2564 0032 7A68     		ldr	r2, [r7, #4]
 2565 0034 0A43     		orrs	r2, r1
 2566 0036 1A60     		str	r2, [r3]
 784:../Firmware/GD32E23x_standard_peripheral/Source/gd32e23x_rcu.c **** }
 2567              		.loc 1 784 1
 2568 0038 C046     		nop
 2569 003a BD46     		mov	sp, r7
 2570 003c 02B0     		add	sp, sp, #8
 2571              		@ sp needed
 2572 003e 80BD     		pop	{r7, pc}
 2573              		.cfi_endproc
 2574              	.LFE89:
 2576              		.section	.rodata
 2577              		.align	2
 2578              	.LC1:
 2579 0000 00000000 		.ascii	"\000\000\000\000\000\000\000\000\001\002\003\004\006"
 2579      00000000 
 2579      01020304 
 2579      06
 2580 000d 070809   		.ascii	"\007\010\011"
 2581              		.align	2
 2582              	.LC2:
 2583 0010 00000000 		.ascii	"\000\000\000\000\001\002\003\004"
 2583      01020304 
 2584              		.section	.text.rcu_clock_freq_get,"ax",%progbits
 2585              		.align	1
 2586              		.global	rcu_clock_freq_get
 2587              		.syntax unified
 2588              		.code	16
 2589              		.thumb_func
 2590              		.fpu softvfp
 2592              	rcu_clock_freq_get:
 2593              	.LFB90:
 785:../Firmware/GD32E23x_standard_peripheral/Source/gd32e23x_rcu.c **** 
 786:../Firmware/GD32E23x_standard_peripheral/Source/gd32e23x_rcu.c **** /*!
 787:../Firmware/GD32E23x_standard_peripheral/Source/gd32e23x_rcu.c ****     \brief      get the system clock, bus and peripheral clock frequency
 788:../Firmware/GD32E23x_standard_peripheral/Source/gd32e23x_rcu.c ****     \param[in]  clock: the clock frequency which to get
 789:../Firmware/GD32E23x_standard_peripheral/Source/gd32e23x_rcu.c ****                 only one parameter can be selected which is shown as below:
 790:../Firmware/GD32E23x_standard_peripheral/Source/gd32e23x_rcu.c ****       \arg        CK_SYS: system clock frequency
 791:../Firmware/GD32E23x_standard_peripheral/Source/gd32e23x_rcu.c ****       \arg        CK_AHB: AHB clock frequency
 792:../Firmware/GD32E23x_standard_peripheral/Source/gd32e23x_rcu.c ****       \arg        CK_APB1: APB1 clock frequency
 793:../Firmware/GD32E23x_standard_peripheral/Source/gd32e23x_rcu.c ****       \arg        CK_APB2: APB2 clock frequency
 794:../Firmware/GD32E23x_standard_peripheral/Source/gd32e23x_rcu.c ****       \arg        CK_ADC: ADC clock frequency
 795:../Firmware/GD32E23x_standard_peripheral/Source/gd32e23x_rcu.c ****       \arg        CK_USART: USART0 clock frequency
 796:../Firmware/GD32E23x_standard_peripheral/Source/gd32e23x_rcu.c ****     \param[out] none
 797:../Firmware/GD32E23x_standard_peripheral/Source/gd32e23x_rcu.c ****     \retval     clock frequency of system, AHB, APB1, APB2, ADC or USRAT0
 798:../Firmware/GD32E23x_standard_peripheral/Source/gd32e23x_rcu.c **** */
 799:../Firmware/GD32E23x_standard_peripheral/Source/gd32e23x_rcu.c **** uint32_t rcu_clock_freq_get(rcu_clock_freq_enum clock)
 800:../Firmware/GD32E23x_standard_peripheral/Source/gd32e23x_rcu.c **** {
 2594              		.loc 1 800 1
 2595              		.cfi_startproc
 2596              		@ args = 0, pretend = 0, frame = 104
 2597              		@ frame_needed = 1, uses_anonymous_args = 0
 2598 0000 90B5     		push	{r4, r7, lr}
 2599              		.cfi_def_cfa_offset 12
 2600              		.cfi_offset 4, -12
 2601              		.cfi_offset 7, -8
 2602              		.cfi_offset 14, -4
 2603 0002 9BB0     		sub	sp, sp, #108
 2604              		.cfi_def_cfa_offset 120
 2605 0004 00AF     		add	r7, sp, #0
 2606              		.cfi_def_cfa_register 7
 2607 0006 0200     		movs	r2, r0
 2608 0008 FB1D     		adds	r3, r7, #7
 2609 000a 1A70     		strb	r2, [r3]
 801:../Firmware/GD32E23x_standard_peripheral/Source/gd32e23x_rcu.c ****     uint32_t sws = 0U, adcps = 0U, adcps2 = 0U, ck_freq = 0U;
 2610              		.loc 1 801 14
 2611 000c 0023     		movs	r3, #0
 2612 000e 3B65     		str	r3, [r7, #80]
 2613              		.loc 1 801 24
 2614 0010 0023     		movs	r3, #0
 2615 0012 FB64     		str	r3, [r7, #76]
 2616              		.loc 1 801 36
 2617 0014 0023     		movs	r3, #0
 2618 0016 BB64     		str	r3, [r7, #72]
 2619              		.loc 1 801 49
 2620 0018 0023     		movs	r3, #0
 2621 001a 7B66     		str	r3, [r7, #100]
 802:../Firmware/GD32E23x_standard_peripheral/Source/gd32e23x_rcu.c ****     uint32_t cksys_freq = 0U, ahb_freq = 0U, apb1_freq = 0U, apb2_freq = 0U;
 2622              		.loc 1 802 14
 2623 001c 0023     		movs	r3, #0
 2624 001e 3B66     		str	r3, [r7, #96]
 2625              		.loc 1 802 31
 2626 0020 0023     		movs	r3, #0
 2627 0022 7B64     		str	r3, [r7, #68]
 2628              		.loc 1 802 46
 2629 0024 0023     		movs	r3, #0
 2630 0026 3B64     		str	r3, [r7, #64]
 2631              		.loc 1 802 62
 2632 0028 0023     		movs	r3, #0
 2633 002a FB63     		str	r3, [r7, #60]
 803:../Firmware/GD32E23x_standard_peripheral/Source/gd32e23x_rcu.c ****     uint32_t adc_freq = 0U, usart_freq = 0U;
 2634              		.loc 1 803 14
 2635 002c 0023     		movs	r3, #0
 2636 002e FB65     		str	r3, [r7, #92]
 2637              		.loc 1 803 29
 2638 0030 0023     		movs	r3, #0
 2639 0032 BB65     		str	r3, [r7, #88]
 804:../Firmware/GD32E23x_standard_peripheral/Source/gd32e23x_rcu.c ****     uint32_t pllmf = 0U, pllmf4 = 0U, pllsel = 0U, prediv = 0U, idx = 0U, clk_exp = 0U;
 2640              		.loc 1 804 14
 2641 0034 0023     		movs	r3, #0
 2642 0036 7B65     		str	r3, [r7, #84]
 2643              		.loc 1 804 26
 2644 0038 0023     		movs	r3, #0
 2645 003a BB63     		str	r3, [r7, #56]
 2646              		.loc 1 804 39
 2647 003c 0023     		movs	r3, #0
 2648 003e 7B63     		str	r3, [r7, #52]
 2649              		.loc 1 804 52
 2650 0040 0023     		movs	r3, #0
 2651 0042 3B63     		str	r3, [r7, #48]
 2652              		.loc 1 804 65
 2653 0044 0023     		movs	r3, #0
 2654 0046 FB62     		str	r3, [r7, #44]
 2655              		.loc 1 804 75
 2656 0048 0023     		movs	r3, #0
 2657 004a BB62     		str	r3, [r7, #40]
 805:../Firmware/GD32E23x_standard_peripheral/Source/gd32e23x_rcu.c ****     /* exponent of AHB, APB1 and APB2 clock divider */
 806:../Firmware/GD32E23x_standard_peripheral/Source/gd32e23x_rcu.c ****     const uint8_t ahb_exp[16] = {0, 0, 0, 0, 0, 0, 0, 0, 1, 2, 3, 4, 6, 7, 8, 9};
 2658              		.loc 1 806 19
 2659 004c 1823     		movs	r3, #24
 2660 004e FA18     		adds	r2, r7, r3
 2661 0050 40F20003 		movw	r3, #:lower16:.LC1
 2662 0054 C0F20003 		movt	r3, #:upper16:.LC1
 2663 0058 13CB     		ldmia	r3!, {r0, r1, r4}
 2664 005a 13C2     		stmia	r2!, {r0, r1, r4}
 2665 005c 1B68     		ldr	r3, [r3]
 2666 005e 1360     		str	r3, [r2]
 807:../Firmware/GD32E23x_standard_peripheral/Source/gd32e23x_rcu.c ****     const uint8_t apb1_exp[8] = {0, 0, 0, 0, 1, 2, 3, 4};
 2667              		.loc 1 807 19
 2668 0060 1023     		movs	r3, #16
 2669 0062 FA18     		adds	r2, r7, r3
 2670 0064 40F20003 		movw	r3, #:lower16:.LC2
 2671 0068 C0F20003 		movt	r3, #:upper16:.LC2
 2672 006c 03CB     		ldmia	r3!, {r0, r1}
 2673 006e 03C2     		stmia	r2!, {r0, r1}
 808:../Firmware/GD32E23x_standard_peripheral/Source/gd32e23x_rcu.c ****     const uint8_t apb2_exp[8] = {0, 0, 0, 0, 1, 2, 3, 4};
 2674              		.loc 1 808 19
 2675 0070 0823     		movs	r3, #8
 2676 0072 FA18     		adds	r2, r7, r3
 2677 0074 40F20003 		movw	r3, #:lower16:.LC2
 2678 0078 C0F20003 		movt	r3, #:upper16:.LC2
 2679 007c 03CB     		ldmia	r3!, {r0, r1}
 2680 007e 03C2     		stmia	r2!, {r0, r1}
 809:../Firmware/GD32E23x_standard_peripheral/Source/gd32e23x_rcu.c **** 
 810:../Firmware/GD32E23x_standard_peripheral/Source/gd32e23x_rcu.c ****     sws = GET_BITS(RCU_CFG0, 2, 3);
 2681              		.loc 1 810 11
 2682 0080 41F20403 		movw	r3, #4100
 2683 0084 C4F20203 		movt	r3, 16386
 2684 0088 1B68     		ldr	r3, [r3]
 2685 008a 9B08     		lsrs	r3, r3, #2
 2686              		.loc 1 810 9
 2687 008c 0322     		movs	r2, #3
 2688 008e 1340     		ands	r3, r2
 2689 0090 3B65     		str	r3, [r7, #80]
 811:../Firmware/GD32E23x_standard_peripheral/Source/gd32e23x_rcu.c ****     switch(sws) {
 2690              		.loc 1 811 5
 2691 0092 3B6D     		ldr	r3, [r7, #80]
 2692 0094 022B     		cmp	r3, #2
 2693 0096 14D0     		beq	.L125
 2694 0098 3B6D     		ldr	r3, [r7, #80]
 2695 009a 022B     		cmp	r3, #2
 2696 009c 5DD8     		bhi	.L126
 2697 009e 3B6D     		ldr	r3, [r7, #80]
 2698 00a0 1BB1     		cbz	r3, .L127
 2699 00a2 3B6D     		ldr	r3, [r7, #80]
 2700 00a4 012B     		cmp	r3, #1
 2701 00a6 06D0     		beq	.L128
 2702 00a8 57E0     		b	.L126
 2703              	.L127:
 812:../Firmware/GD32E23x_standard_peripheral/Source/gd32e23x_rcu.c ****     /* IRC8M is selected as CK_SYS */
 813:../Firmware/GD32E23x_standard_peripheral/Source/gd32e23x_rcu.c ****     case SEL_IRC8M:
 814:../Firmware/GD32E23x_standard_peripheral/Source/gd32e23x_rcu.c ****         cksys_freq = IRC8M_VALUE;
 2704              		.loc 1 814 20
 2705 00aa 41F20023 		movw	r3, #4608
 2706 00ae C0F27A03 		movt	r3, 122
 2707 00b2 3B66     		str	r3, [r7, #96]
 815:../Firmware/GD32E23x_standard_peripheral/Source/gd32e23x_rcu.c ****         break;
 2708              		.loc 1 815 9
 2709 00b4 57E0     		b	.L129
 2710              	.L128:
 816:../Firmware/GD32E23x_standard_peripheral/Source/gd32e23x_rcu.c ****     /* HXTAL is selected as CK_SYS */
 817:../Firmware/GD32E23x_standard_peripheral/Source/gd32e23x_rcu.c ****     case SEL_HXTAL:
 818:../Firmware/GD32E23x_standard_peripheral/Source/gd32e23x_rcu.c ****         cksys_freq = HXTAL_VALUE;
 2711              		.loc 1 818 20
 2712 00b6 41F20023 		movw	r3, #4608
 2713 00ba C0F27A03 		movt	r3, 122
 2714 00be 3B66     		str	r3, [r7, #96]
 819:../Firmware/GD32E23x_standard_peripheral/Source/gd32e23x_rcu.c ****         break;
 2715              		.loc 1 819 9
 2716 00c0 51E0     		b	.L129
 2717              	.L125:
 820:../Firmware/GD32E23x_standard_peripheral/Source/gd32e23x_rcu.c ****     /* PLL is selected as CK_SYS */
 821:../Firmware/GD32E23x_standard_peripheral/Source/gd32e23x_rcu.c ****     case SEL_PLL:
 822:../Firmware/GD32E23x_standard_peripheral/Source/gd32e23x_rcu.c ****         /* get the value of PLLMF[3:0] */
 823:../Firmware/GD32E23x_standard_peripheral/Source/gd32e23x_rcu.c ****         pllmf = GET_BITS(RCU_CFG0, 18, 21);
 2718              		.loc 1 823 17
 2719 00c2 41F20403 		movw	r3, #4100
 2720 00c6 C4F20203 		movt	r3, 16386
 2721 00ca 1B68     		ldr	r3, [r3]
 2722 00cc 9B0C     		lsrs	r3, r3, #18
 2723              		.loc 1 823 15
 2724 00ce 0F22     		movs	r2, #15
 2725 00d0 1340     		ands	r3, r2
 2726 00d2 7B65     		str	r3, [r7, #84]
 824:../Firmware/GD32E23x_standard_peripheral/Source/gd32e23x_rcu.c ****         pllmf4 = GET_BITS(RCU_CFG0, 27, 27);
 2727              		.loc 1 824 18
 2728 00d4 41F20403 		movw	r3, #4100
 2729 00d8 C4F20203 		movt	r3, 16386
 2730 00dc 1B68     		ldr	r3, [r3]
 2731 00de DB0E     		lsrs	r3, r3, #27
 2732              		.loc 1 824 16
 2733 00e0 0122     		movs	r2, #1
 2734 00e2 1340     		ands	r3, r2
 2735 00e4 BB63     		str	r3, [r7, #56]
 825:../Firmware/GD32E23x_standard_peripheral/Source/gd32e23x_rcu.c ****         /* high 16 bits */
 826:../Firmware/GD32E23x_standard_peripheral/Source/gd32e23x_rcu.c ****         if(1U == pllmf4) {
 2736              		.loc 1 826 11
 2737 00e6 BB6B     		ldr	r3, [r7, #56]
 2738 00e8 012B     		cmp	r3, #1
 2739 00ea 03D1     		bne	.L130
 827:../Firmware/GD32E23x_standard_peripheral/Source/gd32e23x_rcu.c ****             pllmf += 17U;
 2740              		.loc 1 827 19
 2741 00ec 7B6D     		ldr	r3, [r7, #84]
 2742 00ee 1133     		adds	r3, r3, #17
 2743 00f0 7B65     		str	r3, [r7, #84]
 2744 00f2 08E0     		b	.L131
 2745              	.L130:
 828:../Firmware/GD32E23x_standard_peripheral/Source/gd32e23x_rcu.c ****         } else if(15U == pllmf) {
 2746              		.loc 1 828 18
 2747 00f4 7B6D     		ldr	r3, [r7, #84]
 2748 00f6 0F2B     		cmp	r3, #15
 2749 00f8 02D1     		bne	.L132
 829:../Firmware/GD32E23x_standard_peripheral/Source/gd32e23x_rcu.c ****             pllmf = 16U;
 2750              		.loc 1 829 19
 2751 00fa 1023     		movs	r3, #16
 2752 00fc 7B65     		str	r3, [r7, #84]
 2753 00fe 02E0     		b	.L131
 2754              	.L132:
 830:../Firmware/GD32E23x_standard_peripheral/Source/gd32e23x_rcu.c ****         } else {
 831:../Firmware/GD32E23x_standard_peripheral/Source/gd32e23x_rcu.c ****             pllmf += 2U;
 2755              		.loc 1 831 19
 2756 0100 7B6D     		ldr	r3, [r7, #84]
 2757 0102 0233     		adds	r3, r3, #2
 2758 0104 7B65     		str	r3, [r7, #84]
 2759              	.L131:
 832:../Firmware/GD32E23x_standard_peripheral/Source/gd32e23x_rcu.c ****         }
 833:../Firmware/GD32E23x_standard_peripheral/Source/gd32e23x_rcu.c **** 
 834:../Firmware/GD32E23x_standard_peripheral/Source/gd32e23x_rcu.c ****         /* PLL clock source selection, HXTAL or IRC8M/2 */
 835:../Firmware/GD32E23x_standard_peripheral/Source/gd32e23x_rcu.c ****         pllsel = GET_BITS(RCU_CFG0, 16, 16);
 2760              		.loc 1 835 18
 2761 0106 41F20403 		movw	r3, #4100
 2762 010a C4F20203 		movt	r3, 16386
 2763 010e 1B68     		ldr	r3, [r3]
 2764 0110 1B0C     		lsrs	r3, r3, #16
 2765              		.loc 1 835 16
 2766 0112 0122     		movs	r2, #1
 2767 0114 1340     		ands	r3, r2
 2768 0116 7B63     		str	r3, [r7, #52]
 836:../Firmware/GD32E23x_standard_peripheral/Source/gd32e23x_rcu.c ****         if(0U != pllsel) {
 2769              		.loc 1 836 11
 2770 0118 7B6B     		ldr	r3, [r7, #52]
 2771 011a 9BB1     		cbz	r3, .L133
 837:../Firmware/GD32E23x_standard_peripheral/Source/gd32e23x_rcu.c ****             prediv = (GET_BITS(RCU_CFG1, 0, 3) + 1U);
 2772              		.loc 1 837 23
 2773 011c 41F22C03 		movw	r3, #4140
 2774 0120 C4F20203 		movt	r3, 16386
 2775 0124 1B68     		ldr	r3, [r3]
 2776 0126 0F22     		movs	r2, #15
 2777 0128 1340     		ands	r3, r2
 2778              		.loc 1 837 20
 2779 012a 0133     		adds	r3, r3, #1
 2780 012c 3B63     		str	r3, [r7, #48]
 838:../Firmware/GD32E23x_standard_peripheral/Source/gd32e23x_rcu.c ****             cksys_freq = (HXTAL_VALUE / prediv) * pllmf;
 2781              		.loc 1 838 39
 2782 012e 41F20023 		movw	r3, #4608
 2783 0132 C0F27A03 		movt	r3, 122
 2784 0136 3A6B     		ldr	r2, [r7, #48]
 2785 0138 B3FBF2F3 		udiv	r3, r3, r2
 2786              		.loc 1 838 24
 2787 013c 7A6D     		ldr	r2, [r7, #84]
 2788 013e 5343     		muls	r3, r2
 2789 0140 3B66     		str	r3, [r7, #96]
 839:../Firmware/GD32E23x_standard_peripheral/Source/gd32e23x_rcu.c ****         } else {
 840:../Firmware/GD32E23x_standard_peripheral/Source/gd32e23x_rcu.c ****             cksys_freq = (IRC8M_VALUE >> 1) * pllmf;
 841:../Firmware/GD32E23x_standard_peripheral/Source/gd32e23x_rcu.c ****         }
 842:../Firmware/GD32E23x_standard_peripheral/Source/gd32e23x_rcu.c ****         break;
 2790              		.loc 1 842 9
 2791 0142 10E0     		b	.L129
 2792              	.L133:
 840:../Firmware/GD32E23x_standard_peripheral/Source/gd32e23x_rcu.c ****         }
 2793              		.loc 1 840 24
 2794 0144 796D     		ldr	r1, [r7, #84]
 2795 0146 0A00     		movs	r2, r1
 2796 0148 5201     		lsls	r2, r2, #5
 2797 014a 521A     		subs	r2, r2, r1
 2798 014c 9301     		lsls	r3, r2, #6
 2799 014e 9B1A     		subs	r3, r3, r2
 2800 0150 DB00     		lsls	r3, r3, #3
 2801 0152 5B18     		adds	r3, r3, r1
 2802 0154 1B02     		lsls	r3, r3, #8
 2803 0156 3B66     		str	r3, [r7, #96]
 2804              		.loc 1 842 9
 2805 0158 05E0     		b	.L129
 2806              	.L126:
 843:../Firmware/GD32E23x_standard_peripheral/Source/gd32e23x_rcu.c ****     /* IRC8M is selected as CK_SYS */
 844:../Firmware/GD32E23x_standard_peripheral/Source/gd32e23x_rcu.c ****     default:
 845:../Firmware/GD32E23x_standard_peripheral/Source/gd32e23x_rcu.c ****         cksys_freq = IRC8M_VALUE;
 2807              		.loc 1 845 20
 2808 015a 41F20023 		movw	r3, #4608
 2809 015e C0F27A03 		movt	r3, 122
 2810 0162 3B66     		str	r3, [r7, #96]
 846:../Firmware/GD32E23x_standard_peripheral/Source/gd32e23x_rcu.c ****         break;
 2811              		.loc 1 846 9
 2812 0164 C046     		nop
 2813              	.L129:
 847:../Firmware/GD32E23x_standard_peripheral/Source/gd32e23x_rcu.c ****     }
 848:../Firmware/GD32E23x_standard_peripheral/Source/gd32e23x_rcu.c ****     /* calculate AHB clock frequency */
 849:../Firmware/GD32E23x_standard_peripheral/Source/gd32e23x_rcu.c ****     idx = GET_BITS(RCU_CFG0, 4, 7);
 2814              		.loc 1 849 11
 2815 0166 41F20403 		movw	r3, #4100
 2816 016a C4F20203 		movt	r3, 16386
 2817 016e 1B68     		ldr	r3, [r3]
 2818 0170 1B09     		lsrs	r3, r3, #4
 2819              		.loc 1 849 9
 2820 0172 0F22     		movs	r2, #15
 2821 0174 1340     		ands	r3, r2
 2822 0176 FB62     		str	r3, [r7, #44]
 850:../Firmware/GD32E23x_standard_peripheral/Source/gd32e23x_rcu.c ****     clk_exp = ahb_exp[idx];
 2823              		.loc 1 850 22
 2824 0178 1823     		movs	r3, #24
 2825 017a FA18     		adds	r2, r7, r3
 2826 017c FB6A     		ldr	r3, [r7, #44]
 2827 017e D318     		adds	r3, r2, r3
 2828 0180 1B78     		ldrb	r3, [r3]
 2829              		.loc 1 850 13
 2830 0182 BB62     		str	r3, [r7, #40]
 851:../Firmware/GD32E23x_standard_peripheral/Source/gd32e23x_rcu.c ****     ahb_freq = cksys_freq >> clk_exp;
 2831              		.loc 1 851 14
 2832 0184 3A6E     		ldr	r2, [r7, #96]
 2833 0186 BB6A     		ldr	r3, [r7, #40]
 2834 0188 DA40     		lsrs	r2, r2, r3
 2835 018a 1300     		movs	r3, r2
 2836 018c 7B64     		str	r3, [r7, #68]
 852:../Firmware/GD32E23x_standard_peripheral/Source/gd32e23x_rcu.c **** 
 853:../Firmware/GD32E23x_standard_peripheral/Source/gd32e23x_rcu.c ****     /* calculate APB1 clock frequency */
 854:../Firmware/GD32E23x_standard_peripheral/Source/gd32e23x_rcu.c ****     idx = GET_BITS(RCU_CFG0, 8, 10);
 2837              		.loc 1 854 11
 2838 018e 41F20403 		movw	r3, #4100
 2839 0192 C4F20203 		movt	r3, 16386
 2840 0196 1B68     		ldr	r3, [r3]
 2841 0198 1B0A     		lsrs	r3, r3, #8
 2842              		.loc 1 854 9
 2843 019a 0722     		movs	r2, #7
 2844 019c 1340     		ands	r3, r2
 2845 019e FB62     		str	r3, [r7, #44]
 855:../Firmware/GD32E23x_standard_peripheral/Source/gd32e23x_rcu.c ****     clk_exp = apb1_exp[idx];
 2846              		.loc 1 855 23
 2847 01a0 1023     		movs	r3, #16
 2848 01a2 FA18     		adds	r2, r7, r3
 2849 01a4 FB6A     		ldr	r3, [r7, #44]
 2850 01a6 D318     		adds	r3, r2, r3
 2851 01a8 1B78     		ldrb	r3, [r3]
 2852              		.loc 1 855 13
 2853 01aa BB62     		str	r3, [r7, #40]
 856:../Firmware/GD32E23x_standard_peripheral/Source/gd32e23x_rcu.c ****     apb1_freq = ahb_freq >> clk_exp;
 2854              		.loc 1 856 15
 2855 01ac 7A6C     		ldr	r2, [r7, #68]
 2856 01ae BB6A     		ldr	r3, [r7, #40]
 2857 01b0 DA40     		lsrs	r2, r2, r3
 2858 01b2 1300     		movs	r3, r2
 2859 01b4 3B64     		str	r3, [r7, #64]
 857:../Firmware/GD32E23x_standard_peripheral/Source/gd32e23x_rcu.c **** 
 858:../Firmware/GD32E23x_standard_peripheral/Source/gd32e23x_rcu.c ****     /* calculate APB2 clock frequency */
 859:../Firmware/GD32E23x_standard_peripheral/Source/gd32e23x_rcu.c ****     idx = GET_BITS(RCU_CFG0, 11, 13);
 2860              		.loc 1 859 11
 2861 01b6 41F20403 		movw	r3, #4100
 2862 01ba C4F20203 		movt	r3, 16386
 2863 01be 1B68     		ldr	r3, [r3]
 2864 01c0 DB0A     		lsrs	r3, r3, #11
 2865              		.loc 1 859 9
 2866 01c2 0722     		movs	r2, #7
 2867 01c4 1340     		ands	r3, r2
 2868 01c6 FB62     		str	r3, [r7, #44]
 860:../Firmware/GD32E23x_standard_peripheral/Source/gd32e23x_rcu.c ****     clk_exp = apb2_exp[idx];
 2869              		.loc 1 860 23
 2870 01c8 0823     		movs	r3, #8
 2871 01ca FA18     		adds	r2, r7, r3
 2872 01cc FB6A     		ldr	r3, [r7, #44]
 2873 01ce D318     		adds	r3, r2, r3
 2874 01d0 1B78     		ldrb	r3, [r3]
 2875              		.loc 1 860 13
 2876 01d2 BB62     		str	r3, [r7, #40]
 861:../Firmware/GD32E23x_standard_peripheral/Source/gd32e23x_rcu.c ****     apb2_freq = ahb_freq >> clk_exp;
 2877              		.loc 1 861 15
 2878 01d4 7A6C     		ldr	r2, [r7, #68]
 2879 01d6 BB6A     		ldr	r3, [r7, #40]
 2880 01d8 DA40     		lsrs	r2, r2, r3
 2881 01da 1300     		movs	r3, r2
 2882 01dc FB63     		str	r3, [r7, #60]
 862:../Firmware/GD32E23x_standard_peripheral/Source/gd32e23x_rcu.c **** 
 863:../Firmware/GD32E23x_standard_peripheral/Source/gd32e23x_rcu.c ****     /* return the clocks frequency */
 864:../Firmware/GD32E23x_standard_peripheral/Source/gd32e23x_rcu.c ****     switch(clock) {
 2883              		.loc 1 864 5
 2884 01de FB1D     		adds	r3, r7, #7
 2885 01e0 1B78     		ldrb	r3, [r3]
 2886 01e2 052B     		cmp	r3, #5
 2887 01e4 00D9     		bls	.LCB2362
 2888 01e6 C3E0     		b	.L165	@long jump
 2889              	.LCB2362:
 2890 01e8 9A00     		lsls	r2, r3, #2
 2891 01ea 644B     		ldr	r3, .L167
 2892 01ec D318     		adds	r3, r2, r3
 2893 01ee 1B68     		ldr	r3, [r3]
 2894 01f0 9F46     		mov	pc, r3
 2895              		.section	.rodata.rcu_clock_freq_get,"a",%progbits
 2896              		.align	2
 2897              	.L137:
 2898 0000 F2010000 		.word	.L142
 2899 0004 F8010000 		.word	.L141
 2900 0008 FE010000 		.word	.L140
 2901 000c 04020000 		.word	.L139
 2902 0010 0A020000 		.word	.L138
 2903 0014 06030000 		.word	.L136
 2904              		.section	.text.rcu_clock_freq_get
 2905              	.L142:
 865:../Firmware/GD32E23x_standard_peripheral/Source/gd32e23x_rcu.c ****     case CK_SYS:
 866:../Firmware/GD32E23x_standard_peripheral/Source/gd32e23x_rcu.c ****         ck_freq = cksys_freq;
 2906              		.loc 1 866 17
 2907 01f2 3B6E     		ldr	r3, [r7, #96]
 2908 01f4 7B66     		str	r3, [r7, #100]
 867:../Firmware/GD32E23x_standard_peripheral/Source/gd32e23x_rcu.c ****         break;
 2909              		.loc 1 867 9
 2910 01f6 BCE0     		b	.L143
 2911              	.L141:
 868:../Firmware/GD32E23x_standard_peripheral/Source/gd32e23x_rcu.c ****     case CK_AHB:
 869:../Firmware/GD32E23x_standard_peripheral/Source/gd32e23x_rcu.c ****         ck_freq = ahb_freq;
 2912              		.loc 1 869 17
 2913 01f8 7B6C     		ldr	r3, [r7, #68]
 2914 01fa 7B66     		str	r3, [r7, #100]
 870:../Firmware/GD32E23x_standard_peripheral/Source/gd32e23x_rcu.c ****         break;
 2915              		.loc 1 870 9
 2916 01fc B9E0     		b	.L143
 2917              	.L140:
 871:../Firmware/GD32E23x_standard_peripheral/Source/gd32e23x_rcu.c ****     case CK_APB1:
 872:../Firmware/GD32E23x_standard_peripheral/Source/gd32e23x_rcu.c ****         ck_freq = apb1_freq;
 2918              		.loc 1 872 17
 2919 01fe 3B6C     		ldr	r3, [r7, #64]
 2920 0200 7B66     		str	r3, [r7, #100]
 873:../Firmware/GD32E23x_standard_peripheral/Source/gd32e23x_rcu.c ****         break;
 2921              		.loc 1 873 9
 2922 0202 B6E0     		b	.L143
 2923              	.L139:
 874:../Firmware/GD32E23x_standard_peripheral/Source/gd32e23x_rcu.c ****     case CK_APB2:
 875:../Firmware/GD32E23x_standard_peripheral/Source/gd32e23x_rcu.c ****         ck_freq = apb2_freq;
 2924              		.loc 1 875 17
 2925 0204 FB6B     		ldr	r3, [r7, #60]
 2926 0206 7B66     		str	r3, [r7, #100]
 876:../Firmware/GD32E23x_standard_peripheral/Source/gd32e23x_rcu.c ****         break;
 2927              		.loc 1 876 9
 2928 0208 B3E0     		b	.L143
 2929              	.L138:
 877:../Firmware/GD32E23x_standard_peripheral/Source/gd32e23x_rcu.c ****     case CK_ADC:
 878:../Firmware/GD32E23x_standard_peripheral/Source/gd32e23x_rcu.c ****         /* calculate ADC clock frequency */
 879:../Firmware/GD32E23x_standard_peripheral/Source/gd32e23x_rcu.c ****         if(RCU_ADCSRC_AHB_APB2DIV != (RCU_CFG2 & RCU_CFG2_ADCSEL)) {
 2930              		.loc 1 879 39
 2931 020a 41F23003 		movw	r3, #4144
 2932 020e C4F20203 		movt	r3, 16386
 2933 0212 1B68     		ldr	r3, [r3]
 2934              		.loc 1 879 48
 2935 0214 40F20012 		movw	r2, #256
 2936 0218 1340     		ands	r3, r2
 2937              		.loc 1 879 11
 2938 021a 40F20012 		movw	r2, #256
 2939 021e 9342     		cmp	r3, r2
 2940 0220 17D0     		beq	.L144
 880:../Firmware/GD32E23x_standard_peripheral/Source/gd32e23x_rcu.c ****             if(RCU_ADC_IRC28M_DIV1 != (RCU_CFG2 & RCU_CFG2_IRC28MDIV)) {
 2941              		.loc 1 880 40
 2942 0222 41F23003 		movw	r3, #4144
 2943 0226 C4F20203 		movt	r3, 16386
 2944 022a 1A68     		ldr	r2, [r3]
 2945              		.loc 1 880 49
 2946 022c 8023     		movs	r3, #128
 2947 022e 5B02     		lsls	r3, r3, #9
 2948 0230 1A40     		ands	r2, r3
 2949              		.loc 1 880 15
 2950 0232 8023     		movs	r3, #128
 2951 0234 5B02     		lsls	r3, r3, #9
 2952 0236 9A42     		cmp	r2, r3
 2953 0238 05D0     		beq	.L145
 881:../Firmware/GD32E23x_standard_peripheral/Source/gd32e23x_rcu.c ****                 adc_freq = IRC28M_VALUE >> 1;
 2954              		.loc 1 881 26
 2955 023a 49F68073 		movw	r3, #40832
 2956 023e C0F2D503 		movt	r3, 213
 2957 0242 FB65     		str	r3, [r7, #92]
 2958 0244 5CE0     		b	.L146
 2959              	.L145:
 882:../Firmware/GD32E23x_standard_peripheral/Source/gd32e23x_rcu.c ****             } else {
 883:../Firmware/GD32E23x_standard_peripheral/Source/gd32e23x_rcu.c ****                 adc_freq = IRC28M_VALUE;
 2960              		.loc 1 883 26
 2961 0246 43F60073 		movw	r3, #16128
 2962 024a C0F2AB13 		movt	r3, 427
 2963 024e FB65     		str	r3, [r7, #92]
 2964 0250 56E0     		b	.L146
 2965              	.L144:
 884:../Firmware/GD32E23x_standard_peripheral/Source/gd32e23x_rcu.c ****             }
 885:../Firmware/GD32E23x_standard_peripheral/Source/gd32e23x_rcu.c ****         } else {
 886:../Firmware/GD32E23x_standard_peripheral/Source/gd32e23x_rcu.c ****             /* ADC clock select CK_APB2 divided by 2/4/6/8 or CK_AHB divided by 3/5/7/9 */
 887:../Firmware/GD32E23x_standard_peripheral/Source/gd32e23x_rcu.c ****             adcps = GET_BITS(RCU_CFG0, 14, 15);
 2966              		.loc 1 887 21
 2967 0252 41F20403 		movw	r3, #4100
 2968 0256 C4F20203 		movt	r3, 16386
 2969 025a 1B68     		ldr	r3, [r3]
 2970 025c 9B0B     		lsrs	r3, r3, #14
 2971              		.loc 1 887 19
 2972 025e 0322     		movs	r2, #3
 2973 0260 1340     		ands	r3, r2
 2974 0262 FB64     		str	r3, [r7, #76]
 888:../Firmware/GD32E23x_standard_peripheral/Source/gd32e23x_rcu.c ****             adcps2 = GET_BITS(RCU_CFG2, 31, 31);
 2975              		.loc 1 888 22
 2976 0264 41F23003 		movw	r3, #4144
 2977 0268 C4F20203 		movt	r3, 16386
 2978 026c 1B68     		ldr	r3, [r3]
 2979 026e DB0F     		lsrs	r3, r3, #31
 2980              		.loc 1 888 20
 2981 0270 0122     		movs	r2, #1
 2982 0272 1340     		ands	r3, r2
 2983 0274 BB64     		str	r3, [r7, #72]
 2984 0276 FB6C     		ldr	r3, [r7, #76]
 2985 0278 032B     		cmp	r3, #3
 2986 027a 34D0     		beq	.L147
 2987 027c FB6C     		ldr	r3, [r7, #76]
 2988 027e 032B     		cmp	r3, #3
 2989 0280 3DD8     		bhi	.L166
 2990 0282 FB6C     		ldr	r3, [r7, #76]
 2991 0284 022B     		cmp	r3, #2
 2992 0286 20D0     		beq	.L149
 2993 0288 FB6C     		ldr	r3, [r7, #76]
 2994 028a 022B     		cmp	r3, #2
 2995 028c 37D8     		bhi	.L166
 2996 028e FB6C     		ldr	r3, [r7, #76]
 2997 0290 1BB1     		cbz	r3, .L150
 2998 0292 FB6C     		ldr	r3, [r7, #76]
 2999 0294 012B     		cmp	r3, #1
 3000 0296 0CD0     		beq	.L151
 889:../Firmware/GD32E23x_standard_peripheral/Source/gd32e23x_rcu.c ****             switch(adcps) {
 890:../Firmware/GD32E23x_standard_peripheral/Source/gd32e23x_rcu.c ****             case 0:
 891:../Firmware/GD32E23x_standard_peripheral/Source/gd32e23x_rcu.c ****                 if(0U == adcps2) {
 892:../Firmware/GD32E23x_standard_peripheral/Source/gd32e23x_rcu.c ****                     adc_freq = apb2_freq / 2U;
 893:../Firmware/GD32E23x_standard_peripheral/Source/gd32e23x_rcu.c ****                 } else {
 894:../Firmware/GD32E23x_standard_peripheral/Source/gd32e23x_rcu.c ****                     adc_freq = ahb_freq / 3U;
 895:../Firmware/GD32E23x_standard_peripheral/Source/gd32e23x_rcu.c ****                 }
 896:../Firmware/GD32E23x_standard_peripheral/Source/gd32e23x_rcu.c ****                 break;
 897:../Firmware/GD32E23x_standard_peripheral/Source/gd32e23x_rcu.c ****             case 1:
 898:../Firmware/GD32E23x_standard_peripheral/Source/gd32e23x_rcu.c ****                 if(0U == adcps2) {
 899:../Firmware/GD32E23x_standard_peripheral/Source/gd32e23x_rcu.c ****                     adc_freq = apb2_freq / 4U;
 900:../Firmware/GD32E23x_standard_peripheral/Source/gd32e23x_rcu.c ****                 } else {
 901:../Firmware/GD32E23x_standard_peripheral/Source/gd32e23x_rcu.c ****                     adc_freq = ahb_freq / 5U;
 902:../Firmware/GD32E23x_standard_peripheral/Source/gd32e23x_rcu.c ****                 }
 903:../Firmware/GD32E23x_standard_peripheral/Source/gd32e23x_rcu.c ****                 break;
 904:../Firmware/GD32E23x_standard_peripheral/Source/gd32e23x_rcu.c ****             case 2:
 905:../Firmware/GD32E23x_standard_peripheral/Source/gd32e23x_rcu.c ****                 if(0U == adcps2) {
 906:../Firmware/GD32E23x_standard_peripheral/Source/gd32e23x_rcu.c ****                     adc_freq = apb2_freq / 6U;
 907:../Firmware/GD32E23x_standard_peripheral/Source/gd32e23x_rcu.c ****                 } else {
 908:../Firmware/GD32E23x_standard_peripheral/Source/gd32e23x_rcu.c ****                     adc_freq = ahb_freq / 7U;
 909:../Firmware/GD32E23x_standard_peripheral/Source/gd32e23x_rcu.c ****                 }
 910:../Firmware/GD32E23x_standard_peripheral/Source/gd32e23x_rcu.c ****                 break;
 911:../Firmware/GD32E23x_standard_peripheral/Source/gd32e23x_rcu.c ****             case 3:
 912:../Firmware/GD32E23x_standard_peripheral/Source/gd32e23x_rcu.c ****                 if(0U == adcps2) {
 913:../Firmware/GD32E23x_standard_peripheral/Source/gd32e23x_rcu.c ****                     adc_freq = apb2_freq / 8U;
 914:../Firmware/GD32E23x_standard_peripheral/Source/gd32e23x_rcu.c ****                 } else {
 915:../Firmware/GD32E23x_standard_peripheral/Source/gd32e23x_rcu.c ****                     adc_freq = ahb_freq / 9U;
 916:../Firmware/GD32E23x_standard_peripheral/Source/gd32e23x_rcu.c ****                 }
 917:../Firmware/GD32E23x_standard_peripheral/Source/gd32e23x_rcu.c ****                 break;
 918:../Firmware/GD32E23x_standard_peripheral/Source/gd32e23x_rcu.c ****             default:
 919:../Firmware/GD32E23x_standard_peripheral/Source/gd32e23x_rcu.c ****                 break;
 3001              		.loc 1 919 17
 3002 0298 31E0     		b	.L166
 3003              	.L150:
 891:../Firmware/GD32E23x_standard_peripheral/Source/gd32e23x_rcu.c ****                     adc_freq = apb2_freq / 2U;
 3004              		.loc 1 891 19
 3005 029a BB6C     		ldr	r3, [r7, #72]
 3006 029c 1BB9     		cbnz	r3, .L152
 892:../Firmware/GD32E23x_standard_peripheral/Source/gd32e23x_rcu.c ****                 } else {
 3007              		.loc 1 892 30
 3008 029e FB6B     		ldr	r3, [r7, #60]
 3009 02a0 5B08     		lsrs	r3, r3, #1
 3010 02a2 FB65     		str	r3, [r7, #92]
 896:../Firmware/GD32E23x_standard_peripheral/Source/gd32e23x_rcu.c ****             case 1:
 3011              		.loc 1 896 17
 3012 02a4 2CE0     		b	.L146
 3013              	.L152:
 894:../Firmware/GD32E23x_standard_peripheral/Source/gd32e23x_rcu.c ****                 }
 3014              		.loc 1 894 30
 3015 02a6 7B6C     		ldr	r3, [r7, #68]
 3016 02a8 0322     		movs	r2, #3
 3017 02aa B3FBF2F3 		udiv	r3, r3, r2
 3018 02ae FB65     		str	r3, [r7, #92]
 896:../Firmware/GD32E23x_standard_peripheral/Source/gd32e23x_rcu.c ****             case 1:
 3019              		.loc 1 896 17
 3020 02b0 26E0     		b	.L146
 3021              	.L151:
 898:../Firmware/GD32E23x_standard_peripheral/Source/gd32e23x_rcu.c ****                     adc_freq = apb2_freq / 4U;
 3022              		.loc 1 898 19
 3023 02b2 BB6C     		ldr	r3, [r7, #72]
 3024 02b4 1BB9     		cbnz	r3, .L154
 899:../Firmware/GD32E23x_standard_peripheral/Source/gd32e23x_rcu.c ****                 } else {
 3025              		.loc 1 899 30
 3026 02b6 FB6B     		ldr	r3, [r7, #60]
 3027 02b8 9B08     		lsrs	r3, r3, #2
 3028 02ba FB65     		str	r3, [r7, #92]
 903:../Firmware/GD32E23x_standard_peripheral/Source/gd32e23x_rcu.c ****             case 2:
 3029              		.loc 1 903 17
 3030 02bc 20E0     		b	.L146
 3031              	.L154:
 901:../Firmware/GD32E23x_standard_peripheral/Source/gd32e23x_rcu.c ****                 }
 3032              		.loc 1 901 30
 3033 02be 7B6C     		ldr	r3, [r7, #68]
 3034 02c0 0522     		movs	r2, #5
 3035 02c2 B3FBF2F3 		udiv	r3, r3, r2
 3036 02c6 FB65     		str	r3, [r7, #92]
 903:../Firmware/GD32E23x_standard_peripheral/Source/gd32e23x_rcu.c ****             case 2:
 3037              		.loc 1 903 17
 3038 02c8 1AE0     		b	.L146
 3039              	.L149:
 905:../Firmware/GD32E23x_standard_peripheral/Source/gd32e23x_rcu.c ****                     adc_freq = apb2_freq / 6U;
 3040              		.loc 1 905 19
 3041 02ca BB6C     		ldr	r3, [r7, #72]
 3042 02cc 2BB9     		cbnz	r3, .L156
 906:../Firmware/GD32E23x_standard_peripheral/Source/gd32e23x_rcu.c ****                 } else {
 3043              		.loc 1 906 30
 3044 02ce FB6B     		ldr	r3, [r7, #60]
 3045 02d0 0622     		movs	r2, #6
 3046 02d2 B3FBF2F3 		udiv	r3, r3, r2
 3047 02d6 FB65     		str	r3, [r7, #92]
 910:../Firmware/GD32E23x_standard_peripheral/Source/gd32e23x_rcu.c ****             case 3:
 3048              		.loc 1 910 17
 3049 02d8 12E0     		b	.L146
 3050              	.L156:
 908:../Firmware/GD32E23x_standard_peripheral/Source/gd32e23x_rcu.c ****                 }
 3051              		.loc 1 908 30
 3052 02da 7B6C     		ldr	r3, [r7, #68]
 3053 02dc 0722     		movs	r2, #7
 3054 02de B3FBF2F3 		udiv	r3, r3, r2
 3055 02e2 FB65     		str	r3, [r7, #92]
 910:../Firmware/GD32E23x_standard_peripheral/Source/gd32e23x_rcu.c ****             case 3:
 3056              		.loc 1 910 17
 3057 02e4 0CE0     		b	.L146
 3058              	.L147:
 912:../Firmware/GD32E23x_standard_peripheral/Source/gd32e23x_rcu.c ****                     adc_freq = apb2_freq / 8U;
 3059              		.loc 1 912 19
 3060 02e6 BB6C     		ldr	r3, [r7, #72]
 3061 02e8 1BB9     		cbnz	r3, .L158
 913:../Firmware/GD32E23x_standard_peripheral/Source/gd32e23x_rcu.c ****                 } else {
 3062              		.loc 1 913 30
 3063 02ea FB6B     		ldr	r3, [r7, #60]
 3064 02ec DB08     		lsrs	r3, r3, #3
 3065 02ee FB65     		str	r3, [r7, #92]
 917:../Firmware/GD32E23x_standard_peripheral/Source/gd32e23x_rcu.c ****             default:
 3066              		.loc 1 917 17
 3067 02f0 06E0     		b	.L146
 3068              	.L158:
 915:../Firmware/GD32E23x_standard_peripheral/Source/gd32e23x_rcu.c ****                 }
 3069              		.loc 1 915 30
 3070 02f2 7B6C     		ldr	r3, [r7, #68]
 3071 02f4 0922     		movs	r2, #9
 3072 02f6 B3FBF2F3 		udiv	r3, r3, r2
 3073 02fa FB65     		str	r3, [r7, #92]
 917:../Firmware/GD32E23x_standard_peripheral/Source/gd32e23x_rcu.c ****             default:
 3074              		.loc 1 917 17
 3075 02fc 00E0     		b	.L146
 3076              	.L166:
 3077              		.loc 1 919 17
 3078 02fe C046     		nop
 3079              	.L146:
 920:../Firmware/GD32E23x_standard_peripheral/Source/gd32e23x_rcu.c ****             }
 921:../Firmware/GD32E23x_standard_peripheral/Source/gd32e23x_rcu.c ****         }
 922:../Firmware/GD32E23x_standard_peripheral/Source/gd32e23x_rcu.c ****         ck_freq = adc_freq;
 3080              		.loc 1 922 17
 3081 0300 FB6D     		ldr	r3, [r7, #92]
 3082 0302 7B66     		str	r3, [r7, #100]
 923:../Firmware/GD32E23x_standard_peripheral/Source/gd32e23x_rcu.c ****         break;
 3083              		.loc 1 923 9
 3084 0304 35E0     		b	.L143
 3085              	.L136:
 924:../Firmware/GD32E23x_standard_peripheral/Source/gd32e23x_rcu.c ****     case CK_USART:
 925:../Firmware/GD32E23x_standard_peripheral/Source/gd32e23x_rcu.c ****         /* calculate USART0 clock frequency */
 926:../Firmware/GD32E23x_standard_peripheral/Source/gd32e23x_rcu.c ****         if(RCU_USART0SRC_CKAPB2 == (RCU_CFG2 & RCU_CFG2_USART0SEL)) {
 3086              		.loc 1 926 37
 3087 0306 41F23003 		movw	r3, #4144
 3088 030a C4F20203 		movt	r3, 16386
 3089 030e 1B68     		ldr	r3, [r3]
 3090              		.loc 1 926 46
 3091 0310 0322     		movs	r2, #3
 3092 0312 1340     		ands	r3, r2
 3093              		.loc 1 926 11
 3094 0314 13B9     		cbnz	r3, .L160
 927:../Firmware/GD32E23x_standard_peripheral/Source/gd32e23x_rcu.c ****             usart_freq = apb2_freq;
 3095              		.loc 1 927 24
 3096 0316 FB6B     		ldr	r3, [r7, #60]
 3097 0318 BB65     		str	r3, [r7, #88]
 3098 031a 26E0     		b	.L161
 3099              	.L160:
 928:../Firmware/GD32E23x_standard_peripheral/Source/gd32e23x_rcu.c ****         } else if(RCU_USART0SRC_CKSYS == (RCU_CFG2 & RCU_CFG2_USART0SEL)) {
 3100              		.loc 1 928 43
 3101 031c 41F23003 		movw	r3, #4144
 3102 0320 C4F20203 		movt	r3, 16386
 3103 0324 1B68     		ldr	r3, [r3]
 3104              		.loc 1 928 52
 3105 0326 0322     		movs	r2, #3
 3106 0328 1340     		ands	r3, r2
 3107              		.loc 1 928 18
 3108 032a 012B     		cmp	r3, #1
 3109 032c 02D1     		bne	.L162
 929:../Firmware/GD32E23x_standard_peripheral/Source/gd32e23x_rcu.c ****             usart_freq = cksys_freq;
 3110              		.loc 1 929 24
 3111 032e 3B6E     		ldr	r3, [r7, #96]
 3112 0330 BB65     		str	r3, [r7, #88]
 3113 0332 1AE0     		b	.L161
 3114              	.L162:
 930:../Firmware/GD32E23x_standard_peripheral/Source/gd32e23x_rcu.c ****         } else if(RCU_USART0SRC_LXTAL == (RCU_CFG2 & RCU_CFG2_USART0SEL)) {
 3115              		.loc 1 930 43
 3116 0334 41F23003 		movw	r3, #4144
 3117 0338 C4F20203 		movt	r3, 16386
 3118 033c 1B68     		ldr	r3, [r3]
 3119              		.loc 1 930 52
 3120 033e 0322     		movs	r2, #3
 3121 0340 1340     		ands	r3, r2
 3122              		.loc 1 930 18
 3123 0342 022B     		cmp	r3, #2
 3124 0344 03D1     		bne	.L163
 931:../Firmware/GD32E23x_standard_peripheral/Source/gd32e23x_rcu.c ****             usart_freq = LXTAL_VALUE;
 3125              		.loc 1 931 24
 3126 0346 48F20003 		movw	r3, #32768
 3127 034a BB65     		str	r3, [r7, #88]
 3128 034c 0DE0     		b	.L161
 3129              	.L163:
 932:../Firmware/GD32E23x_standard_peripheral/Source/gd32e23x_rcu.c ****         } else if(RCU_USART0SRC_IRC8M == (RCU_CFG2 & RCU_CFG2_USART0SEL)) {
 3130              		.loc 1 932 43
 3131 034e 41F23003 		movw	r3, #4144
 3132 0352 C4F20203 		movt	r3, 16386
 3133 0356 1B68     		ldr	r3, [r3]
 3134              		.loc 1 932 52
 3135 0358 0322     		movs	r2, #3
 3136 035a 1340     		ands	r3, r2
 3137              		.loc 1 932 18
 3138 035c 032B     		cmp	r3, #3
 3139 035e 04D1     		bne	.L161
 933:../Firmware/GD32E23x_standard_peripheral/Source/gd32e23x_rcu.c ****             usart_freq = IRC8M_VALUE;
 3140              		.loc 1 933 24
 3141 0360 41F20023 		movw	r3, #4608
 3142 0364 C0F27A03 		movt	r3, 122
 3143 0368 BB65     		str	r3, [r7, #88]
 3144              	.L161:
 934:../Firmware/GD32E23x_standard_peripheral/Source/gd32e23x_rcu.c ****         } else {
 935:../Firmware/GD32E23x_standard_peripheral/Source/gd32e23x_rcu.c ****         }
 936:../Firmware/GD32E23x_standard_peripheral/Source/gd32e23x_rcu.c ****         ck_freq = usart_freq;
 3145              		.loc 1 936 17
 3146 036a BB6D     		ldr	r3, [r7, #88]
 3147 036c 7B66     		str	r3, [r7, #100]
 937:../Firmware/GD32E23x_standard_peripheral/Source/gd32e23x_rcu.c ****         break;
 3148              		.loc 1 937 9
 3149 036e 00E0     		b	.L143
 3150              	.L165:
 938:../Firmware/GD32E23x_standard_peripheral/Source/gd32e23x_rcu.c ****     default:
 939:../Firmware/GD32E23x_standard_peripheral/Source/gd32e23x_rcu.c ****         break;
 3151              		.loc 1 939 9
 3152 0370 C046     		nop
 3153              	.L143:
 940:../Firmware/GD32E23x_standard_peripheral/Source/gd32e23x_rcu.c ****     }
 941:../Firmware/GD32E23x_standard_peripheral/Source/gd32e23x_rcu.c ****     return ck_freq;
 3154              		.loc 1 941 12
 3155 0372 7B6E     		ldr	r3, [r7, #100]
 942:../Firmware/GD32E23x_standard_peripheral/Source/gd32e23x_rcu.c **** }
 3156              		.loc 1 942 1
 3157 0374 1800     		movs	r0, r3
 3158 0376 BD46     		mov	sp, r7
 3159 0378 1BB0     		add	sp, sp, #108
 3160              		@ sp needed
 3161 037a 90BD     		pop	{r4, r7, pc}
 3162              	.L168:
 3163              		.align	2
 3164              	.L167:
 3165 037c 00000000 		.word	.L137
 3166              		.cfi_endproc
 3167              	.LFE90:
 3169              		.section	.text.rcu_flag_get,"ax",%progbits
 3170              		.align	1
 3171              		.global	rcu_flag_get
 3172              		.syntax unified
 3173              		.code	16
 3174              		.thumb_func
 3175              		.fpu softvfp
 3177              	rcu_flag_get:
 3178              	.LFB91:
 943:../Firmware/GD32E23x_standard_peripheral/Source/gd32e23x_rcu.c **** 
 944:../Firmware/GD32E23x_standard_peripheral/Source/gd32e23x_rcu.c **** /*!
 945:../Firmware/GD32E23x_standard_peripheral/Source/gd32e23x_rcu.c ****     \brief      get the clock stabilization and periphral reset flags
 946:../Firmware/GD32E23x_standard_peripheral/Source/gd32e23x_rcu.c ****     \param[in]  flag: the clock stabilization and periphral reset flags, refer to rcu_flag_enum
 947:../Firmware/GD32E23x_standard_peripheral/Source/gd32e23x_rcu.c ****                 only one parameter can be selected which is shown as below:
 948:../Firmware/GD32E23x_standard_peripheral/Source/gd32e23x_rcu.c ****       \arg        RCU_FLAG_IRC40KSTB: IRC40K stabilization flag
 949:../Firmware/GD32E23x_standard_peripheral/Source/gd32e23x_rcu.c ****       \arg        RCU_FLAG_LXTALSTB: LXTAL stabilization flag
 950:../Firmware/GD32E23x_standard_peripheral/Source/gd32e23x_rcu.c ****       \arg        RCU_FLAG_IRC8MSTB: IRC8M stabilization flag
 951:../Firmware/GD32E23x_standard_peripheral/Source/gd32e23x_rcu.c ****       \arg        RCU_FLAG_HXTALSTB: HXTAL stabilization flag
 952:../Firmware/GD32E23x_standard_peripheral/Source/gd32e23x_rcu.c ****       \arg        RCU_FLAG_PLLSTB: PLL stabilization flag
 953:../Firmware/GD32E23x_standard_peripheral/Source/gd32e23x_rcu.c ****       \arg        RCU_FLAG_IRC28MSTB: IRC28M stabilization flag
 954:../Firmware/GD32E23x_standard_peripheral/Source/gd32e23x_rcu.c ****       \arg        RCU_FLAG_V12RST: V12 domain power reset flag
 955:../Firmware/GD32E23x_standard_peripheral/Source/gd32e23x_rcu.c ****       \arg        RCU_FLAG_OBLRST: option byte loader reset flag
 956:../Firmware/GD32E23x_standard_peripheral/Source/gd32e23x_rcu.c ****       \arg        RCU_FLAG_EPRST: external pin reset flag
 957:../Firmware/GD32E23x_standard_peripheral/Source/gd32e23x_rcu.c ****       \arg        RCU_FLAG_PORRST: power reset flag
 958:../Firmware/GD32E23x_standard_peripheral/Source/gd32e23x_rcu.c ****       \arg        RCU_FLAG_SWRST: software reset flag
 959:../Firmware/GD32E23x_standard_peripheral/Source/gd32e23x_rcu.c ****       \arg        RCU_FLAG_FWDGTRST: free watchdog timer reset flag
 960:../Firmware/GD32E23x_standard_peripheral/Source/gd32e23x_rcu.c ****       \arg        RCU_FLAG_WWDGTRST: window watchdog timer reset flag
 961:../Firmware/GD32E23x_standard_peripheral/Source/gd32e23x_rcu.c ****       \arg        RCU_FLAG_LPRST: low-power reset flag
 962:../Firmware/GD32E23x_standard_peripheral/Source/gd32e23x_rcu.c ****     \param[out] none
 963:../Firmware/GD32E23x_standard_peripheral/Source/gd32e23x_rcu.c ****     \retval     FlagStatus: SET or RESET
 964:../Firmware/GD32E23x_standard_peripheral/Source/gd32e23x_rcu.c **** */
 965:../Firmware/GD32E23x_standard_peripheral/Source/gd32e23x_rcu.c **** FlagStatus rcu_flag_get(rcu_flag_enum flag)
 966:../Firmware/GD32E23x_standard_peripheral/Source/gd32e23x_rcu.c **** {
 3179              		.loc 1 966 1
 3180              		.cfi_startproc
 3181              		@ args = 0, pretend = 0, frame = 8
 3182              		@ frame_needed = 1, uses_anonymous_args = 0
 3183 0000 80B5     		push	{r7, lr}
 3184              		.cfi_def_cfa_offset 8
 3185              		.cfi_offset 7, -8
 3186              		.cfi_offset 14, -4
 3187 0002 82B0     		sub	sp, sp, #8
 3188              		.cfi_def_cfa_offset 16
 3189 0004 00AF     		add	r7, sp, #0
 3190              		.cfi_def_cfa_register 7
 3191 0006 0200     		movs	r2, r0
 3192 0008 BB1D     		adds	r3, r7, #6
 3193 000a 1A80     		strh	r2, [r3]
 967:../Firmware/GD32E23x_standard_peripheral/Source/gd32e23x_rcu.c ****     if(RESET != (RCU_REG_VAL(flag) & BIT(RCU_BIT_POS(flag)))) {
 3194              		.loc 1 967 18
 3195 000c BB1D     		adds	r3, r7, #6
 3196 000e 1B88     		ldrh	r3, [r3]
 3197 0010 9B09     		lsrs	r3, r3, #6
 3198 0012 9BB2     		uxth	r3, r3
 3199 0014 41F2000C 		movw	ip, #4096
 3200 0018 C4F2020C 		movt	ip, 16386
 3201 001c 6344     		add	r3, r3, ip
 3202 001e 1A68     		ldr	r2, [r3]
 3203              		.loc 1 967 38
 3204 0020 BB1D     		adds	r3, r7, #6
 3205 0022 1B88     		ldrh	r3, [r3]
 3206 0024 1F21     		movs	r1, #31
 3207 0026 0B40     		ands	r3, r1
 3208              		.loc 1 967 14
 3209 0028 DA40     		lsrs	r2, r2, r3
 3210 002a 1300     		movs	r3, r2
 3211 002c 0122     		movs	r2, #1
 3212 002e 1340     		ands	r3, r2
 3213              		.loc 1 967 7
 3214 0030 0BB1     		cbz	r3, .L170
 968:../Firmware/GD32E23x_standard_peripheral/Source/gd32e23x_rcu.c ****         return SET;
 3215              		.loc 1 968 16
 3216 0032 0123     		movs	r3, #1
 3217 0034 00E0     		b	.L171
 3218              	.L170:
 969:../Firmware/GD32E23x_standard_peripheral/Source/gd32e23x_rcu.c ****     } else {
 970:../Firmware/GD32E23x_standard_peripheral/Source/gd32e23x_rcu.c ****         return RESET;
 3219              		.loc 1 970 16
 3220 0036 0023     		movs	r3, #0
 3221              	.L171:
 971:../Firmware/GD32E23x_standard_peripheral/Source/gd32e23x_rcu.c ****     }
 972:../Firmware/GD32E23x_standard_peripheral/Source/gd32e23x_rcu.c **** }
 3222              		.loc 1 972 1
 3223 0038 1800     		movs	r0, r3
 3224 003a BD46     		mov	sp, r7
 3225 003c 02B0     		add	sp, sp, #8
 3226              		@ sp needed
 3227 003e 80BD     		pop	{r7, pc}
 3228              		.cfi_endproc
 3229              	.LFE91:
 3231              		.section	.text.rcu_all_reset_flag_clear,"ax",%progbits
 3232              		.align	1
 3233              		.global	rcu_all_reset_flag_clear
 3234              		.syntax unified
 3235              		.code	16
 3236              		.thumb_func
 3237              		.fpu softvfp
 3239              	rcu_all_reset_flag_clear:
 3240              	.LFB92:
 973:../Firmware/GD32E23x_standard_peripheral/Source/gd32e23x_rcu.c **** 
 974:../Firmware/GD32E23x_standard_peripheral/Source/gd32e23x_rcu.c **** /*!
 975:../Firmware/GD32E23x_standard_peripheral/Source/gd32e23x_rcu.c ****     \brief      clear the reset flag
 976:../Firmware/GD32E23x_standard_peripheral/Source/gd32e23x_rcu.c ****     \param[in]  none
 977:../Firmware/GD32E23x_standard_peripheral/Source/gd32e23x_rcu.c ****     \param[out] none
 978:../Firmware/GD32E23x_standard_peripheral/Source/gd32e23x_rcu.c ****     \retval     none
 979:../Firmware/GD32E23x_standard_peripheral/Source/gd32e23x_rcu.c **** */
 980:../Firmware/GD32E23x_standard_peripheral/Source/gd32e23x_rcu.c **** void rcu_all_reset_flag_clear(void)
 981:../Firmware/GD32E23x_standard_peripheral/Source/gd32e23x_rcu.c **** {
 3241              		.loc 1 981 1
 3242              		.cfi_startproc
 3243              		@ args = 0, pretend = 0, frame = 0
 3244              		@ frame_needed = 1, uses_anonymous_args = 0
 3245 0000 80B5     		push	{r7, lr}
 3246              		.cfi_def_cfa_offset 8
 3247              		.cfi_offset 7, -8
 3248              		.cfi_offset 14, -4
 3249 0002 00AF     		add	r7, sp, #0
 3250              		.cfi_def_cfa_register 7
 982:../Firmware/GD32E23x_standard_peripheral/Source/gd32e23x_rcu.c ****     RCU_RSTSCK |= RCU_RSTSCK_RSTFC;
 3251              		.loc 1 982 16
 3252 0004 41F22403 		movw	r3, #4132
 3253 0008 C4F20203 		movt	r3, 16386
 3254 000c 1A68     		ldr	r2, [r3]
 3255 000e 41F22403 		movw	r3, #4132
 3256 0012 C4F20203 		movt	r3, 16386
 3257 0016 8021     		movs	r1, #128
 3258 0018 4904     		lsls	r1, r1, #17
 3259 001a 0A43     		orrs	r2, r1
 3260 001c 1A60     		str	r2, [r3]
 983:../Firmware/GD32E23x_standard_peripheral/Source/gd32e23x_rcu.c **** }
 3261              		.loc 1 983 1
 3262 001e C046     		nop
 3263 0020 BD46     		mov	sp, r7
 3264              		@ sp needed
 3265 0022 80BD     		pop	{r7, pc}
 3266              		.cfi_endproc
 3267              	.LFE92:
 3269              		.section	.text.rcu_interrupt_flag_get,"ax",%progbits
 3270              		.align	1
 3271              		.global	rcu_interrupt_flag_get
 3272              		.syntax unified
 3273              		.code	16
 3274              		.thumb_func
 3275              		.fpu softvfp
 3277              	rcu_interrupt_flag_get:
 3278              	.LFB93:
 984:../Firmware/GD32E23x_standard_peripheral/Source/gd32e23x_rcu.c **** 
 985:../Firmware/GD32E23x_standard_peripheral/Source/gd32e23x_rcu.c **** /*!
 986:../Firmware/GD32E23x_standard_peripheral/Source/gd32e23x_rcu.c ****     \brief      get the clock stabilization interrupt and ckm flags
 987:../Firmware/GD32E23x_standard_peripheral/Source/gd32e23x_rcu.c ****     \param[in]  int_flag: interrupt and ckm flags, refer to rcu_int_flag_enum
 988:../Firmware/GD32E23x_standard_peripheral/Source/gd32e23x_rcu.c ****                 only one parameter can be selected which is shown as below:
 989:../Firmware/GD32E23x_standard_peripheral/Source/gd32e23x_rcu.c ****       \arg        RCU_INT_FLAG_IRC40KSTB: IRC40K stabilization interrupt flag
 990:../Firmware/GD32E23x_standard_peripheral/Source/gd32e23x_rcu.c ****       \arg        RCU_INT_FLAG_LXTALSTB: LXTAL stabilization interrupt flag
 991:../Firmware/GD32E23x_standard_peripheral/Source/gd32e23x_rcu.c ****       \arg        RCU_INT_FLAG_IRC8MSTB: IRC8M stabilization interrupt flag
 992:../Firmware/GD32E23x_standard_peripheral/Source/gd32e23x_rcu.c ****       \arg        RCU_INT_FLAG_HXTALSTB: HXTAL stabilization interrupt flag
 993:../Firmware/GD32E23x_standard_peripheral/Source/gd32e23x_rcu.c ****       \arg        RCU_INT_FLAG_PLLSTB: PLL stabilization interrupt flag
 994:../Firmware/GD32E23x_standard_peripheral/Source/gd32e23x_rcu.c ****       \arg        RCU_INT_FLAG_IRC28MSTB: IRC28M stabilization interrupt flag
 995:../Firmware/GD32E23x_standard_peripheral/Source/gd32e23x_rcu.c ****       \arg        RCU_INT_FLAG_CKM: HXTAL clock stuck interrupt flag
 996:../Firmware/GD32E23x_standard_peripheral/Source/gd32e23x_rcu.c ****     \param[out] none
 997:../Firmware/GD32E23x_standard_peripheral/Source/gd32e23x_rcu.c ****     \retval     FlagStatus: SET or RESET
 998:../Firmware/GD32E23x_standard_peripheral/Source/gd32e23x_rcu.c **** */
 999:../Firmware/GD32E23x_standard_peripheral/Source/gd32e23x_rcu.c **** FlagStatus rcu_interrupt_flag_get(rcu_int_flag_enum int_flag)
1000:../Firmware/GD32E23x_standard_peripheral/Source/gd32e23x_rcu.c **** {
 3279              		.loc 1 1000 1
 3280              		.cfi_startproc
 3281              		@ args = 0, pretend = 0, frame = 8
 3282              		@ frame_needed = 1, uses_anonymous_args = 0
 3283 0000 80B5     		push	{r7, lr}
 3284              		.cfi_def_cfa_offset 8
 3285              		.cfi_offset 7, -8
 3286              		.cfi_offset 14, -4
 3287 0002 82B0     		sub	sp, sp, #8
 3288              		.cfi_def_cfa_offset 16
 3289 0004 00AF     		add	r7, sp, #0
 3290              		.cfi_def_cfa_register 7
 3291 0006 0200     		movs	r2, r0
 3292 0008 BB1D     		adds	r3, r7, #6
 3293 000a 1A80     		strh	r2, [r3]
1001:../Firmware/GD32E23x_standard_peripheral/Source/gd32e23x_rcu.c ****     if(RESET != (RCU_REG_VAL(int_flag) & BIT(RCU_BIT_POS(int_flag)))) {
 3294              		.loc 1 1001 18
 3295 000c BB1D     		adds	r3, r7, #6
 3296 000e 1B88     		ldrh	r3, [r3]
 3297 0010 9B09     		lsrs	r3, r3, #6
 3298 0012 9BB2     		uxth	r3, r3
 3299 0014 41F2000C 		movw	ip, #4096
 3300 0018 C4F2020C 		movt	ip, 16386
 3301 001c 6344     		add	r3, r3, ip
 3302 001e 1A68     		ldr	r2, [r3]
 3303              		.loc 1 1001 42
 3304 0020 BB1D     		adds	r3, r7, #6
 3305 0022 1B88     		ldrh	r3, [r3]
 3306 0024 1F21     		movs	r1, #31
 3307 0026 0B40     		ands	r3, r1
 3308              		.loc 1 1001 14
 3309 0028 DA40     		lsrs	r2, r2, r3
 3310 002a 1300     		movs	r3, r2
 3311 002c 0122     		movs	r2, #1
 3312 002e 1340     		ands	r3, r2
 3313              		.loc 1 1001 7
 3314 0030 0BB1     		cbz	r3, .L174
1002:../Firmware/GD32E23x_standard_peripheral/Source/gd32e23x_rcu.c ****         return SET;
 3315              		.loc 1 1002 16
 3316 0032 0123     		movs	r3, #1
 3317 0034 00E0     		b	.L175
 3318              	.L174:
1003:../Firmware/GD32E23x_standard_peripheral/Source/gd32e23x_rcu.c ****     } else {
1004:../Firmware/GD32E23x_standard_peripheral/Source/gd32e23x_rcu.c ****         return RESET;
 3319              		.loc 1 1004 16
 3320 0036 0023     		movs	r3, #0
 3321              	.L175:
1005:../Firmware/GD32E23x_standard_peripheral/Source/gd32e23x_rcu.c ****     }
1006:../Firmware/GD32E23x_standard_peripheral/Source/gd32e23x_rcu.c **** }
 3322              		.loc 1 1006 1
 3323 0038 1800     		movs	r0, r3
 3324 003a BD46     		mov	sp, r7
 3325 003c 02B0     		add	sp, sp, #8
 3326              		@ sp needed
 3327 003e 80BD     		pop	{r7, pc}
 3328              		.cfi_endproc
 3329              	.LFE93:
 3331              		.section	.text.rcu_interrupt_flag_clear,"ax",%progbits
 3332              		.align	1
 3333              		.global	rcu_interrupt_flag_clear
 3334              		.syntax unified
 3335              		.code	16
 3336              		.thumb_func
 3337              		.fpu softvfp
 3339              	rcu_interrupt_flag_clear:
 3340              	.LFB94:
1007:../Firmware/GD32E23x_standard_peripheral/Source/gd32e23x_rcu.c **** 
1008:../Firmware/GD32E23x_standard_peripheral/Source/gd32e23x_rcu.c **** /*!
1009:../Firmware/GD32E23x_standard_peripheral/Source/gd32e23x_rcu.c ****     \brief      clear the interrupt flags
1010:../Firmware/GD32E23x_standard_peripheral/Source/gd32e23x_rcu.c ****     \param[in]  int_flag_clear: clock stabilization and stuck interrupt flags clear, refer to rcu_i
1011:../Firmware/GD32E23x_standard_peripheral/Source/gd32e23x_rcu.c ****                 only one parameter can be selected which is shown as below:
1012:../Firmware/GD32E23x_standard_peripheral/Source/gd32e23x_rcu.c ****       \arg        RCU_INT_FLAG_IRC40KSTB_CLR: IRC40K stabilization interrupt flag clear
1013:../Firmware/GD32E23x_standard_peripheral/Source/gd32e23x_rcu.c ****       \arg        RCU_INT_FLAG_LXTALSTB_CLR: LXTAL stabilization interrupt flag clear
1014:../Firmware/GD32E23x_standard_peripheral/Source/gd32e23x_rcu.c ****       \arg        RCU_INT_FLAG_IRC8MSTB_CLR: IRC8M stabilization interrupt flag clear
1015:../Firmware/GD32E23x_standard_peripheral/Source/gd32e23x_rcu.c ****       \arg        RCU_INT_FLAG_HXTALSTB_CLR: HXTAL stabilization interrupt flag clear
1016:../Firmware/GD32E23x_standard_peripheral/Source/gd32e23x_rcu.c ****       \arg        RCU_INT_FLAG_PLLSTB_CLR: PLL stabilization interrupt flag clear
1017:../Firmware/GD32E23x_standard_peripheral/Source/gd32e23x_rcu.c ****       \arg        RCU_INT_FLAG_IRC28MSTB_CLR: IRC28M stabilization interrupt flag clear
1018:../Firmware/GD32E23x_standard_peripheral/Source/gd32e23x_rcu.c ****       \arg        RCU_INT_FLAG_CKM_CLR: clock stuck interrupt flag clear
1019:../Firmware/GD32E23x_standard_peripheral/Source/gd32e23x_rcu.c ****     \param[out] none
1020:../Firmware/GD32E23x_standard_peripheral/Source/gd32e23x_rcu.c ****     \retval     none
1021:../Firmware/GD32E23x_standard_peripheral/Source/gd32e23x_rcu.c **** */
1022:../Firmware/GD32E23x_standard_peripheral/Source/gd32e23x_rcu.c **** void rcu_interrupt_flag_clear(rcu_int_flag_clear_enum int_flag_clear)
1023:../Firmware/GD32E23x_standard_peripheral/Source/gd32e23x_rcu.c **** {
 3341              		.loc 1 1023 1
 3342              		.cfi_startproc
 3343              		@ args = 0, pretend = 0, frame = 8
 3344              		@ frame_needed = 1, uses_anonymous_args = 0
 3345 0000 80B5     		push	{r7, lr}
 3346              		.cfi_def_cfa_offset 8
 3347              		.cfi_offset 7, -8
 3348              		.cfi_offset 14, -4
 3349 0002 82B0     		sub	sp, sp, #8
 3350              		.cfi_def_cfa_offset 16
 3351 0004 00AF     		add	r7, sp, #0
 3352              		.cfi_def_cfa_register 7
 3353 0006 0200     		movs	r2, r0
 3354 0008 BB1D     		adds	r3, r7, #6
 3355 000a 1A80     		strh	r2, [r3]
1024:../Firmware/GD32E23x_standard_peripheral/Source/gd32e23x_rcu.c ****     RCU_REG_VAL(int_flag_clear) |= BIT(RCU_BIT_POS(int_flag_clear));
 3356              		.loc 1 1024 33
 3357 000c BB1D     		adds	r3, r7, #6
 3358 000e 1B88     		ldrh	r3, [r3]
 3359 0010 9B09     		lsrs	r3, r3, #6
 3360 0012 9BB2     		uxth	r3, r3
 3361 0014 41F2000C 		movw	ip, #4096
 3362 0018 C4F2020C 		movt	ip, 16386
 3363 001c 6344     		add	r3, r3, ip
 3364 001e 1968     		ldr	r1, [r3]
 3365              		.loc 1 1024 36
 3366 0020 BB1D     		adds	r3, r7, #6
 3367 0022 1B88     		ldrh	r3, [r3]
 3368 0024 1F22     		movs	r2, #31
 3369 0026 1340     		ands	r3, r2
 3370 0028 0122     		movs	r2, #1
 3371 002a 9A40     		lsls	r2, r2, r3
 3372              		.loc 1 1024 33
 3373 002c BB1D     		adds	r3, r7, #6
 3374 002e 1B88     		ldrh	r3, [r3]
 3375 0030 9B09     		lsrs	r3, r3, #6
 3376 0032 9BB2     		uxth	r3, r3
 3377 0034 41F2000C 		movw	ip, #4096
 3378 0038 C4F2020C 		movt	ip, 16386
 3379 003c 6344     		add	r3, r3, ip
 3380 003e 0A43     		orrs	r2, r1
 3381 0040 1A60     		str	r2, [r3]
1025:../Firmware/GD32E23x_standard_peripheral/Source/gd32e23x_rcu.c **** }
 3382              		.loc 1 1025 1
 3383 0042 C046     		nop
 3384 0044 BD46     		mov	sp, r7
 3385 0046 02B0     		add	sp, sp, #8
 3386              		@ sp needed
 3387 0048 80BD     		pop	{r7, pc}
 3388              		.cfi_endproc
 3389              	.LFE94:
 3391              		.section	.text.rcu_interrupt_enable,"ax",%progbits
 3392              		.align	1
 3393              		.global	rcu_interrupt_enable
 3394              		.syntax unified
 3395              		.code	16
 3396              		.thumb_func
 3397              		.fpu softvfp
 3399              	rcu_interrupt_enable:
 3400              	.LFB95:
1026:../Firmware/GD32E23x_standard_peripheral/Source/gd32e23x_rcu.c **** 
1027:../Firmware/GD32E23x_standard_peripheral/Source/gd32e23x_rcu.c **** /*!
1028:../Firmware/GD32E23x_standard_peripheral/Source/gd32e23x_rcu.c ****     \brief      enable the stabilization interrupt
1029:../Firmware/GD32E23x_standard_peripheral/Source/gd32e23x_rcu.c ****     \param[in]  stab_int: clock stabilization interrupt, refer to rcu_int_enum
1030:../Firmware/GD32E23x_standard_peripheral/Source/gd32e23x_rcu.c ****                 only one parameter can be selected which is shown as below:
1031:../Firmware/GD32E23x_standard_peripheral/Source/gd32e23x_rcu.c ****       \arg        RCU_INT_IRC40KSTB: IRC40K stabilization interrupt enable
1032:../Firmware/GD32E23x_standard_peripheral/Source/gd32e23x_rcu.c ****       \arg        RCU_INT_LXTALSTB: LXTAL stabilization interrupt enable
1033:../Firmware/GD32E23x_standard_peripheral/Source/gd32e23x_rcu.c ****       \arg        RCU_INT_IRC8MSTB: IRC8M stabilization interrupt enable
1034:../Firmware/GD32E23x_standard_peripheral/Source/gd32e23x_rcu.c ****       \arg        RCU_INT_HXTALSTB: HXTAL stabilization interrupt enable
1035:../Firmware/GD32E23x_standard_peripheral/Source/gd32e23x_rcu.c ****       \arg        RCU_INT_PLLSTB: PLL stabilization interrupt enable
1036:../Firmware/GD32E23x_standard_peripheral/Source/gd32e23x_rcu.c ****       \arg        RCU_INT_IRC28MSTB: IRC28M stabilization interrupt enable
1037:../Firmware/GD32E23x_standard_peripheral/Source/gd32e23x_rcu.c ****     \param[out] none
1038:../Firmware/GD32E23x_standard_peripheral/Source/gd32e23x_rcu.c ****     \retval     none
1039:../Firmware/GD32E23x_standard_peripheral/Source/gd32e23x_rcu.c **** */
1040:../Firmware/GD32E23x_standard_peripheral/Source/gd32e23x_rcu.c **** void rcu_interrupt_enable(rcu_int_enum stab_int)
1041:../Firmware/GD32E23x_standard_peripheral/Source/gd32e23x_rcu.c **** {
 3401              		.loc 1 1041 1
 3402              		.cfi_startproc
 3403              		@ args = 0, pretend = 0, frame = 8
 3404              		@ frame_needed = 1, uses_anonymous_args = 0
 3405 0000 80B5     		push	{r7, lr}
 3406              		.cfi_def_cfa_offset 8
 3407              		.cfi_offset 7, -8
 3408              		.cfi_offset 14, -4
 3409 0002 82B0     		sub	sp, sp, #8
 3410              		.cfi_def_cfa_offset 16
 3411 0004 00AF     		add	r7, sp, #0
 3412              		.cfi_def_cfa_register 7
 3413 0006 0200     		movs	r2, r0
 3414 0008 BB1D     		adds	r3, r7, #6
 3415 000a 1A80     		strh	r2, [r3]
1042:../Firmware/GD32E23x_standard_peripheral/Source/gd32e23x_rcu.c ****     RCU_REG_VAL(stab_int) |= BIT(RCU_BIT_POS(stab_int));
 3416              		.loc 1 1042 27
 3417 000c BB1D     		adds	r3, r7, #6
 3418 000e 1B88     		ldrh	r3, [r3]
 3419 0010 9B09     		lsrs	r3, r3, #6
 3420 0012 9BB2     		uxth	r3, r3
 3421 0014 41F2000C 		movw	ip, #4096
 3422 0018 C4F2020C 		movt	ip, 16386
 3423 001c 6344     		add	r3, r3, ip
 3424 001e 1968     		ldr	r1, [r3]
 3425              		.loc 1 1042 30
 3426 0020 BB1D     		adds	r3, r7, #6
 3427 0022 1B88     		ldrh	r3, [r3]
 3428 0024 1F22     		movs	r2, #31
 3429 0026 1340     		ands	r3, r2
 3430 0028 0122     		movs	r2, #1
 3431 002a 9A40     		lsls	r2, r2, r3
 3432              		.loc 1 1042 27
 3433 002c BB1D     		adds	r3, r7, #6
 3434 002e 1B88     		ldrh	r3, [r3]
 3435 0030 9B09     		lsrs	r3, r3, #6
 3436 0032 9BB2     		uxth	r3, r3
 3437 0034 41F2000C 		movw	ip, #4096
 3438 0038 C4F2020C 		movt	ip, 16386
 3439 003c 6344     		add	r3, r3, ip
 3440 003e 0A43     		orrs	r2, r1
 3441 0040 1A60     		str	r2, [r3]
1043:../Firmware/GD32E23x_standard_peripheral/Source/gd32e23x_rcu.c **** }
 3442              		.loc 1 1043 1
 3443 0042 C046     		nop
 3444 0044 BD46     		mov	sp, r7
 3445 0046 02B0     		add	sp, sp, #8
 3446              		@ sp needed
 3447 0048 80BD     		pop	{r7, pc}
 3448              		.cfi_endproc
 3449              	.LFE95:
 3451              		.section	.text.rcu_interrupt_disable,"ax",%progbits
 3452              		.align	1
 3453              		.global	rcu_interrupt_disable
 3454              		.syntax unified
 3455              		.code	16
 3456              		.thumb_func
 3457              		.fpu softvfp
 3459              	rcu_interrupt_disable:
 3460              	.LFB96:
1044:../Firmware/GD32E23x_standard_peripheral/Source/gd32e23x_rcu.c **** 
1045:../Firmware/GD32E23x_standard_peripheral/Source/gd32e23x_rcu.c **** 
1046:../Firmware/GD32E23x_standard_peripheral/Source/gd32e23x_rcu.c **** /*!
1047:../Firmware/GD32E23x_standard_peripheral/Source/gd32e23x_rcu.c ****     \brief      disable the stabilization interrupt
1048:../Firmware/GD32E23x_standard_peripheral/Source/gd32e23x_rcu.c ****     \param[in]  stab_int: clock stabilization interrupt, refer to rcu_int_enum
1049:../Firmware/GD32E23x_standard_peripheral/Source/gd32e23x_rcu.c ****                 only one parameter can be selected which is shown as below:
1050:../Firmware/GD32E23x_standard_peripheral/Source/gd32e23x_rcu.c ****       \arg        RCU_INT_IRC40KSTB: IRC40K stabilization interrupt disable
1051:../Firmware/GD32E23x_standard_peripheral/Source/gd32e23x_rcu.c ****       \arg        RCU_INT_LXTALSTB: LXTAL stabilization interrupt disable
1052:../Firmware/GD32E23x_standard_peripheral/Source/gd32e23x_rcu.c ****       \arg        RCU_INT_IRC8MSTB: IRC8M stabilization interrupt disable
1053:../Firmware/GD32E23x_standard_peripheral/Source/gd32e23x_rcu.c ****       \arg        RCU_INT_HXTALSTB: HXTAL stabilization interrupt disable
1054:../Firmware/GD32E23x_standard_peripheral/Source/gd32e23x_rcu.c ****       \arg        RCU_INT_PLLSTB: PLL stabilization interrupt disable
1055:../Firmware/GD32E23x_standard_peripheral/Source/gd32e23x_rcu.c ****       \arg        RCU_INT_IRC28MSTB: IRC28M stabilization interrupt disable
1056:../Firmware/GD32E23x_standard_peripheral/Source/gd32e23x_rcu.c ****     \param[out] none
1057:../Firmware/GD32E23x_standard_peripheral/Source/gd32e23x_rcu.c ****     \retval     none
1058:../Firmware/GD32E23x_standard_peripheral/Source/gd32e23x_rcu.c **** */
1059:../Firmware/GD32E23x_standard_peripheral/Source/gd32e23x_rcu.c **** void rcu_interrupt_disable(rcu_int_enum stab_int)
1060:../Firmware/GD32E23x_standard_peripheral/Source/gd32e23x_rcu.c **** {
 3461              		.loc 1 1060 1
 3462              		.cfi_startproc
 3463              		@ args = 0, pretend = 0, frame = 8
 3464              		@ frame_needed = 1, uses_anonymous_args = 0
 3465 0000 80B5     		push	{r7, lr}
 3466              		.cfi_def_cfa_offset 8
 3467              		.cfi_offset 7, -8
 3468              		.cfi_offset 14, -4
 3469 0002 82B0     		sub	sp, sp, #8
 3470              		.cfi_def_cfa_offset 16
 3471 0004 00AF     		add	r7, sp, #0
 3472              		.cfi_def_cfa_register 7
 3473 0006 0200     		movs	r2, r0
 3474 0008 BB1D     		adds	r3, r7, #6
 3475 000a 1A80     		strh	r2, [r3]
1061:../Firmware/GD32E23x_standard_peripheral/Source/gd32e23x_rcu.c ****     RCU_REG_VAL(stab_int) &= ~BIT(RCU_BIT_POS(stab_int));
 3476              		.loc 1 1061 27
 3477 000c BB1D     		adds	r3, r7, #6
 3478 000e 1B88     		ldrh	r3, [r3]
 3479 0010 9B09     		lsrs	r3, r3, #6
 3480 0012 9BB2     		uxth	r3, r3
 3481 0014 41F2000C 		movw	ip, #4096
 3482 0018 C4F2020C 		movt	ip, 16386
 3483 001c 6344     		add	r3, r3, ip
 3484 001e 1A68     		ldr	r2, [r3]
 3485              		.loc 1 1061 31
 3486 0020 BB1D     		adds	r3, r7, #6
 3487 0022 1B88     		ldrh	r3, [r3]
 3488 0024 1F21     		movs	r1, #31
 3489 0026 0B40     		ands	r3, r1
 3490 0028 0121     		movs	r1, #1
 3491 002a 9940     		lsls	r1, r1, r3
 3492 002c 0B00     		movs	r3, r1
 3493              		.loc 1 1061 30
 3494 002e D943     		mvns	r1, r3
 3495              		.loc 1 1061 27
 3496 0030 BB1D     		adds	r3, r7, #6
 3497 0032 1B88     		ldrh	r3, [r3]
 3498 0034 9B09     		lsrs	r3, r3, #6
 3499 0036 9BB2     		uxth	r3, r3
 3500 0038 41F2000C 		movw	ip, #4096
 3501 003c C4F2020C 		movt	ip, 16386
 3502 0040 6344     		add	r3, r3, ip
 3503 0042 0A40     		ands	r2, r1
 3504 0044 1A60     		str	r2, [r3]
1062:../Firmware/GD32E23x_standard_peripheral/Source/gd32e23x_rcu.c **** }
 3505              		.loc 1 1062 1
 3506 0046 C046     		nop
 3507 0048 BD46     		mov	sp, r7
 3508 004a 02B0     		add	sp, sp, #8
 3509              		@ sp needed
 3510 004c 80BD     		pop	{r7, pc}
 3511              		.cfi_endproc
 3512              	.LFE96:
 3514              		.text
 3515              	.Letext0:
 3516              		.file 2 "d:\\software\\gd32embeddedbuilder_v1.5.6_rel\\tools\\gnu tools arm embedded\\xpack-arm-no
 3517              		.file 3 "d:\\software\\gd32embeddedbuilder_v1.5.6_rel\\tools\\gnu tools arm embedded\\xpack-arm-no
 3518              		.file 4 "../Firmware/CMSIS/GD/GD32E23x/Include/gd32e23x.h"
 3519              		.file 5 "../Firmware/GD32E23x_standard_peripheral/Include/gd32e23x_rcu.h"
 3520              		.file 6 "../Firmware/CMSIS/GD/GD32E23x/Include/system_gd32e23x.h"
DEFINED SYMBOLS
                            *ABS*:00000000 gd32e23x_rcu.c
C:\Users\sen.he\AppData\Local\Temp\ccifpBbh.s:16     .text.rcu_deinit:00000000 $t
C:\Users\sen.he\AppData\Local\Temp\ccifpBbh.s:24     .text.rcu_deinit:00000000 rcu_deinit
C:\Users\sen.he\AppData\Local\Temp\ccifpBbh.s:157    .text.rcu_deinit:0000012c $d
C:\Users\sen.he\AppData\Local\Temp\ccifpBbh.s:163    .text.rcu_periph_clock_enable:00000000 $t
C:\Users\sen.he\AppData\Local\Temp\ccifpBbh.s:170    .text.rcu_periph_clock_enable:00000000 rcu_periph_clock_enable
C:\Users\sen.he\AppData\Local\Temp\ccifpBbh.s:223    .text.rcu_periph_clock_disable:00000000 $t
C:\Users\sen.he\AppData\Local\Temp\ccifpBbh.s:230    .text.rcu_periph_clock_disable:00000000 rcu_periph_clock_disable
C:\Users\sen.he\AppData\Local\Temp\ccifpBbh.s:286    .text.rcu_periph_clock_sleep_enable:00000000 $t
C:\Users\sen.he\AppData\Local\Temp\ccifpBbh.s:293    .text.rcu_periph_clock_sleep_enable:00000000 rcu_periph_clock_sleep_enable
C:\Users\sen.he\AppData\Local\Temp\ccifpBbh.s:346    .text.rcu_periph_clock_sleep_disable:00000000 $t
C:\Users\sen.he\AppData\Local\Temp\ccifpBbh.s:353    .text.rcu_periph_clock_sleep_disable:00000000 rcu_periph_clock_sleep_disable
C:\Users\sen.he\AppData\Local\Temp\ccifpBbh.s:409    .text.rcu_periph_reset_enable:00000000 $t
C:\Users\sen.he\AppData\Local\Temp\ccifpBbh.s:416    .text.rcu_periph_reset_enable:00000000 rcu_periph_reset_enable
C:\Users\sen.he\AppData\Local\Temp\ccifpBbh.s:469    .text.rcu_periph_reset_disable:00000000 $t
C:\Users\sen.he\AppData\Local\Temp\ccifpBbh.s:476    .text.rcu_periph_reset_disable:00000000 rcu_periph_reset_disable
C:\Users\sen.he\AppData\Local\Temp\ccifpBbh.s:532    .text.rcu_bkp_reset_enable:00000000 $t
C:\Users\sen.he\AppData\Local\Temp\ccifpBbh.s:539    .text.rcu_bkp_reset_enable:00000000 rcu_bkp_reset_enable
C:\Users\sen.he\AppData\Local\Temp\ccifpBbh.s:570    .text.rcu_bkp_reset_disable:00000000 $t
C:\Users\sen.he\AppData\Local\Temp\ccifpBbh.s:577    .text.rcu_bkp_reset_disable:00000000 rcu_bkp_reset_disable
C:\Users\sen.he\AppData\Local\Temp\ccifpBbh.s:606    .text.rcu_bkp_reset_disable:00000024 $d
C:\Users\sen.he\AppData\Local\Temp\ccifpBbh.s:611    .text.rcu_system_clock_source_config:00000000 $t
C:\Users\sen.he\AppData\Local\Temp\ccifpBbh.s:618    .text.rcu_system_clock_source_config:00000000 rcu_system_clock_source_config
C:\Users\sen.he\AppData\Local\Temp\ccifpBbh.s:666    .text.rcu_system_clock_source_get:00000000 $t
C:\Users\sen.he\AppData\Local\Temp\ccifpBbh.s:673    .text.rcu_system_clock_source_get:00000000 rcu_system_clock_source_get
C:\Users\sen.he\AppData\Local\Temp\ccifpBbh.s:700    .text.rcu_ahb_clock_config:00000000 $t
C:\Users\sen.he\AppData\Local\Temp\ccifpBbh.s:707    .text.rcu_ahb_clock_config:00000000 rcu_ahb_clock_config
C:\Users\sen.he\AppData\Local\Temp\ccifpBbh.s:755    .text.rcu_apb1_clock_config:00000000 $t
C:\Users\sen.he\AppData\Local\Temp\ccifpBbh.s:762    .text.rcu_apb1_clock_config:00000000 rcu_apb1_clock_config
C:\Users\sen.he\AppData\Local\Temp\ccifpBbh.s:809    .text.rcu_apb1_clock_config:00000038 $d
C:\Users\sen.he\AppData\Local\Temp\ccifpBbh.s:814    .text.rcu_apb2_clock_config:00000000 $t
C:\Users\sen.he\AppData\Local\Temp\ccifpBbh.s:821    .text.rcu_apb2_clock_config:00000000 rcu_apb2_clock_config
C:\Users\sen.he\AppData\Local\Temp\ccifpBbh.s:868    .text.rcu_apb2_clock_config:00000038 $d
C:\Users\sen.he\AppData\Local\Temp\ccifpBbh.s:873    .text.rcu_adc_clock_config:00000000 $t
C:\Users\sen.he\AppData\Local\Temp\ccifpBbh.s:880    .text.rcu_adc_clock_config:00000000 rcu_adc_clock_config
C:\Users\sen.he\AppData\Local\Temp\ccifpBbh.s:929    .rodata.rcu_adc_clock_config:00000000 $d
C:\Users\sen.he\AppData\Local\Temp\ccifpBbh.s:1202   .text.rcu_adc_clock_config:000002d4 $d
C:\Users\sen.he\AppData\Local\Temp\ccifpBbh.s:1210   .text.rcu_ckout_config:00000000 $t
C:\Users\sen.he\AppData\Local\Temp\ccifpBbh.s:1217   .text.rcu_ckout_config:00000000 rcu_ckout_config
C:\Users\sen.he\AppData\Local\Temp\ccifpBbh.s:1269   .text.rcu_ckout_config:00000040 $d
C:\Users\sen.he\AppData\Local\Temp\ccifpBbh.s:1274   .text.rcu_pll_config:00000000 $t
C:\Users\sen.he\AppData\Local\Temp\ccifpBbh.s:1281   .text.rcu_pll_config:00000000 rcu_pll_config
C:\Users\sen.he\AppData\Local\Temp\ccifpBbh.s:1330   .text.rcu_usart_clock_config:00000000 $t
C:\Users\sen.he\AppData\Local\Temp\ccifpBbh.s:1337   .text.rcu_usart_clock_config:00000000 rcu_usart_clock_config
C:\Users\sen.he\AppData\Local\Temp\ccifpBbh.s:1380   .text.rcu_rtc_clock_config:00000000 $t
C:\Users\sen.he\AppData\Local\Temp\ccifpBbh.s:1387   .text.rcu_rtc_clock_config:00000000 rcu_rtc_clock_config
C:\Users\sen.he\AppData\Local\Temp\ccifpBbh.s:1429   .text.rcu_rtc_clock_config:00000040 $d
C:\Users\sen.he\AppData\Local\Temp\ccifpBbh.s:1434   .text.rcu_hxtal_prediv_config:00000000 $t
C:\Users\sen.he\AppData\Local\Temp\ccifpBbh.s:1441   .text.rcu_hxtal_prediv_config:00000000 rcu_hxtal_prediv_config
C:\Users\sen.he\AppData\Local\Temp\ccifpBbh.s:1489   .text.rcu_lxtal_drive_capability_config:00000000 $t
C:\Users\sen.he\AppData\Local\Temp\ccifpBbh.s:1496   .text.rcu_lxtal_drive_capability_config:00000000 rcu_lxtal_drive_capability_config
C:\Users\sen.he\AppData\Local\Temp\ccifpBbh.s:1539   .text.rcu_osci_stab_wait:00000000 $t
C:\Users\sen.he\AppData\Local\Temp\ccifpBbh.s:1546   .text.rcu_osci_stab_wait:00000000 rcu_osci_stab_wait
C:\Users\sen.he\AppData\Local\Temp\ccifpBbh.s:3177   .text.rcu_flag_get:00000000 rcu_flag_get
C:\Users\sen.he\AppData\Local\Temp\ccifpBbh.s:1896   .text.rcu_osci_stab_wait:0000021c $d
C:\Users\sen.he\AppData\Local\Temp\ccifpBbh.s:1901   .text.rcu_osci_on:00000000 $t
C:\Users\sen.he\AppData\Local\Temp\ccifpBbh.s:1908   .text.rcu_osci_on:00000000 rcu_osci_on
C:\Users\sen.he\AppData\Local\Temp\ccifpBbh.s:1961   .text.rcu_osci_off:00000000 $t
C:\Users\sen.he\AppData\Local\Temp\ccifpBbh.s:1968   .text.rcu_osci_off:00000000 rcu_osci_off
C:\Users\sen.he\AppData\Local\Temp\ccifpBbh.s:2024   .text.rcu_osci_bypass_mode_enable:00000000 $t
C:\Users\sen.he\AppData\Local\Temp\ccifpBbh.s:2031   .text.rcu_osci_bypass_mode_enable:00000000 rcu_osci_bypass_mode_enable
C:\Users\sen.he\AppData\Local\Temp\ccifpBbh.s:2147   .text.rcu_osci_bypass_mode_enable:000000c8 $d
C:\Users\sen.he\AppData\Local\Temp\ccifpBbh.s:2152   .text.rcu_osci_bypass_mode_disable:00000000 $t
C:\Users\sen.he\AppData\Local\Temp\ccifpBbh.s:2159   .text.rcu_osci_bypass_mode_disable:00000000 rcu_osci_bypass_mode_disable
C:\Users\sen.he\AppData\Local\Temp\ccifpBbh.s:2274   .text.rcu_osci_bypass_mode_disable:000000c8 $d
C:\Users\sen.he\AppData\Local\Temp\ccifpBbh.s:2280   .text.rcu_hxtal_clock_monitor_enable:00000000 $t
C:\Users\sen.he\AppData\Local\Temp\ccifpBbh.s:2287   .text.rcu_hxtal_clock_monitor_enable:00000000 rcu_hxtal_clock_monitor_enable
C:\Users\sen.he\AppData\Local\Temp\ccifpBbh.s:2318   .text.rcu_hxtal_clock_monitor_disable:00000000 $t
C:\Users\sen.he\AppData\Local\Temp\ccifpBbh.s:2325   .text.rcu_hxtal_clock_monitor_disable:00000000 rcu_hxtal_clock_monitor_disable
C:\Users\sen.he\AppData\Local\Temp\ccifpBbh.s:2354   .text.rcu_hxtal_clock_monitor_disable:00000024 $d
C:\Users\sen.he\AppData\Local\Temp\ccifpBbh.s:2359   .text.rcu_irc8m_adjust_value_set:00000000 $t
C:\Users\sen.he\AppData\Local\Temp\ccifpBbh.s:2366   .text.rcu_irc8m_adjust_value_set:00000000 rcu_irc8m_adjust_value_set
C:\Users\sen.he\AppData\Local\Temp\ccifpBbh.s:2420   .text.rcu_irc28m_adjust_value_set:00000000 $t
C:\Users\sen.he\AppData\Local\Temp\ccifpBbh.s:2427   .text.rcu_irc28m_adjust_value_set:00000000 rcu_irc28m_adjust_value_set
C:\Users\sen.he\AppData\Local\Temp\ccifpBbh.s:2481   .text.rcu_voltage_key_unlock:00000000 $t
C:\Users\sen.he\AppData\Local\Temp\ccifpBbh.s:2488   .text.rcu_voltage_key_unlock:00000000 rcu_voltage_key_unlock
C:\Users\sen.he\AppData\Local\Temp\ccifpBbh.s:2527   .text.rcu_deepsleep_voltage_set:00000000 $t
C:\Users\sen.he\AppData\Local\Temp\ccifpBbh.s:2534   .text.rcu_deepsleep_voltage_set:00000000 rcu_deepsleep_voltage_set
C:\Users\sen.he\AppData\Local\Temp\ccifpBbh.s:2577   .rodata:00000000 $d
C:\Users\sen.he\AppData\Local\Temp\ccifpBbh.s:2578   .rodata:00000000 .LC1
C:\Users\sen.he\AppData\Local\Temp\ccifpBbh.s:2582   .rodata:00000010 .LC2
C:\Users\sen.he\AppData\Local\Temp\ccifpBbh.s:2585   .text.rcu_clock_freq_get:00000000 $t
C:\Users\sen.he\AppData\Local\Temp\ccifpBbh.s:2592   .text.rcu_clock_freq_get:00000000 rcu_clock_freq_get
C:\Users\sen.he\AppData\Local\Temp\ccifpBbh.s:2896   .rodata.rcu_clock_freq_get:00000000 $d
C:\Users\sen.he\AppData\Local\Temp\ccifpBbh.s:3165   .text.rcu_clock_freq_get:0000037c $d
C:\Users\sen.he\AppData\Local\Temp\ccifpBbh.s:3170   .text.rcu_flag_get:00000000 $t
C:\Users\sen.he\AppData\Local\Temp\ccifpBbh.s:3232   .text.rcu_all_reset_flag_clear:00000000 $t
C:\Users\sen.he\AppData\Local\Temp\ccifpBbh.s:3239   .text.rcu_all_reset_flag_clear:00000000 rcu_all_reset_flag_clear
C:\Users\sen.he\AppData\Local\Temp\ccifpBbh.s:3270   .text.rcu_interrupt_flag_get:00000000 $t
C:\Users\sen.he\AppData\Local\Temp\ccifpBbh.s:3277   .text.rcu_interrupt_flag_get:00000000 rcu_interrupt_flag_get
C:\Users\sen.he\AppData\Local\Temp\ccifpBbh.s:3332   .text.rcu_interrupt_flag_clear:00000000 $t
C:\Users\sen.he\AppData\Local\Temp\ccifpBbh.s:3339   .text.rcu_interrupt_flag_clear:00000000 rcu_interrupt_flag_clear
C:\Users\sen.he\AppData\Local\Temp\ccifpBbh.s:3392   .text.rcu_interrupt_enable:00000000 $t
C:\Users\sen.he\AppData\Local\Temp\ccifpBbh.s:3399   .text.rcu_interrupt_enable:00000000 rcu_interrupt_enable
C:\Users\sen.he\AppData\Local\Temp\ccifpBbh.s:3452   .text.rcu_interrupt_disable:00000000 $t
C:\Users\sen.he\AppData\Local\Temp\ccifpBbh.s:3459   .text.rcu_interrupt_disable:00000000 rcu_interrupt_disable
                           .group:00000000 wm4.0.590463c46bf1d553a4d8081ecba6952e
                           .group:00000000 wm4.gd32e23x.h.39.0bf85d194b71a50de4fcad938c637dda
                           .group:00000000 wm4._newlib_version.h.4.9ba035841e762c3308916a0ce96032e7
                           .group:00000000 wm4.features.h.33.318b64d71e0957639cfb30f1db1f7ec8
                           .group:00000000 wm4._default_types.h.15.247e5cd201eca3442cbf5404108c4935
                           .group:00000000 wm4._intsup.h.10.cce27fed8484c08a33f522034c30d2b5
                           .group:00000000 wm4._stdint.h.10.c24fa3af3bc1706662bb5593a907e841
                           .group:00000000 wm4.stdint.h.23.d53047a68f4a85177f80b422d52785ed
                           .group:00000000 wm4.core_cm23.h.64.de3bc139a6604757cb96382033d22ea4
                           .group:00000000 wm4.cmsis_gcc.h.26.41038879cf168e2c536d47f29b7e8dd8
                           .group:00000000 wm4.core_cm23.h.125.de61c9c922e4fe53a01469e1afefe964
                           .group:00000000 wm4.system_gd32e23x.h.38.7a884860f7764c0ab5165a93f03201bb
                           .group:00000000 wm4.gd32e23x.h.163.9acf0d7337f9fe4e45533e128df527f9
                           .group:00000000 wm4.gd32e23x_adc.h.41.e37db1574230c817b545e8965349e4d7
                           .group:00000000 wm4.gd32e23x_crc.h.36.279adb768307700338e007c7ed677511
                           .group:00000000 wm4.gd32e23x_dbg.h.36.d33e52eaa928f5287aa06af215016669
                           .group:00000000 wm4.gd32e23x_dma.h.36.526a5bad10d356aae73db43b8b6c8ac1
                           .group:00000000 wm4.gd32e23x_exti.h.36.af0d6df8c0ce7b2677a9f89a98c409ce
                           .group:00000000 wm4.gd32e23x_fmc.h.36.75bde762cab332c240661c238a094712
                           .group:00000000 wm4.gd32e23x_gpio.h.36.795887d0586769fb622efbe77d569cda
                           .group:00000000 wm4.gd32e23x_syscfg.h.36.01ade19f7155772b744fa54349aa8666
                           .group:00000000 wm4.gd32e23x_i2c.h.36.e6cffa765f1652866ccb69e12f59470e
                           .group:00000000 wm4.gd32e23x_fwdgt.h.36.2fcc8574db554a4bd9e84c5cd0b7ab23
                           .group:00000000 wm4.gd32e23x_pmu.h.36.eca9453dd7794477bf31deebb1c6dd71
                           .group:00000000 wm4.gd32e23x_rtc.h.36.83ced1869b0634048aca709e2e07b91d
                           .group:00000000 wm4.gd32e23x_spi.h.36.3f2a16ec9ce43b99360e154caa44fc36
                           .group:00000000 wm4.gd32e23x_timer.h.36.1a402a135f3e05d89798e4281e3b9d83
                           .group:00000000 wm4.gd32e23x_usart.h.36.c2b993b4a3fc79395d2c6452b270c65c
                           .group:00000000 wm4.gd32e23x_wwdgt.h.36.067f8fa16250ddb8196a2d3d5347a8d1
                           .group:00000000 wm4.gd32e23x_misc.h.36.02bcf8ea2494d3a2286a92cdad908103
                           .group:00000000 wm4.gd32e23x_cmp.h.36.0a60ec830a2d39bbe01854c1093a76e2
                           .group:00000000 wm4.gd32e23x_rcu.h.41.b58d9d96e8a72c816e1ed136d2c7bf65

NO UNDEFINED SYMBOLS
