   1              		.cpu cortex-m23
   2              		.eabi_attribute 20, 1
   3              		.eabi_attribute 21, 1
   4              		.eabi_attribute 23, 3
   5              		.eabi_attribute 24, 1
   6              		.eabi_attribute 25, 1
   7              		.eabi_attribute 26, 1
   8              		.eabi_attribute 30, 6
   9              		.eabi_attribute 34, 0
  10              		.eabi_attribute 18, 4
  11              		.file	"gd32e23x_spi.c"
  12              		.text
  13              	.Ltext0:
  14              		.cfi_sections	.debug_frame
  15              		.section	.text.spi_i2s_deinit,"ax",%progbits
  16              		.align	1
  17              		.global	spi_i2s_deinit
  18              		.arch armv8-m.base
  19              		.syntax unified
  20              		.code	16
  21              		.thumb_func
  22              		.fpu softvfp
  24              	spi_i2s_deinit:
  25              	.LFB58:
  26              		.file 1 "../Firmware/GD32E23x_standard_peripheral/Source/gd32e23x_spi.c"
   1:../Firmware/GD32E23x_standard_peripheral/Source/gd32e23x_spi.c **** /*!
   2:../Firmware/GD32E23x_standard_peripheral/Source/gd32e23x_spi.c ****     \file    gd32e23x_spi.c
   3:../Firmware/GD32E23x_standard_peripheral/Source/gd32e23x_spi.c ****     \brief   SPI driver
   4:../Firmware/GD32E23x_standard_peripheral/Source/gd32e23x_spi.c **** 
   5:../Firmware/GD32E23x_standard_peripheral/Source/gd32e23x_spi.c ****     \version 2025-08-08, V2.4.0, firmware for GD32E23x
   6:../Firmware/GD32E23x_standard_peripheral/Source/gd32e23x_spi.c **** */
   7:../Firmware/GD32E23x_standard_peripheral/Source/gd32e23x_spi.c **** 
   8:../Firmware/GD32E23x_standard_peripheral/Source/gd32e23x_spi.c **** /*
   9:../Firmware/GD32E23x_standard_peripheral/Source/gd32e23x_spi.c ****     Copyright (c) 2025, GigaDevice Semiconductor Inc.
  10:../Firmware/GD32E23x_standard_peripheral/Source/gd32e23x_spi.c **** 
  11:../Firmware/GD32E23x_standard_peripheral/Source/gd32e23x_spi.c ****     Redistribution and use in source and binary forms, with or without modification,
  12:../Firmware/GD32E23x_standard_peripheral/Source/gd32e23x_spi.c **** are permitted provided that the following conditions are met:
  13:../Firmware/GD32E23x_standard_peripheral/Source/gd32e23x_spi.c **** 
  14:../Firmware/GD32E23x_standard_peripheral/Source/gd32e23x_spi.c ****     1. Redistributions of source code must retain the above copyright notice, this
  15:../Firmware/GD32E23x_standard_peripheral/Source/gd32e23x_spi.c ****        list of conditions and the following disclaimer.
  16:../Firmware/GD32E23x_standard_peripheral/Source/gd32e23x_spi.c ****     2. Redistributions in binary form must reproduce the above copyright notice,
  17:../Firmware/GD32E23x_standard_peripheral/Source/gd32e23x_spi.c ****        this list of conditions and the following disclaimer in the documentation
  18:../Firmware/GD32E23x_standard_peripheral/Source/gd32e23x_spi.c ****        and/or other materials provided with the distribution.
  19:../Firmware/GD32E23x_standard_peripheral/Source/gd32e23x_spi.c ****     3. Neither the name of the copyright holder nor the names of its contributors
  20:../Firmware/GD32E23x_standard_peripheral/Source/gd32e23x_spi.c ****        may be used to endorse or promote products derived from this software without
  21:../Firmware/GD32E23x_standard_peripheral/Source/gd32e23x_spi.c ****        specific prior written permission.
  22:../Firmware/GD32E23x_standard_peripheral/Source/gd32e23x_spi.c **** 
  23:../Firmware/GD32E23x_standard_peripheral/Source/gd32e23x_spi.c ****     THIS SOFTWARE IS PROVIDED BY THE COPYRIGHT HOLDERS AND CONTRIBUTORS "AS IS"
  24:../Firmware/GD32E23x_standard_peripheral/Source/gd32e23x_spi.c **** AND ANY EXPRESS OR IMPLIED WARRANTIES, INCLUDING, BUT NOT LIMITED TO, THE IMPLIED
  25:../Firmware/GD32E23x_standard_peripheral/Source/gd32e23x_spi.c **** WARRANTIES OF MERCHANTABILITY AND FITNESS FOR A PARTICULAR PURPOSE ARE DISCLAIMED.
  26:../Firmware/GD32E23x_standard_peripheral/Source/gd32e23x_spi.c **** IN NO EVENT SHALL THE COPYRIGHT HOLDER OR CONTRIBUTORS BE LIABLE FOR ANY DIRECT,
  27:../Firmware/GD32E23x_standard_peripheral/Source/gd32e23x_spi.c **** INDIRECT, INCIDENTAL, SPECIAL, EXEMPLARY, OR CONSEQUENTIAL DAMAGES (INCLUDING, BUT
  28:../Firmware/GD32E23x_standard_peripheral/Source/gd32e23x_spi.c **** NOT LIMITED TO, PROCUREMENT OF SUBSTITUTE GOODS OR SERVICES; LOSS OF USE, DATA, OR
  29:../Firmware/GD32E23x_standard_peripheral/Source/gd32e23x_spi.c **** PROFITS; OR BUSINESS INTERRUPTION) HOWEVER CAUSED AND ON ANY THEORY OF LIABILITY,
  30:../Firmware/GD32E23x_standard_peripheral/Source/gd32e23x_spi.c **** WHETHER IN CONTRACT, STRICT LIABILITY, OR TORT (INCLUDING NEGLIGENCE OR OTHERWISE)
  31:../Firmware/GD32E23x_standard_peripheral/Source/gd32e23x_spi.c **** ARISING IN ANY WAY OUT OF THE USE OF THIS SOFTWARE, EVEN IF ADVISED OF THE POSSIBILITY
  32:../Firmware/GD32E23x_standard_peripheral/Source/gd32e23x_spi.c **** OF SUCH DAMAGE.
  33:../Firmware/GD32E23x_standard_peripheral/Source/gd32e23x_spi.c **** */
  34:../Firmware/GD32E23x_standard_peripheral/Source/gd32e23x_spi.c **** 
  35:../Firmware/GD32E23x_standard_peripheral/Source/gd32e23x_spi.c **** #include "gd32e23x_spi.h"
  36:../Firmware/GD32E23x_standard_peripheral/Source/gd32e23x_spi.c **** 
  37:../Firmware/GD32E23x_standard_peripheral/Source/gd32e23x_spi.c **** /* SPI/I2S parameter initialization mask */
  38:../Firmware/GD32E23x_standard_peripheral/Source/gd32e23x_spi.c **** #define SPI_INIT_MASK                        ((uint32_t)0x00003040U)  /*!< SPI0 parameter initializ
  39:../Firmware/GD32E23x_standard_peripheral/Source/gd32e23x_spi.c **** #define SPI_FIFO_INIT_MASK1                  ((uint32_t)0x00003840U)  /*!< SPI1 parameter initializ
  40:../Firmware/GD32E23x_standard_peripheral/Source/gd32e23x_spi.c **** #define SPI_FIFO_INIT_MASK2                  ((uint32_t)0x0000F0FFU)  /*!< SPI1 parameter initializ
  41:../Firmware/GD32E23x_standard_peripheral/Source/gd32e23x_spi.c **** #define I2S_INIT_MASK                        ((uint32_t)0x0000F047U)  /*!< I2S parameter initializa
  42:../Firmware/GD32E23x_standard_peripheral/Source/gd32e23x_spi.c **** 
  43:../Firmware/GD32E23x_standard_peripheral/Source/gd32e23x_spi.c **** #define SPI_FRAMESIZE_MASK                   ((uint32_t)0x00000800U)  /*!< SPI0 frame size mask */
  44:../Firmware/GD32E23x_standard_peripheral/Source/gd32e23x_spi.c **** #define SPI_BYTEN_MASK                       ((uint32_t)0x00001000U)  /*!< SPI1 access to FIFO mask
  45:../Firmware/GD32E23x_standard_peripheral/Source/gd32e23x_spi.c **** #define SPI_TXLVL_MASK                       ((uint32_t)0x00001800U)  /*!< SPI1 TXFIFO mask */
  46:../Firmware/GD32E23x_standard_peripheral/Source/gd32e23x_spi.c **** #define SPI_RXLVL_MASK                       ((uint32_t)0x00000600U)  /*!< SPI1 RXFIFO mask */
  47:../Firmware/GD32E23x_standard_peripheral/Source/gd32e23x_spi.c **** 
  48:../Firmware/GD32E23x_standard_peripheral/Source/gd32e23x_spi.c **** /* I2S clock source selection, multiplication and division mask */
  49:../Firmware/GD32E23x_standard_peripheral/Source/gd32e23x_spi.c **** #define SPI_I2SPSC_RESET                     ((uint32_t)0x00000002U)  /*!< I2S clock prescaler regi
  50:../Firmware/GD32E23x_standard_peripheral/Source/gd32e23x_spi.c **** 
  51:../Firmware/GD32E23x_standard_peripheral/Source/gd32e23x_spi.c **** /*!
  52:../Firmware/GD32E23x_standard_peripheral/Source/gd32e23x_spi.c ****     \brief      reset SPI and I2S
  53:../Firmware/GD32E23x_standard_peripheral/Source/gd32e23x_spi.c ****     \param[in]  spi_periph: SPIx(x=0,1)
  54:../Firmware/GD32E23x_standard_peripheral/Source/gd32e23x_spi.c ****     \param[out] none
  55:../Firmware/GD32E23x_standard_peripheral/Source/gd32e23x_spi.c ****     \retval     none
  56:../Firmware/GD32E23x_standard_peripheral/Source/gd32e23x_spi.c **** */
  57:../Firmware/GD32E23x_standard_peripheral/Source/gd32e23x_spi.c **** void spi_i2s_deinit(uint32_t spi_periph)
  58:../Firmware/GD32E23x_standard_peripheral/Source/gd32e23x_spi.c **** {
  27              		.loc 1 58 1
  28              		.cfi_startproc
  29              		@ args = 0, pretend = 0, frame = 8
  30              		@ frame_needed = 1, uses_anonymous_args = 0
  31 0000 80B5     		push	{r7, lr}
  32              		.cfi_def_cfa_offset 8
  33              		.cfi_offset 7, -8
  34              		.cfi_offset 14, -4
  35 0002 82B0     		sub	sp, sp, #8
  36              		.cfi_def_cfa_offset 16
  37 0004 00AF     		add	r7, sp, #0
  38              		.cfi_def_cfa_register 7
  39 0006 7860     		str	r0, [r7, #4]
  59:../Firmware/GD32E23x_standard_peripheral/Source/gd32e23x_spi.c ****     switch(spi_periph) {
  40              		.loc 1 59 5
  41 0008 7A68     		ldr	r2, [r7, #4]
  42 000a 43F60003 		movw	r3, #14336
  43 000e C4F20003 		movt	r3, 16384
  44 0012 9A42     		cmp	r2, r3
  45 0014 0FD0     		beq	.L2
  46 0016 7A68     		ldr	r2, [r7, #4]
  47 0018 43F20003 		movw	r3, #12288
  48 001c C4F20103 		movt	r3, 16385
  49 0020 9A42     		cmp	r2, r3
  50 0022 11D1     		bne	.L5
  60:../Firmware/GD32E23x_standard_peripheral/Source/gd32e23x_spi.c ****     case SPI0:
  61:../Firmware/GD32E23x_standard_peripheral/Source/gd32e23x_spi.c ****         /* reset SPI0 and I2S0 */
  62:../Firmware/GD32E23x_standard_peripheral/Source/gd32e23x_spi.c ****         rcu_periph_reset_enable(RCU_SPI0RST);
  51              		.loc 1 62 9
  52 0024 40F20C30 		movw	r0, #780
  53 0028 FFF7FEFF 		bl	rcu_periph_reset_enable
  63:../Firmware/GD32E23x_standard_peripheral/Source/gd32e23x_spi.c ****         rcu_periph_reset_disable(RCU_SPI0RST);
  54              		.loc 1 63 9
  55 002c 40F20C30 		movw	r0, #780
  56 0030 FFF7FEFF 		bl	rcu_periph_reset_disable
  64:../Firmware/GD32E23x_standard_peripheral/Source/gd32e23x_spi.c ****         break;
  57              		.loc 1 64 9
  58 0034 09E0     		b	.L4
  59              	.L2:
  65:../Firmware/GD32E23x_standard_peripheral/Source/gd32e23x_spi.c ****     case SPI1:
  66:../Firmware/GD32E23x_standard_peripheral/Source/gd32e23x_spi.c ****         /* reset SPI1 */
  67:../Firmware/GD32E23x_standard_peripheral/Source/gd32e23x_spi.c ****         rcu_periph_reset_enable(RCU_SPI1RST);
  60              		.loc 1 67 9
  61 0036 40F20E40 		movw	r0, #1038
  62 003a FFF7FEFF 		bl	rcu_periph_reset_enable
  68:../Firmware/GD32E23x_standard_peripheral/Source/gd32e23x_spi.c ****         rcu_periph_reset_disable(RCU_SPI1RST);
  63              		.loc 1 68 9
  64 003e 40F20E40 		movw	r0, #1038
  65 0042 FFF7FEFF 		bl	rcu_periph_reset_disable
  69:../Firmware/GD32E23x_standard_peripheral/Source/gd32e23x_spi.c ****         break;
  66              		.loc 1 69 9
  67 0046 00E0     		b	.L4
  68              	.L5:
  70:../Firmware/GD32E23x_standard_peripheral/Source/gd32e23x_spi.c ****     default :
  71:../Firmware/GD32E23x_standard_peripheral/Source/gd32e23x_spi.c ****         break;
  69              		.loc 1 71 9
  70 0048 C046     		nop
  71              	.L4:
  72:../Firmware/GD32E23x_standard_peripheral/Source/gd32e23x_spi.c ****     }
  73:../Firmware/GD32E23x_standard_peripheral/Source/gd32e23x_spi.c **** }
  72              		.loc 1 73 1
  73 004a C046     		nop
  74 004c BD46     		mov	sp, r7
  75 004e 02B0     		add	sp, sp, #8
  76              		@ sp needed
  77 0050 80BD     		pop	{r7, pc}
  78              		.cfi_endproc
  79              	.LFE58:
  81              		.section	.text.spi_struct_para_init,"ax",%progbits
  82              		.align	1
  83              		.global	spi_struct_para_init
  84              		.syntax unified
  85              		.code	16
  86              		.thumb_func
  87              		.fpu softvfp
  89              	spi_struct_para_init:
  90              	.LFB59:
  74:../Firmware/GD32E23x_standard_peripheral/Source/gd32e23x_spi.c **** 
  75:../Firmware/GD32E23x_standard_peripheral/Source/gd32e23x_spi.c **** /*!
  76:../Firmware/GD32E23x_standard_peripheral/Source/gd32e23x_spi.c ****     \brief      initialize the parameters of SPI structure with the default values
  77:../Firmware/GD32E23x_standard_peripheral/Source/gd32e23x_spi.c ****     \param[in]  none
  78:../Firmware/GD32E23x_standard_peripheral/Source/gd32e23x_spi.c ****     \param[out] spi_parameter_struct: the initialized structure spi_parameter_struct pointer
  79:../Firmware/GD32E23x_standard_peripheral/Source/gd32e23x_spi.c ****     \retval     none
  80:../Firmware/GD32E23x_standard_peripheral/Source/gd32e23x_spi.c **** */
  81:../Firmware/GD32E23x_standard_peripheral/Source/gd32e23x_spi.c **** void spi_struct_para_init(spi_parameter_struct *spi_struct)
  82:../Firmware/GD32E23x_standard_peripheral/Source/gd32e23x_spi.c **** {
  91              		.loc 1 82 1
  92              		.cfi_startproc
  93              		@ args = 0, pretend = 0, frame = 8
  94              		@ frame_needed = 1, uses_anonymous_args = 0
  95 0000 80B5     		push	{r7, lr}
  96              		.cfi_def_cfa_offset 8
  97              		.cfi_offset 7, -8
  98              		.cfi_offset 14, -4
  99 0002 82B0     		sub	sp, sp, #8
 100              		.cfi_def_cfa_offset 16
 101 0004 00AF     		add	r7, sp, #0
 102              		.cfi_def_cfa_register 7
 103 0006 7860     		str	r0, [r7, #4]
  83:../Firmware/GD32E23x_standard_peripheral/Source/gd32e23x_spi.c ****     /* configure the SPI structure with the default values */
  84:../Firmware/GD32E23x_standard_peripheral/Source/gd32e23x_spi.c ****     spi_struct->device_mode          = SPI_SLAVE;
 104              		.loc 1 84 38
 105 0008 7B68     		ldr	r3, [r7, #4]
 106 000a 0022     		movs	r2, #0
 107 000c 1A60     		str	r2, [r3]
  85:../Firmware/GD32E23x_standard_peripheral/Source/gd32e23x_spi.c ****     spi_struct->trans_mode           = SPI_TRANSMODE_FULLDUPLEX;
 108              		.loc 1 85 38
 109 000e 7B68     		ldr	r3, [r7, #4]
 110 0010 0022     		movs	r2, #0
 111 0012 5A60     		str	r2, [r3, #4]
  86:../Firmware/GD32E23x_standard_peripheral/Source/gd32e23x_spi.c ****     spi_struct->frame_size           = SPI_FRAMESIZE_8BIT;
 112              		.loc 1 86 38
 113 0014 7B68     		ldr	r3, [r7, #4]
 114 0016 40F20072 		movw	r2, #1792
 115 001a 9A60     		str	r2, [r3, #8]
  87:../Firmware/GD32E23x_standard_peripheral/Source/gd32e23x_spi.c ****     spi_struct->nss                  = SPI_NSS_HARD;
 116              		.loc 1 87 38
 117 001c 7B68     		ldr	r3, [r7, #4]
 118 001e 0022     		movs	r2, #0
 119 0020 DA60     		str	r2, [r3, #12]
  88:../Firmware/GD32E23x_standard_peripheral/Source/gd32e23x_spi.c ****     spi_struct->endian               = SPI_ENDIAN_MSB;
 120              		.loc 1 88 38
 121 0022 7B68     		ldr	r3, [r7, #4]
 122 0024 0022     		movs	r2, #0
 123 0026 1A61     		str	r2, [r3, #16]
  89:../Firmware/GD32E23x_standard_peripheral/Source/gd32e23x_spi.c ****     spi_struct->clock_polarity_phase = SPI_CK_PL_LOW_PH_1EDGE;
 124              		.loc 1 89 38
 125 0028 7B68     		ldr	r3, [r7, #4]
 126 002a 0022     		movs	r2, #0
 127 002c 5A61     		str	r2, [r3, #20]
  90:../Firmware/GD32E23x_standard_peripheral/Source/gd32e23x_spi.c ****     spi_struct->prescale             = SPI_PSC_2;
 128              		.loc 1 90 38
 129 002e 7B68     		ldr	r3, [r7, #4]
 130 0030 0022     		movs	r2, #0
 131 0032 9A61     		str	r2, [r3, #24]
  91:../Firmware/GD32E23x_standard_peripheral/Source/gd32e23x_spi.c **** }
 132              		.loc 1 91 1
 133 0034 C046     		nop
 134 0036 BD46     		mov	sp, r7
 135 0038 02B0     		add	sp, sp, #8
 136              		@ sp needed
 137 003a 80BD     		pop	{r7, pc}
 138              		.cfi_endproc
 139              	.LFE59:
 141              		.section	.text.spi_init,"ax",%progbits
 142              		.align	1
 143              		.global	spi_init
 144              		.syntax unified
 145              		.code	16
 146              		.thumb_func
 147              		.fpu softvfp
 149              	spi_init:
 150              	.LFB60:
  92:../Firmware/GD32E23x_standard_peripheral/Source/gd32e23x_spi.c **** 
  93:../Firmware/GD32E23x_standard_peripheral/Source/gd32e23x_spi.c **** /*!
  94:../Firmware/GD32E23x_standard_peripheral/Source/gd32e23x_spi.c ****     \brief      initialize SPI parameters
  95:../Firmware/GD32E23x_standard_peripheral/Source/gd32e23x_spi.c ****     \param[in]  spi_periph: SPIx(x=0,1)
  96:../Firmware/GD32E23x_standard_peripheral/Source/gd32e23x_spi.c ****     \param[in]  spi_struct: SPI parameter initialization stuct members of the structure
  97:../Firmware/GD32E23x_standard_peripheral/Source/gd32e23x_spi.c ****                             and the member values are shown as below:
  98:../Firmware/GD32E23x_standard_peripheral/Source/gd32e23x_spi.c ****                   device_mode: SPI_MASTER, SPI_SLAVE
  99:../Firmware/GD32E23x_standard_peripheral/Source/gd32e23x_spi.c ****                   trans_mode: SPI_TRANSMODE_FULLDUPLEX, SPI_TRANSMODE_RECEIVEONLY,
 100:../Firmware/GD32E23x_standard_peripheral/Source/gd32e23x_spi.c ****                               SPI_TRANSMODE_BDRECEIVE, SPI_TRANSMODE_BDTRANSMIT
 101:../Firmware/GD32E23x_standard_peripheral/Source/gd32e23x_spi.c ****                   frame_size: SPI_FRAMESIZE_4BIT, SPI_FRAMESIZE_5BIT
 102:../Firmware/GD32E23x_standard_peripheral/Source/gd32e23x_spi.c ****                               SPI_FRAMESIZE_6BIT, SPI_FRAMESIZE_7BIT
 103:../Firmware/GD32E23x_standard_peripheral/Source/gd32e23x_spi.c ****                               SPI_FRAMESIZE_8BIT, SPI_FRAMESIZE_9BIT
 104:../Firmware/GD32E23x_standard_peripheral/Source/gd32e23x_spi.c ****                               SPI_FRAMESIZE_10BIT, SPI_FRAMESIZE_11BIT
 105:../Firmware/GD32E23x_standard_peripheral/Source/gd32e23x_spi.c ****                               SPI_FRAMESIZE_12BIT, SPI_FRAMESIZE_13BIT
 106:../Firmware/GD32E23x_standard_peripheral/Source/gd32e23x_spi.c ****                               SPI_FRAMESIZE_14BIT, SPI_FRAMESIZE_15BIT
 107:../Firmware/GD32E23x_standard_peripheral/Source/gd32e23x_spi.c ****                               SPI_FRAMESIZE_16BIT
 108:../Firmware/GD32E23x_standard_peripheral/Source/gd32e23x_spi.c ****                   nss: SPI_NSS_SOFT, SPI_NSS_HARD
 109:../Firmware/GD32E23x_standard_peripheral/Source/gd32e23x_spi.c ****                   endian: SPI_ENDIAN_MSB, SPI_ENDIAN_LSB
 110:../Firmware/GD32E23x_standard_peripheral/Source/gd32e23x_spi.c ****                   clock_polarity_phase: SPI_CK_PL_LOW_PH_1EDGE, SPI_CK_PL_HIGH_PH_1EDGE
 111:../Firmware/GD32E23x_standard_peripheral/Source/gd32e23x_spi.c ****                                         SPI_CK_PL_LOW_PH_2EDGE, SPI_CK_PL_HIGH_PH_2EDGE
 112:../Firmware/GD32E23x_standard_peripheral/Source/gd32e23x_spi.c ****                   prescale: SPI_PSC_n (n=2,4,8,16,32,64,128,256)
 113:../Firmware/GD32E23x_standard_peripheral/Source/gd32e23x_spi.c ****     \param[out] none
 114:../Firmware/GD32E23x_standard_peripheral/Source/gd32e23x_spi.c ****     \retval     ErrStatus: ERROR or SUCCESS
 115:../Firmware/GD32E23x_standard_peripheral/Source/gd32e23x_spi.c **** */
 116:../Firmware/GD32E23x_standard_peripheral/Source/gd32e23x_spi.c **** ErrStatus spi_init(uint32_t spi_periph, spi_parameter_struct *spi_struct)
 117:../Firmware/GD32E23x_standard_peripheral/Source/gd32e23x_spi.c **** {
 151              		.loc 1 117 1
 152              		.cfi_startproc
 153              		@ args = 0, pretend = 0, frame = 24
 154              		@ frame_needed = 1, uses_anonymous_args = 0
 155 0000 80B5     		push	{r7, lr}
 156              		.cfi_def_cfa_offset 8
 157              		.cfi_offset 7, -8
 158              		.cfi_offset 14, -4
 159 0002 86B0     		sub	sp, sp, #24
 160              		.cfi_def_cfa_offset 32
 161 0004 00AF     		add	r7, sp, #0
 162              		.cfi_def_cfa_register 7
 163 0006 7860     		str	r0, [r7, #4]
 164 0008 3960     		str	r1, [r7]
 118:../Firmware/GD32E23x_standard_peripheral/Source/gd32e23x_spi.c ****     uint32_t reg1 = 0U, reg2 = 0U, reg3 = 0U;
 165              		.loc 1 118 14
 166 000a 0023     		movs	r3, #0
 167 000c 7B61     		str	r3, [r7, #20]
 168              		.loc 1 118 25
 169 000e 0023     		movs	r3, #0
 170 0010 3B61     		str	r3, [r7, #16]
 171              		.loc 1 118 36
 172 0012 0023     		movs	r3, #0
 173 0014 FB60     		str	r3, [r7, #12]
 119:../Firmware/GD32E23x_standard_peripheral/Source/gd32e23x_spi.c **** 
 120:../Firmware/GD32E23x_standard_peripheral/Source/gd32e23x_spi.c ****     reg1 = SPI_CTL0(spi_periph);
 174              		.loc 1 120 12
 175 0016 7B68     		ldr	r3, [r7, #4]
 176              		.loc 1 120 10
 177 0018 1B68     		ldr	r3, [r3]
 178 001a 7B61     		str	r3, [r7, #20]
 121:../Firmware/GD32E23x_standard_peripheral/Source/gd32e23x_spi.c ****     reg1 &= SPI_INIT_MASK;
 179              		.loc 1 121 10
 180 001c 7B69     		ldr	r3, [r7, #20]
 181 001e 43F24002 		movw	r2, #12352
 182 0022 1340     		ands	r3, r2
 183 0024 7B61     		str	r3, [r7, #20]
 122:../Firmware/GD32E23x_standard_peripheral/Source/gd32e23x_spi.c **** 
 123:../Firmware/GD32E23x_standard_peripheral/Source/gd32e23x_spi.c ****     reg2 = SPI_CTL0(spi_periph);
 184              		.loc 1 123 12
 185 0026 7B68     		ldr	r3, [r7, #4]
 186              		.loc 1 123 10
 187 0028 1B68     		ldr	r3, [r3]
 188 002a 3B61     		str	r3, [r7, #16]
 124:../Firmware/GD32E23x_standard_peripheral/Source/gd32e23x_spi.c ****     reg2 &= SPI_FIFO_INIT_MASK1;
 189              		.loc 1 124 10
 190 002c 3B69     		ldr	r3, [r7, #16]
 191 002e 43F64002 		movw	r2, #14400
 192 0032 1340     		ands	r3, r2
 193 0034 3B61     		str	r3, [r7, #16]
 125:../Firmware/GD32E23x_standard_peripheral/Source/gd32e23x_spi.c **** 
 126:../Firmware/GD32E23x_standard_peripheral/Source/gd32e23x_spi.c ****     reg3 = SPI_CTL1(spi_periph);
 194              		.loc 1 126 12
 195 0036 7B68     		ldr	r3, [r7, #4]
 196 0038 0433     		adds	r3, r3, #4
 197              		.loc 1 126 10
 198 003a 1B68     		ldr	r3, [r3]
 199 003c FB60     		str	r3, [r7, #12]
 127:../Firmware/GD32E23x_standard_peripheral/Source/gd32e23x_spi.c ****     reg3 &= SPI_FIFO_INIT_MASK2;
 200              		.loc 1 127 10
 201 003e FB68     		ldr	r3, [r7, #12]
 202 0040 4FF2FF02 		movw	r2, #61695
 203 0044 1340     		ands	r3, r2
 204 0046 FB60     		str	r3, [r7, #12]
 128:../Firmware/GD32E23x_standard_peripheral/Source/gd32e23x_spi.c **** 
 129:../Firmware/GD32E23x_standard_peripheral/Source/gd32e23x_spi.c ****     if(SPI0 == spi_periph) {
 205              		.loc 1 129 7
 206 0048 7A68     		ldr	r2, [r7, #4]
 207 004a 43F20003 		movw	r3, #12288
 208 004e C4F20103 		movt	r3, 16385
 209 0052 9A42     		cmp	r2, r3
 210 0054 37D1     		bne	.L8
 130:../Firmware/GD32E23x_standard_peripheral/Source/gd32e23x_spi.c ****         /* select SPI as master or slave */
 131:../Firmware/GD32E23x_standard_peripheral/Source/gd32e23x_spi.c ****         reg1 |= spi_struct->device_mode;
 211              		.loc 1 131 27
 212 0056 3B68     		ldr	r3, [r7]
 213 0058 1B68     		ldr	r3, [r3]
 214              		.loc 1 131 14
 215 005a 7A69     		ldr	r2, [r7, #20]
 216 005c 1343     		orrs	r3, r2
 217 005e 7B61     		str	r3, [r7, #20]
 132:../Firmware/GD32E23x_standard_peripheral/Source/gd32e23x_spi.c ****         /* select SPI transfer mode */
 133:../Firmware/GD32E23x_standard_peripheral/Source/gd32e23x_spi.c ****         reg1 |= spi_struct->trans_mode;
 218              		.loc 1 133 27
 219 0060 3B68     		ldr	r3, [r7]
 220 0062 5B68     		ldr	r3, [r3, #4]
 221              		.loc 1 133 14
 222 0064 7A69     		ldr	r2, [r7, #20]
 223 0066 1343     		orrs	r3, r2
 224 0068 7B61     		str	r3, [r7, #20]
 134:../Firmware/GD32E23x_standard_peripheral/Source/gd32e23x_spi.c ****         /* select SPI NSS use hardware or software */
 135:../Firmware/GD32E23x_standard_peripheral/Source/gd32e23x_spi.c ****         reg1 |= spi_struct->nss;
 225              		.loc 1 135 27
 226 006a 3B68     		ldr	r3, [r7]
 227 006c DB68     		ldr	r3, [r3, #12]
 228              		.loc 1 135 14
 229 006e 7A69     		ldr	r2, [r7, #20]
 230 0070 1343     		orrs	r3, r2
 231 0072 7B61     		str	r3, [r7, #20]
 136:../Firmware/GD32E23x_standard_peripheral/Source/gd32e23x_spi.c ****         /* select SPI LSB or MSB */
 137:../Firmware/GD32E23x_standard_peripheral/Source/gd32e23x_spi.c ****         reg1 |= spi_struct->endian;
 232              		.loc 1 137 27
 233 0074 3B68     		ldr	r3, [r7]
 234 0076 1B69     		ldr	r3, [r3, #16]
 235              		.loc 1 137 14
 236 0078 7A69     		ldr	r2, [r7, #20]
 237 007a 1343     		orrs	r3, r2
 238 007c 7B61     		str	r3, [r7, #20]
 138:../Firmware/GD32E23x_standard_peripheral/Source/gd32e23x_spi.c ****         /* select SPI polarity and phase */
 139:../Firmware/GD32E23x_standard_peripheral/Source/gd32e23x_spi.c ****         reg1 |= spi_struct->clock_polarity_phase;
 239              		.loc 1 139 27
 240 007e 3B68     		ldr	r3, [r7]
 241 0080 5B69     		ldr	r3, [r3, #20]
 242              		.loc 1 139 14
 243 0082 7A69     		ldr	r2, [r7, #20]
 244 0084 1343     		orrs	r3, r2
 245 0086 7B61     		str	r3, [r7, #20]
 140:../Firmware/GD32E23x_standard_peripheral/Source/gd32e23x_spi.c ****         /* select SPI prescaler to adjust transmit speed */
 141:../Firmware/GD32E23x_standard_peripheral/Source/gd32e23x_spi.c ****         reg1 |= spi_struct->prescale;
 246              		.loc 1 141 27
 247 0088 3B68     		ldr	r3, [r7]
 248 008a 9B69     		ldr	r3, [r3, #24]
 249              		.loc 1 141 14
 250 008c 7A69     		ldr	r2, [r7, #20]
 251 008e 1343     		orrs	r3, r2
 252 0090 7B61     		str	r3, [r7, #20]
 142:../Firmware/GD32E23x_standard_peripheral/Source/gd32e23x_spi.c ****         /* select SPI frame size */
 143:../Firmware/GD32E23x_standard_peripheral/Source/gd32e23x_spi.c ****         /* check SPI0 frame size is 8bits/16bits or not*/
 144:../Firmware/GD32E23x_standard_peripheral/Source/gd32e23x_spi.c ****         if((SPI_FRAMESIZE_8BIT != spi_struct->frame_size) && (SPI_FRAMESIZE_16BIT != spi_struct->fr
 253              		.loc 1 144 45
 254 0092 3B68     		ldr	r3, [r7]
 255 0094 9B68     		ldr	r3, [r3, #8]
 256              		.loc 1 144 11
 257 0096 40F20072 		movw	r2, #1792
 258 009a 9342     		cmp	r3, r2
 259 009c 07D0     		beq	.L9
 260              		.loc 1 144 96 discriminator 1
 261 009e 3B68     		ldr	r3, [r7]
 262 00a0 9B68     		ldr	r3, [r3, #8]
 263              		.loc 1 144 59 discriminator 1
 264 00a2 40F60072 		movw	r2, #3840
 265 00a6 9342     		cmp	r3, r2
 266 00a8 01D0     		beq	.L9
 145:../Firmware/GD32E23x_standard_peripheral/Source/gd32e23x_spi.c ****             return ERROR;
 267              		.loc 1 145 20
 268 00aa 0023     		movs	r3, #0
 269 00ac 3EE0     		b	.L10
 270              	.L9:
 146:../Firmware/GD32E23x_standard_peripheral/Source/gd32e23x_spi.c ****         } else {
 147:../Firmware/GD32E23x_standard_peripheral/Source/gd32e23x_spi.c ****             reg1 |= (spi_struct->frame_size & SPI_FRAMESIZE_MASK);
 271              		.loc 1 147 32
 272 00ae 3B68     		ldr	r3, [r7]
 273 00b0 9B68     		ldr	r3, [r3, #8]
 274              		.loc 1 147 45
 275 00b2 40F60002 		movw	r2, #2048
 276 00b6 1340     		ands	r3, r2
 277              		.loc 1 147 18
 278 00b8 7A69     		ldr	r2, [r7, #20]
 279 00ba 1343     		orrs	r3, r2
 280 00bc 7B61     		str	r3, [r7, #20]
 148:../Firmware/GD32E23x_standard_peripheral/Source/gd32e23x_spi.c ****         }
 149:../Firmware/GD32E23x_standard_peripheral/Source/gd32e23x_spi.c **** 
 150:../Firmware/GD32E23x_standard_peripheral/Source/gd32e23x_spi.c ****         /* write to SPI_CTL0 register */
 151:../Firmware/GD32E23x_standard_peripheral/Source/gd32e23x_spi.c ****         SPI_CTL0(spi_periph) = (uint32_t)reg1;
 281              		.loc 1 151 9
 282 00be 7B68     		ldr	r3, [r7, #4]
 283              		.loc 1 151 30
 284 00c0 7A69     		ldr	r2, [r7, #20]
 285 00c2 1A60     		str	r2, [r3]
 286 00c4 29E0     		b	.L11
 287              	.L8:
 152:../Firmware/GD32E23x_standard_peripheral/Source/gd32e23x_spi.c **** 
 153:../Firmware/GD32E23x_standard_peripheral/Source/gd32e23x_spi.c ****     } else {
 154:../Firmware/GD32E23x_standard_peripheral/Source/gd32e23x_spi.c ****         /* select SPI as master or slave */
 155:../Firmware/GD32E23x_standard_peripheral/Source/gd32e23x_spi.c ****         reg2 |= spi_struct->device_mode;
 288              		.loc 1 155 27
 289 00c6 3B68     		ldr	r3, [r7]
 290 00c8 1B68     		ldr	r3, [r3]
 291              		.loc 1 155 14
 292 00ca 3A69     		ldr	r2, [r7, #16]
 293 00cc 1343     		orrs	r3, r2
 294 00ce 3B61     		str	r3, [r7, #16]
 156:../Firmware/GD32E23x_standard_peripheral/Source/gd32e23x_spi.c ****         /* select SPI transfer mode */
 157:../Firmware/GD32E23x_standard_peripheral/Source/gd32e23x_spi.c ****         reg2 |= spi_struct->trans_mode;
 295              		.loc 1 157 27
 296 00d0 3B68     		ldr	r3, [r7]
 297 00d2 5B68     		ldr	r3, [r3, #4]
 298              		.loc 1 157 14
 299 00d4 3A69     		ldr	r2, [r7, #16]
 300 00d6 1343     		orrs	r3, r2
 301 00d8 3B61     		str	r3, [r7, #16]
 158:../Firmware/GD32E23x_standard_peripheral/Source/gd32e23x_spi.c ****         /* select SPI NSS use hardware or software */
 159:../Firmware/GD32E23x_standard_peripheral/Source/gd32e23x_spi.c ****         reg2 |= spi_struct->nss;
 302              		.loc 1 159 27
 303 00da 3B68     		ldr	r3, [r7]
 304 00dc DB68     		ldr	r3, [r3, #12]
 305              		.loc 1 159 14
 306 00de 3A69     		ldr	r2, [r7, #16]
 307 00e0 1343     		orrs	r3, r2
 308 00e2 3B61     		str	r3, [r7, #16]
 160:../Firmware/GD32E23x_standard_peripheral/Source/gd32e23x_spi.c ****         /* select SPI LSB or MSB */
 161:../Firmware/GD32E23x_standard_peripheral/Source/gd32e23x_spi.c ****         reg2 |= spi_struct->endian;
 309              		.loc 1 161 27
 310 00e4 3B68     		ldr	r3, [r7]
 311 00e6 1B69     		ldr	r3, [r3, #16]
 312              		.loc 1 161 14
 313 00e8 3A69     		ldr	r2, [r7, #16]
 314 00ea 1343     		orrs	r3, r2
 315 00ec 3B61     		str	r3, [r7, #16]
 162:../Firmware/GD32E23x_standard_peripheral/Source/gd32e23x_spi.c ****         /* select SPI polarity and phase */
 163:../Firmware/GD32E23x_standard_peripheral/Source/gd32e23x_spi.c ****         reg2 |= spi_struct->clock_polarity_phase;
 316              		.loc 1 163 27
 317 00ee 3B68     		ldr	r3, [r7]
 318 00f0 5B69     		ldr	r3, [r3, #20]
 319              		.loc 1 163 14
 320 00f2 3A69     		ldr	r2, [r7, #16]
 321 00f4 1343     		orrs	r3, r2
 322 00f6 3B61     		str	r3, [r7, #16]
 164:../Firmware/GD32E23x_standard_peripheral/Source/gd32e23x_spi.c ****         /* select SPI prescaler to adjust transmit speed */
 165:../Firmware/GD32E23x_standard_peripheral/Source/gd32e23x_spi.c ****         reg2 |= spi_struct->prescale;
 323              		.loc 1 165 27
 324 00f8 3B68     		ldr	r3, [r7]
 325 00fa 9B69     		ldr	r3, [r3, #24]
 326              		.loc 1 165 14
 327 00fc 3A69     		ldr	r2, [r7, #16]
 328 00fe 1343     		orrs	r3, r2
 329 0100 3B61     		str	r3, [r7, #16]
 166:../Firmware/GD32E23x_standard_peripheral/Source/gd32e23x_spi.c ****         /* write to SPI_CTL0 register */
 167:../Firmware/GD32E23x_standard_peripheral/Source/gd32e23x_spi.c ****         SPI_CTL0(spi_periph) = (uint32_t)reg2;
 330              		.loc 1 167 9
 331 0102 7B68     		ldr	r3, [r7, #4]
 332              		.loc 1 167 30
 333 0104 3A69     		ldr	r2, [r7, #16]
 334 0106 1A60     		str	r2, [r3]
 168:../Firmware/GD32E23x_standard_peripheral/Source/gd32e23x_spi.c **** 
 169:../Firmware/GD32E23x_standard_peripheral/Source/gd32e23x_spi.c ****         /* select SPI data size */
 170:../Firmware/GD32E23x_standard_peripheral/Source/gd32e23x_spi.c ****         reg3 |= spi_struct->frame_size;
 335              		.loc 1 170 27
 336 0108 3B68     		ldr	r3, [r7]
 337 010a 9B68     		ldr	r3, [r3, #8]
 338              		.loc 1 170 14
 339 010c FA68     		ldr	r2, [r7, #12]
 340 010e 1343     		orrs	r3, r2
 341 0110 FB60     		str	r3, [r7, #12]
 171:../Firmware/GD32E23x_standard_peripheral/Source/gd32e23x_spi.c ****         /* write to SPI_CTL0 register */
 172:../Firmware/GD32E23x_standard_peripheral/Source/gd32e23x_spi.c ****         SPI_CTL1(spi_periph) = (uint32_t)reg3;
 342              		.loc 1 172 9
 343 0112 7B68     		ldr	r3, [r7, #4]
 344 0114 0433     		adds	r3, r3, #4
 345              		.loc 1 172 30
 346 0116 FA68     		ldr	r2, [r7, #12]
 347 0118 1A60     		str	r2, [r3]
 348              	.L11:
 173:../Firmware/GD32E23x_standard_peripheral/Source/gd32e23x_spi.c ****     }
 174:../Firmware/GD32E23x_standard_peripheral/Source/gd32e23x_spi.c **** 
 175:../Firmware/GD32E23x_standard_peripheral/Source/gd32e23x_spi.c ****     /* select SPI mode */
 176:../Firmware/GD32E23x_standard_peripheral/Source/gd32e23x_spi.c ****     SPI_I2SCTL(spi_periph) &= (uint32_t)(~SPI_I2SCTL_I2SSEL);
 349              		.loc 1 176 28
 350 011a 7B68     		ldr	r3, [r7, #4]
 351 011c 1C33     		adds	r3, r3, #28
 352 011e 1A68     		ldr	r2, [r3]
 353 0120 7B68     		ldr	r3, [r7, #4]
 354 0122 1C33     		adds	r3, r3, #28
 355 0124 0349     		ldr	r1, .L12
 356 0126 0A40     		ands	r2, r1
 357 0128 1A60     		str	r2, [r3]
 177:../Firmware/GD32E23x_standard_peripheral/Source/gd32e23x_spi.c **** 
 178:../Firmware/GD32E23x_standard_peripheral/Source/gd32e23x_spi.c ****     return SUCCESS;
 358              		.loc 1 178 12
 359 012a 0123     		movs	r3, #1
 360              	.L10:
 179:../Firmware/GD32E23x_standard_peripheral/Source/gd32e23x_spi.c **** }
 361              		.loc 1 179 1
 362 012c 1800     		movs	r0, r3
 363 012e BD46     		mov	sp, r7
 364 0130 06B0     		add	sp, sp, #24
 365              		@ sp needed
 366 0132 80BD     		pop	{r7, pc}
 367              	.L13:
 368              		.align	2
 369              	.L12:
 370 0134 FFF7FFFF 		.word	-2049
 371              		.cfi_endproc
 372              	.LFE60:
 374              		.section	.text.spi_enable,"ax",%progbits
 375              		.align	1
 376              		.global	spi_enable
 377              		.syntax unified
 378              		.code	16
 379              		.thumb_func
 380              		.fpu softvfp
 382              	spi_enable:
 383              	.LFB61:
 180:../Firmware/GD32E23x_standard_peripheral/Source/gd32e23x_spi.c **** 
 181:../Firmware/GD32E23x_standard_peripheral/Source/gd32e23x_spi.c **** /*!
 182:../Firmware/GD32E23x_standard_peripheral/Source/gd32e23x_spi.c ****     \brief      enable SPI
 183:../Firmware/GD32E23x_standard_peripheral/Source/gd32e23x_spi.c ****     \param[in]  spi_periph: SPIx(x=0,1)
 184:../Firmware/GD32E23x_standard_peripheral/Source/gd32e23x_spi.c ****     \param[out] none
 185:../Firmware/GD32E23x_standard_peripheral/Source/gd32e23x_spi.c ****     \retval     none
 186:../Firmware/GD32E23x_standard_peripheral/Source/gd32e23x_spi.c **** */
 187:../Firmware/GD32E23x_standard_peripheral/Source/gd32e23x_spi.c **** void spi_enable(uint32_t spi_periph)
 188:../Firmware/GD32E23x_standard_peripheral/Source/gd32e23x_spi.c **** {
 384              		.loc 1 188 1
 385              		.cfi_startproc
 386              		@ args = 0, pretend = 0, frame = 8
 387              		@ frame_needed = 1, uses_anonymous_args = 0
 388 0000 80B5     		push	{r7, lr}
 389              		.cfi_def_cfa_offset 8
 390              		.cfi_offset 7, -8
 391              		.cfi_offset 14, -4
 392 0002 82B0     		sub	sp, sp, #8
 393              		.cfi_def_cfa_offset 16
 394 0004 00AF     		add	r7, sp, #0
 395              		.cfi_def_cfa_register 7
 396 0006 7860     		str	r0, [r7, #4]
 189:../Firmware/GD32E23x_standard_peripheral/Source/gd32e23x_spi.c ****     SPI_CTL0(spi_periph) |= (uint32_t)SPI_CTL0_SPIEN;
 397              		.loc 1 189 26
 398 0008 7B68     		ldr	r3, [r7, #4]
 399 000a 1A68     		ldr	r2, [r3]
 400 000c 7B68     		ldr	r3, [r7, #4]
 401 000e 4021     		movs	r1, #64
 402 0010 0A43     		orrs	r2, r1
 403 0012 1A60     		str	r2, [r3]
 190:../Firmware/GD32E23x_standard_peripheral/Source/gd32e23x_spi.c **** }
 404              		.loc 1 190 1
 405 0014 C046     		nop
 406 0016 BD46     		mov	sp, r7
 407 0018 02B0     		add	sp, sp, #8
 408              		@ sp needed
 409 001a 80BD     		pop	{r7, pc}
 410              		.cfi_endproc
 411              	.LFE61:
 413              		.section	.text.spi_disable,"ax",%progbits
 414              		.align	1
 415              		.global	spi_disable
 416              		.syntax unified
 417              		.code	16
 418              		.thumb_func
 419              		.fpu softvfp
 421              	spi_disable:
 422              	.LFB62:
 191:../Firmware/GD32E23x_standard_peripheral/Source/gd32e23x_spi.c **** 
 192:../Firmware/GD32E23x_standard_peripheral/Source/gd32e23x_spi.c **** /*!
 193:../Firmware/GD32E23x_standard_peripheral/Source/gd32e23x_spi.c ****     \brief      disable SPI
 194:../Firmware/GD32E23x_standard_peripheral/Source/gd32e23x_spi.c ****     \param[in]  spi_periph: SPIx(x=0,1)
 195:../Firmware/GD32E23x_standard_peripheral/Source/gd32e23x_spi.c ****     \param[out] none
 196:../Firmware/GD32E23x_standard_peripheral/Source/gd32e23x_spi.c ****     \retval     none
 197:../Firmware/GD32E23x_standard_peripheral/Source/gd32e23x_spi.c **** */
 198:../Firmware/GD32E23x_standard_peripheral/Source/gd32e23x_spi.c **** void spi_disable(uint32_t spi_periph)
 199:../Firmware/GD32E23x_standard_peripheral/Source/gd32e23x_spi.c **** {
 423              		.loc 1 199 1
 424              		.cfi_startproc
 425              		@ args = 0, pretend = 0, frame = 8
 426              		@ frame_needed = 1, uses_anonymous_args = 0
 427 0000 80B5     		push	{r7, lr}
 428              		.cfi_def_cfa_offset 8
 429              		.cfi_offset 7, -8
 430              		.cfi_offset 14, -4
 431 0002 82B0     		sub	sp, sp, #8
 432              		.cfi_def_cfa_offset 16
 433 0004 00AF     		add	r7, sp, #0
 434              		.cfi_def_cfa_register 7
 435 0006 7860     		str	r0, [r7, #4]
 200:../Firmware/GD32E23x_standard_peripheral/Source/gd32e23x_spi.c ****     SPI_CTL0(spi_periph) &= (uint32_t)(~SPI_CTL0_SPIEN);
 436              		.loc 1 200 26
 437 0008 7B68     		ldr	r3, [r7, #4]
 438 000a 1A68     		ldr	r2, [r3]
 439 000c 7B68     		ldr	r3, [r7, #4]
 440 000e 4021     		movs	r1, #64
 441 0010 8A43     		bics	r2, r1
 442 0012 1A60     		str	r2, [r3]
 201:../Firmware/GD32E23x_standard_peripheral/Source/gd32e23x_spi.c **** }
 443              		.loc 1 201 1
 444 0014 C046     		nop
 445 0016 BD46     		mov	sp, r7
 446 0018 02B0     		add	sp, sp, #8
 447              		@ sp needed
 448 001a 80BD     		pop	{r7, pc}
 449              		.cfi_endproc
 450              	.LFE62:
 452              		.section	.text.i2s_init,"ax",%progbits
 453              		.align	1
 454              		.global	i2s_init
 455              		.syntax unified
 456              		.code	16
 457              		.thumb_func
 458              		.fpu softvfp
 460              	i2s_init:
 461              	.LFB63:
 202:../Firmware/GD32E23x_standard_peripheral/Source/gd32e23x_spi.c **** 
 203:../Firmware/GD32E23x_standard_peripheral/Source/gd32e23x_spi.c **** /*!
 204:../Firmware/GD32E23x_standard_peripheral/Source/gd32e23x_spi.c ****     \brief      initialize I2S parameters
 205:../Firmware/GD32E23x_standard_peripheral/Source/gd32e23x_spi.c ****     \param[in]  spi_periph: SPIx(x=0)
 206:../Firmware/GD32E23x_standard_peripheral/Source/gd32e23x_spi.c ****     \param[in]  mode: I2S operation mode
 207:../Firmware/GD32E23x_standard_peripheral/Source/gd32e23x_spi.c ****                 only one parameter can be selected which is shown as below:
 208:../Firmware/GD32E23x_standard_peripheral/Source/gd32e23x_spi.c ****       \arg        I2S_MODE_SLAVETX: I2S slave transmit mode
 209:../Firmware/GD32E23x_standard_peripheral/Source/gd32e23x_spi.c ****       \arg        I2S_MODE_SLAVERX: I2S slave receive mode
 210:../Firmware/GD32E23x_standard_peripheral/Source/gd32e23x_spi.c ****       \arg        I2S_MODE_MASTERTX: I2S master transmit mode
 211:../Firmware/GD32E23x_standard_peripheral/Source/gd32e23x_spi.c ****       \arg        I2S_MODE_MASTERRX: I2S master receive mode
 212:../Firmware/GD32E23x_standard_peripheral/Source/gd32e23x_spi.c ****     \param[in]  standard: I2S standard
 213:../Firmware/GD32E23x_standard_peripheral/Source/gd32e23x_spi.c ****                 only one parameter can be selected which is shown as below:
 214:../Firmware/GD32E23x_standard_peripheral/Source/gd32e23x_spi.c ****       \arg        I2S_STD_PHILIPS: I2S phillips standard
 215:../Firmware/GD32E23x_standard_peripheral/Source/gd32e23x_spi.c ****       \arg        I2S_STD_MSB: I2S MSB standard
 216:../Firmware/GD32E23x_standard_peripheral/Source/gd32e23x_spi.c ****       \arg        I2S_STD_LSB: I2S LSB standard
 217:../Firmware/GD32E23x_standard_peripheral/Source/gd32e23x_spi.c ****       \arg        I2S_STD_PCMSHORT: I2S PCM short standard
 218:../Firmware/GD32E23x_standard_peripheral/Source/gd32e23x_spi.c ****       \arg        I2S_STD_PCMLONG: I2S PCM long standard
 219:../Firmware/GD32E23x_standard_peripheral/Source/gd32e23x_spi.c ****     \param[in]  ckpl: I2S idle state clock polarity
 220:../Firmware/GD32E23x_standard_peripheral/Source/gd32e23x_spi.c ****                 only one parameter can be selected which is shown as below:
 221:../Firmware/GD32E23x_standard_peripheral/Source/gd32e23x_spi.c ****       \arg        I2S_CKPL_LOW: I2S clock polarity low level
 222:../Firmware/GD32E23x_standard_peripheral/Source/gd32e23x_spi.c ****       \arg        I2S_CKPL_HIGH: I2S clock polarity high level
 223:../Firmware/GD32E23x_standard_peripheral/Source/gd32e23x_spi.c ****     \param[out] none
 224:../Firmware/GD32E23x_standard_peripheral/Source/gd32e23x_spi.c ****     \retval     none
 225:../Firmware/GD32E23x_standard_peripheral/Source/gd32e23x_spi.c **** */
 226:../Firmware/GD32E23x_standard_peripheral/Source/gd32e23x_spi.c **** void i2s_init(uint32_t spi_periph, uint32_t mode, uint32_t standard, uint32_t ckpl)
 227:../Firmware/GD32E23x_standard_peripheral/Source/gd32e23x_spi.c **** {
 462              		.loc 1 227 1
 463              		.cfi_startproc
 464              		@ args = 0, pretend = 0, frame = 24
 465              		@ frame_needed = 1, uses_anonymous_args = 0
 466 0000 80B5     		push	{r7, lr}
 467              		.cfi_def_cfa_offset 8
 468              		.cfi_offset 7, -8
 469              		.cfi_offset 14, -4
 470 0002 86B0     		sub	sp, sp, #24
 471              		.cfi_def_cfa_offset 32
 472 0004 00AF     		add	r7, sp, #0
 473              		.cfi_def_cfa_register 7
 474 0006 F860     		str	r0, [r7, #12]
 475 0008 B960     		str	r1, [r7, #8]
 476 000a 7A60     		str	r2, [r7, #4]
 477 000c 3B60     		str	r3, [r7]
 228:../Firmware/GD32E23x_standard_peripheral/Source/gd32e23x_spi.c ****     uint32_t reg = 0U;
 478              		.loc 1 228 14
 479 000e 0023     		movs	r3, #0
 480 0010 7B61     		str	r3, [r7, #20]
 229:../Firmware/GD32E23x_standard_peripheral/Source/gd32e23x_spi.c ****     reg = SPI_I2SCTL(spi_periph);
 481              		.loc 1 229 11
 482 0012 FB68     		ldr	r3, [r7, #12]
 483 0014 1C33     		adds	r3, r3, #28
 484              		.loc 1 229 9
 485 0016 1B68     		ldr	r3, [r3]
 486 0018 7B61     		str	r3, [r7, #20]
 230:../Firmware/GD32E23x_standard_peripheral/Source/gd32e23x_spi.c ****     reg &= I2S_INIT_MASK;
 487              		.loc 1 230 9
 488 001a 7B69     		ldr	r3, [r7, #20]
 489 001c 4FF24702 		movw	r2, #61511
 490 0020 1340     		ands	r3, r2
 491 0022 7B61     		str	r3, [r7, #20]
 231:../Firmware/GD32E23x_standard_peripheral/Source/gd32e23x_spi.c **** 
 232:../Firmware/GD32E23x_standard_peripheral/Source/gd32e23x_spi.c ****     /* enable I2S mode */
 233:../Firmware/GD32E23x_standard_peripheral/Source/gd32e23x_spi.c ****     reg |= (uint32_t)SPI_I2SCTL_I2SSEL;
 492              		.loc 1 233 9
 493 0024 7B69     		ldr	r3, [r7, #20]
 494 0026 40F60002 		movw	r2, #2048
 495 002a 1343     		orrs	r3, r2
 496 002c 7B61     		str	r3, [r7, #20]
 234:../Firmware/GD32E23x_standard_peripheral/Source/gd32e23x_spi.c ****     /* select I2S mode */
 235:../Firmware/GD32E23x_standard_peripheral/Source/gd32e23x_spi.c ****     reg |= (uint32_t)mode;
 497              		.loc 1 235 9
 498 002e 7A69     		ldr	r2, [r7, #20]
 499 0030 BB68     		ldr	r3, [r7, #8]
 500 0032 1343     		orrs	r3, r2
 501 0034 7B61     		str	r3, [r7, #20]
 236:../Firmware/GD32E23x_standard_peripheral/Source/gd32e23x_spi.c ****     /* select I2S standard */
 237:../Firmware/GD32E23x_standard_peripheral/Source/gd32e23x_spi.c ****     reg |= (uint32_t)standard;
 502              		.loc 1 237 9
 503 0036 7A69     		ldr	r2, [r7, #20]
 504 0038 7B68     		ldr	r3, [r7, #4]
 505 003a 1343     		orrs	r3, r2
 506 003c 7B61     		str	r3, [r7, #20]
 238:../Firmware/GD32E23x_standard_peripheral/Source/gd32e23x_spi.c ****     /* select I2S polarity */
 239:../Firmware/GD32E23x_standard_peripheral/Source/gd32e23x_spi.c ****     reg |= (uint32_t)ckpl;
 507              		.loc 1 239 9
 508 003e 7A69     		ldr	r2, [r7, #20]
 509 0040 3B68     		ldr	r3, [r7]
 510 0042 1343     		orrs	r3, r2
 511 0044 7B61     		str	r3, [r7, #20]
 240:../Firmware/GD32E23x_standard_peripheral/Source/gd32e23x_spi.c **** 
 241:../Firmware/GD32E23x_standard_peripheral/Source/gd32e23x_spi.c ****     /* write to SPI_I2SCTL register */
 242:../Firmware/GD32E23x_standard_peripheral/Source/gd32e23x_spi.c ****     SPI_I2SCTL(spi_periph) = (uint32_t)reg;
 512              		.loc 1 242 5
 513 0046 FB68     		ldr	r3, [r7, #12]
 514 0048 1C33     		adds	r3, r3, #28
 515              		.loc 1 242 28
 516 004a 7A69     		ldr	r2, [r7, #20]
 517 004c 1A60     		str	r2, [r3]
 243:../Firmware/GD32E23x_standard_peripheral/Source/gd32e23x_spi.c **** }
 518              		.loc 1 243 1
 519 004e C046     		nop
 520 0050 BD46     		mov	sp, r7
 521 0052 06B0     		add	sp, sp, #24
 522              		@ sp needed
 523 0054 80BD     		pop	{r7, pc}
 524              		.cfi_endproc
 525              	.LFE63:
 527              		.section	.text.i2s_psc_config,"ax",%progbits
 528              		.align	1
 529              		.global	i2s_psc_config
 530              		.syntax unified
 531              		.code	16
 532              		.thumb_func
 533              		.fpu softvfp
 535              	i2s_psc_config:
 536              	.LFB64:
 244:../Firmware/GD32E23x_standard_peripheral/Source/gd32e23x_spi.c **** 
 245:../Firmware/GD32E23x_standard_peripheral/Source/gd32e23x_spi.c **** /*!
 246:../Firmware/GD32E23x_standard_peripheral/Source/gd32e23x_spi.c ****     \brief      configure I2S prescaler
 247:../Firmware/GD32E23x_standard_peripheral/Source/gd32e23x_spi.c ****     \param[in]  spi_periph: SPIx(x=0)
 248:../Firmware/GD32E23x_standard_peripheral/Source/gd32e23x_spi.c ****     \param[in]  audiosample: I2S audio sample rate
 249:../Firmware/GD32E23x_standard_peripheral/Source/gd32e23x_spi.c ****                 only one parameter can be selected which is shown as below:
 250:../Firmware/GD32E23x_standard_peripheral/Source/gd32e23x_spi.c ****       \arg        I2S_AUDIOSAMPLE_8K: audio sample rate is 8KHz
 251:../Firmware/GD32E23x_standard_peripheral/Source/gd32e23x_spi.c ****       \arg        I2S_AUDIOSAMPLE_11K: audio sample rate is 11KHz
 252:../Firmware/GD32E23x_standard_peripheral/Source/gd32e23x_spi.c ****       \arg        I2S_AUDIOSAMPLE_16K: audio sample rate is 16KHz
 253:../Firmware/GD32E23x_standard_peripheral/Source/gd32e23x_spi.c ****       \arg        I2S_AUDIOSAMPLE_22K: audio sample rate is 22KHz
 254:../Firmware/GD32E23x_standard_peripheral/Source/gd32e23x_spi.c ****       \arg        I2S_AUDIOSAMPLE_32K: audio sample rate is 32KHz
 255:../Firmware/GD32E23x_standard_peripheral/Source/gd32e23x_spi.c ****       \arg        I2S_AUDIOSAMPLE_44K: audio sample rate is 44KHz
 256:../Firmware/GD32E23x_standard_peripheral/Source/gd32e23x_spi.c ****       \arg        I2S_AUDIOSAMPLE_48K: audio sample rate is 48KHz
 257:../Firmware/GD32E23x_standard_peripheral/Source/gd32e23x_spi.c ****       \arg        I2S_AUDIOSAMPLE_96K: audio sample rate is 96KHz
 258:../Firmware/GD32E23x_standard_peripheral/Source/gd32e23x_spi.c ****       \arg        I2S_AUDIOSAMPLE_192K: audio sample rate is 192KHz
 259:../Firmware/GD32E23x_standard_peripheral/Source/gd32e23x_spi.c ****     \param[in]  frameformat: I2S data length and channel length
 260:../Firmware/GD32E23x_standard_peripheral/Source/gd32e23x_spi.c ****                 only one parameter can be selected which is shown as below:
 261:../Firmware/GD32E23x_standard_peripheral/Source/gd32e23x_spi.c ****       \arg        I2S_FRAMEFORMAT_DT16B_CH16B: I2S data length is 16 bit and channel length is 16 b
 262:../Firmware/GD32E23x_standard_peripheral/Source/gd32e23x_spi.c ****       \arg        I2S_FRAMEFORMAT_DT16B_CH32B: I2S data length is 16 bit and channel length is 32 b
 263:../Firmware/GD32E23x_standard_peripheral/Source/gd32e23x_spi.c ****       \arg        I2S_FRAMEFORMAT_DT24B_CH32B: I2S data length is 24 bit and channel length is 32 b
 264:../Firmware/GD32E23x_standard_peripheral/Source/gd32e23x_spi.c ****       \arg        I2S_FRAMEFORMAT_DT32B_CH32B: I2S data length is 32 bit and channel length is 32 b
 265:../Firmware/GD32E23x_standard_peripheral/Source/gd32e23x_spi.c ****     \param[in]  mckout: I2S master clock output
 266:../Firmware/GD32E23x_standard_peripheral/Source/gd32e23x_spi.c ****                 only one parameter can be selected which is shown as below:
 267:../Firmware/GD32E23x_standard_peripheral/Source/gd32e23x_spi.c ****       \arg        I2S_MCKOUT_ENABLE: enable I2S master clock output
 268:../Firmware/GD32E23x_standard_peripheral/Source/gd32e23x_spi.c ****       \arg        I2S_MCKOUT_DISABLE: disable 2S master clock output
 269:../Firmware/GD32E23x_standard_peripheral/Source/gd32e23x_spi.c ****     \param[out] none
 270:../Firmware/GD32E23x_standard_peripheral/Source/gd32e23x_spi.c ****     \retval     none
 271:../Firmware/GD32E23x_standard_peripheral/Source/gd32e23x_spi.c **** */
 272:../Firmware/GD32E23x_standard_peripheral/Source/gd32e23x_spi.c **** void i2s_psc_config(uint32_t spi_periph, uint32_t audiosample, uint32_t frameformat, uint32_t mckou
 273:../Firmware/GD32E23x_standard_peripheral/Source/gd32e23x_spi.c **** {
 537              		.loc 1 273 1
 538              		.cfi_startproc
 539              		@ args = 0, pretend = 0, frame = 32
 540              		@ frame_needed = 1, uses_anonymous_args = 0
 541 0000 80B5     		push	{r7, lr}
 542              		.cfi_def_cfa_offset 8
 543              		.cfi_offset 7, -8
 544              		.cfi_offset 14, -4
 545 0002 88B0     		sub	sp, sp, #32
 546              		.cfi_def_cfa_offset 40
 547 0004 00AF     		add	r7, sp, #0
 548              		.cfi_def_cfa_register 7
 549 0006 F860     		str	r0, [r7, #12]
 550 0008 B960     		str	r1, [r7, #8]
 551 000a 7A60     		str	r2, [r7, #4]
 552 000c 3B60     		str	r3, [r7]
 274:../Firmware/GD32E23x_standard_peripheral/Source/gd32e23x_spi.c ****     uint32_t i2sdiv = 2U, i2sof = 0U;
 553              		.loc 1 274 14
 554 000e 0223     		movs	r3, #2
 555 0010 FB61     		str	r3, [r7, #28]
 556              		.loc 1 274 27
 557 0012 0023     		movs	r3, #0
 558 0014 BB61     		str	r3, [r7, #24]
 275:../Firmware/GD32E23x_standard_peripheral/Source/gd32e23x_spi.c ****     uint32_t clks = 0U;
 559              		.loc 1 275 14
 560 0016 0023     		movs	r3, #0
 561 0018 7B61     		str	r3, [r7, #20]
 276:../Firmware/GD32E23x_standard_peripheral/Source/gd32e23x_spi.c ****     uint32_t i2sclock = 0U;
 562              		.loc 1 276 14
 563 001a 0023     		movs	r3, #0
 564 001c 3B61     		str	r3, [r7, #16]
 277:../Firmware/GD32E23x_standard_peripheral/Source/gd32e23x_spi.c **** 
 278:../Firmware/GD32E23x_standard_peripheral/Source/gd32e23x_spi.c ****     /* deinitialize SPI_I2SPSC register */
 279:../Firmware/GD32E23x_standard_peripheral/Source/gd32e23x_spi.c ****     SPI_I2SPSC(spi_periph) = SPI_I2SPSC_RESET;
 565              		.loc 1 279 5
 566 001e FB68     		ldr	r3, [r7, #12]
 567 0020 2033     		adds	r3, r3, #32
 568              		.loc 1 279 28
 569 0022 0222     		movs	r2, #2
 570 0024 1A60     		str	r2, [r3]
 280:../Firmware/GD32E23x_standard_peripheral/Source/gd32e23x_spi.c **** 
 281:../Firmware/GD32E23x_standard_peripheral/Source/gd32e23x_spi.c ****     /* get system clock */
 282:../Firmware/GD32E23x_standard_peripheral/Source/gd32e23x_spi.c ****     i2sclock = rcu_clock_freq_get(CK_SYS);
 571              		.loc 1 282 16
 572 0026 0020     		movs	r0, #0
 573 0028 FFF7FEFF 		bl	rcu_clock_freq_get
 574 002c 0300     		movs	r3, r0
 575 002e 3B61     		str	r3, [r7, #16]
 283:../Firmware/GD32E23x_standard_peripheral/Source/gd32e23x_spi.c **** 
 284:../Firmware/GD32E23x_standard_peripheral/Source/gd32e23x_spi.c ****     /* configure the prescaler depending on the mclk output state, the frame format and audio sampl
 285:../Firmware/GD32E23x_standard_peripheral/Source/gd32e23x_spi.c ****     if(I2S_MCKOUT_ENABLE == mckout) {
 576              		.loc 1 285 7
 577 0030 3B68     		ldr	r3, [r7]
 578 0032 40F20022 		movw	r2, #512
 579 0036 9342     		cmp	r3, r2
 580 0038 0BD1     		bne	.L18
 286:../Firmware/GD32E23x_standard_peripheral/Source/gd32e23x_spi.c ****         clks = (uint32_t)(((i2sclock / 256U) * 10U) / audiosample);
 581              		.loc 1 286 38
 582 003a 3B69     		ldr	r3, [r7, #16]
 583 003c 1A0A     		lsrs	r2, r3, #8
 584              		.loc 1 286 46
 585 003e 1300     		movs	r3, r2
 586 0040 9B00     		lsls	r3, r3, #2
 587 0042 9B18     		adds	r3, r3, r2
 588 0044 5B00     		lsls	r3, r3, #1
 589 0046 1A00     		movs	r2, r3
 590              		.loc 1 286 14
 591 0048 BB68     		ldr	r3, [r7, #8]
 592 004a B2FBF3F3 		udiv	r3, r2, r3
 593 004e 7B61     		str	r3, [r7, #20]
 594 0050 18E0     		b	.L19
 595              	.L18:
 287:../Firmware/GD32E23x_standard_peripheral/Source/gd32e23x_spi.c ****     } else {
 288:../Firmware/GD32E23x_standard_peripheral/Source/gd32e23x_spi.c ****         if(I2S_FRAMEFORMAT_DT16B_CH16B == frameformat) {
 596              		.loc 1 288 11
 597 0052 7B68     		ldr	r3, [r7, #4]
 598 0054 5BB9     		cbnz	r3, .L20
 289:../Firmware/GD32E23x_standard_peripheral/Source/gd32e23x_spi.c ****             clks = (uint32_t)(((i2sclock / 32U) * 10U) / audiosample);
 599              		.loc 1 289 42
 600 0056 3B69     		ldr	r3, [r7, #16]
 601 0058 5A09     		lsrs	r2, r3, #5
 602              		.loc 1 289 49
 603 005a 1300     		movs	r3, r2
 604 005c 9B00     		lsls	r3, r3, #2
 605 005e 9B18     		adds	r3, r3, r2
 606 0060 5B00     		lsls	r3, r3, #1
 607 0062 1A00     		movs	r2, r3
 608              		.loc 1 289 18
 609 0064 BB68     		ldr	r3, [r7, #8]
 610 0066 B2FBF3F3 		udiv	r3, r2, r3
 611 006a 7B61     		str	r3, [r7, #20]
 612 006c 0AE0     		b	.L19
 613              	.L20:
 290:../Firmware/GD32E23x_standard_peripheral/Source/gd32e23x_spi.c ****         } else {
 291:../Firmware/GD32E23x_standard_peripheral/Source/gd32e23x_spi.c ****             clks = (uint32_t)(((i2sclock / 64U) * 10U) / audiosample);
 614              		.loc 1 291 42
 615 006e 3B69     		ldr	r3, [r7, #16]
 616 0070 9A09     		lsrs	r2, r3, #6
 617              		.loc 1 291 49
 618 0072 1300     		movs	r3, r2
 619 0074 9B00     		lsls	r3, r3, #2
 620 0076 9B18     		adds	r3, r3, r2
 621 0078 5B00     		lsls	r3, r3, #1
 622 007a 1A00     		movs	r2, r3
 623              		.loc 1 291 18
 624 007c BB68     		ldr	r3, [r7, #8]
 625 007e B2FBF3F3 		udiv	r3, r2, r3
 626 0082 7B61     		str	r3, [r7, #20]
 627              	.L19:
 292:../Firmware/GD32E23x_standard_peripheral/Source/gd32e23x_spi.c ****         }
 293:../Firmware/GD32E23x_standard_peripheral/Source/gd32e23x_spi.c ****     }
 294:../Firmware/GD32E23x_standard_peripheral/Source/gd32e23x_spi.c **** 
 295:../Firmware/GD32E23x_standard_peripheral/Source/gd32e23x_spi.c ****     /* remove the floating point */
 296:../Firmware/GD32E23x_standard_peripheral/Source/gd32e23x_spi.c ****     clks = (clks + 5U) / 10U;
 628              		.loc 1 296 18
 629 0084 7B69     		ldr	r3, [r7, #20]
 630 0086 0533     		adds	r3, r3, #5
 631              		.loc 1 296 10
 632 0088 0A22     		movs	r2, #10
 633 008a B3FBF2F3 		udiv	r3, r3, r2
 634 008e 7B61     		str	r3, [r7, #20]
 297:../Firmware/GD32E23x_standard_peripheral/Source/gd32e23x_spi.c ****     i2sof = (clks & 0x00000001U);
 635              		.loc 1 297 11
 636 0090 7B69     		ldr	r3, [r7, #20]
 637 0092 0122     		movs	r2, #1
 638 0094 1340     		ands	r3, r2
 639 0096 BB61     		str	r3, [r7, #24]
 298:../Firmware/GD32E23x_standard_peripheral/Source/gd32e23x_spi.c ****     i2sdiv = ((clks - i2sof) / 2U);
 640              		.loc 1 298 21
 641 0098 7A69     		ldr	r2, [r7, #20]
 642 009a BB69     		ldr	r3, [r7, #24]
 643 009c D31A     		subs	r3, r2, r3
 644              		.loc 1 298 12
 645 009e 5B08     		lsrs	r3, r3, #1
 646 00a0 FB61     		str	r3, [r7, #28]
 299:../Firmware/GD32E23x_standard_peripheral/Source/gd32e23x_spi.c ****     i2sof  = (i2sof << 8U);
 647              		.loc 1 299 12
 648 00a2 BB69     		ldr	r3, [r7, #24]
 649 00a4 1B02     		lsls	r3, r3, #8
 650 00a6 BB61     		str	r3, [r7, #24]
 300:../Firmware/GD32E23x_standard_peripheral/Source/gd32e23x_spi.c **** 
 301:../Firmware/GD32E23x_standard_peripheral/Source/gd32e23x_spi.c ****     /* set the default values */
 302:../Firmware/GD32E23x_standard_peripheral/Source/gd32e23x_spi.c ****     if((i2sdiv < 2U) || (i2sdiv > 255U)) {
 651              		.loc 1 302 7
 652 00a8 FB69     		ldr	r3, [r7, #28]
 653 00aa 012B     		cmp	r3, #1
 654 00ac 02D9     		bls	.L21
 655              		.loc 1 302 22 discriminator 1
 656 00ae FB69     		ldr	r3, [r7, #28]
 657 00b0 FF2B     		cmp	r3, #255
 658 00b2 03D9     		bls	.L22
 659              	.L21:
 303:../Firmware/GD32E23x_standard_peripheral/Source/gd32e23x_spi.c ****         i2sdiv = 2U;
 660              		.loc 1 303 16
 661 00b4 0223     		movs	r3, #2
 662 00b6 FB61     		str	r3, [r7, #28]
 304:../Firmware/GD32E23x_standard_peripheral/Source/gd32e23x_spi.c ****         i2sof = 0U;
 663              		.loc 1 304 15
 664 00b8 0023     		movs	r3, #0
 665 00ba BB61     		str	r3, [r7, #24]
 666              	.L22:
 305:../Firmware/GD32E23x_standard_peripheral/Source/gd32e23x_spi.c ****     }
 306:../Firmware/GD32E23x_standard_peripheral/Source/gd32e23x_spi.c **** 
 307:../Firmware/GD32E23x_standard_peripheral/Source/gd32e23x_spi.c ****     /* configure SPI_I2SPSC */
 308:../Firmware/GD32E23x_standard_peripheral/Source/gd32e23x_spi.c ****     SPI_I2SPSC(spi_periph) = (uint32_t)(i2sdiv | i2sof | mckout);
 667              		.loc 1 308 48
 668 00bc FA69     		ldr	r2, [r7, #28]
 669 00be BB69     		ldr	r3, [r7, #24]
 670 00c0 1A43     		orrs	r2, r3
 671 00c2 1100     		movs	r1, r2
 672              		.loc 1 308 5
 673 00c4 FB68     		ldr	r3, [r7, #12]
 674 00c6 2033     		adds	r3, r3, #32
 675              		.loc 1 308 56
 676 00c8 3A68     		ldr	r2, [r7]
 677 00ca 0A43     		orrs	r2, r1
 678              		.loc 1 308 28
 679 00cc 1A60     		str	r2, [r3]
 309:../Firmware/GD32E23x_standard_peripheral/Source/gd32e23x_spi.c **** 
 310:../Firmware/GD32E23x_standard_peripheral/Source/gd32e23x_spi.c ****     /* clear SPI_I2SCTL_DTLEN and SPI_I2SCTL_CHLEN bits */
 311:../Firmware/GD32E23x_standard_peripheral/Source/gd32e23x_spi.c ****     SPI_I2SCTL(spi_periph) &= (uint32_t)(~(SPI_I2SCTL_DTLEN | SPI_I2SCTL_CHLEN));
 680              		.loc 1 311 28
 681 00ce FB68     		ldr	r3, [r7, #12]
 682 00d0 1C33     		adds	r3, r3, #28
 683 00d2 1A68     		ldr	r2, [r3]
 684 00d4 FB68     		ldr	r3, [r7, #12]
 685 00d6 1C33     		adds	r3, r3, #28
 686 00d8 0721     		movs	r1, #7
 687 00da 8A43     		bics	r2, r1
 688 00dc 1A60     		str	r2, [r3]
 312:../Firmware/GD32E23x_standard_peripheral/Source/gd32e23x_spi.c **** 
 313:../Firmware/GD32E23x_standard_peripheral/Source/gd32e23x_spi.c ****     /* configure data frame format */
 314:../Firmware/GD32E23x_standard_peripheral/Source/gd32e23x_spi.c ****     SPI_I2SCTL(spi_periph) |= (uint32_t)frameformat;
 689              		.loc 1 314 28
 690 00de FB68     		ldr	r3, [r7, #12]
 691 00e0 1C33     		adds	r3, r3, #28
 692 00e2 1968     		ldr	r1, [r3]
 693 00e4 FB68     		ldr	r3, [r7, #12]
 694 00e6 1C33     		adds	r3, r3, #28
 695 00e8 7A68     		ldr	r2, [r7, #4]
 696 00ea 0A43     		orrs	r2, r1
 697 00ec 1A60     		str	r2, [r3]
 315:../Firmware/GD32E23x_standard_peripheral/Source/gd32e23x_spi.c **** }
 698              		.loc 1 315 1
 699 00ee C046     		nop
 700 00f0 BD46     		mov	sp, r7
 701 00f2 08B0     		add	sp, sp, #32
 702              		@ sp needed
 703 00f4 80BD     		pop	{r7, pc}
 704              		.cfi_endproc
 705              	.LFE64:
 707              		.section	.text.i2s_enable,"ax",%progbits
 708              		.align	1
 709              		.global	i2s_enable
 710              		.syntax unified
 711              		.code	16
 712              		.thumb_func
 713              		.fpu softvfp
 715              	i2s_enable:
 716              	.LFB65:
 316:../Firmware/GD32E23x_standard_peripheral/Source/gd32e23x_spi.c **** 
 317:../Firmware/GD32E23x_standard_peripheral/Source/gd32e23x_spi.c **** 
 318:../Firmware/GD32E23x_standard_peripheral/Source/gd32e23x_spi.c **** /*!
 319:../Firmware/GD32E23x_standard_peripheral/Source/gd32e23x_spi.c ****     \brief      enable I2S
 320:../Firmware/GD32E23x_standard_peripheral/Source/gd32e23x_spi.c ****     \param[in]  spi_periph: SPIx(x=0)
 321:../Firmware/GD32E23x_standard_peripheral/Source/gd32e23x_spi.c ****     \param[out] none
 322:../Firmware/GD32E23x_standard_peripheral/Source/gd32e23x_spi.c ****     \retval     none
 323:../Firmware/GD32E23x_standard_peripheral/Source/gd32e23x_spi.c **** */
 324:../Firmware/GD32E23x_standard_peripheral/Source/gd32e23x_spi.c **** void i2s_enable(uint32_t spi_periph)
 325:../Firmware/GD32E23x_standard_peripheral/Source/gd32e23x_spi.c **** {
 717              		.loc 1 325 1
 718              		.cfi_startproc
 719              		@ args = 0, pretend = 0, frame = 8
 720              		@ frame_needed = 1, uses_anonymous_args = 0
 721 0000 80B5     		push	{r7, lr}
 722              		.cfi_def_cfa_offset 8
 723              		.cfi_offset 7, -8
 724              		.cfi_offset 14, -4
 725 0002 82B0     		sub	sp, sp, #8
 726              		.cfi_def_cfa_offset 16
 727 0004 00AF     		add	r7, sp, #0
 728              		.cfi_def_cfa_register 7
 729 0006 7860     		str	r0, [r7, #4]
 326:../Firmware/GD32E23x_standard_peripheral/Source/gd32e23x_spi.c ****     SPI_I2SCTL(spi_periph) |= (uint32_t)SPI_I2SCTL_I2SEN;
 730              		.loc 1 326 28
 731 0008 7B68     		ldr	r3, [r7, #4]
 732 000a 1C33     		adds	r3, r3, #28
 733 000c 1A68     		ldr	r2, [r3]
 734 000e 7B68     		ldr	r3, [r7, #4]
 735 0010 1C33     		adds	r3, r3, #28
 736 0012 40F20041 		movw	r1, #1024
 737 0016 0A43     		orrs	r2, r1
 738 0018 1A60     		str	r2, [r3]
 327:../Firmware/GD32E23x_standard_peripheral/Source/gd32e23x_spi.c **** }
 739              		.loc 1 327 1
 740 001a C046     		nop
 741 001c BD46     		mov	sp, r7
 742 001e 02B0     		add	sp, sp, #8
 743              		@ sp needed
 744 0020 80BD     		pop	{r7, pc}
 745              		.cfi_endproc
 746              	.LFE65:
 748              		.section	.text.i2s_disable,"ax",%progbits
 749              		.align	1
 750              		.global	i2s_disable
 751              		.syntax unified
 752              		.code	16
 753              		.thumb_func
 754              		.fpu softvfp
 756              	i2s_disable:
 757              	.LFB66:
 328:../Firmware/GD32E23x_standard_peripheral/Source/gd32e23x_spi.c **** 
 329:../Firmware/GD32E23x_standard_peripheral/Source/gd32e23x_spi.c **** /*!
 330:../Firmware/GD32E23x_standard_peripheral/Source/gd32e23x_spi.c ****     \brief      disable I2S
 331:../Firmware/GD32E23x_standard_peripheral/Source/gd32e23x_spi.c ****     \param[in]  spi_periph: SPIx(x=0)
 332:../Firmware/GD32E23x_standard_peripheral/Source/gd32e23x_spi.c ****     \param[out] none
 333:../Firmware/GD32E23x_standard_peripheral/Source/gd32e23x_spi.c ****     \retval     none
 334:../Firmware/GD32E23x_standard_peripheral/Source/gd32e23x_spi.c **** */
 335:../Firmware/GD32E23x_standard_peripheral/Source/gd32e23x_spi.c **** void i2s_disable(uint32_t spi_periph)
 336:../Firmware/GD32E23x_standard_peripheral/Source/gd32e23x_spi.c **** {
 758              		.loc 1 336 1
 759              		.cfi_startproc
 760              		@ args = 0, pretend = 0, frame = 8
 761              		@ frame_needed = 1, uses_anonymous_args = 0
 762 0000 80B5     		push	{r7, lr}
 763              		.cfi_def_cfa_offset 8
 764              		.cfi_offset 7, -8
 765              		.cfi_offset 14, -4
 766 0002 82B0     		sub	sp, sp, #8
 767              		.cfi_def_cfa_offset 16
 768 0004 00AF     		add	r7, sp, #0
 769              		.cfi_def_cfa_register 7
 770 0006 7860     		str	r0, [r7, #4]
 337:../Firmware/GD32E23x_standard_peripheral/Source/gd32e23x_spi.c ****     SPI_I2SCTL(spi_periph) &= (uint32_t)(~SPI_I2SCTL_I2SEN);
 771              		.loc 1 337 28
 772 0008 7B68     		ldr	r3, [r7, #4]
 773 000a 1C33     		adds	r3, r3, #28
 774 000c 1A68     		ldr	r2, [r3]
 775 000e 7B68     		ldr	r3, [r7, #4]
 776 0010 1C33     		adds	r3, r3, #28
 777 0012 0349     		ldr	r1, .L25
 778 0014 0A40     		ands	r2, r1
 779 0016 1A60     		str	r2, [r3]
 338:../Firmware/GD32E23x_standard_peripheral/Source/gd32e23x_spi.c **** }
 780              		.loc 1 338 1
 781 0018 C046     		nop
 782 001a BD46     		mov	sp, r7
 783 001c 02B0     		add	sp, sp, #8
 784              		@ sp needed
 785 001e 80BD     		pop	{r7, pc}
 786              	.L26:
 787              		.align	2
 788              	.L25:
 789 0020 FFFBFFFF 		.word	-1025
 790              		.cfi_endproc
 791              	.LFE66:
 793              		.section	.text.spi_nss_output_enable,"ax",%progbits
 794              		.align	1
 795              		.global	spi_nss_output_enable
 796              		.syntax unified
 797              		.code	16
 798              		.thumb_func
 799              		.fpu softvfp
 801              	spi_nss_output_enable:
 802              	.LFB67:
 339:../Firmware/GD32E23x_standard_peripheral/Source/gd32e23x_spi.c **** 
 340:../Firmware/GD32E23x_standard_peripheral/Source/gd32e23x_spi.c **** /*!
 341:../Firmware/GD32E23x_standard_peripheral/Source/gd32e23x_spi.c ****     \brief      enable SPI NSS output
 342:../Firmware/GD32E23x_standard_peripheral/Source/gd32e23x_spi.c ****     \param[in]  spi_periph: SPIx(x=0,1)
 343:../Firmware/GD32E23x_standard_peripheral/Source/gd32e23x_spi.c ****     \param[out] none
 344:../Firmware/GD32E23x_standard_peripheral/Source/gd32e23x_spi.c ****     \retval     none
 345:../Firmware/GD32E23x_standard_peripheral/Source/gd32e23x_spi.c **** */
 346:../Firmware/GD32E23x_standard_peripheral/Source/gd32e23x_spi.c **** void spi_nss_output_enable(uint32_t spi_periph)
 347:../Firmware/GD32E23x_standard_peripheral/Source/gd32e23x_spi.c **** {
 803              		.loc 1 347 1
 804              		.cfi_startproc
 805              		@ args = 0, pretend = 0, frame = 8
 806              		@ frame_needed = 1, uses_anonymous_args = 0
 807 0000 80B5     		push	{r7, lr}
 808              		.cfi_def_cfa_offset 8
 809              		.cfi_offset 7, -8
 810              		.cfi_offset 14, -4
 811 0002 82B0     		sub	sp, sp, #8
 812              		.cfi_def_cfa_offset 16
 813 0004 00AF     		add	r7, sp, #0
 814              		.cfi_def_cfa_register 7
 815 0006 7860     		str	r0, [r7, #4]
 348:../Firmware/GD32E23x_standard_peripheral/Source/gd32e23x_spi.c ****     SPI_CTL1(spi_periph) |= (uint32_t)SPI_CTL1_NSSDRV;
 816              		.loc 1 348 26
 817 0008 7B68     		ldr	r3, [r7, #4]
 818 000a 0433     		adds	r3, r3, #4
 819 000c 1A68     		ldr	r2, [r3]
 820 000e 7B68     		ldr	r3, [r7, #4]
 821 0010 0433     		adds	r3, r3, #4
 822 0012 0421     		movs	r1, #4
 823 0014 0A43     		orrs	r2, r1
 824 0016 1A60     		str	r2, [r3]
 349:../Firmware/GD32E23x_standard_peripheral/Source/gd32e23x_spi.c **** }
 825              		.loc 1 349 1
 826 0018 C046     		nop
 827 001a BD46     		mov	sp, r7
 828 001c 02B0     		add	sp, sp, #8
 829              		@ sp needed
 830 001e 80BD     		pop	{r7, pc}
 831              		.cfi_endproc
 832              	.LFE67:
 834              		.section	.text.spi_nss_output_disable,"ax",%progbits
 835              		.align	1
 836              		.global	spi_nss_output_disable
 837              		.syntax unified
 838              		.code	16
 839              		.thumb_func
 840              		.fpu softvfp
 842              	spi_nss_output_disable:
 843              	.LFB68:
 350:../Firmware/GD32E23x_standard_peripheral/Source/gd32e23x_spi.c **** 
 351:../Firmware/GD32E23x_standard_peripheral/Source/gd32e23x_spi.c **** /*!
 352:../Firmware/GD32E23x_standard_peripheral/Source/gd32e23x_spi.c ****     \brief      disable SPI NSS output
 353:../Firmware/GD32E23x_standard_peripheral/Source/gd32e23x_spi.c ****     \param[in]  spi_periph: SPIx(x=0,1)
 354:../Firmware/GD32E23x_standard_peripheral/Source/gd32e23x_spi.c ****     \param[out] none
 355:../Firmware/GD32E23x_standard_peripheral/Source/gd32e23x_spi.c ****     \retval     none
 356:../Firmware/GD32E23x_standard_peripheral/Source/gd32e23x_spi.c **** */
 357:../Firmware/GD32E23x_standard_peripheral/Source/gd32e23x_spi.c **** void spi_nss_output_disable(uint32_t spi_periph)
 358:../Firmware/GD32E23x_standard_peripheral/Source/gd32e23x_spi.c **** {
 844              		.loc 1 358 1
 845              		.cfi_startproc
 846              		@ args = 0, pretend = 0, frame = 8
 847              		@ frame_needed = 1, uses_anonymous_args = 0
 848 0000 80B5     		push	{r7, lr}
 849              		.cfi_def_cfa_offset 8
 850              		.cfi_offset 7, -8
 851              		.cfi_offset 14, -4
 852 0002 82B0     		sub	sp, sp, #8
 853              		.cfi_def_cfa_offset 16
 854 0004 00AF     		add	r7, sp, #0
 855              		.cfi_def_cfa_register 7
 856 0006 7860     		str	r0, [r7, #4]
 359:../Firmware/GD32E23x_standard_peripheral/Source/gd32e23x_spi.c ****     SPI_CTL1(spi_periph) &= (uint32_t)(~SPI_CTL1_NSSDRV);
 857              		.loc 1 359 26
 858 0008 7B68     		ldr	r3, [r7, #4]
 859 000a 0433     		adds	r3, r3, #4
 860 000c 1A68     		ldr	r2, [r3]
 861 000e 7B68     		ldr	r3, [r7, #4]
 862 0010 0433     		adds	r3, r3, #4
 863 0012 0421     		movs	r1, #4
 864 0014 8A43     		bics	r2, r1
 865 0016 1A60     		str	r2, [r3]
 360:../Firmware/GD32E23x_standard_peripheral/Source/gd32e23x_spi.c **** }
 866              		.loc 1 360 1
 867 0018 C046     		nop
 868 001a BD46     		mov	sp, r7
 869 001c 02B0     		add	sp, sp, #8
 870              		@ sp needed
 871 001e 80BD     		pop	{r7, pc}
 872              		.cfi_endproc
 873              	.LFE68:
 875              		.section	.text.spi_nss_internal_high,"ax",%progbits
 876              		.align	1
 877              		.global	spi_nss_internal_high
 878              		.syntax unified
 879              		.code	16
 880              		.thumb_func
 881              		.fpu softvfp
 883              	spi_nss_internal_high:
 884              	.LFB69:
 361:../Firmware/GD32E23x_standard_peripheral/Source/gd32e23x_spi.c **** 
 362:../Firmware/GD32E23x_standard_peripheral/Source/gd32e23x_spi.c **** /*!
 363:../Firmware/GD32E23x_standard_peripheral/Source/gd32e23x_spi.c ****     \brief      SPI NSS pin high level in software mode
 364:../Firmware/GD32E23x_standard_peripheral/Source/gd32e23x_spi.c ****     \param[in]  spi_periph: SPIx(x=0,1)
 365:../Firmware/GD32E23x_standard_peripheral/Source/gd32e23x_spi.c ****     \param[out] none
 366:../Firmware/GD32E23x_standard_peripheral/Source/gd32e23x_spi.c ****     \retval     none
 367:../Firmware/GD32E23x_standard_peripheral/Source/gd32e23x_spi.c **** */
 368:../Firmware/GD32E23x_standard_peripheral/Source/gd32e23x_spi.c **** void spi_nss_internal_high(uint32_t spi_periph)
 369:../Firmware/GD32E23x_standard_peripheral/Source/gd32e23x_spi.c **** {
 885              		.loc 1 369 1
 886              		.cfi_startproc
 887              		@ args = 0, pretend = 0, frame = 8
 888              		@ frame_needed = 1, uses_anonymous_args = 0
 889 0000 80B5     		push	{r7, lr}
 890              		.cfi_def_cfa_offset 8
 891              		.cfi_offset 7, -8
 892              		.cfi_offset 14, -4
 893 0002 82B0     		sub	sp, sp, #8
 894              		.cfi_def_cfa_offset 16
 895 0004 00AF     		add	r7, sp, #0
 896              		.cfi_def_cfa_register 7
 897 0006 7860     		str	r0, [r7, #4]
 370:../Firmware/GD32E23x_standard_peripheral/Source/gd32e23x_spi.c ****     SPI_CTL0(spi_periph) |= (uint32_t)SPI_CTL0_SWNSS;
 898              		.loc 1 370 26
 899 0008 7B68     		ldr	r3, [r7, #4]
 900 000a 1A68     		ldr	r2, [r3]
 901 000c 7B68     		ldr	r3, [r7, #4]
 902 000e 40F20011 		movw	r1, #256
 903 0012 0A43     		orrs	r2, r1
 904 0014 1A60     		str	r2, [r3]
 371:../Firmware/GD32E23x_standard_peripheral/Source/gd32e23x_spi.c **** }
 905              		.loc 1 371 1
 906 0016 C046     		nop
 907 0018 BD46     		mov	sp, r7
 908 001a 02B0     		add	sp, sp, #8
 909              		@ sp needed
 910 001c 80BD     		pop	{r7, pc}
 911              		.cfi_endproc
 912              	.LFE69:
 914              		.section	.text.spi_nss_internal_low,"ax",%progbits
 915              		.align	1
 916              		.global	spi_nss_internal_low
 917              		.syntax unified
 918              		.code	16
 919              		.thumb_func
 920              		.fpu softvfp
 922              	spi_nss_internal_low:
 923              	.LFB70:
 372:../Firmware/GD32E23x_standard_peripheral/Source/gd32e23x_spi.c **** 
 373:../Firmware/GD32E23x_standard_peripheral/Source/gd32e23x_spi.c **** /*!
 374:../Firmware/GD32E23x_standard_peripheral/Source/gd32e23x_spi.c ****     \brief      SPI NSS pin low level in software mode
 375:../Firmware/GD32E23x_standard_peripheral/Source/gd32e23x_spi.c ****     \param[in]  spi_periph: SPIx(x=0,1)
 376:../Firmware/GD32E23x_standard_peripheral/Source/gd32e23x_spi.c ****     \param[out] none
 377:../Firmware/GD32E23x_standard_peripheral/Source/gd32e23x_spi.c ****     \retval     none
 378:../Firmware/GD32E23x_standard_peripheral/Source/gd32e23x_spi.c **** */
 379:../Firmware/GD32E23x_standard_peripheral/Source/gd32e23x_spi.c **** void spi_nss_internal_low(uint32_t spi_periph)
 380:../Firmware/GD32E23x_standard_peripheral/Source/gd32e23x_spi.c **** {
 924              		.loc 1 380 1
 925              		.cfi_startproc
 926              		@ args = 0, pretend = 0, frame = 8
 927              		@ frame_needed = 1, uses_anonymous_args = 0
 928 0000 80B5     		push	{r7, lr}
 929              		.cfi_def_cfa_offset 8
 930              		.cfi_offset 7, -8
 931              		.cfi_offset 14, -4
 932 0002 82B0     		sub	sp, sp, #8
 933              		.cfi_def_cfa_offset 16
 934 0004 00AF     		add	r7, sp, #0
 935              		.cfi_def_cfa_register 7
 936 0006 7860     		str	r0, [r7, #4]
 381:../Firmware/GD32E23x_standard_peripheral/Source/gd32e23x_spi.c ****     SPI_CTL0(spi_periph) &= (uint32_t)(~SPI_CTL0_SWNSS);
 937              		.loc 1 381 26
 938 0008 7B68     		ldr	r3, [r7, #4]
 939 000a 1A68     		ldr	r2, [r3]
 940 000c 7B68     		ldr	r3, [r7, #4]
 941 000e 0349     		ldr	r1, .L31
 942 0010 0A40     		ands	r2, r1
 943 0012 1A60     		str	r2, [r3]
 382:../Firmware/GD32E23x_standard_peripheral/Source/gd32e23x_spi.c **** }
 944              		.loc 1 382 1
 945 0014 C046     		nop
 946 0016 BD46     		mov	sp, r7
 947 0018 02B0     		add	sp, sp, #8
 948              		@ sp needed
 949 001a 80BD     		pop	{r7, pc}
 950              	.L32:
 951              		.align	2
 952              	.L31:
 953 001c FFFEFFFF 		.word	-257
 954              		.cfi_endproc
 955              	.LFE70:
 957              		.section	.text.spi_dma_enable,"ax",%progbits
 958              		.align	1
 959              		.global	spi_dma_enable
 960              		.syntax unified
 961              		.code	16
 962              		.thumb_func
 963              		.fpu softvfp
 965              	spi_dma_enable:
 966              	.LFB71:
 383:../Firmware/GD32E23x_standard_peripheral/Source/gd32e23x_spi.c **** 
 384:../Firmware/GD32E23x_standard_peripheral/Source/gd32e23x_spi.c **** /*!
 385:../Firmware/GD32E23x_standard_peripheral/Source/gd32e23x_spi.c ****     \brief      enable SPI DMA send or receive
 386:../Firmware/GD32E23x_standard_peripheral/Source/gd32e23x_spi.c ****     \param[in]  spi_periph: SPIx(x=0,1)
 387:../Firmware/GD32E23x_standard_peripheral/Source/gd32e23x_spi.c ****     \param[in]  dma: SPI DMA mode
 388:../Firmware/GD32E23x_standard_peripheral/Source/gd32e23x_spi.c ****                 only one parameter can be selected which is shown as below:
 389:../Firmware/GD32E23x_standard_peripheral/Source/gd32e23x_spi.c ****       \arg        SPI_DMA_TRANSMIT: SPI transmit data using DMA
 390:../Firmware/GD32E23x_standard_peripheral/Source/gd32e23x_spi.c ****       \arg        SPI_DMA_RECEIVE: SPI receive data using DMA
 391:../Firmware/GD32E23x_standard_peripheral/Source/gd32e23x_spi.c ****     \param[out] none
 392:../Firmware/GD32E23x_standard_peripheral/Source/gd32e23x_spi.c ****     \retval     none
 393:../Firmware/GD32E23x_standard_peripheral/Source/gd32e23x_spi.c **** */
 394:../Firmware/GD32E23x_standard_peripheral/Source/gd32e23x_spi.c **** void spi_dma_enable(uint32_t spi_periph, uint8_t dma)
 395:../Firmware/GD32E23x_standard_peripheral/Source/gd32e23x_spi.c **** {
 967              		.loc 1 395 1
 968              		.cfi_startproc
 969              		@ args = 0, pretend = 0, frame = 8
 970              		@ frame_needed = 1, uses_anonymous_args = 0
 971 0000 80B5     		push	{r7, lr}
 972              		.cfi_def_cfa_offset 8
 973              		.cfi_offset 7, -8
 974              		.cfi_offset 14, -4
 975 0002 82B0     		sub	sp, sp, #8
 976              		.cfi_def_cfa_offset 16
 977 0004 00AF     		add	r7, sp, #0
 978              		.cfi_def_cfa_register 7
 979 0006 7860     		str	r0, [r7, #4]
 980 0008 0A00     		movs	r2, r1
 981 000a FB1C     		adds	r3, r7, #3
 982 000c 1A70     		strb	r2, [r3]
 396:../Firmware/GD32E23x_standard_peripheral/Source/gd32e23x_spi.c ****     if(SPI_DMA_TRANSMIT == dma) {
 983              		.loc 1 396 7
 984 000e FB1C     		adds	r3, r7, #3
 985 0010 1B78     		ldrb	r3, [r3]
 986 0012 43B9     		cbnz	r3, .L34
 397:../Firmware/GD32E23x_standard_peripheral/Source/gd32e23x_spi.c ****         SPI_CTL1(spi_periph) |= (uint32_t)SPI_CTL1_DMATEN;
 987              		.loc 1 397 30
 988 0014 7B68     		ldr	r3, [r7, #4]
 989 0016 0433     		adds	r3, r3, #4
 990 0018 1A68     		ldr	r2, [r3]
 991 001a 7B68     		ldr	r3, [r7, #4]
 992 001c 0433     		adds	r3, r3, #4
 993 001e 0221     		movs	r1, #2
 994 0020 0A43     		orrs	r2, r1
 995 0022 1A60     		str	r2, [r3]
 398:../Firmware/GD32E23x_standard_peripheral/Source/gd32e23x_spi.c ****     } else {
 399:../Firmware/GD32E23x_standard_peripheral/Source/gd32e23x_spi.c ****         SPI_CTL1(spi_periph) |= (uint32_t)SPI_CTL1_DMAREN;
 400:../Firmware/GD32E23x_standard_peripheral/Source/gd32e23x_spi.c ****     }
 401:../Firmware/GD32E23x_standard_peripheral/Source/gd32e23x_spi.c **** }
 996              		.loc 1 401 1
 997 0024 07E0     		b	.L36
 998              	.L34:
 399:../Firmware/GD32E23x_standard_peripheral/Source/gd32e23x_spi.c ****     }
 999              		.loc 1 399 30
 1000 0026 7B68     		ldr	r3, [r7, #4]
 1001 0028 0433     		adds	r3, r3, #4
 1002 002a 1A68     		ldr	r2, [r3]
 1003 002c 7B68     		ldr	r3, [r7, #4]
 1004 002e 0433     		adds	r3, r3, #4
 1005 0030 0121     		movs	r1, #1
 1006 0032 0A43     		orrs	r2, r1
 1007 0034 1A60     		str	r2, [r3]
 1008              	.L36:
 1009              		.loc 1 401 1
 1010 0036 C046     		nop
 1011 0038 BD46     		mov	sp, r7
 1012 003a 02B0     		add	sp, sp, #8
 1013              		@ sp needed
 1014 003c 80BD     		pop	{r7, pc}
 1015              		.cfi_endproc
 1016              	.LFE71:
 1018              		.section	.text.spi_dma_disable,"ax",%progbits
 1019              		.align	1
 1020              		.global	spi_dma_disable
 1021              		.syntax unified
 1022              		.code	16
 1023              		.thumb_func
 1024              		.fpu softvfp
 1026              	spi_dma_disable:
 1027              	.LFB72:
 402:../Firmware/GD32E23x_standard_peripheral/Source/gd32e23x_spi.c **** 
 403:../Firmware/GD32E23x_standard_peripheral/Source/gd32e23x_spi.c **** /*!
 404:../Firmware/GD32E23x_standard_peripheral/Source/gd32e23x_spi.c ****     \brief      disable SPI DMA send or receive
 405:../Firmware/GD32E23x_standard_peripheral/Source/gd32e23x_spi.c ****     \param[in]  spi_periph: SPIx(x=0,1)
 406:../Firmware/GD32E23x_standard_peripheral/Source/gd32e23x_spi.c ****     \param[in]  dma: SPI DMA mode
 407:../Firmware/GD32E23x_standard_peripheral/Source/gd32e23x_spi.c ****                 only one parameter can be selected which is shown as below:
 408:../Firmware/GD32E23x_standard_peripheral/Source/gd32e23x_spi.c ****       \arg        SPI_DMA_TRANSMIT: SPI transmit data using DMA
 409:../Firmware/GD32E23x_standard_peripheral/Source/gd32e23x_spi.c ****       \arg        SPI_DMA_RECEIVE: SPI receive data using DMA
 410:../Firmware/GD32E23x_standard_peripheral/Source/gd32e23x_spi.c ****     \param[out] none
 411:../Firmware/GD32E23x_standard_peripheral/Source/gd32e23x_spi.c ****     \retval     none
 412:../Firmware/GD32E23x_standard_peripheral/Source/gd32e23x_spi.c **** */
 413:../Firmware/GD32E23x_standard_peripheral/Source/gd32e23x_spi.c **** void spi_dma_disable(uint32_t spi_periph, uint8_t dma)
 414:../Firmware/GD32E23x_standard_peripheral/Source/gd32e23x_spi.c **** {
 1028              		.loc 1 414 1
 1029              		.cfi_startproc
 1030              		@ args = 0, pretend = 0, frame = 8
 1031              		@ frame_needed = 1, uses_anonymous_args = 0
 1032 0000 80B5     		push	{r7, lr}
 1033              		.cfi_def_cfa_offset 8
 1034              		.cfi_offset 7, -8
 1035              		.cfi_offset 14, -4
 1036 0002 82B0     		sub	sp, sp, #8
 1037              		.cfi_def_cfa_offset 16
 1038 0004 00AF     		add	r7, sp, #0
 1039              		.cfi_def_cfa_register 7
 1040 0006 7860     		str	r0, [r7, #4]
 1041 0008 0A00     		movs	r2, r1
 1042 000a FB1C     		adds	r3, r7, #3
 1043 000c 1A70     		strb	r2, [r3]
 415:../Firmware/GD32E23x_standard_peripheral/Source/gd32e23x_spi.c ****     if(SPI_DMA_TRANSMIT == dma) {
 1044              		.loc 1 415 7
 1045 000e FB1C     		adds	r3, r7, #3
 1046 0010 1B78     		ldrb	r3, [r3]
 1047 0012 43B9     		cbnz	r3, .L38
 416:../Firmware/GD32E23x_standard_peripheral/Source/gd32e23x_spi.c ****         SPI_CTL1(spi_periph) &= (uint32_t)(~SPI_CTL1_DMATEN);
 1048              		.loc 1 416 30
 1049 0014 7B68     		ldr	r3, [r7, #4]
 1050 0016 0433     		adds	r3, r3, #4
 1051 0018 1A68     		ldr	r2, [r3]
 1052 001a 7B68     		ldr	r3, [r7, #4]
 1053 001c 0433     		adds	r3, r3, #4
 1054 001e 0221     		movs	r1, #2
 1055 0020 8A43     		bics	r2, r1
 1056 0022 1A60     		str	r2, [r3]
 417:../Firmware/GD32E23x_standard_peripheral/Source/gd32e23x_spi.c ****     } else {
 418:../Firmware/GD32E23x_standard_peripheral/Source/gd32e23x_spi.c ****         SPI_CTL1(spi_periph) &= (uint32_t)(~SPI_CTL1_DMAREN);
 419:../Firmware/GD32E23x_standard_peripheral/Source/gd32e23x_spi.c ****     }
 420:../Firmware/GD32E23x_standard_peripheral/Source/gd32e23x_spi.c **** }
 1057              		.loc 1 420 1
 1058 0024 07E0     		b	.L40
 1059              	.L38:
 418:../Firmware/GD32E23x_standard_peripheral/Source/gd32e23x_spi.c ****     }
 1060              		.loc 1 418 30
 1061 0026 7B68     		ldr	r3, [r7, #4]
 1062 0028 0433     		adds	r3, r3, #4
 1063 002a 1A68     		ldr	r2, [r3]
 1064 002c 7B68     		ldr	r3, [r7, #4]
 1065 002e 0433     		adds	r3, r3, #4
 1066 0030 0121     		movs	r1, #1
 1067 0032 8A43     		bics	r2, r1
 1068 0034 1A60     		str	r2, [r3]
 1069              	.L40:
 1070              		.loc 1 420 1
 1071 0036 C046     		nop
 1072 0038 BD46     		mov	sp, r7
 1073 003a 02B0     		add	sp, sp, #8
 1074              		@ sp needed
 1075 003c 80BD     		pop	{r7, pc}
 1076              		.cfi_endproc
 1077              	.LFE72:
 1079              		.section	.text.spi_transmit_odd_config,"ax",%progbits
 1080              		.align	1
 1081              		.global	spi_transmit_odd_config
 1082              		.syntax unified
 1083              		.code	16
 1084              		.thumb_func
 1085              		.fpu softvfp
 1087              	spi_transmit_odd_config:
 1088              	.LFB73:
 421:../Firmware/GD32E23x_standard_peripheral/Source/gd32e23x_spi.c **** 
 422:../Firmware/GD32E23x_standard_peripheral/Source/gd32e23x_spi.c **** /*!
 423:../Firmware/GD32E23x_standard_peripheral/Source/gd32e23x_spi.c ****     \brief      configure SPI total number of data to be transmitted by DMA is odd or not
 424:../Firmware/GD32E23x_standard_peripheral/Source/gd32e23x_spi.c ****     \param[in]  spi_periph: SPIx(x=1)
 425:../Firmware/GD32E23x_standard_peripheral/Source/gd32e23x_spi.c ****     \param[in]  odd: odd bytes in TX DMA channel
 426:../Firmware/GD32E23x_standard_peripheral/Source/gd32e23x_spi.c ****                 only one parameter can be selected which is shown as below:
 427:../Firmware/GD32E23x_standard_peripheral/Source/gd32e23x_spi.c ****       \arg        SPI_TXDMA_EVEN: number of byte in TX DMA channel is even
 428:../Firmware/GD32E23x_standard_peripheral/Source/gd32e23x_spi.c ****       \arg        SPI_TXDMA_ODD: number of byte in TX DMA channel is odd
 429:../Firmware/GD32E23x_standard_peripheral/Source/gd32e23x_spi.c ****     \param[out] none
 430:../Firmware/GD32E23x_standard_peripheral/Source/gd32e23x_spi.c ****     \retval     none
 431:../Firmware/GD32E23x_standard_peripheral/Source/gd32e23x_spi.c **** */
 432:../Firmware/GD32E23x_standard_peripheral/Source/gd32e23x_spi.c **** void spi_transmit_odd_config(uint32_t spi_periph, uint16_t odd)
 433:../Firmware/GD32E23x_standard_peripheral/Source/gd32e23x_spi.c **** {
 1089              		.loc 1 433 1
 1090              		.cfi_startproc
 1091              		@ args = 0, pretend = 0, frame = 8
 1092              		@ frame_needed = 1, uses_anonymous_args = 0
 1093 0000 80B5     		push	{r7, lr}
 1094              		.cfi_def_cfa_offset 8
 1095              		.cfi_offset 7, -8
 1096              		.cfi_offset 14, -4
 1097 0002 82B0     		sub	sp, sp, #8
 1098              		.cfi_def_cfa_offset 16
 1099 0004 00AF     		add	r7, sp, #0
 1100              		.cfi_def_cfa_register 7
 1101 0006 7860     		str	r0, [r7, #4]
 1102 0008 0A00     		movs	r2, r1
 1103 000a BB1C     		adds	r3, r7, #2
 1104 000c 1A80     		strh	r2, [r3]
 434:../Firmware/GD32E23x_standard_peripheral/Source/gd32e23x_spi.c ****     /* clear SPI_CTL1_TXDMA_ODD bit */
 435:../Firmware/GD32E23x_standard_peripheral/Source/gd32e23x_spi.c ****     SPI_CTL1(spi_periph) &= (uint32_t)(~SPI_CTL1_TXDMA_ODD);
 1105              		.loc 1 435 26
 1106 000e 7B68     		ldr	r3, [r7, #4]
 1107 0010 0433     		adds	r3, r3, #4
 1108 0012 1A68     		ldr	r2, [r3]
 1109 0014 7B68     		ldr	r3, [r7, #4]
 1110 0016 0433     		adds	r3, r3, #4
 1111 0018 0749     		ldr	r1, .L42
 1112 001a 0A40     		ands	r2, r1
 1113 001c 1A60     		str	r2, [r3]
 436:../Firmware/GD32E23x_standard_peripheral/Source/gd32e23x_spi.c ****     /* configure SPI_CTL1_TXDMA_ODD bit */
 437:../Firmware/GD32E23x_standard_peripheral/Source/gd32e23x_spi.c ****     SPI_CTL1(spi_periph) |= (uint32_t)odd;
 1114              		.loc 1 437 26
 1115 001e 7B68     		ldr	r3, [r7, #4]
 1116 0020 0433     		adds	r3, r3, #4
 1117 0022 1968     		ldr	r1, [r3]
 1118              		.loc 1 437 29
 1119 0024 BB1C     		adds	r3, r7, #2
 1120 0026 1A88     		ldrh	r2, [r3]
 1121              		.loc 1 437 26
 1122 0028 7B68     		ldr	r3, [r7, #4]
 1123 002a 0433     		adds	r3, r3, #4
 1124 002c 0A43     		orrs	r2, r1
 1125 002e 1A60     		str	r2, [r3]
 438:../Firmware/GD32E23x_standard_peripheral/Source/gd32e23x_spi.c **** }
 1126              		.loc 1 438 1
 1127 0030 C046     		nop
 1128 0032 BD46     		mov	sp, r7
 1129 0034 02B0     		add	sp, sp, #8
 1130              		@ sp needed
 1131 0036 80BD     		pop	{r7, pc}
 1132              	.L43:
 1133              		.align	2
 1134              	.L42:
 1135 0038 FFBFFFFF 		.word	-16385
 1136              		.cfi_endproc
 1137              	.LFE73:
 1139              		.section	.text.spi_receive_odd_config,"ax",%progbits
 1140              		.align	1
 1141              		.global	spi_receive_odd_config
 1142              		.syntax unified
 1143              		.code	16
 1144              		.thumb_func
 1145              		.fpu softvfp
 1147              	spi_receive_odd_config:
 1148              	.LFB74:
 439:../Firmware/GD32E23x_standard_peripheral/Source/gd32e23x_spi.c **** 
 440:../Firmware/GD32E23x_standard_peripheral/Source/gd32e23x_spi.c **** /*!
 441:../Firmware/GD32E23x_standard_peripheral/Source/gd32e23x_spi.c ****     \brief      configure SPI total number of data to be received by DMA is odd or not
 442:../Firmware/GD32E23x_standard_peripheral/Source/gd32e23x_spi.c ****     \param[in]  spi_periph: SPIx(x=1)
 443:../Firmware/GD32E23x_standard_peripheral/Source/gd32e23x_spi.c ****     \param[in]  odd: odd bytes in RX DMA channel
 444:../Firmware/GD32E23x_standard_peripheral/Source/gd32e23x_spi.c ****                 only one parameter can be selected which is shown as below:
 445:../Firmware/GD32E23x_standard_peripheral/Source/gd32e23x_spi.c ****       \arg        SPI_RXDMA_EVEN: number of bytes in RX DMA channel is even
 446:../Firmware/GD32E23x_standard_peripheral/Source/gd32e23x_spi.c ****       \arg        SPI_RXDMA_ODD: number of bytes in RX DMA channel is odd
 447:../Firmware/GD32E23x_standard_peripheral/Source/gd32e23x_spi.c ****     \param[out] none
 448:../Firmware/GD32E23x_standard_peripheral/Source/gd32e23x_spi.c ****     \retval     none
 449:../Firmware/GD32E23x_standard_peripheral/Source/gd32e23x_spi.c **** */
 450:../Firmware/GD32E23x_standard_peripheral/Source/gd32e23x_spi.c **** void spi_receive_odd_config(uint32_t spi_periph, uint16_t odd)
 451:../Firmware/GD32E23x_standard_peripheral/Source/gd32e23x_spi.c **** {
 1149              		.loc 1 451 1
 1150              		.cfi_startproc
 1151              		@ args = 0, pretend = 0, frame = 8
 1152              		@ frame_needed = 1, uses_anonymous_args = 0
 1153 0000 80B5     		push	{r7, lr}
 1154              		.cfi_def_cfa_offset 8
 1155              		.cfi_offset 7, -8
 1156              		.cfi_offset 14, -4
 1157 0002 82B0     		sub	sp, sp, #8
 1158              		.cfi_def_cfa_offset 16
 1159 0004 00AF     		add	r7, sp, #0
 1160              		.cfi_def_cfa_register 7
 1161 0006 7860     		str	r0, [r7, #4]
 1162 0008 0A00     		movs	r2, r1
 1163 000a BB1C     		adds	r3, r7, #2
 1164 000c 1A80     		strh	r2, [r3]
 452:../Firmware/GD32E23x_standard_peripheral/Source/gd32e23x_spi.c ****     /* clear SPI_CTL1_RXDMA_ODD bit */
 453:../Firmware/GD32E23x_standard_peripheral/Source/gd32e23x_spi.c ****     SPI_CTL1(spi_periph) &= (uint32_t)(~SPI_CTL1_RXDMA_ODD);
 1165              		.loc 1 453 26
 1166 000e 7B68     		ldr	r3, [r7, #4]
 1167 0010 0433     		adds	r3, r3, #4
 1168 0012 1A68     		ldr	r2, [r3]
 1169 0014 7B68     		ldr	r3, [r7, #4]
 1170 0016 0433     		adds	r3, r3, #4
 1171 0018 0749     		ldr	r1, .L45
 1172 001a 0A40     		ands	r2, r1
 1173 001c 1A60     		str	r2, [r3]
 454:../Firmware/GD32E23x_standard_peripheral/Source/gd32e23x_spi.c ****     /* configure SPI_CTL1_RXDMA_ODD bit */
 455:../Firmware/GD32E23x_standard_peripheral/Source/gd32e23x_spi.c ****     SPI_CTL1(spi_periph) |= (uint32_t)odd;
 1174              		.loc 1 455 26
 1175 001e 7B68     		ldr	r3, [r7, #4]
 1176 0020 0433     		adds	r3, r3, #4
 1177 0022 1968     		ldr	r1, [r3]
 1178              		.loc 1 455 29
 1179 0024 BB1C     		adds	r3, r7, #2
 1180 0026 1A88     		ldrh	r2, [r3]
 1181              		.loc 1 455 26
 1182 0028 7B68     		ldr	r3, [r7, #4]
 1183 002a 0433     		adds	r3, r3, #4
 1184 002c 0A43     		orrs	r2, r1
 1185 002e 1A60     		str	r2, [r3]
 456:../Firmware/GD32E23x_standard_peripheral/Source/gd32e23x_spi.c **** }
 1186              		.loc 1 456 1
 1187 0030 C046     		nop
 1188 0032 BD46     		mov	sp, r7
 1189 0034 02B0     		add	sp, sp, #8
 1190              		@ sp needed
 1191 0036 80BD     		pop	{r7, pc}
 1192              	.L46:
 1193              		.align	2
 1194              	.L45:
 1195 0038 FFDFFFFF 		.word	-8193
 1196              		.cfi_endproc
 1197              	.LFE74:
 1199              		.section	.text.spi_i2s_data_frame_format_config,"ax",%progbits
 1200              		.align	1
 1201              		.global	spi_i2s_data_frame_format_config
 1202              		.syntax unified
 1203              		.code	16
 1204              		.thumb_func
 1205              		.fpu softvfp
 1207              	spi_i2s_data_frame_format_config:
 1208              	.LFB75:
 457:../Firmware/GD32E23x_standard_peripheral/Source/gd32e23x_spi.c **** 
 458:../Firmware/GD32E23x_standard_peripheral/Source/gd32e23x_spi.c **** /*!
 459:../Firmware/GD32E23x_standard_peripheral/Source/gd32e23x_spi.c ****     \brief      configure SPI data frame format
 460:../Firmware/GD32E23x_standard_peripheral/Source/gd32e23x_spi.c ****     \param[in]  spi_periph: SPIx(x=0,1)
 461:../Firmware/GD32E23x_standard_peripheral/Source/gd32e23x_spi.c ****     \param[in]  frame_format: SPI frame size
 462:../Firmware/GD32E23x_standard_peripheral/Source/gd32e23x_spi.c ****                 only one parameter can be selected which is shown as below:
 463:../Firmware/GD32E23x_standard_peripheral/Source/gd32e23x_spi.c ****       \arg         SPI_FRAMESIZE_xBIT(x=4,5..16, for SPI1, x=8,16, for SPI0):SPI frame size is x bi
 464:../Firmware/GD32E23x_standard_peripheral/Source/gd32e23x_spi.c ****     \param[out] none
 465:../Firmware/GD32E23x_standard_peripheral/Source/gd32e23x_spi.c ****     \retval     ErrStatus: ERROR or SUCCESS
 466:../Firmware/GD32E23x_standard_peripheral/Source/gd32e23x_spi.c **** */
 467:../Firmware/GD32E23x_standard_peripheral/Source/gd32e23x_spi.c **** ErrStatus spi_i2s_data_frame_format_config(uint32_t spi_periph, uint16_t frame_format)
 468:../Firmware/GD32E23x_standard_peripheral/Source/gd32e23x_spi.c **** {
 1209              		.loc 1 468 1
 1210              		.cfi_startproc
 1211              		@ args = 0, pretend = 0, frame = 16
 1212              		@ frame_needed = 1, uses_anonymous_args = 0
 1213 0000 80B5     		push	{r7, lr}
 1214              		.cfi_def_cfa_offset 8
 1215              		.cfi_offset 7, -8
 1216              		.cfi_offset 14, -4
 1217 0002 84B0     		sub	sp, sp, #16
 1218              		.cfi_def_cfa_offset 24
 1219 0004 00AF     		add	r7, sp, #0
 1220              		.cfi_def_cfa_register 7
 1221 0006 7860     		str	r0, [r7, #4]
 1222 0008 0A00     		movs	r2, r1
 1223 000a BB1C     		adds	r3, r7, #2
 1224 000c 1A80     		strh	r2, [r3]
 469:../Firmware/GD32E23x_standard_peripheral/Source/gd32e23x_spi.c ****     uint32_t reg;
 470:../Firmware/GD32E23x_standard_peripheral/Source/gd32e23x_spi.c ****     if(SPI0 == spi_periph) {
 1225              		.loc 1 470 7
 1226 000e 7A68     		ldr	r2, [r7, #4]
 1227 0010 43F20003 		movw	r3, #12288
 1228 0014 C4F20103 		movt	r3, 16385
 1229 0018 9A42     		cmp	r2, r3
 1230 001a 1ED1     		bne	.L48
 471:../Firmware/GD32E23x_standard_peripheral/Source/gd32e23x_spi.c ****         /* check SPI0 frame size is 8bits/16bits or not*/
 472:../Firmware/GD32E23x_standard_peripheral/Source/gd32e23x_spi.c ****         if((SPI_FRAMESIZE_8BIT != frame_format) && (SPI_FRAMESIZE_16BIT != frame_format)) {
 1231              		.loc 1 472 11
 1232 001c BB1C     		adds	r3, r7, #2
 1233 001e 1B88     		ldrh	r3, [r3]
 1234 0020 40F20072 		movw	r2, #1792
 1235 0024 9342     		cmp	r3, r2
 1236 0026 07D0     		beq	.L49
 1237              		.loc 1 472 49 discriminator 1
 1238 0028 BB1C     		adds	r3, r7, #2
 1239 002a 1B88     		ldrh	r3, [r3]
 1240 002c 40F60072 		movw	r2, #3840
 1241 0030 9342     		cmp	r3, r2
 1242 0032 01D0     		beq	.L49
 473:../Firmware/GD32E23x_standard_peripheral/Source/gd32e23x_spi.c ****             return ERROR;
 1243              		.loc 1 473 20
 1244 0034 0023     		movs	r3, #0
 1245 0036 22E0     		b	.L50
 1246              	.L49:
 474:../Firmware/GD32E23x_standard_peripheral/Source/gd32e23x_spi.c ****         } else {
 475:../Firmware/GD32E23x_standard_peripheral/Source/gd32e23x_spi.c ****             /* clear SPI_CTL0_FF16 bit */
 476:../Firmware/GD32E23x_standard_peripheral/Source/gd32e23x_spi.c ****             SPI_CTL0(spi_periph) &= (uint32_t)(~SPI_CTL0_FF16);
 1247              		.loc 1 476 34
 1248 0038 7B68     		ldr	r3, [r7, #4]
 1249 003a 1A68     		ldr	r2, [r3]
 1250 003c 7B68     		ldr	r3, [r7, #4]
 1251 003e 1249     		ldr	r1, .L52
 1252 0040 0A40     		ands	r2, r1
 1253 0042 1A60     		str	r2, [r3]
 477:../Firmware/GD32E23x_standard_peripheral/Source/gd32e23x_spi.c ****             /* configure SPI_CTL0_FF16 bit */
 478:../Firmware/GD32E23x_standard_peripheral/Source/gd32e23x_spi.c ****             SPI_CTL0(spi_periph) |= ((uint32_t)frame_format & SPI_FRAMESIZE_MASK);
 1254              		.loc 1 478 34
 1255 0044 7B68     		ldr	r3, [r7, #4]
 1256 0046 1968     		ldr	r1, [r3]
 1257              		.loc 1 478 61
 1258 0048 BB1C     		adds	r3, r7, #2
 1259 004a 1B88     		ldrh	r3, [r3]
 1260 004c 40F60002 		movw	r2, #2048
 1261 0050 1A40     		ands	r2, r3
 1262              		.loc 1 478 34
 1263 0052 7B68     		ldr	r3, [r7, #4]
 1264 0054 0A43     		orrs	r2, r1
 1265 0056 1A60     		str	r2, [r3]
 1266 0058 10E0     		b	.L51
 1267              	.L48:
 479:../Firmware/GD32E23x_standard_peripheral/Source/gd32e23x_spi.c ****         }
 480:../Firmware/GD32E23x_standard_peripheral/Source/gd32e23x_spi.c ****     } else {
 481:../Firmware/GD32E23x_standard_peripheral/Source/gd32e23x_spi.c ****         reg = SPI_CTL1(spi_periph);
 1268              		.loc 1 481 15
 1269 005a 7B68     		ldr	r3, [r7, #4]
 1270 005c 0433     		adds	r3, r3, #4
 1271              		.loc 1 481 13
 1272 005e 1B68     		ldr	r3, [r3]
 1273 0060 FB60     		str	r3, [r7, #12]
 482:../Firmware/GD32E23x_standard_peripheral/Source/gd32e23x_spi.c ****         /* clear SPI_CTL1_DZ bits */
 483:../Firmware/GD32E23x_standard_peripheral/Source/gd32e23x_spi.c ****         reg &= (uint32_t)(~SPI_CTL1_DZ);
 1274              		.loc 1 483 13
 1275 0062 FB68     		ldr	r3, [r7, #12]
 1276 0064 094A     		ldr	r2, .L52+4
 1277 0066 1340     		ands	r3, r2
 1278 0068 FB60     		str	r3, [r7, #12]
 484:../Firmware/GD32E23x_standard_peripheral/Source/gd32e23x_spi.c ****         reg |= (uint32_t)frame_format;
 1279              		.loc 1 484 16
 1280 006a BB1C     		adds	r3, r7, #2
 1281 006c 1B88     		ldrh	r3, [r3]
 1282              		.loc 1 484 13
 1283 006e FA68     		ldr	r2, [r7, #12]
 1284 0070 1343     		orrs	r3, r2
 1285 0072 FB60     		str	r3, [r7, #12]
 485:../Firmware/GD32E23x_standard_peripheral/Source/gd32e23x_spi.c ****         /* configure SPI_CTL1_DZ bits */
 486:../Firmware/GD32E23x_standard_peripheral/Source/gd32e23x_spi.c ****         SPI_CTL1(spi_periph) = reg;
 1286              		.loc 1 486 9
 1287 0074 7B68     		ldr	r3, [r7, #4]
 1288 0076 0433     		adds	r3, r3, #4
 1289              		.loc 1 486 30
 1290 0078 FA68     		ldr	r2, [r7, #12]
 1291 007a 1A60     		str	r2, [r3]
 1292              	.L51:
 487:../Firmware/GD32E23x_standard_peripheral/Source/gd32e23x_spi.c ****     }
 488:../Firmware/GD32E23x_standard_peripheral/Source/gd32e23x_spi.c ****     return SUCCESS;
 1293              		.loc 1 488 12
 1294 007c 0123     		movs	r3, #1
 1295              	.L50:
 489:../Firmware/GD32E23x_standard_peripheral/Source/gd32e23x_spi.c **** }
 1296              		.loc 1 489 1
 1297 007e 1800     		movs	r0, r3
 1298 0080 BD46     		mov	sp, r7
 1299 0082 04B0     		add	sp, sp, #16
 1300              		@ sp needed
 1301 0084 80BD     		pop	{r7, pc}
 1302              	.L53:
 1303 0086 C046     		.align	2
 1304              	.L52:
 1305 0088 FFF7FFFF 		.word	-2049
 1306 008c FFF0FFFF 		.word	-3841
 1307              		.cfi_endproc
 1308              	.LFE75:
 1310              		.section	.text.spi_fifo_access_size_config,"ax",%progbits
 1311              		.align	1
 1312              		.global	spi_fifo_access_size_config
 1313              		.syntax unified
 1314              		.code	16
 1315              		.thumb_func
 1316              		.fpu softvfp
 1318              	spi_fifo_access_size_config:
 1319              	.LFB76:
 490:../Firmware/GD32E23x_standard_peripheral/Source/gd32e23x_spi.c **** 
 491:../Firmware/GD32E23x_standard_peripheral/Source/gd32e23x_spi.c **** /*!
 492:../Firmware/GD32E23x_standard_peripheral/Source/gd32e23x_spi.c ****     \brief      configure SPI access size to FIFO(8-bit or 16-bit)
 493:../Firmware/GD32E23x_standard_peripheral/Source/gd32e23x_spi.c ****     \param[in]  spi_periph: SPIx(x=1)
 494:../Firmware/GD32E23x_standard_peripheral/Source/gd32e23x_spi.c ****     \param[in]  fifo_access_size: byte access enable
 495:../Firmware/GD32E23x_standard_peripheral/Source/gd32e23x_spi.c ****                 only one parameter can be selected which is shown as below:
 496:../Firmware/GD32E23x_standard_peripheral/Source/gd32e23x_spi.c ****       \arg        SPI_HALFWORD_ACCESS: half-word access to FIFO
 497:../Firmware/GD32E23x_standard_peripheral/Source/gd32e23x_spi.c ****       \arg        SPI_BYTE_ACCESS: byte access to FIFO
 498:../Firmware/GD32E23x_standard_peripheral/Source/gd32e23x_spi.c ****     \param[out] none
 499:../Firmware/GD32E23x_standard_peripheral/Source/gd32e23x_spi.c ****     \retval     none
 500:../Firmware/GD32E23x_standard_peripheral/Source/gd32e23x_spi.c **** */
 501:../Firmware/GD32E23x_standard_peripheral/Source/gd32e23x_spi.c **** void spi_fifo_access_size_config(uint32_t spi_periph, uint16_t fifo_access_size)
 502:../Firmware/GD32E23x_standard_peripheral/Source/gd32e23x_spi.c **** {
 1320              		.loc 1 502 1
 1321              		.cfi_startproc
 1322              		@ args = 0, pretend = 0, frame = 8
 1323              		@ frame_needed = 1, uses_anonymous_args = 0
 1324 0000 80B5     		push	{r7, lr}
 1325              		.cfi_def_cfa_offset 8
 1326              		.cfi_offset 7, -8
 1327              		.cfi_offset 14, -4
 1328 0002 82B0     		sub	sp, sp, #8
 1329              		.cfi_def_cfa_offset 16
 1330 0004 00AF     		add	r7, sp, #0
 1331              		.cfi_def_cfa_register 7
 1332 0006 7860     		str	r0, [r7, #4]
 1333 0008 0A00     		movs	r2, r1
 1334 000a BB1C     		adds	r3, r7, #2
 1335 000c 1A80     		strh	r2, [r3]
 503:../Firmware/GD32E23x_standard_peripheral/Source/gd32e23x_spi.c ****     /* clear SPI_CTL1_BYTEN bit */
 504:../Firmware/GD32E23x_standard_peripheral/Source/gd32e23x_spi.c ****     SPI_CTL1(spi_periph) &= (uint32_t)(~SPI_CTL1_BYTEN);
 1336              		.loc 1 504 26
 1337 000e 7B68     		ldr	r3, [r7, #4]
 1338 0010 0433     		adds	r3, r3, #4
 1339 0012 1A68     		ldr	r2, [r3]
 1340 0014 7B68     		ldr	r3, [r7, #4]
 1341 0016 0433     		adds	r3, r3, #4
 1342 0018 0749     		ldr	r1, .L55
 1343 001a 0A40     		ands	r2, r1
 1344 001c 1A60     		str	r2, [r3]
 505:../Firmware/GD32E23x_standard_peripheral/Source/gd32e23x_spi.c ****     /* confige SPI_CTL1_BYTEN bit */
 506:../Firmware/GD32E23x_standard_peripheral/Source/gd32e23x_spi.c ****     SPI_CTL1(spi_periph) |= (uint32_t)fifo_access_size;
 1345              		.loc 1 506 26
 1346 001e 7B68     		ldr	r3, [r7, #4]
 1347 0020 0433     		adds	r3, r3, #4
 1348 0022 1968     		ldr	r1, [r3]
 1349              		.loc 1 506 29
 1350 0024 BB1C     		adds	r3, r7, #2
 1351 0026 1A88     		ldrh	r2, [r3]
 1352              		.loc 1 506 26
 1353 0028 7B68     		ldr	r3, [r7, #4]
 1354 002a 0433     		adds	r3, r3, #4
 1355 002c 0A43     		orrs	r2, r1
 1356 002e 1A60     		str	r2, [r3]
 507:../Firmware/GD32E23x_standard_peripheral/Source/gd32e23x_spi.c **** }
 1357              		.loc 1 507 1
 1358 0030 C046     		nop
 1359 0032 BD46     		mov	sp, r7
 1360 0034 02B0     		add	sp, sp, #8
 1361              		@ sp needed
 1362 0036 80BD     		pop	{r7, pc}
 1363              	.L56:
 1364              		.align	2
 1365              	.L55:
 1366 0038 FFEFFFFF 		.word	-4097
 1367              		.cfi_endproc
 1368              	.LFE76:
 1370              		.section	.text.spi_bidirectional_transfer_config,"ax",%progbits
 1371              		.align	1
 1372              		.global	spi_bidirectional_transfer_config
 1373              		.syntax unified
 1374              		.code	16
 1375              		.thumb_func
 1376              		.fpu softvfp
 1378              	spi_bidirectional_transfer_config:
 1379              	.LFB77:
 508:../Firmware/GD32E23x_standard_peripheral/Source/gd32e23x_spi.c **** 
 509:../Firmware/GD32E23x_standard_peripheral/Source/gd32e23x_spi.c **** /*!
 510:../Firmware/GD32E23x_standard_peripheral/Source/gd32e23x_spi.c ****     \brief      configure SPI bidirectional transfer direction
 511:../Firmware/GD32E23x_standard_peripheral/Source/gd32e23x_spi.c ****     \param[in]  spi_periph: SPIx(x=0,1)
 512:../Firmware/GD32E23x_standard_peripheral/Source/gd32e23x_spi.c ****     \param[in]  transfer_direction: SPI transfer direction
 513:../Firmware/GD32E23x_standard_peripheral/Source/gd32e23x_spi.c ****                 only one parameter can be selected which is shown as below:
 514:../Firmware/GD32E23x_standard_peripheral/Source/gd32e23x_spi.c ****       \arg        SPI_BIDIRECTIONAL_TRANSMIT: SPI work in transmit-only mode
 515:../Firmware/GD32E23x_standard_peripheral/Source/gd32e23x_spi.c ****       \arg        SPI_BIDIRECTIONAL_RECEIVE: SPI work in receive-only mode
 516:../Firmware/GD32E23x_standard_peripheral/Source/gd32e23x_spi.c ****     \param[out] none
 517:../Firmware/GD32E23x_standard_peripheral/Source/gd32e23x_spi.c ****     \retval     none
 518:../Firmware/GD32E23x_standard_peripheral/Source/gd32e23x_spi.c **** */
 519:../Firmware/GD32E23x_standard_peripheral/Source/gd32e23x_spi.c **** void spi_bidirectional_transfer_config(uint32_t spi_periph, uint32_t transfer_direction)
 520:../Firmware/GD32E23x_standard_peripheral/Source/gd32e23x_spi.c **** {
 1380              		.loc 1 520 1
 1381              		.cfi_startproc
 1382              		@ args = 0, pretend = 0, frame = 8
 1383              		@ frame_needed = 1, uses_anonymous_args = 0
 1384 0000 80B5     		push	{r7, lr}
 1385              		.cfi_def_cfa_offset 8
 1386              		.cfi_offset 7, -8
 1387              		.cfi_offset 14, -4
 1388 0002 82B0     		sub	sp, sp, #8
 1389              		.cfi_def_cfa_offset 16
 1390 0004 00AF     		add	r7, sp, #0
 1391              		.cfi_def_cfa_register 7
 1392 0006 7860     		str	r0, [r7, #4]
 1393 0008 3960     		str	r1, [r7]
 521:../Firmware/GD32E23x_standard_peripheral/Source/gd32e23x_spi.c ****     if(SPI_BIDIRECTIONAL_TRANSMIT == transfer_direction) {
 1394              		.loc 1 521 7
 1395 000a 3B68     		ldr	r3, [r7]
 1396 000c 44F20002 		movw	r2, #16384
 1397 0010 9342     		cmp	r3, r2
 1398 0012 07D1     		bne	.L58
 522:../Firmware/GD32E23x_standard_peripheral/Source/gd32e23x_spi.c ****         /* set the transmit-only mode */
 523:../Firmware/GD32E23x_standard_peripheral/Source/gd32e23x_spi.c ****         SPI_CTL0(spi_periph) |= (uint32_t)SPI_BIDIRECTIONAL_TRANSMIT;
 1399              		.loc 1 523 30
 1400 0014 7B68     		ldr	r3, [r7, #4]
 1401 0016 1A68     		ldr	r2, [r3]
 1402 0018 7B68     		ldr	r3, [r7, #4]
 1403 001a 44F20001 		movw	r1, #16384
 1404 001e 0A43     		orrs	r2, r1
 1405 0020 1A60     		str	r2, [r3]
 524:../Firmware/GD32E23x_standard_peripheral/Source/gd32e23x_spi.c ****     } else {
 525:../Firmware/GD32E23x_standard_peripheral/Source/gd32e23x_spi.c ****         /* set the receive-only mode */
 526:../Firmware/GD32E23x_standard_peripheral/Source/gd32e23x_spi.c ****         SPI_CTL0(spi_periph) &= SPI_BIDIRECTIONAL_RECEIVE;
 527:../Firmware/GD32E23x_standard_peripheral/Source/gd32e23x_spi.c ****     }
 528:../Firmware/GD32E23x_standard_peripheral/Source/gd32e23x_spi.c **** }
 1406              		.loc 1 528 1
 1407 0022 05E0     		b	.L60
 1408              	.L58:
 526:../Firmware/GD32E23x_standard_peripheral/Source/gd32e23x_spi.c ****     }
 1409              		.loc 1 526 30
 1410 0024 7B68     		ldr	r3, [r7, #4]
 1411 0026 1A68     		ldr	r2, [r3]
 1412 0028 7B68     		ldr	r3, [r7, #4]
 1413 002a 0349     		ldr	r1, .L61
 1414 002c 0A40     		ands	r2, r1
 1415 002e 1A60     		str	r2, [r3]
 1416              	.L60:
 1417              		.loc 1 528 1
 1418 0030 C046     		nop
 1419 0032 BD46     		mov	sp, r7
 1420 0034 02B0     		add	sp, sp, #8
 1421              		@ sp needed
 1422 0036 80BD     		pop	{r7, pc}
 1423              	.L62:
 1424              		.align	2
 1425              	.L61:
 1426 0038 FFBFFFFF 		.word	-16385
 1427              		.cfi_endproc
 1428              	.LFE77:
 1430              		.section	.text.spi_i2s_data_transmit,"ax",%progbits
 1431              		.align	1
 1432              		.global	spi_i2s_data_transmit
 1433              		.syntax unified
 1434              		.code	16
 1435              		.thumb_func
 1436              		.fpu softvfp
 1438              	spi_i2s_data_transmit:
 1439              	.LFB78:
 529:../Firmware/GD32E23x_standard_peripheral/Source/gd32e23x_spi.c **** 
 530:../Firmware/GD32E23x_standard_peripheral/Source/gd32e23x_spi.c **** /*!
 531:../Firmware/GD32E23x_standard_peripheral/Source/gd32e23x_spi.c ****     \brief      SPI transmit data
 532:../Firmware/GD32E23x_standard_peripheral/Source/gd32e23x_spi.c ****     \param[in]  spi_periph: SPIx(x=0,1)
 533:../Firmware/GD32E23x_standard_peripheral/Source/gd32e23x_spi.c ****     \param[in]  data: 16-bit data
 534:../Firmware/GD32E23x_standard_peripheral/Source/gd32e23x_spi.c ****     \param[out] none
 535:../Firmware/GD32E23x_standard_peripheral/Source/gd32e23x_spi.c ****     \retval     none
 536:../Firmware/GD32E23x_standard_peripheral/Source/gd32e23x_spi.c **** */
 537:../Firmware/GD32E23x_standard_peripheral/Source/gd32e23x_spi.c **** void spi_i2s_data_transmit(uint32_t spi_periph, uint16_t data)
 538:../Firmware/GD32E23x_standard_peripheral/Source/gd32e23x_spi.c **** {
 1440              		.loc 1 538 1
 1441              		.cfi_startproc
 1442              		@ args = 0, pretend = 0, frame = 16
 1443              		@ frame_needed = 1, uses_anonymous_args = 0
 1444 0000 80B5     		push	{r7, lr}
 1445              		.cfi_def_cfa_offset 8
 1446              		.cfi_offset 7, -8
 1447              		.cfi_offset 14, -4
 1448 0002 84B0     		sub	sp, sp, #16
 1449              		.cfi_def_cfa_offset 24
 1450 0004 00AF     		add	r7, sp, #0
 1451              		.cfi_def_cfa_register 7
 1452 0006 7860     		str	r0, [r7, #4]
 1453 0008 0A00     		movs	r2, r1
 1454 000a BB1C     		adds	r3, r7, #2
 1455 000c 1A80     		strh	r2, [r3]
 539:../Firmware/GD32E23x_standard_peripheral/Source/gd32e23x_spi.c ****     uint32_t reg, byten;
 540:../Firmware/GD32E23x_standard_peripheral/Source/gd32e23x_spi.c ****     if(SPI0 == spi_periph) {
 1456              		.loc 1 540 7
 1457 000e 7A68     		ldr	r2, [r7, #4]
 1458 0010 43F20003 		movw	r3, #12288
 1459 0014 C4F20103 		movt	r3, 16385
 1460 0018 9A42     		cmp	r2, r3
 1461 001a 05D1     		bne	.L64
 541:../Firmware/GD32E23x_standard_peripheral/Source/gd32e23x_spi.c ****         SPI_DATA(spi_periph) = (uint32_t)data;
 1462              		.loc 1 541 9
 1463 001c 7B68     		ldr	r3, [r7, #4]
 1464 001e 0C33     		adds	r3, r3, #12
 1465              		.loc 1 541 32
 1466 0020 BA1C     		adds	r2, r7, #2
 1467 0022 1288     		ldrh	r2, [r2]
 1468              		.loc 1 541 30
 1469 0024 1A60     		str	r2, [r3]
 542:../Firmware/GD32E23x_standard_peripheral/Source/gd32e23x_spi.c ****     } else {
 543:../Firmware/GD32E23x_standard_peripheral/Source/gd32e23x_spi.c ****         /* get the access size to FIFO */
 544:../Firmware/GD32E23x_standard_peripheral/Source/gd32e23x_spi.c ****         byten = SPI_CTL1(spi_periph) & SPI_BYTEN_MASK;
 545:../Firmware/GD32E23x_standard_peripheral/Source/gd32e23x_spi.c ****         if(RESET != byten) {
 546:../Firmware/GD32E23x_standard_peripheral/Source/gd32e23x_spi.c ****             reg = spi_periph + 0x0CU;
 547:../Firmware/GD32E23x_standard_peripheral/Source/gd32e23x_spi.c ****             *(uint8_t *)(reg) = (uint8_t)data;
 548:../Firmware/GD32E23x_standard_peripheral/Source/gd32e23x_spi.c ****         } else {
 549:../Firmware/GD32E23x_standard_peripheral/Source/gd32e23x_spi.c ****             SPI_DATA(spi_periph) = (uint16_t)data;
 550:../Firmware/GD32E23x_standard_peripheral/Source/gd32e23x_spi.c ****         }
 551:../Firmware/GD32E23x_standard_peripheral/Source/gd32e23x_spi.c ****     }
 552:../Firmware/GD32E23x_standard_peripheral/Source/gd32e23x_spi.c **** }
 1470              		.loc 1 552 1
 1471 0026 16E0     		b	.L67
 1472              	.L64:
 544:../Firmware/GD32E23x_standard_peripheral/Source/gd32e23x_spi.c ****         if(RESET != byten) {
 1473              		.loc 1 544 17
 1474 0028 7B68     		ldr	r3, [r7, #4]
 1475 002a 0433     		adds	r3, r3, #4
 1476 002c 1B68     		ldr	r3, [r3]
 544:../Firmware/GD32E23x_standard_peripheral/Source/gd32e23x_spi.c ****         if(RESET != byten) {
 1477              		.loc 1 544 15
 1478 002e 41F20002 		movw	r2, #4096
 1479 0032 1340     		ands	r3, r2
 1480 0034 FB60     		str	r3, [r7, #12]
 545:../Firmware/GD32E23x_standard_peripheral/Source/gd32e23x_spi.c ****             reg = spi_periph + 0x0CU;
 1481              		.loc 1 545 11
 1482 0036 FB68     		ldr	r3, [r7, #12]
 1483 0038 43B1     		cbz	r3, .L66
 546:../Firmware/GD32E23x_standard_peripheral/Source/gd32e23x_spi.c ****             *(uint8_t *)(reg) = (uint8_t)data;
 1484              		.loc 1 546 17
 1485 003a 7B68     		ldr	r3, [r7, #4]
 1486 003c 0C33     		adds	r3, r3, #12
 1487 003e BB60     		str	r3, [r7, #8]
 547:../Firmware/GD32E23x_standard_peripheral/Source/gd32e23x_spi.c ****         } else {
 1488              		.loc 1 547 14
 1489 0040 BB68     		ldr	r3, [r7, #8]
 547:../Firmware/GD32E23x_standard_peripheral/Source/gd32e23x_spi.c ****         } else {
 1490              		.loc 1 547 33
 1491 0042 BA1C     		adds	r2, r7, #2
 1492 0044 1288     		ldrh	r2, [r2]
 1493 0046 D2B2     		uxtb	r2, r2
 547:../Firmware/GD32E23x_standard_peripheral/Source/gd32e23x_spi.c ****         } else {
 1494              		.loc 1 547 31
 1495 0048 1A70     		strb	r2, [r3]
 1496              		.loc 1 552 1
 1497 004a 04E0     		b	.L67
 1498              	.L66:
 549:../Firmware/GD32E23x_standard_peripheral/Source/gd32e23x_spi.c ****         }
 1499              		.loc 1 549 13
 1500 004c 7B68     		ldr	r3, [r7, #4]
 1501 004e 0C33     		adds	r3, r3, #12
 549:../Firmware/GD32E23x_standard_peripheral/Source/gd32e23x_spi.c ****         }
 1502              		.loc 1 549 36
 1503 0050 BA1C     		adds	r2, r7, #2
 1504 0052 1288     		ldrh	r2, [r2]
 549:../Firmware/GD32E23x_standard_peripheral/Source/gd32e23x_spi.c ****         }
 1505              		.loc 1 549 34
 1506 0054 1A60     		str	r2, [r3]
 1507              	.L67:
 1508              		.loc 1 552 1
 1509 0056 C046     		nop
 1510 0058 BD46     		mov	sp, r7
 1511 005a 04B0     		add	sp, sp, #16
 1512              		@ sp needed
 1513 005c 80BD     		pop	{r7, pc}
 1514              		.cfi_endproc
 1515              	.LFE78:
 1517              		.section	.text.spi_i2s_data_receive,"ax",%progbits
 1518              		.align	1
 1519              		.global	spi_i2s_data_receive
 1520              		.syntax unified
 1521              		.code	16
 1522              		.thumb_func
 1523              		.fpu softvfp
 1525              	spi_i2s_data_receive:
 1526              	.LFB79:
 553:../Firmware/GD32E23x_standard_peripheral/Source/gd32e23x_spi.c **** 
 554:../Firmware/GD32E23x_standard_peripheral/Source/gd32e23x_spi.c **** /*!
 555:../Firmware/GD32E23x_standard_peripheral/Source/gd32e23x_spi.c ****     \brief      SPI receive data
 556:../Firmware/GD32E23x_standard_peripheral/Source/gd32e23x_spi.c ****     \param[in]  spi_periph: SPIx(x=0,1)
 557:../Firmware/GD32E23x_standard_peripheral/Source/gd32e23x_spi.c ****     \param[out] none
 558:../Firmware/GD32E23x_standard_peripheral/Source/gd32e23x_spi.c ****     \retval     16-bit data
 559:../Firmware/GD32E23x_standard_peripheral/Source/gd32e23x_spi.c **** */
 560:../Firmware/GD32E23x_standard_peripheral/Source/gd32e23x_spi.c **** uint16_t spi_i2s_data_receive(uint32_t spi_periph)
 561:../Firmware/GD32E23x_standard_peripheral/Source/gd32e23x_spi.c **** {
 1527              		.loc 1 561 1
 1528              		.cfi_startproc
 1529              		@ args = 0, pretend = 0, frame = 16
 1530              		@ frame_needed = 1, uses_anonymous_args = 0
 1531 0000 80B5     		push	{r7, lr}
 1532              		.cfi_def_cfa_offset 8
 1533              		.cfi_offset 7, -8
 1534              		.cfi_offset 14, -4
 1535 0002 84B0     		sub	sp, sp, #16
 1536              		.cfi_def_cfa_offset 24
 1537 0004 00AF     		add	r7, sp, #0
 1538              		.cfi_def_cfa_register 7
 1539 0006 7860     		str	r0, [r7, #4]
 562:../Firmware/GD32E23x_standard_peripheral/Source/gd32e23x_spi.c ****     uint32_t reg, byten;
 563:../Firmware/GD32E23x_standard_peripheral/Source/gd32e23x_spi.c ****     if(SPI0 == spi_periph) {
 1540              		.loc 1 563 7
 1541 0008 7A68     		ldr	r2, [r7, #4]
 1542 000a 43F20003 		movw	r3, #12288
 1543 000e C4F20103 		movt	r3, 16385
 1544 0012 9A42     		cmp	r2, r3
 1545 0014 04D1     		bne	.L69
 564:../Firmware/GD32E23x_standard_peripheral/Source/gd32e23x_spi.c ****         return ((uint16_t)SPI_DATA(spi_periph));
 1546              		.loc 1 564 27
 1547 0016 7B68     		ldr	r3, [r7, #4]
 1548 0018 0C33     		adds	r3, r3, #12
 1549 001a 1B68     		ldr	r3, [r3]
 1550              		.loc 1 564 17
 1551 001c 9BB2     		uxth	r3, r3
 1552 001e 13E0     		b	.L70
 1553              	.L69:
 565:../Firmware/GD32E23x_standard_peripheral/Source/gd32e23x_spi.c ****     } else {
 566:../Firmware/GD32E23x_standard_peripheral/Source/gd32e23x_spi.c ****         /* get the access size to FIFO */
 567:../Firmware/GD32E23x_standard_peripheral/Source/gd32e23x_spi.c ****         byten = SPI_CTL1(spi_periph) & SPI_BYTEN_MASK;
 1554              		.loc 1 567 17
 1555 0020 7B68     		ldr	r3, [r7, #4]
 1556 0022 0433     		adds	r3, r3, #4
 1557 0024 1B68     		ldr	r3, [r3]
 1558              		.loc 1 567 15
 1559 0026 41F20002 		movw	r2, #4096
 1560 002a 1340     		ands	r3, r2
 1561 002c FB60     		str	r3, [r7, #12]
 568:../Firmware/GD32E23x_standard_peripheral/Source/gd32e23x_spi.c ****         if(RESET != byten) {
 1562              		.loc 1 568 11
 1563 002e FB68     		ldr	r3, [r7, #12]
 1564 0030 33B1     		cbz	r3, .L71
 569:../Firmware/GD32E23x_standard_peripheral/Source/gd32e23x_spi.c ****             reg = spi_periph + 0x0CU;
 1565              		.loc 1 569 17
 1566 0032 7B68     		ldr	r3, [r7, #4]
 1567 0034 0C33     		adds	r3, r3, #12
 1568 0036 BB60     		str	r3, [r7, #8]
 570:../Firmware/GD32E23x_standard_peripheral/Source/gd32e23x_spi.c ****             return (uint16_t)(*(uint8_t *)(reg));
 1569              		.loc 1 570 32
 1570 0038 BB68     		ldr	r3, [r7, #8]
 1571              		.loc 1 570 31
 1572 003a 1B78     		ldrb	r3, [r3]
 1573              		.loc 1 570 20
 1574 003c 9BB2     		uxth	r3, r3
 1575 003e 03E0     		b	.L70
 1576              	.L71:
 571:../Firmware/GD32E23x_standard_peripheral/Source/gd32e23x_spi.c ****         } else {
 572:../Firmware/GD32E23x_standard_peripheral/Source/gd32e23x_spi.c ****             return ((uint16_t)SPI_DATA(spi_periph));
 1577              		.loc 1 572 31
 1578 0040 7B68     		ldr	r3, [r7, #4]
 1579 0042 0C33     		adds	r3, r3, #12
 1580 0044 1B68     		ldr	r3, [r3]
 1581              		.loc 1 572 21
 1582 0046 9BB2     		uxth	r3, r3
 1583              	.L70:
 573:../Firmware/GD32E23x_standard_peripheral/Source/gd32e23x_spi.c ****         }
 574:../Firmware/GD32E23x_standard_peripheral/Source/gd32e23x_spi.c ****     }
 575:../Firmware/GD32E23x_standard_peripheral/Source/gd32e23x_spi.c **** }
 1584              		.loc 1 575 1
 1585 0048 1800     		movs	r0, r3
 1586 004a BD46     		mov	sp, r7
 1587 004c 04B0     		add	sp, sp, #16
 1588              		@ sp needed
 1589 004e 80BD     		pop	{r7, pc}
 1590              		.cfi_endproc
 1591              	.LFE79:
 1593              		.section	.text.spi_i2s_format_error_clear,"ax",%progbits
 1594              		.align	1
 1595              		.global	spi_i2s_format_error_clear
 1596              		.syntax unified
 1597              		.code	16
 1598              		.thumb_func
 1599              		.fpu softvfp
 1601              	spi_i2s_format_error_clear:
 1602              	.LFB80:
 576:../Firmware/GD32E23x_standard_peripheral/Source/gd32e23x_spi.c **** 
 577:../Firmware/GD32E23x_standard_peripheral/Source/gd32e23x_spi.c **** /*!
 578:../Firmware/GD32E23x_standard_peripheral/Source/gd32e23x_spi.c ****     \brief      clear SPI/I2S format error flag status
 579:../Firmware/GD32E23x_standard_peripheral/Source/gd32e23x_spi.c ****     \param[in]  spi_periph: SPIx(x=0,1)
 580:../Firmware/GD32E23x_standard_peripheral/Source/gd32e23x_spi.c ****     \param[in]  flag: SPI/I2S frame format error flag
 581:../Firmware/GD32E23x_standard_peripheral/Source/gd32e23x_spi.c ****       \arg        SPI_FLAG_FERR: only for SPI work in TI mode
 582:../Firmware/GD32E23x_standard_peripheral/Source/gd32e23x_spi.c ****       \arg        I2S_FLAG_FERR: for I2S
 583:../Firmware/GD32E23x_standard_peripheral/Source/gd32e23x_spi.c ****     \param[out] none
 584:../Firmware/GD32E23x_standard_peripheral/Source/gd32e23x_spi.c ****     \retval     none
 585:../Firmware/GD32E23x_standard_peripheral/Source/gd32e23x_spi.c **** */
 586:../Firmware/GD32E23x_standard_peripheral/Source/gd32e23x_spi.c **** void spi_i2s_format_error_clear(uint32_t spi_periph, uint32_t flag)
 587:../Firmware/GD32E23x_standard_peripheral/Source/gd32e23x_spi.c **** {
 1603              		.loc 1 587 1
 1604              		.cfi_startproc
 1605              		@ args = 0, pretend = 0, frame = 8
 1606              		@ frame_needed = 1, uses_anonymous_args = 0
 1607 0000 80B5     		push	{r7, lr}
 1608              		.cfi_def_cfa_offset 8
 1609              		.cfi_offset 7, -8
 1610              		.cfi_offset 14, -4
 1611 0002 82B0     		sub	sp, sp, #8
 1612              		.cfi_def_cfa_offset 16
 1613 0004 00AF     		add	r7, sp, #0
 1614              		.cfi_def_cfa_register 7
 1615 0006 7860     		str	r0, [r7, #4]
 1616 0008 3960     		str	r1, [r7]
 588:../Firmware/GD32E23x_standard_peripheral/Source/gd32e23x_spi.c ****     SPI_STAT(spi_periph) = (uint32_t)(~flag);
 1617              		.loc 1 588 5
 1618 000a 7B68     		ldr	r3, [r7, #4]
 1619 000c 0833     		adds	r3, r3, #8
 1620              		.loc 1 588 39
 1621 000e 3A68     		ldr	r2, [r7]
 1622 0010 D243     		mvns	r2, r2
 1623              		.loc 1 588 26
 1624 0012 1A60     		str	r2, [r3]
 589:../Firmware/GD32E23x_standard_peripheral/Source/gd32e23x_spi.c **** }
 1625              		.loc 1 589 1
 1626 0014 C046     		nop
 1627 0016 BD46     		mov	sp, r7
 1628 0018 02B0     		add	sp, sp, #8
 1629              		@ sp needed
 1630 001a 80BD     		pop	{r7, pc}
 1631              		.cfi_endproc
 1632              	.LFE80:
 1634              		.section	.text.spi_crc_polynomial_set,"ax",%progbits
 1635              		.align	1
 1636              		.global	spi_crc_polynomial_set
 1637              		.syntax unified
 1638              		.code	16
 1639              		.thumb_func
 1640              		.fpu softvfp
 1642              	spi_crc_polynomial_set:
 1643              	.LFB81:
 590:../Firmware/GD32E23x_standard_peripheral/Source/gd32e23x_spi.c **** 
 591:../Firmware/GD32E23x_standard_peripheral/Source/gd32e23x_spi.c **** /*!
 592:../Firmware/GD32E23x_standard_peripheral/Source/gd32e23x_spi.c ****     \brief      set SPI CRC polynomial
 593:../Firmware/GD32E23x_standard_peripheral/Source/gd32e23x_spi.c ****     \param[in]  spi_periph: SPIx(x=0,1)
 594:../Firmware/GD32E23x_standard_peripheral/Source/gd32e23x_spi.c ****     \param[in]  crc_poly: CRC polynomial value
 595:../Firmware/GD32E23x_standard_peripheral/Source/gd32e23x_spi.c ****     \param[out] none
 596:../Firmware/GD32E23x_standard_peripheral/Source/gd32e23x_spi.c ****     \retval     none
 597:../Firmware/GD32E23x_standard_peripheral/Source/gd32e23x_spi.c **** */
 598:../Firmware/GD32E23x_standard_peripheral/Source/gd32e23x_spi.c **** void spi_crc_polynomial_set(uint32_t spi_periph, uint16_t crc_poly)
 599:../Firmware/GD32E23x_standard_peripheral/Source/gd32e23x_spi.c **** {
 1644              		.loc 1 599 1
 1645              		.cfi_startproc
 1646              		@ args = 0, pretend = 0, frame = 8
 1647              		@ frame_needed = 1, uses_anonymous_args = 0
 1648 0000 80B5     		push	{r7, lr}
 1649              		.cfi_def_cfa_offset 8
 1650              		.cfi_offset 7, -8
 1651              		.cfi_offset 14, -4
 1652 0002 82B0     		sub	sp, sp, #8
 1653              		.cfi_def_cfa_offset 16
 1654 0004 00AF     		add	r7, sp, #0
 1655              		.cfi_def_cfa_register 7
 1656 0006 7860     		str	r0, [r7, #4]
 1657 0008 0A00     		movs	r2, r1
 1658 000a BB1C     		adds	r3, r7, #2
 1659 000c 1A80     		strh	r2, [r3]
 600:../Firmware/GD32E23x_standard_peripheral/Source/gd32e23x_spi.c ****     /* enable SPI CRC */
 601:../Firmware/GD32E23x_standard_peripheral/Source/gd32e23x_spi.c ****     SPI_CTL0(spi_periph) |= (uint32_t)SPI_CTL0_CRCEN;
 1660              		.loc 1 601 26
 1661 000e 7B68     		ldr	r3, [r7, #4]
 1662 0010 1A68     		ldr	r2, [r3]
 1663 0012 7B68     		ldr	r3, [r7, #4]
 1664 0014 42F20001 		movw	r1, #8192
 1665 0018 0A43     		orrs	r2, r1
 1666 001a 1A60     		str	r2, [r3]
 602:../Firmware/GD32E23x_standard_peripheral/Source/gd32e23x_spi.c ****     /* set SPI CRC polynomial */
 603:../Firmware/GD32E23x_standard_peripheral/Source/gd32e23x_spi.c ****     SPI_CRCPOLY(spi_periph) = (uint32_t)crc_poly;
 1667              		.loc 1 603 5
 1668 001c 7B68     		ldr	r3, [r7, #4]
 1669 001e 1033     		adds	r3, r3, #16
 1670              		.loc 1 603 31
 1671 0020 BA1C     		adds	r2, r7, #2
 1672 0022 1288     		ldrh	r2, [r2]
 1673              		.loc 1 603 29
 1674 0024 1A60     		str	r2, [r3]
 604:../Firmware/GD32E23x_standard_peripheral/Source/gd32e23x_spi.c **** }
 1675              		.loc 1 604 1
 1676 0026 C046     		nop
 1677 0028 BD46     		mov	sp, r7
 1678 002a 02B0     		add	sp, sp, #8
 1679              		@ sp needed
 1680 002c 80BD     		pop	{r7, pc}
 1681              		.cfi_endproc
 1682              	.LFE81:
 1684              		.section	.text.spi_crc_polynomial_get,"ax",%progbits
 1685              		.align	1
 1686              		.global	spi_crc_polynomial_get
 1687              		.syntax unified
 1688              		.code	16
 1689              		.thumb_func
 1690              		.fpu softvfp
 1692              	spi_crc_polynomial_get:
 1693              	.LFB82:
 605:../Firmware/GD32E23x_standard_peripheral/Source/gd32e23x_spi.c **** 
 606:../Firmware/GD32E23x_standard_peripheral/Source/gd32e23x_spi.c **** /*!
 607:../Firmware/GD32E23x_standard_peripheral/Source/gd32e23x_spi.c ****     \brief      get SPI CRC polynomial
 608:../Firmware/GD32E23x_standard_peripheral/Source/gd32e23x_spi.c ****     \param[in]  spi_periph: SPIx(x=0,1)
 609:../Firmware/GD32E23x_standard_peripheral/Source/gd32e23x_spi.c ****     \param[out] none
 610:../Firmware/GD32E23x_standard_peripheral/Source/gd32e23x_spi.c ****     \retval     16-bit CRC polynomial
 611:../Firmware/GD32E23x_standard_peripheral/Source/gd32e23x_spi.c **** */
 612:../Firmware/GD32E23x_standard_peripheral/Source/gd32e23x_spi.c **** uint16_t spi_crc_polynomial_get(uint32_t spi_periph)
 613:../Firmware/GD32E23x_standard_peripheral/Source/gd32e23x_spi.c **** {
 1694              		.loc 1 613 1
 1695              		.cfi_startproc
 1696              		@ args = 0, pretend = 0, frame = 8
 1697              		@ frame_needed = 1, uses_anonymous_args = 0
 1698 0000 80B5     		push	{r7, lr}
 1699              		.cfi_def_cfa_offset 8
 1700              		.cfi_offset 7, -8
 1701              		.cfi_offset 14, -4
 1702 0002 82B0     		sub	sp, sp, #8
 1703              		.cfi_def_cfa_offset 16
 1704 0004 00AF     		add	r7, sp, #0
 1705              		.cfi_def_cfa_register 7
 1706 0006 7860     		str	r0, [r7, #4]
 614:../Firmware/GD32E23x_standard_peripheral/Source/gd32e23x_spi.c ****     return ((uint16_t)SPI_CRCPOLY(spi_periph));
 1707              		.loc 1 614 23
 1708 0008 7B68     		ldr	r3, [r7, #4]
 1709 000a 1033     		adds	r3, r3, #16
 1710 000c 1B68     		ldr	r3, [r3]
 1711              		.loc 1 614 13
 1712 000e 9BB2     		uxth	r3, r3
 615:../Firmware/GD32E23x_standard_peripheral/Source/gd32e23x_spi.c **** }
 1713              		.loc 1 615 1
 1714 0010 1800     		movs	r0, r3
 1715 0012 BD46     		mov	sp, r7
 1716 0014 02B0     		add	sp, sp, #8
 1717              		@ sp needed
 1718 0016 80BD     		pop	{r7, pc}
 1719              		.cfi_endproc
 1720              	.LFE82:
 1722              		.section	.text.spi_crc_length_set,"ax",%progbits
 1723              		.align	1
 1724              		.global	spi_crc_length_set
 1725              		.syntax unified
 1726              		.code	16
 1727              		.thumb_func
 1728              		.fpu softvfp
 1730              	spi_crc_length_set:
 1731              	.LFB83:
 616:../Firmware/GD32E23x_standard_peripheral/Source/gd32e23x_spi.c **** 
 617:../Firmware/GD32E23x_standard_peripheral/Source/gd32e23x_spi.c **** /*!
 618:../Firmware/GD32E23x_standard_peripheral/Source/gd32e23x_spi.c ****     \brief      set CRC length
 619:../Firmware/GD32E23x_standard_peripheral/Source/gd32e23x_spi.c ****     \param[in]  spi_periph: SPIx(x=1)
 620:../Firmware/GD32E23x_standard_peripheral/Source/gd32e23x_spi.c ****     \param[in]  crc_length: CRC length
 621:../Firmware/GD32E23x_standard_peripheral/Source/gd32e23x_spi.c ****                 only one parameter can be selected which is shown as below:
 622:../Firmware/GD32E23x_standard_peripheral/Source/gd32e23x_spi.c ****       \arg        SPI_CRC_8BIT: CRC length is 8 bits
 623:../Firmware/GD32E23x_standard_peripheral/Source/gd32e23x_spi.c ****       \arg        SPI_CRC_16BIT: CRC length is 16 bits
 624:../Firmware/GD32E23x_standard_peripheral/Source/gd32e23x_spi.c ****     \param[out] none
 625:../Firmware/GD32E23x_standard_peripheral/Source/gd32e23x_spi.c ****     \retval     none
 626:../Firmware/GD32E23x_standard_peripheral/Source/gd32e23x_spi.c **** */
 627:../Firmware/GD32E23x_standard_peripheral/Source/gd32e23x_spi.c **** void spi_crc_length_set(uint32_t spi_periph, uint16_t crc_length)
 628:../Firmware/GD32E23x_standard_peripheral/Source/gd32e23x_spi.c **** {
 1732              		.loc 1 628 1
 1733              		.cfi_startproc
 1734              		@ args = 0, pretend = 0, frame = 8
 1735              		@ frame_needed = 1, uses_anonymous_args = 0
 1736 0000 80B5     		push	{r7, lr}
 1737              		.cfi_def_cfa_offset 8
 1738              		.cfi_offset 7, -8
 1739              		.cfi_offset 14, -4
 1740 0002 82B0     		sub	sp, sp, #8
 1741              		.cfi_def_cfa_offset 16
 1742 0004 00AF     		add	r7, sp, #0
 1743              		.cfi_def_cfa_register 7
 1744 0006 7860     		str	r0, [r7, #4]
 1745 0008 0A00     		movs	r2, r1
 1746 000a BB1C     		adds	r3, r7, #2
 1747 000c 1A80     		strh	r2, [r3]
 629:../Firmware/GD32E23x_standard_peripheral/Source/gd32e23x_spi.c ****     /* clear SPI_CTL0_CRCL bit */
 630:../Firmware/GD32E23x_standard_peripheral/Source/gd32e23x_spi.c ****     SPI_CTL0(spi_periph) &= (uint32_t)(~SPI_CTL0_CRCL);
 1748              		.loc 1 630 26
 1749 000e 7B68     		ldr	r3, [r7, #4]
 1750 0010 1A68     		ldr	r2, [r3]
 1751 0012 7B68     		ldr	r3, [r7, #4]
 1752 0014 0649     		ldr	r1, .L77
 1753 0016 0A40     		ands	r2, r1
 1754 0018 1A60     		str	r2, [r3]
 631:../Firmware/GD32E23x_standard_peripheral/Source/gd32e23x_spi.c ****     /* confige SPI_CTL0_CRCL bit */
 632:../Firmware/GD32E23x_standard_peripheral/Source/gd32e23x_spi.c ****     SPI_CTL0(spi_periph) |= (uint32_t)crc_length;
 1755              		.loc 1 632 26
 1756 001a 7B68     		ldr	r3, [r7, #4]
 1757 001c 1968     		ldr	r1, [r3]
 1758              		.loc 1 632 29
 1759 001e BB1C     		adds	r3, r7, #2
 1760 0020 1A88     		ldrh	r2, [r3]
 1761              		.loc 1 632 26
 1762 0022 7B68     		ldr	r3, [r7, #4]
 1763 0024 0A43     		orrs	r2, r1
 1764 0026 1A60     		str	r2, [r3]
 633:../Firmware/GD32E23x_standard_peripheral/Source/gd32e23x_spi.c **** }
 1765              		.loc 1 633 1
 1766 0028 C046     		nop
 1767 002a BD46     		mov	sp, r7
 1768 002c 02B0     		add	sp, sp, #8
 1769              		@ sp needed
 1770 002e 80BD     		pop	{r7, pc}
 1771              	.L78:
 1772              		.align	2
 1773              	.L77:
 1774 0030 FFF7FFFF 		.word	-2049
 1775              		.cfi_endproc
 1776              	.LFE83:
 1778              		.section	.text.spi_crc_on,"ax",%progbits
 1779              		.align	1
 1780              		.global	spi_crc_on
 1781              		.syntax unified
 1782              		.code	16
 1783              		.thumb_func
 1784              		.fpu softvfp
 1786              	spi_crc_on:
 1787              	.LFB84:
 634:../Firmware/GD32E23x_standard_peripheral/Source/gd32e23x_spi.c **** 
 635:../Firmware/GD32E23x_standard_peripheral/Source/gd32e23x_spi.c **** /*!
 636:../Firmware/GD32E23x_standard_peripheral/Source/gd32e23x_spi.c ****     \brief      turn on CRC function
 637:../Firmware/GD32E23x_standard_peripheral/Source/gd32e23x_spi.c ****     \param[in]  spi_periph: SPIx(x=0,1)
 638:../Firmware/GD32E23x_standard_peripheral/Source/gd32e23x_spi.c ****     \param[out] none
 639:../Firmware/GD32E23x_standard_peripheral/Source/gd32e23x_spi.c ****     \retval     none
 640:../Firmware/GD32E23x_standard_peripheral/Source/gd32e23x_spi.c **** */
 641:../Firmware/GD32E23x_standard_peripheral/Source/gd32e23x_spi.c **** void spi_crc_on(uint32_t spi_periph)
 642:../Firmware/GD32E23x_standard_peripheral/Source/gd32e23x_spi.c **** {
 1788              		.loc 1 642 1
 1789              		.cfi_startproc
 1790              		@ args = 0, pretend = 0, frame = 8
 1791              		@ frame_needed = 1, uses_anonymous_args = 0
 1792 0000 80B5     		push	{r7, lr}
 1793              		.cfi_def_cfa_offset 8
 1794              		.cfi_offset 7, -8
 1795              		.cfi_offset 14, -4
 1796 0002 82B0     		sub	sp, sp, #8
 1797              		.cfi_def_cfa_offset 16
 1798 0004 00AF     		add	r7, sp, #0
 1799              		.cfi_def_cfa_register 7
 1800 0006 7860     		str	r0, [r7, #4]
 643:../Firmware/GD32E23x_standard_peripheral/Source/gd32e23x_spi.c ****     SPI_CTL0(spi_periph) |= (uint32_t)SPI_CTL0_CRCEN;
 1801              		.loc 1 643 26
 1802 0008 7B68     		ldr	r3, [r7, #4]
 1803 000a 1A68     		ldr	r2, [r3]
 1804 000c 7B68     		ldr	r3, [r7, #4]
 1805 000e 42F20001 		movw	r1, #8192
 1806 0012 0A43     		orrs	r2, r1
 1807 0014 1A60     		str	r2, [r3]
 644:../Firmware/GD32E23x_standard_peripheral/Source/gd32e23x_spi.c **** }
 1808              		.loc 1 644 1
 1809 0016 C046     		nop
 1810 0018 BD46     		mov	sp, r7
 1811 001a 02B0     		add	sp, sp, #8
 1812              		@ sp needed
 1813 001c 80BD     		pop	{r7, pc}
 1814              		.cfi_endproc
 1815              	.LFE84:
 1817              		.section	.text.spi_crc_off,"ax",%progbits
 1818              		.align	1
 1819              		.global	spi_crc_off
 1820              		.syntax unified
 1821              		.code	16
 1822              		.thumb_func
 1823              		.fpu softvfp
 1825              	spi_crc_off:
 1826              	.LFB85:
 645:../Firmware/GD32E23x_standard_peripheral/Source/gd32e23x_spi.c **** 
 646:../Firmware/GD32E23x_standard_peripheral/Source/gd32e23x_spi.c **** /*!
 647:../Firmware/GD32E23x_standard_peripheral/Source/gd32e23x_spi.c ****     \brief      turn off CRC function
 648:../Firmware/GD32E23x_standard_peripheral/Source/gd32e23x_spi.c ****     \param[in]  spi_periph: SPIx(x=0,1)
 649:../Firmware/GD32E23x_standard_peripheral/Source/gd32e23x_spi.c ****     \param[out] none
 650:../Firmware/GD32E23x_standard_peripheral/Source/gd32e23x_spi.c ****     \retval     none
 651:../Firmware/GD32E23x_standard_peripheral/Source/gd32e23x_spi.c **** */
 652:../Firmware/GD32E23x_standard_peripheral/Source/gd32e23x_spi.c **** void spi_crc_off(uint32_t spi_periph)
 653:../Firmware/GD32E23x_standard_peripheral/Source/gd32e23x_spi.c **** {
 1827              		.loc 1 653 1
 1828              		.cfi_startproc
 1829              		@ args = 0, pretend = 0, frame = 8
 1830              		@ frame_needed = 1, uses_anonymous_args = 0
 1831 0000 80B5     		push	{r7, lr}
 1832              		.cfi_def_cfa_offset 8
 1833              		.cfi_offset 7, -8
 1834              		.cfi_offset 14, -4
 1835 0002 82B0     		sub	sp, sp, #8
 1836              		.cfi_def_cfa_offset 16
 1837 0004 00AF     		add	r7, sp, #0
 1838              		.cfi_def_cfa_register 7
 1839 0006 7860     		str	r0, [r7, #4]
 654:../Firmware/GD32E23x_standard_peripheral/Source/gd32e23x_spi.c ****     SPI_CTL0(spi_periph) &= (uint32_t)(~SPI_CTL0_CRCEN);
 1840              		.loc 1 654 26
 1841 0008 7B68     		ldr	r3, [r7, #4]
 1842 000a 1A68     		ldr	r2, [r3]
 1843 000c 7B68     		ldr	r3, [r7, #4]
 1844 000e 0349     		ldr	r1, .L81
 1845 0010 0A40     		ands	r2, r1
 1846 0012 1A60     		str	r2, [r3]
 655:../Firmware/GD32E23x_standard_peripheral/Source/gd32e23x_spi.c **** }
 1847              		.loc 1 655 1
 1848 0014 C046     		nop
 1849 0016 BD46     		mov	sp, r7
 1850 0018 02B0     		add	sp, sp, #8
 1851              		@ sp needed
 1852 001a 80BD     		pop	{r7, pc}
 1853              	.L82:
 1854              		.align	2
 1855              	.L81:
 1856 001c FFDFFFFF 		.word	-8193
 1857              		.cfi_endproc
 1858              	.LFE85:
 1860              		.section	.text.spi_crc_next,"ax",%progbits
 1861              		.align	1
 1862              		.global	spi_crc_next
 1863              		.syntax unified
 1864              		.code	16
 1865              		.thumb_func
 1866              		.fpu softvfp
 1868              	spi_crc_next:
 1869              	.LFB86:
 656:../Firmware/GD32E23x_standard_peripheral/Source/gd32e23x_spi.c **** 
 657:../Firmware/GD32E23x_standard_peripheral/Source/gd32e23x_spi.c **** /*!
 658:../Firmware/GD32E23x_standard_peripheral/Source/gd32e23x_spi.c ****     \brief      SPI next data is CRC value
 659:../Firmware/GD32E23x_standard_peripheral/Source/gd32e23x_spi.c ****     \param[in]  spi_periph: SPIx(x=0,1)
 660:../Firmware/GD32E23x_standard_peripheral/Source/gd32e23x_spi.c ****     \param[out] none
 661:../Firmware/GD32E23x_standard_peripheral/Source/gd32e23x_spi.c ****     \retval     none
 662:../Firmware/GD32E23x_standard_peripheral/Source/gd32e23x_spi.c **** */
 663:../Firmware/GD32E23x_standard_peripheral/Source/gd32e23x_spi.c **** void spi_crc_next(uint32_t spi_periph)
 664:../Firmware/GD32E23x_standard_peripheral/Source/gd32e23x_spi.c **** {
 1870              		.loc 1 664 1
 1871              		.cfi_startproc
 1872              		@ args = 0, pretend = 0, frame = 8
 1873              		@ frame_needed = 1, uses_anonymous_args = 0
 1874 0000 80B5     		push	{r7, lr}
 1875              		.cfi_def_cfa_offset 8
 1876              		.cfi_offset 7, -8
 1877              		.cfi_offset 14, -4
 1878 0002 82B0     		sub	sp, sp, #8
 1879              		.cfi_def_cfa_offset 16
 1880 0004 00AF     		add	r7, sp, #0
 1881              		.cfi_def_cfa_register 7
 1882 0006 7860     		str	r0, [r7, #4]
 665:../Firmware/GD32E23x_standard_peripheral/Source/gd32e23x_spi.c ****     SPI_CTL0(spi_periph) |= (uint32_t)SPI_CTL0_CRCNT;
 1883              		.loc 1 665 26
 1884 0008 7B68     		ldr	r3, [r7, #4]
 1885 000a 1A68     		ldr	r2, [r3]
 1886 000c 7B68     		ldr	r3, [r7, #4]
 1887 000e 41F20001 		movw	r1, #4096
 1888 0012 0A43     		orrs	r2, r1
 1889 0014 1A60     		str	r2, [r3]
 666:../Firmware/GD32E23x_standard_peripheral/Source/gd32e23x_spi.c **** }
 1890              		.loc 1 666 1
 1891 0016 C046     		nop
 1892 0018 BD46     		mov	sp, r7
 1893 001a 02B0     		add	sp, sp, #8
 1894              		@ sp needed
 1895 001c 80BD     		pop	{r7, pc}
 1896              		.cfi_endproc
 1897              	.LFE86:
 1899              		.section	.text.spi_crc_get,"ax",%progbits
 1900              		.align	1
 1901              		.global	spi_crc_get
 1902              		.syntax unified
 1903              		.code	16
 1904              		.thumb_func
 1905              		.fpu softvfp
 1907              	spi_crc_get:
 1908              	.LFB87:
 667:../Firmware/GD32E23x_standard_peripheral/Source/gd32e23x_spi.c **** 
 668:../Firmware/GD32E23x_standard_peripheral/Source/gd32e23x_spi.c **** /*!
 669:../Firmware/GD32E23x_standard_peripheral/Source/gd32e23x_spi.c ****     \brief      get SPI CRC send value or receive value
 670:../Firmware/GD32E23x_standard_peripheral/Source/gd32e23x_spi.c ****     \param[in]  spi_periph: SPIx(x=0,1)
 671:../Firmware/GD32E23x_standard_peripheral/Source/gd32e23x_spi.c ****     \param[in]  crc: SPI crc value
 672:../Firmware/GD32E23x_standard_peripheral/Source/gd32e23x_spi.c ****                 only one parameter can be selected which is shown as below:
 673:../Firmware/GD32E23x_standard_peripheral/Source/gd32e23x_spi.c ****       \arg        SPI_CRC_TX: get transmit crc value
 674:../Firmware/GD32E23x_standard_peripheral/Source/gd32e23x_spi.c ****       \arg        SPI_CRC_RX: get receive crc value
 675:../Firmware/GD32E23x_standard_peripheral/Source/gd32e23x_spi.c ****     \param[out] none
 676:../Firmware/GD32E23x_standard_peripheral/Source/gd32e23x_spi.c ****     \retval     16-bit CRC value
 677:../Firmware/GD32E23x_standard_peripheral/Source/gd32e23x_spi.c **** */
 678:../Firmware/GD32E23x_standard_peripheral/Source/gd32e23x_spi.c **** uint16_t spi_crc_get(uint32_t spi_periph, uint8_t crc)
 679:../Firmware/GD32E23x_standard_peripheral/Source/gd32e23x_spi.c **** {
 1909              		.loc 1 679 1
 1910              		.cfi_startproc
 1911              		@ args = 0, pretend = 0, frame = 8
 1912              		@ frame_needed = 1, uses_anonymous_args = 0
 1913 0000 80B5     		push	{r7, lr}
 1914              		.cfi_def_cfa_offset 8
 1915              		.cfi_offset 7, -8
 1916              		.cfi_offset 14, -4
 1917 0002 82B0     		sub	sp, sp, #8
 1918              		.cfi_def_cfa_offset 16
 1919 0004 00AF     		add	r7, sp, #0
 1920              		.cfi_def_cfa_register 7
 1921 0006 7860     		str	r0, [r7, #4]
 1922 0008 0A00     		movs	r2, r1
 1923 000a FB1C     		adds	r3, r7, #3
 1924 000c 1A70     		strb	r2, [r3]
 680:../Firmware/GD32E23x_standard_peripheral/Source/gd32e23x_spi.c ****     if(SPI_CRC_TX == crc) {
 1925              		.loc 1 680 7
 1926 000e FB1C     		adds	r3, r7, #3
 1927 0010 1B78     		ldrb	r3, [r3]
 1928 0012 23B9     		cbnz	r3, .L85
 681:../Firmware/GD32E23x_standard_peripheral/Source/gd32e23x_spi.c ****         return ((uint16_t)(SPI_TCRC(spi_periph)));
 1929              		.loc 1 681 28
 1930 0014 7B68     		ldr	r3, [r7, #4]
 1931 0016 1833     		adds	r3, r3, #24
 1932 0018 1B68     		ldr	r3, [r3]
 1933              		.loc 1 681 17
 1934 001a 9BB2     		uxth	r3, r3
 1935 001c 03E0     		b	.L86
 1936              	.L85:
 682:../Firmware/GD32E23x_standard_peripheral/Source/gd32e23x_spi.c ****     } else {
 683:../Firmware/GD32E23x_standard_peripheral/Source/gd32e23x_spi.c ****         return ((uint16_t)(SPI_RCRC(spi_periph)));
 1937              		.loc 1 683 28
 1938 001e 7B68     		ldr	r3, [r7, #4]
 1939 0020 1433     		adds	r3, r3, #20
 1940 0022 1B68     		ldr	r3, [r3]
 1941              		.loc 1 683 17
 1942 0024 9BB2     		uxth	r3, r3
 1943              	.L86:
 684:../Firmware/GD32E23x_standard_peripheral/Source/gd32e23x_spi.c ****     }
 685:../Firmware/GD32E23x_standard_peripheral/Source/gd32e23x_spi.c **** }
 1944              		.loc 1 685 1
 1945 0026 1800     		movs	r0, r3
 1946 0028 BD46     		mov	sp, r7
 1947 002a 02B0     		add	sp, sp, #8
 1948              		@ sp needed
 1949 002c 80BD     		pop	{r7, pc}
 1950              		.cfi_endproc
 1951              	.LFE87:
 1953              		.section	.text.spi_crc_error_clear,"ax",%progbits
 1954              		.align	1
 1955              		.global	spi_crc_error_clear
 1956              		.syntax unified
 1957              		.code	16
 1958              		.thumb_func
 1959              		.fpu softvfp
 1961              	spi_crc_error_clear:
 1962              	.LFB88:
 686:../Firmware/GD32E23x_standard_peripheral/Source/gd32e23x_spi.c **** 
 687:../Firmware/GD32E23x_standard_peripheral/Source/gd32e23x_spi.c **** /*!
 688:../Firmware/GD32E23x_standard_peripheral/Source/gd32e23x_spi.c ****     \brief      clear SPI CRC error flag status
 689:../Firmware/GD32E23x_standard_peripheral/Source/gd32e23x_spi.c ****     \param[in]  spi_periph: SPIx(x=0,1)
 690:../Firmware/GD32E23x_standard_peripheral/Source/gd32e23x_spi.c ****     \param[out] none
 691:../Firmware/GD32E23x_standard_peripheral/Source/gd32e23x_spi.c ****     \retval     none
 692:../Firmware/GD32E23x_standard_peripheral/Source/gd32e23x_spi.c **** */
 693:../Firmware/GD32E23x_standard_peripheral/Source/gd32e23x_spi.c **** void spi_crc_error_clear(uint32_t spi_periph)
 694:../Firmware/GD32E23x_standard_peripheral/Source/gd32e23x_spi.c **** {
 1963              		.loc 1 694 1
 1964              		.cfi_startproc
 1965              		@ args = 0, pretend = 0, frame = 8
 1966              		@ frame_needed = 1, uses_anonymous_args = 0
 1967 0000 80B5     		push	{r7, lr}
 1968              		.cfi_def_cfa_offset 8
 1969              		.cfi_offset 7, -8
 1970              		.cfi_offset 14, -4
 1971 0002 82B0     		sub	sp, sp, #8
 1972              		.cfi_def_cfa_offset 16
 1973 0004 00AF     		add	r7, sp, #0
 1974              		.cfi_def_cfa_register 7
 1975 0006 7860     		str	r0, [r7, #4]
 695:../Firmware/GD32E23x_standard_peripheral/Source/gd32e23x_spi.c ****     SPI_STAT(spi_periph) = (uint32_t)(~SPI_FLAG_CRCERR);
 1976              		.loc 1 695 5
 1977 0008 7B68     		ldr	r3, [r7, #4]
 1978 000a 0833     		adds	r3, r3, #8
 1979              		.loc 1 695 26
 1980 000c 1122     		movs	r2, #17
 1981 000e 5242     		rsbs	r2, r2, #0
 1982 0010 1A60     		str	r2, [r3]
 696:../Firmware/GD32E23x_standard_peripheral/Source/gd32e23x_spi.c **** }
 1983              		.loc 1 696 1
 1984 0012 C046     		nop
 1985 0014 BD46     		mov	sp, r7
 1986 0016 02B0     		add	sp, sp, #8
 1987              		@ sp needed
 1988 0018 80BD     		pop	{r7, pc}
 1989              		.cfi_endproc
 1990              	.LFE88:
 1992              		.section	.text.spi_ti_mode_enable,"ax",%progbits
 1993              		.align	1
 1994              		.global	spi_ti_mode_enable
 1995              		.syntax unified
 1996              		.code	16
 1997              		.thumb_func
 1998              		.fpu softvfp
 2000              	spi_ti_mode_enable:
 2001              	.LFB89:
 697:../Firmware/GD32E23x_standard_peripheral/Source/gd32e23x_spi.c **** 
 698:../Firmware/GD32E23x_standard_peripheral/Source/gd32e23x_spi.c **** /*!
 699:../Firmware/GD32E23x_standard_peripheral/Source/gd32e23x_spi.c ****     \brief      enable SPI TI mode
 700:../Firmware/GD32E23x_standard_peripheral/Source/gd32e23x_spi.c ****     \param[in]  spi_periph: SPIx(x=0,1)
 701:../Firmware/GD32E23x_standard_peripheral/Source/gd32e23x_spi.c ****     \param[out] none
 702:../Firmware/GD32E23x_standard_peripheral/Source/gd32e23x_spi.c ****     \retval     none
 703:../Firmware/GD32E23x_standard_peripheral/Source/gd32e23x_spi.c **** */
 704:../Firmware/GD32E23x_standard_peripheral/Source/gd32e23x_spi.c **** void spi_ti_mode_enable(uint32_t spi_periph)
 705:../Firmware/GD32E23x_standard_peripheral/Source/gd32e23x_spi.c **** {
 2002              		.loc 1 705 1
 2003              		.cfi_startproc
 2004              		@ args = 0, pretend = 0, frame = 8
 2005              		@ frame_needed = 1, uses_anonymous_args = 0
 2006 0000 80B5     		push	{r7, lr}
 2007              		.cfi_def_cfa_offset 8
 2008              		.cfi_offset 7, -8
 2009              		.cfi_offset 14, -4
 2010 0002 82B0     		sub	sp, sp, #8
 2011              		.cfi_def_cfa_offset 16
 2012 0004 00AF     		add	r7, sp, #0
 2013              		.cfi_def_cfa_register 7
 2014 0006 7860     		str	r0, [r7, #4]
 706:../Firmware/GD32E23x_standard_peripheral/Source/gd32e23x_spi.c ****     SPI_CTL1(spi_periph) |= (uint32_t)SPI_CTL1_TMOD;
 2015              		.loc 1 706 26
 2016 0008 7B68     		ldr	r3, [r7, #4]
 2017 000a 0433     		adds	r3, r3, #4
 2018 000c 1A68     		ldr	r2, [r3]
 2019 000e 7B68     		ldr	r3, [r7, #4]
 2020 0010 0433     		adds	r3, r3, #4
 2021 0012 1021     		movs	r1, #16
 2022 0014 0A43     		orrs	r2, r1
 2023 0016 1A60     		str	r2, [r3]
 707:../Firmware/GD32E23x_standard_peripheral/Source/gd32e23x_spi.c **** }
 2024              		.loc 1 707 1
 2025 0018 C046     		nop
 2026 001a BD46     		mov	sp, r7
 2027 001c 02B0     		add	sp, sp, #8
 2028              		@ sp needed
 2029 001e 80BD     		pop	{r7, pc}
 2030              		.cfi_endproc
 2031              	.LFE89:
 2033              		.section	.text.spi_ti_mode_disable,"ax",%progbits
 2034              		.align	1
 2035              		.global	spi_ti_mode_disable
 2036              		.syntax unified
 2037              		.code	16
 2038              		.thumb_func
 2039              		.fpu softvfp
 2041              	spi_ti_mode_disable:
 2042              	.LFB90:
 708:../Firmware/GD32E23x_standard_peripheral/Source/gd32e23x_spi.c **** 
 709:../Firmware/GD32E23x_standard_peripheral/Source/gd32e23x_spi.c **** /*!
 710:../Firmware/GD32E23x_standard_peripheral/Source/gd32e23x_spi.c ****     \brief      disable SPI TI mode
 711:../Firmware/GD32E23x_standard_peripheral/Source/gd32e23x_spi.c ****     \param[in]  spi_periph: SPIx(x=0,1)
 712:../Firmware/GD32E23x_standard_peripheral/Source/gd32e23x_spi.c ****     \param[out] none
 713:../Firmware/GD32E23x_standard_peripheral/Source/gd32e23x_spi.c ****     \retval     none
 714:../Firmware/GD32E23x_standard_peripheral/Source/gd32e23x_spi.c **** */
 715:../Firmware/GD32E23x_standard_peripheral/Source/gd32e23x_spi.c **** void spi_ti_mode_disable(uint32_t spi_periph)
 716:../Firmware/GD32E23x_standard_peripheral/Source/gd32e23x_spi.c **** {
 2043              		.loc 1 716 1
 2044              		.cfi_startproc
 2045              		@ args = 0, pretend = 0, frame = 8
 2046              		@ frame_needed = 1, uses_anonymous_args = 0
 2047 0000 80B5     		push	{r7, lr}
 2048              		.cfi_def_cfa_offset 8
 2049              		.cfi_offset 7, -8
 2050              		.cfi_offset 14, -4
 2051 0002 82B0     		sub	sp, sp, #8
 2052              		.cfi_def_cfa_offset 16
 2053 0004 00AF     		add	r7, sp, #0
 2054              		.cfi_def_cfa_register 7
 2055 0006 7860     		str	r0, [r7, #4]
 717:../Firmware/GD32E23x_standard_peripheral/Source/gd32e23x_spi.c ****     SPI_CTL1(spi_periph) &= (uint32_t)(~SPI_CTL1_TMOD);
 2056              		.loc 1 717 26
 2057 0008 7B68     		ldr	r3, [r7, #4]
 2058 000a 0433     		adds	r3, r3, #4
 2059 000c 1A68     		ldr	r2, [r3]
 2060 000e 7B68     		ldr	r3, [r7, #4]
 2061 0010 0433     		adds	r3, r3, #4
 2062 0012 1021     		movs	r1, #16
 2063 0014 8A43     		bics	r2, r1
 2064 0016 1A60     		str	r2, [r3]
 718:../Firmware/GD32E23x_standard_peripheral/Source/gd32e23x_spi.c **** }
 2065              		.loc 1 718 1
 2066 0018 C046     		nop
 2067 001a BD46     		mov	sp, r7
 2068 001c 02B0     		add	sp, sp, #8
 2069              		@ sp needed
 2070 001e 80BD     		pop	{r7, pc}
 2071              		.cfi_endproc
 2072              	.LFE90:
 2074              		.section	.text.spi_nssp_mode_enable,"ax",%progbits
 2075              		.align	1
 2076              		.global	spi_nssp_mode_enable
 2077              		.syntax unified
 2078              		.code	16
 2079              		.thumb_func
 2080              		.fpu softvfp
 2082              	spi_nssp_mode_enable:
 2083              	.LFB91:
 719:../Firmware/GD32E23x_standard_peripheral/Source/gd32e23x_spi.c **** 
 720:../Firmware/GD32E23x_standard_peripheral/Source/gd32e23x_spi.c **** /*!
 721:../Firmware/GD32E23x_standard_peripheral/Source/gd32e23x_spi.c ****     \brief      enable SPI NSS pulse mode
 722:../Firmware/GD32E23x_standard_peripheral/Source/gd32e23x_spi.c ****     \param[in]  spi_periph: SPIx(x=0,1)
 723:../Firmware/GD32E23x_standard_peripheral/Source/gd32e23x_spi.c ****     \param[out] none
 724:../Firmware/GD32E23x_standard_peripheral/Source/gd32e23x_spi.c ****     \retval     none
 725:../Firmware/GD32E23x_standard_peripheral/Source/gd32e23x_spi.c **** */
 726:../Firmware/GD32E23x_standard_peripheral/Source/gd32e23x_spi.c **** void spi_nssp_mode_enable(uint32_t spi_periph)
 727:../Firmware/GD32E23x_standard_peripheral/Source/gd32e23x_spi.c **** {
 2084              		.loc 1 727 1
 2085              		.cfi_startproc
 2086              		@ args = 0, pretend = 0, frame = 8
 2087              		@ frame_needed = 1, uses_anonymous_args = 0
 2088 0000 80B5     		push	{r7, lr}
 2089              		.cfi_def_cfa_offset 8
 2090              		.cfi_offset 7, -8
 2091              		.cfi_offset 14, -4
 2092 0002 82B0     		sub	sp, sp, #8
 2093              		.cfi_def_cfa_offset 16
 2094 0004 00AF     		add	r7, sp, #0
 2095              		.cfi_def_cfa_register 7
 2096 0006 7860     		str	r0, [r7, #4]
 728:../Firmware/GD32E23x_standard_peripheral/Source/gd32e23x_spi.c ****     SPI_CTL1(spi_periph) |= (uint32_t)SPI_CTL1_NSSP;
 2097              		.loc 1 728 26
 2098 0008 7B68     		ldr	r3, [r7, #4]
 2099 000a 0433     		adds	r3, r3, #4
 2100 000c 1A68     		ldr	r2, [r3]
 2101 000e 7B68     		ldr	r3, [r7, #4]
 2102 0010 0433     		adds	r3, r3, #4
 2103 0012 0821     		movs	r1, #8
 2104 0014 0A43     		orrs	r2, r1
 2105 0016 1A60     		str	r2, [r3]
 729:../Firmware/GD32E23x_standard_peripheral/Source/gd32e23x_spi.c **** }
 2106              		.loc 1 729 1
 2107 0018 C046     		nop
 2108 001a BD46     		mov	sp, r7
 2109 001c 02B0     		add	sp, sp, #8
 2110              		@ sp needed
 2111 001e 80BD     		pop	{r7, pc}
 2112              		.cfi_endproc
 2113              	.LFE91:
 2115              		.section	.text.spi_nssp_mode_disable,"ax",%progbits
 2116              		.align	1
 2117              		.global	spi_nssp_mode_disable
 2118              		.syntax unified
 2119              		.code	16
 2120              		.thumb_func
 2121              		.fpu softvfp
 2123              	spi_nssp_mode_disable:
 2124              	.LFB92:
 730:../Firmware/GD32E23x_standard_peripheral/Source/gd32e23x_spi.c **** 
 731:../Firmware/GD32E23x_standard_peripheral/Source/gd32e23x_spi.c **** /*!
 732:../Firmware/GD32E23x_standard_peripheral/Source/gd32e23x_spi.c ****     \brief      disable SPI NSS pulse mode
 733:../Firmware/GD32E23x_standard_peripheral/Source/gd32e23x_spi.c ****     \param[in]  spi_periph: SPIx(x=0,1)
 734:../Firmware/GD32E23x_standard_peripheral/Source/gd32e23x_spi.c ****     \param[out] none
 735:../Firmware/GD32E23x_standard_peripheral/Source/gd32e23x_spi.c ****     \retval     none
 736:../Firmware/GD32E23x_standard_peripheral/Source/gd32e23x_spi.c **** */
 737:../Firmware/GD32E23x_standard_peripheral/Source/gd32e23x_spi.c **** void spi_nssp_mode_disable(uint32_t spi_periph)
 738:../Firmware/GD32E23x_standard_peripheral/Source/gd32e23x_spi.c **** {
 2125              		.loc 1 738 1
 2126              		.cfi_startproc
 2127              		@ args = 0, pretend = 0, frame = 8
 2128              		@ frame_needed = 1, uses_anonymous_args = 0
 2129 0000 80B5     		push	{r7, lr}
 2130              		.cfi_def_cfa_offset 8
 2131              		.cfi_offset 7, -8
 2132              		.cfi_offset 14, -4
 2133 0002 82B0     		sub	sp, sp, #8
 2134              		.cfi_def_cfa_offset 16
 2135 0004 00AF     		add	r7, sp, #0
 2136              		.cfi_def_cfa_register 7
 2137 0006 7860     		str	r0, [r7, #4]
 739:../Firmware/GD32E23x_standard_peripheral/Source/gd32e23x_spi.c ****     SPI_CTL1(spi_periph) &= (uint32_t)(~SPI_CTL1_NSSP);
 2138              		.loc 1 739 26
 2139 0008 7B68     		ldr	r3, [r7, #4]
 2140 000a 0433     		adds	r3, r3, #4
 2141 000c 1A68     		ldr	r2, [r3]
 2142 000e 7B68     		ldr	r3, [r7, #4]
 2143 0010 0433     		adds	r3, r3, #4
 2144 0012 0821     		movs	r1, #8
 2145 0014 8A43     		bics	r2, r1
 2146 0016 1A60     		str	r2, [r3]
 740:../Firmware/GD32E23x_standard_peripheral/Source/gd32e23x_spi.c **** }
 2147              		.loc 1 740 1
 2148 0018 C046     		nop
 2149 001a BD46     		mov	sp, r7
 2150 001c 02B0     		add	sp, sp, #8
 2151              		@ sp needed
 2152 001e 80BD     		pop	{r7, pc}
 2153              		.cfi_endproc
 2154              	.LFE92:
 2156              		.section	.text.spi_quad_enable,"ax",%progbits
 2157              		.align	1
 2158              		.global	spi_quad_enable
 2159              		.syntax unified
 2160              		.code	16
 2161              		.thumb_func
 2162              		.fpu softvfp
 2164              	spi_quad_enable:
 2165              	.LFB93:
 741:../Firmware/GD32E23x_standard_peripheral/Source/gd32e23x_spi.c **** 
 742:../Firmware/GD32E23x_standard_peripheral/Source/gd32e23x_spi.c **** /*!
 743:../Firmware/GD32E23x_standard_peripheral/Source/gd32e23x_spi.c ****     \brief      enable quad wire SPI
 744:../Firmware/GD32E23x_standard_peripheral/Source/gd32e23x_spi.c ****     \param[in]  spi_periph: SPIx(x=1)
 745:../Firmware/GD32E23x_standard_peripheral/Source/gd32e23x_spi.c ****     \param[out] none
 746:../Firmware/GD32E23x_standard_peripheral/Source/gd32e23x_spi.c ****     \retval     none
 747:../Firmware/GD32E23x_standard_peripheral/Source/gd32e23x_spi.c **** */
 748:../Firmware/GD32E23x_standard_peripheral/Source/gd32e23x_spi.c **** void spi_quad_enable(uint32_t spi_periph)
 749:../Firmware/GD32E23x_standard_peripheral/Source/gd32e23x_spi.c **** {
 2166              		.loc 1 749 1
 2167              		.cfi_startproc
 2168              		@ args = 0, pretend = 0, frame = 8
 2169              		@ frame_needed = 1, uses_anonymous_args = 0
 2170 0000 80B5     		push	{r7, lr}
 2171              		.cfi_def_cfa_offset 8
 2172              		.cfi_offset 7, -8
 2173              		.cfi_offset 14, -4
 2174 0002 82B0     		sub	sp, sp, #8
 2175              		.cfi_def_cfa_offset 16
 2176 0004 00AF     		add	r7, sp, #0
 2177              		.cfi_def_cfa_register 7
 2178 0006 7860     		str	r0, [r7, #4]
 750:../Firmware/GD32E23x_standard_peripheral/Source/gd32e23x_spi.c ****     SPI_QCTL(spi_periph) |= (uint32_t)SPI_QCTL_QMOD;
 2179              		.loc 1 750 26
 2180 0008 7B68     		ldr	r3, [r7, #4]
 2181 000a 8033     		adds	r3, r3, #128
 2182 000c 1A68     		ldr	r2, [r3]
 2183 000e 7B68     		ldr	r3, [r7, #4]
 2184 0010 8033     		adds	r3, r3, #128
 2185 0012 0121     		movs	r1, #1
 2186 0014 0A43     		orrs	r2, r1
 2187 0016 1A60     		str	r2, [r3]
 751:../Firmware/GD32E23x_standard_peripheral/Source/gd32e23x_spi.c **** }
 2188              		.loc 1 751 1
 2189 0018 C046     		nop
 2190 001a BD46     		mov	sp, r7
 2191 001c 02B0     		add	sp, sp, #8
 2192              		@ sp needed
 2193 001e 80BD     		pop	{r7, pc}
 2194              		.cfi_endproc
 2195              	.LFE93:
 2197              		.section	.text.spi_quad_disable,"ax",%progbits
 2198              		.align	1
 2199              		.global	spi_quad_disable
 2200              		.syntax unified
 2201              		.code	16
 2202              		.thumb_func
 2203              		.fpu softvfp
 2205              	spi_quad_disable:
 2206              	.LFB94:
 752:../Firmware/GD32E23x_standard_peripheral/Source/gd32e23x_spi.c **** 
 753:../Firmware/GD32E23x_standard_peripheral/Source/gd32e23x_spi.c **** /*!
 754:../Firmware/GD32E23x_standard_peripheral/Source/gd32e23x_spi.c ****     \brief      disable quad wire SPI
 755:../Firmware/GD32E23x_standard_peripheral/Source/gd32e23x_spi.c ****     \param[in]  spi_periph: SPIx(x=1)
 756:../Firmware/GD32E23x_standard_peripheral/Source/gd32e23x_spi.c ****     \param[out] none
 757:../Firmware/GD32E23x_standard_peripheral/Source/gd32e23x_spi.c ****     \retval     none
 758:../Firmware/GD32E23x_standard_peripheral/Source/gd32e23x_spi.c **** */
 759:../Firmware/GD32E23x_standard_peripheral/Source/gd32e23x_spi.c **** void spi_quad_disable(uint32_t spi_periph)
 760:../Firmware/GD32E23x_standard_peripheral/Source/gd32e23x_spi.c **** {
 2207              		.loc 1 760 1
 2208              		.cfi_startproc
 2209              		@ args = 0, pretend = 0, frame = 8
 2210              		@ frame_needed = 1, uses_anonymous_args = 0
 2211 0000 80B5     		push	{r7, lr}
 2212              		.cfi_def_cfa_offset 8
 2213              		.cfi_offset 7, -8
 2214              		.cfi_offset 14, -4
 2215 0002 82B0     		sub	sp, sp, #8
 2216              		.cfi_def_cfa_offset 16
 2217 0004 00AF     		add	r7, sp, #0
 2218              		.cfi_def_cfa_register 7
 2219 0006 7860     		str	r0, [r7, #4]
 761:../Firmware/GD32E23x_standard_peripheral/Source/gd32e23x_spi.c ****     SPI_QCTL(spi_periph) &= (uint32_t)(~SPI_QCTL_QMOD);
 2220              		.loc 1 761 26
 2221 0008 7B68     		ldr	r3, [r7, #4]
 2222 000a 8033     		adds	r3, r3, #128
 2223 000c 1A68     		ldr	r2, [r3]
 2224 000e 7B68     		ldr	r3, [r7, #4]
 2225 0010 8033     		adds	r3, r3, #128
 2226 0012 0121     		movs	r1, #1
 2227 0014 8A43     		bics	r2, r1
 2228 0016 1A60     		str	r2, [r3]
 762:../Firmware/GD32E23x_standard_peripheral/Source/gd32e23x_spi.c **** }
 2229              		.loc 1 762 1
 2230 0018 C046     		nop
 2231 001a BD46     		mov	sp, r7
 2232 001c 02B0     		add	sp, sp, #8
 2233              		@ sp needed
 2234 001e 80BD     		pop	{r7, pc}
 2235              		.cfi_endproc
 2236              	.LFE94:
 2238              		.section	.text.spi_quad_write_enable,"ax",%progbits
 2239              		.align	1
 2240              		.global	spi_quad_write_enable
 2241              		.syntax unified
 2242              		.code	16
 2243              		.thumb_func
 2244              		.fpu softvfp
 2246              	spi_quad_write_enable:
 2247              	.LFB95:
 763:../Firmware/GD32E23x_standard_peripheral/Source/gd32e23x_spi.c **** 
 764:../Firmware/GD32E23x_standard_peripheral/Source/gd32e23x_spi.c **** /*!
 765:../Firmware/GD32E23x_standard_peripheral/Source/gd32e23x_spi.c ****     \brief      enable quad wire SPI write
 766:../Firmware/GD32E23x_standard_peripheral/Source/gd32e23x_spi.c ****     \param[in]  spi_periph: SPIx(x=1)
 767:../Firmware/GD32E23x_standard_peripheral/Source/gd32e23x_spi.c ****     \param[out] none
 768:../Firmware/GD32E23x_standard_peripheral/Source/gd32e23x_spi.c ****     \retval     none
 769:../Firmware/GD32E23x_standard_peripheral/Source/gd32e23x_spi.c **** */
 770:../Firmware/GD32E23x_standard_peripheral/Source/gd32e23x_spi.c **** void spi_quad_write_enable(uint32_t spi_periph)
 771:../Firmware/GD32E23x_standard_peripheral/Source/gd32e23x_spi.c **** {
 2248              		.loc 1 771 1
 2249              		.cfi_startproc
 2250              		@ args = 0, pretend = 0, frame = 8
 2251              		@ frame_needed = 1, uses_anonymous_args = 0
 2252 0000 80B5     		push	{r7, lr}
 2253              		.cfi_def_cfa_offset 8
 2254              		.cfi_offset 7, -8
 2255              		.cfi_offset 14, -4
 2256 0002 82B0     		sub	sp, sp, #8
 2257              		.cfi_def_cfa_offset 16
 2258 0004 00AF     		add	r7, sp, #0
 2259              		.cfi_def_cfa_register 7
 2260 0006 7860     		str	r0, [r7, #4]
 772:../Firmware/GD32E23x_standard_peripheral/Source/gd32e23x_spi.c ****     SPI_QCTL(spi_periph) &= (uint32_t)(~SPI_QCTL_QRD);
 2261              		.loc 1 772 26
 2262 0008 7B68     		ldr	r3, [r7, #4]
 2263 000a 8033     		adds	r3, r3, #128
 2264 000c 1A68     		ldr	r2, [r3]
 2265 000e 7B68     		ldr	r3, [r7, #4]
 2266 0010 8033     		adds	r3, r3, #128
 2267 0012 0221     		movs	r1, #2
 2268 0014 8A43     		bics	r2, r1
 2269 0016 1A60     		str	r2, [r3]
 773:../Firmware/GD32E23x_standard_peripheral/Source/gd32e23x_spi.c **** }
 2270              		.loc 1 773 1
 2271 0018 C046     		nop
 2272 001a BD46     		mov	sp, r7
 2273 001c 02B0     		add	sp, sp, #8
 2274              		@ sp needed
 2275 001e 80BD     		pop	{r7, pc}
 2276              		.cfi_endproc
 2277              	.LFE95:
 2279              		.section	.text.spi_quad_read_enable,"ax",%progbits
 2280              		.align	1
 2281              		.global	spi_quad_read_enable
 2282              		.syntax unified
 2283              		.code	16
 2284              		.thumb_func
 2285              		.fpu softvfp
 2287              	spi_quad_read_enable:
 2288              	.LFB96:
 774:../Firmware/GD32E23x_standard_peripheral/Source/gd32e23x_spi.c **** 
 775:../Firmware/GD32E23x_standard_peripheral/Source/gd32e23x_spi.c **** /*!
 776:../Firmware/GD32E23x_standard_peripheral/Source/gd32e23x_spi.c ****     \brief      enable quad wire SPI read
 777:../Firmware/GD32E23x_standard_peripheral/Source/gd32e23x_spi.c ****     \param[in]  spi_periph: SPIx(x=1)
 778:../Firmware/GD32E23x_standard_peripheral/Source/gd32e23x_spi.c ****     \param[out] none
 779:../Firmware/GD32E23x_standard_peripheral/Source/gd32e23x_spi.c ****     \retval     none
 780:../Firmware/GD32E23x_standard_peripheral/Source/gd32e23x_spi.c **** */
 781:../Firmware/GD32E23x_standard_peripheral/Source/gd32e23x_spi.c **** void spi_quad_read_enable(uint32_t spi_periph)
 782:../Firmware/GD32E23x_standard_peripheral/Source/gd32e23x_spi.c **** {
 2289              		.loc 1 782 1
 2290              		.cfi_startproc
 2291              		@ args = 0, pretend = 0, frame = 8
 2292              		@ frame_needed = 1, uses_anonymous_args = 0
 2293 0000 80B5     		push	{r7, lr}
 2294              		.cfi_def_cfa_offset 8
 2295              		.cfi_offset 7, -8
 2296              		.cfi_offset 14, -4
 2297 0002 82B0     		sub	sp, sp, #8
 2298              		.cfi_def_cfa_offset 16
 2299 0004 00AF     		add	r7, sp, #0
 2300              		.cfi_def_cfa_register 7
 2301 0006 7860     		str	r0, [r7, #4]
 783:../Firmware/GD32E23x_standard_peripheral/Source/gd32e23x_spi.c ****     SPI_QCTL(spi_periph) |= (uint32_t)SPI_QCTL_QRD;
 2302              		.loc 1 783 26
 2303 0008 7B68     		ldr	r3, [r7, #4]
 2304 000a 8033     		adds	r3, r3, #128
 2305 000c 1A68     		ldr	r2, [r3]
 2306 000e 7B68     		ldr	r3, [r7, #4]
 2307 0010 8033     		adds	r3, r3, #128
 2308 0012 0221     		movs	r1, #2
 2309 0014 0A43     		orrs	r2, r1
 2310 0016 1A60     		str	r2, [r3]
 784:../Firmware/GD32E23x_standard_peripheral/Source/gd32e23x_spi.c **** }
 2311              		.loc 1 784 1
 2312 0018 C046     		nop
 2313 001a BD46     		mov	sp, r7
 2314 001c 02B0     		add	sp, sp, #8
 2315              		@ sp needed
 2316 001e 80BD     		pop	{r7, pc}
 2317              		.cfi_endproc
 2318              	.LFE96:
 2320              		.section	.text.spi_quad_io23_output_enable,"ax",%progbits
 2321              		.align	1
 2322              		.global	spi_quad_io23_output_enable
 2323              		.syntax unified
 2324              		.code	16
 2325              		.thumb_func
 2326              		.fpu softvfp
 2328              	spi_quad_io23_output_enable:
 2329              	.LFB97:
 785:../Firmware/GD32E23x_standard_peripheral/Source/gd32e23x_spi.c **** 
 786:../Firmware/GD32E23x_standard_peripheral/Source/gd32e23x_spi.c **** /*!
 787:../Firmware/GD32E23x_standard_peripheral/Source/gd32e23x_spi.c ****     \brief      enable SPI_IO2 and SPI_IO3 pin output
 788:../Firmware/GD32E23x_standard_peripheral/Source/gd32e23x_spi.c ****     \param[in]  spi_periph: SPIx(x=1)
 789:../Firmware/GD32E23x_standard_peripheral/Source/gd32e23x_spi.c ****     \param[out] none
 790:../Firmware/GD32E23x_standard_peripheral/Source/gd32e23x_spi.c ****     \retval     none
 791:../Firmware/GD32E23x_standard_peripheral/Source/gd32e23x_spi.c **** */
 792:../Firmware/GD32E23x_standard_peripheral/Source/gd32e23x_spi.c **** void spi_quad_io23_output_enable(uint32_t spi_periph)
 793:../Firmware/GD32E23x_standard_peripheral/Source/gd32e23x_spi.c **** {
 2330              		.loc 1 793 1
 2331              		.cfi_startproc
 2332              		@ args = 0, pretend = 0, frame = 8
 2333              		@ frame_needed = 1, uses_anonymous_args = 0
 2334 0000 80B5     		push	{r7, lr}
 2335              		.cfi_def_cfa_offset 8
 2336              		.cfi_offset 7, -8
 2337              		.cfi_offset 14, -4
 2338 0002 82B0     		sub	sp, sp, #8
 2339              		.cfi_def_cfa_offset 16
 2340 0004 00AF     		add	r7, sp, #0
 2341              		.cfi_def_cfa_register 7
 2342 0006 7860     		str	r0, [r7, #4]
 794:../Firmware/GD32E23x_standard_peripheral/Source/gd32e23x_spi.c ****     SPI_QCTL(spi_periph) |= (uint32_t)SPI_QCTL_IO23_DRV;
 2343              		.loc 1 794 26
 2344 0008 7B68     		ldr	r3, [r7, #4]
 2345 000a 8033     		adds	r3, r3, #128
 2346 000c 1A68     		ldr	r2, [r3]
 2347 000e 7B68     		ldr	r3, [r7, #4]
 2348 0010 8033     		adds	r3, r3, #128
 2349 0012 0421     		movs	r1, #4
 2350 0014 0A43     		orrs	r2, r1
 2351 0016 1A60     		str	r2, [r3]
 795:../Firmware/GD32E23x_standard_peripheral/Source/gd32e23x_spi.c **** }
 2352              		.loc 1 795 1
 2353 0018 C046     		nop
 2354 001a BD46     		mov	sp, r7
 2355 001c 02B0     		add	sp, sp, #8
 2356              		@ sp needed
 2357 001e 80BD     		pop	{r7, pc}
 2358              		.cfi_endproc
 2359              	.LFE97:
 2361              		.section	.text.spi_quad_io23_output_disable,"ax",%progbits
 2362              		.align	1
 2363              		.global	spi_quad_io23_output_disable
 2364              		.syntax unified
 2365              		.code	16
 2366              		.thumb_func
 2367              		.fpu softvfp
 2369              	spi_quad_io23_output_disable:
 2370              	.LFB98:
 796:../Firmware/GD32E23x_standard_peripheral/Source/gd32e23x_spi.c **** 
 797:../Firmware/GD32E23x_standard_peripheral/Source/gd32e23x_spi.c **** /*!
 798:../Firmware/GD32E23x_standard_peripheral/Source/gd32e23x_spi.c ****    \brief      disable SPI_IO2 and SPI_IO3 pin output
 799:../Firmware/GD32E23x_standard_peripheral/Source/gd32e23x_spi.c ****    \param[in]  spi_periph: SPIx(x=1)
 800:../Firmware/GD32E23x_standard_peripheral/Source/gd32e23x_spi.c ****    \param[out] none
 801:../Firmware/GD32E23x_standard_peripheral/Source/gd32e23x_spi.c ****    \retval     none
 802:../Firmware/GD32E23x_standard_peripheral/Source/gd32e23x_spi.c **** */
 803:../Firmware/GD32E23x_standard_peripheral/Source/gd32e23x_spi.c **** void spi_quad_io23_output_disable(uint32_t spi_periph)
 804:../Firmware/GD32E23x_standard_peripheral/Source/gd32e23x_spi.c **** {
 2371              		.loc 1 804 1
 2372              		.cfi_startproc
 2373              		@ args = 0, pretend = 0, frame = 8
 2374              		@ frame_needed = 1, uses_anonymous_args = 0
 2375 0000 80B5     		push	{r7, lr}
 2376              		.cfi_def_cfa_offset 8
 2377              		.cfi_offset 7, -8
 2378              		.cfi_offset 14, -4
 2379 0002 82B0     		sub	sp, sp, #8
 2380              		.cfi_def_cfa_offset 16
 2381 0004 00AF     		add	r7, sp, #0
 2382              		.cfi_def_cfa_register 7
 2383 0006 7860     		str	r0, [r7, #4]
 805:../Firmware/GD32E23x_standard_peripheral/Source/gd32e23x_spi.c ****     SPI_QCTL(spi_periph) &= (uint32_t)(~SPI_QCTL_IO23_DRV);
 2384              		.loc 1 805 26
 2385 0008 7B68     		ldr	r3, [r7, #4]
 2386 000a 8033     		adds	r3, r3, #128
 2387 000c 1A68     		ldr	r2, [r3]
 2388 000e 7B68     		ldr	r3, [r7, #4]
 2389 0010 8033     		adds	r3, r3, #128
 2390 0012 0421     		movs	r1, #4
 2391 0014 8A43     		bics	r2, r1
 2392 0016 1A60     		str	r2, [r3]
 806:../Firmware/GD32E23x_standard_peripheral/Source/gd32e23x_spi.c **** }
 2393              		.loc 1 806 1
 2394 0018 C046     		nop
 2395 001a BD46     		mov	sp, r7
 2396 001c 02B0     		add	sp, sp, #8
 2397              		@ sp needed
 2398 001e 80BD     		pop	{r7, pc}
 2399              		.cfi_endproc
 2400              	.LFE98:
 2402              		.section	.text.spi_i2s_flag_get,"ax",%progbits
 2403              		.align	1
 2404              		.global	spi_i2s_flag_get
 2405              		.syntax unified
 2406              		.code	16
 2407              		.thumb_func
 2408              		.fpu softvfp
 2410              	spi_i2s_flag_get:
 2411              	.LFB99:
 807:../Firmware/GD32E23x_standard_peripheral/Source/gd32e23x_spi.c **** 
 808:../Firmware/GD32E23x_standard_peripheral/Source/gd32e23x_spi.c **** /*!
 809:../Firmware/GD32E23x_standard_peripheral/Source/gd32e23x_spi.c ****     \brief      get SPI and I2S flag status
 810:../Firmware/GD32E23x_standard_peripheral/Source/gd32e23x_spi.c ****     \param[in]  spi_periph: SPIx(x=0,1)
 811:../Firmware/GD32E23x_standard_peripheral/Source/gd32e23x_spi.c ****     \param[in]  flag: SPI/I2S flag status
 812:../Firmware/GD32E23x_standard_peripheral/Source/gd32e23x_spi.c ****                 only one parameter can be selected which are shown as below:
 813:../Firmware/GD32E23x_standard_peripheral/Source/gd32e23x_spi.c ****       \arg        SPI_FLAG_TBE: transmit buffer empty flag
 814:../Firmware/GD32E23x_standard_peripheral/Source/gd32e23x_spi.c ****       \arg        SPI_FLAG_RBNE: receive buffer not empty flag
 815:../Firmware/GD32E23x_standard_peripheral/Source/gd32e23x_spi.c ****       \arg        SPI_FLAG_TRANS: transmit on-going flag
 816:../Firmware/GD32E23x_standard_peripheral/Source/gd32e23x_spi.c ****       \arg        SPI_FLAG_RXORERR: receive overrun error flag
 817:../Firmware/GD32E23x_standard_peripheral/Source/gd32e23x_spi.c ****       \arg        SPI_FLAG_CONFERR: mode config error flag
 818:../Firmware/GD32E23x_standard_peripheral/Source/gd32e23x_spi.c ****       \arg        SPI_FLAG_CRCERR: CRC error flag
 819:../Firmware/GD32E23x_standard_peripheral/Source/gd32e23x_spi.c ****       \arg        SPI_FLAG_FERR: SPI format error interrupt flag
 820:../Firmware/GD32E23x_standard_peripheral/Source/gd32e23x_spi.c ****       \arg        I2S_FLAG_TBE: transmit buffer empty flag
 821:../Firmware/GD32E23x_standard_peripheral/Source/gd32e23x_spi.c ****       \arg        I2S_FLAG_RBNE: receive buffer not empty flag
 822:../Firmware/GD32E23x_standard_peripheral/Source/gd32e23x_spi.c ****       \arg        I2S_FLAG_TRANS: transmit on-going flag
 823:../Firmware/GD32E23x_standard_peripheral/Source/gd32e23x_spi.c ****       \arg        I2S_FLAG_RXORERR: overrun error flag
 824:../Firmware/GD32E23x_standard_peripheral/Source/gd32e23x_spi.c ****       \arg        I2S_FLAG_TXURERR: underrun error flag
 825:../Firmware/GD32E23x_standard_peripheral/Source/gd32e23x_spi.c ****       \arg        I2S_FLAG_CH: channel side flag
 826:../Firmware/GD32E23x_standard_peripheral/Source/gd32e23x_spi.c ****       \arg        I2S_FLAG_FERR: I2S format error interrupt flag
 827:../Firmware/GD32E23x_standard_peripheral/Source/gd32e23x_spi.c ****                 only for SPI1:
 828:../Firmware/GD32E23x_standard_peripheral/Source/gd32e23x_spi.c ****       \arg        SPI_FLAG_TXLVL_EMPTY: SPI TXFIFO is empty
 829:../Firmware/GD32E23x_standard_peripheral/Source/gd32e23x_spi.c ****       \arg        SPI_FLAG_TXLVL_QUARTER_FULL: SPI TXFIFO is a quarter of full
 830:../Firmware/GD32E23x_standard_peripheral/Source/gd32e23x_spi.c ****       \arg        SPI_FLAG_TXLVL_HALF_FULL: SPI TXFIFO is a half of full
 831:../Firmware/GD32E23x_standard_peripheral/Source/gd32e23x_spi.c ****       \arg        SPI_FLAG_TXLVL_FULL: SPI TXFIFO is full
 832:../Firmware/GD32E23x_standard_peripheral/Source/gd32e23x_spi.c ****       \arg        SPI_FLAG_RXLVL_EMPTY: SPI RXFIFO is empty
 833:../Firmware/GD32E23x_standard_peripheral/Source/gd32e23x_spi.c ****       \arg        SPI_FLAG_RXLVL_QUARTER_FULL: SPI RXFIFO is a quarter of full
 834:../Firmware/GD32E23x_standard_peripheral/Source/gd32e23x_spi.c ****       \arg        SPI_FLAG_RXLVL_HALF_FULL: SPI RXFIFO is a half of full
 835:../Firmware/GD32E23x_standard_peripheral/Source/gd32e23x_spi.c ****       \arg        SPI_FLAG_RXLVL_FULL: SPI RXFIFO is full
 836:../Firmware/GD32E23x_standard_peripheral/Source/gd32e23x_spi.c ****     \param[out] none
 837:../Firmware/GD32E23x_standard_peripheral/Source/gd32e23x_spi.c ****     \retval     FlagStatus: SET or RESET
 838:../Firmware/GD32E23x_standard_peripheral/Source/gd32e23x_spi.c **** */
 839:../Firmware/GD32E23x_standard_peripheral/Source/gd32e23x_spi.c **** FlagStatus spi_i2s_flag_get(uint32_t spi_periph, uint32_t flag)
 840:../Firmware/GD32E23x_standard_peripheral/Source/gd32e23x_spi.c **** {
 2412              		.loc 1 840 1
 2413              		.cfi_startproc
 2414              		@ args = 0, pretend = 0, frame = 16
 2415              		@ frame_needed = 1, uses_anonymous_args = 0
 2416 0000 80B5     		push	{r7, lr}
 2417              		.cfi_def_cfa_offset 8
 2418              		.cfi_offset 7, -8
 2419              		.cfi_offset 14, -4
 2420 0002 84B0     		sub	sp, sp, #16
 2421              		.cfi_def_cfa_offset 24
 2422 0004 00AF     		add	r7, sp, #0
 2423              		.cfi_def_cfa_register 7
 2424 0006 7860     		str	r0, [r7, #4]
 2425 0008 3960     		str	r1, [r7]
 841:../Firmware/GD32E23x_standard_peripheral/Source/gd32e23x_spi.c ****     FlagStatus reval = RESET;
 2426              		.loc 1 841 16
 2427 000a 0F23     		movs	r3, #15
 2428 000c FB18     		adds	r3, r7, r3
 2429 000e 0022     		movs	r2, #0
 2430 0010 1A70     		strb	r2, [r3]
 842:../Firmware/GD32E23x_standard_peripheral/Source/gd32e23x_spi.c ****     uint32_t reg = SPI_STAT(spi_periph);
 2431              		.loc 1 842 20
 2432 0012 7B68     		ldr	r3, [r7, #4]
 2433 0014 0833     		adds	r3, r3, #8
 2434              		.loc 1 842 14
 2435 0016 1B68     		ldr	r3, [r3]
 2436 0018 BB60     		str	r3, [r7, #8]
 843:../Firmware/GD32E23x_standard_peripheral/Source/gd32e23x_spi.c **** 
 844:../Firmware/GD32E23x_standard_peripheral/Source/gd32e23x_spi.c ****     switch(flag) {
 2437              		.loc 1 844 5
 2438 001a 3A68     		ldr	r2, [r7]
 2439 001c 8023     		movs	r3, #128
 2440 001e 9B05     		lsls	r3, r3, #22
 2441 0020 9A42     		cmp	r2, r3
 2442 0022 5BD0     		beq	.L99
 2443 0024 3A68     		ldr	r2, [r7]
 2444 0026 0123     		movs	r3, #1
 2445 0028 C2F20003 		movt	r3, 8192
 2446 002c 9A42     		cmp	r2, r3
 2447 002e 00D3     		bcc	.LCB1939
 2448 0030 6AE0     		b	.L100	@long jump
 2449              	.LCB1939:
 2450 0032 3A68     		ldr	r2, [r7]
 2451 0034 8023     		movs	r3, #128
 2452 0036 5B05     		lsls	r3, r3, #21
 2453 0038 9A42     		cmp	r2, r3
 2454 003a 39D0     		beq	.L101
 2455 003c 3A68     		ldr	r2, [r7]
 2456 003e 0123     		movs	r3, #1
 2457 0040 C1F20003 		movt	r3, 4096
 2458 0044 9A42     		cmp	r2, r3
 2459 0046 00D3     		bcc	.LCB1949
 2460 0048 5EE0     		b	.L100	@long jump
 2461              	.LCB1949:
 2462 004a 3B68     		ldr	r3, [r7]
 2463 004c 41F60002 		movw	r2, #6144
 2464 0050 9342     		cmp	r3, r2
 2465 0052 37D0     		beq	.L102
 2466 0054 3B68     		ldr	r3, [r7]
 2467 0056 41F60002 		movw	r2, #6144
 2468 005a 9342     		cmp	r3, r2
 2469 005c 54D8     		bhi	.L100
 2470 005e 3B68     		ldr	r3, [r7]
 2471 0060 41F20002 		movw	r2, #4096
 2472 0064 9342     		cmp	r3, r2
 2473 0066 2DD0     		beq	.L102
 2474 0068 3B68     		ldr	r3, [r7]
 2475 006a 41F20002 		movw	r2, #4096
 2476 006e 9342     		cmp	r3, r2
 2477 0070 4AD8     		bhi	.L100
 2478 0072 3B68     		ldr	r3, [r7]
 2479 0074 40F60002 		movw	r2, #2048
 2480 0078 9342     		cmp	r3, r2
 2481 007a 23D0     		beq	.L102
 2482 007c 3B68     		ldr	r3, [r7]
 2483 007e 40F60002 		movw	r2, #2048
 2484 0082 9342     		cmp	r3, r2
 2485 0084 40D8     		bhi	.L100
 2486 0086 3B68     		ldr	r3, [r7]
 2487 0088 40F20062 		movw	r2, #1536
 2488 008c 9342     		cmp	r3, r2
 2489 008e 2FD0     		beq	.L103
 2490 0090 3B68     		ldr	r3, [r7]
 2491 0092 40F20062 		movw	r2, #1536
 2492 0096 9342     		cmp	r3, r2
 2493 0098 36D8     		bhi	.L100
 2494 009a 3B68     		ldr	r3, [r7]
 2495 009c 40F20022 		movw	r2, #512
 2496 00a0 9342     		cmp	r3, r2
 2497 00a2 25D0     		beq	.L103
 2498 00a4 3B68     		ldr	r3, [r7]
 2499 00a6 40F20042 		movw	r2, #1024
 2500 00aa 9342     		cmp	r3, r2
 2501 00ac 20D0     		beq	.L103
 2502 00ae 2BE0     		b	.L100
 2503              	.L101:
 845:../Firmware/GD32E23x_standard_peripheral/Source/gd32e23x_spi.c ****     case SPI_FLAG_TXLVL_EMPTY:
 846:../Firmware/GD32E23x_standard_peripheral/Source/gd32e23x_spi.c ****         if(0U == (reg & SPI_TXLVL_MASK)) {
 2504              		.loc 1 846 23
 2505 00b0 BB68     		ldr	r3, [r7, #8]
 2506 00b2 41F60002 		movw	r2, #6144
 2507 00b6 1340     		ands	r3, r2
 2508              		.loc 1 846 11
 2509 00b8 7BBB     		cbnz	r3, .L111
 847:../Firmware/GD32E23x_standard_peripheral/Source/gd32e23x_spi.c ****             reval = SET;
 2510              		.loc 1 847 19
 2511 00ba 0F23     		movs	r3, #15
 2512 00bc FB18     		adds	r3, r7, r3
 2513 00be 0122     		movs	r2, #1
 2514 00c0 1A70     		strb	r2, [r3]
 848:../Firmware/GD32E23x_standard_peripheral/Source/gd32e23x_spi.c ****         }
 849:../Firmware/GD32E23x_standard_peripheral/Source/gd32e23x_spi.c ****         break;
 2515              		.loc 1 849 9
 2516 00c2 2AE0     		b	.L111
 2517              	.L102:
 850:../Firmware/GD32E23x_standard_peripheral/Source/gd32e23x_spi.c ****     case SPI_FLAG_TXLVL_QUARTER_FULL:
 851:../Firmware/GD32E23x_standard_peripheral/Source/gd32e23x_spi.c ****     case SPI_FLAG_TXLVL_HALF_FULL:
 852:../Firmware/GD32E23x_standard_peripheral/Source/gd32e23x_spi.c ****     case SPI_FLAG_TXLVL_FULL:
 853:../Firmware/GD32E23x_standard_peripheral/Source/gd32e23x_spi.c ****         if(flag == (reg & SPI_TXLVL_MASK)) {
 2518              		.loc 1 853 25
 2519 00c4 BB68     		ldr	r3, [r7, #8]
 2520 00c6 41F60002 		movw	r2, #6144
 2521 00ca 1340     		ands	r3, r2
 2522              		.loc 1 853 11
 2523 00cc 3A68     		ldr	r2, [r7]
 2524 00ce 9A42     		cmp	r2, r3
 2525 00d0 25D1     		bne	.L112
 854:../Firmware/GD32E23x_standard_peripheral/Source/gd32e23x_spi.c ****             reval = SET;
 2526              		.loc 1 854 19
 2527 00d2 0F23     		movs	r3, #15
 2528 00d4 FB18     		adds	r3, r7, r3
 2529 00d6 0122     		movs	r2, #1
 2530 00d8 1A70     		strb	r2, [r3]
 855:../Firmware/GD32E23x_standard_peripheral/Source/gd32e23x_spi.c ****         }
 856:../Firmware/GD32E23x_standard_peripheral/Source/gd32e23x_spi.c ****         break;
 2531              		.loc 1 856 9
 2532 00da 20E0     		b	.L112
 2533              	.L99:
 857:../Firmware/GD32E23x_standard_peripheral/Source/gd32e23x_spi.c ****     case SPI_FLAG_RXLVL_EMPTY:
 858:../Firmware/GD32E23x_standard_peripheral/Source/gd32e23x_spi.c ****         if(0U == (reg & SPI_RXLVL_MASK)) {
 2534              		.loc 1 858 23
 2535 00dc BB68     		ldr	r3, [r7, #8]
 2536 00de 40F20062 		movw	r2, #1536
 2537 00e2 1340     		ands	r3, r2
 2538              		.loc 1 858 11
 2539 00e4 EBB9     		cbnz	r3, .L113
 859:../Firmware/GD32E23x_standard_peripheral/Source/gd32e23x_spi.c ****             reval = SET;
 2540              		.loc 1 859 19
 2541 00e6 0F23     		movs	r3, #15
 2542 00e8 FB18     		adds	r3, r7, r3
 2543 00ea 0122     		movs	r2, #1
 2544 00ec 1A70     		strb	r2, [r3]
 860:../Firmware/GD32E23x_standard_peripheral/Source/gd32e23x_spi.c ****         }
 861:../Firmware/GD32E23x_standard_peripheral/Source/gd32e23x_spi.c ****         break;
 2545              		.loc 1 861 9
 2546 00ee 18E0     		b	.L113
 2547              	.L103:
 862:../Firmware/GD32E23x_standard_peripheral/Source/gd32e23x_spi.c ****     case SPI_FLAG_RXLVL_QUARTER_FULL:
 863:../Firmware/GD32E23x_standard_peripheral/Source/gd32e23x_spi.c ****     case SPI_FLAG_RXLVL_HALF_FULL:
 864:../Firmware/GD32E23x_standard_peripheral/Source/gd32e23x_spi.c ****     case SPI_FLAG_RXLVL_FULL:
 865:../Firmware/GD32E23x_standard_peripheral/Source/gd32e23x_spi.c ****         if(flag == (reg & SPI_RXLVL_MASK)) {
 2548              		.loc 1 865 25
 2549 00f0 BB68     		ldr	r3, [r7, #8]
 2550 00f2 40F20062 		movw	r2, #1536
 2551 00f6 1340     		ands	r3, r2
 2552              		.loc 1 865 11
 2553 00f8 3A68     		ldr	r2, [r7]
 2554 00fa 9A42     		cmp	r2, r3
 2555 00fc 13D1     		bne	.L114
 866:../Firmware/GD32E23x_standard_peripheral/Source/gd32e23x_spi.c ****             reval = SET;
 2556              		.loc 1 866 19
 2557 00fe 0F23     		movs	r3, #15
 2558 0100 FB18     		adds	r3, r7, r3
 2559 0102 0122     		movs	r2, #1
 2560 0104 1A70     		strb	r2, [r3]
 867:../Firmware/GD32E23x_standard_peripheral/Source/gd32e23x_spi.c ****         }
 868:../Firmware/GD32E23x_standard_peripheral/Source/gd32e23x_spi.c ****         break;
 2561              		.loc 1 868 9
 2562 0106 0EE0     		b	.L114
 2563              	.L100:
 869:../Firmware/GD32E23x_standard_peripheral/Source/gd32e23x_spi.c ****     default:
 870:../Firmware/GD32E23x_standard_peripheral/Source/gd32e23x_spi.c ****         if(0U != (reg & flag)) {
 2564              		.loc 1 870 23
 2565 0108 BB68     		ldr	r3, [r7, #8]
 2566 010a 3A68     		ldr	r2, [r7]
 2567 010c 1340     		ands	r3, r2
 2568              		.loc 1 870 11
 2569 010e 63B1     		cbz	r3, .L115
 871:../Firmware/GD32E23x_standard_peripheral/Source/gd32e23x_spi.c ****             reval = SET;
 2570              		.loc 1 871 19
 2571 0110 0F23     		movs	r3, #15
 2572 0112 FB18     		adds	r3, r7, r3
 2573 0114 0122     		movs	r2, #1
 2574 0116 1A70     		strb	r2, [r3]
 872:../Firmware/GD32E23x_standard_peripheral/Source/gd32e23x_spi.c ****         }
 873:../Firmware/GD32E23x_standard_peripheral/Source/gd32e23x_spi.c ****         break;
 2575              		.loc 1 873 9
 2576 0118 07E0     		b	.L115
 2577              	.L111:
 849:../Firmware/GD32E23x_standard_peripheral/Source/gd32e23x_spi.c ****     case SPI_FLAG_TXLVL_QUARTER_FULL:
 2578              		.loc 1 849 9
 2579 011a C046     		nop
 2580 011c 06E0     		b	.L105
 2581              	.L112:
 856:../Firmware/GD32E23x_standard_peripheral/Source/gd32e23x_spi.c ****     case SPI_FLAG_RXLVL_EMPTY:
 2582              		.loc 1 856 9
 2583 011e C046     		nop
 2584 0120 04E0     		b	.L105
 2585              	.L113:
 861:../Firmware/GD32E23x_standard_peripheral/Source/gd32e23x_spi.c ****     case SPI_FLAG_RXLVL_QUARTER_FULL:
 2586              		.loc 1 861 9
 2587 0122 C046     		nop
 2588 0124 02E0     		b	.L105
 2589              	.L114:
 868:../Firmware/GD32E23x_standard_peripheral/Source/gd32e23x_spi.c ****     default:
 2590              		.loc 1 868 9
 2591 0126 C046     		nop
 2592 0128 00E0     		b	.L105
 2593              	.L115:
 2594              		.loc 1 873 9
 2595 012a C046     		nop
 2596              	.L105:
 874:../Firmware/GD32E23x_standard_peripheral/Source/gd32e23x_spi.c ****     }
 875:../Firmware/GD32E23x_standard_peripheral/Source/gd32e23x_spi.c **** 
 876:../Firmware/GD32E23x_standard_peripheral/Source/gd32e23x_spi.c ****     return reval;
 2597              		.loc 1 876 12
 2598 012c 0F23     		movs	r3, #15
 2599 012e FB18     		adds	r3, r7, r3
 2600 0130 1B78     		ldrb	r3, [r3]
 877:../Firmware/GD32E23x_standard_peripheral/Source/gd32e23x_spi.c **** }
 2601              		.loc 1 877 1
 2602 0132 1800     		movs	r0, r3
 2603 0134 BD46     		mov	sp, r7
 2604 0136 04B0     		add	sp, sp, #16
 2605              		@ sp needed
 2606 0138 80BD     		pop	{r7, pc}
 2607              		.cfi_endproc
 2608              	.LFE99:
 2610              		.section	.text.spi_i2s_interrupt_enable,"ax",%progbits
 2611              		.align	1
 2612              		.global	spi_i2s_interrupt_enable
 2613              		.syntax unified
 2614              		.code	16
 2615              		.thumb_func
 2616              		.fpu softvfp
 2618              	spi_i2s_interrupt_enable:
 2619              	.LFB100:
 878:../Firmware/GD32E23x_standard_peripheral/Source/gd32e23x_spi.c **** 
 879:../Firmware/GD32E23x_standard_peripheral/Source/gd32e23x_spi.c **** /*!
 880:../Firmware/GD32E23x_standard_peripheral/Source/gd32e23x_spi.c ****     \brief      enable SPI and I2S interrupt
 881:../Firmware/GD32E23x_standard_peripheral/Source/gd32e23x_spi.c ****     \param[in]  spi_periph: SPIx(x=0,1)
 882:../Firmware/GD32E23x_standard_peripheral/Source/gd32e23x_spi.c ****     \param[in]  interrupt: SPI/I2S interrupt
 883:../Firmware/GD32E23x_standard_peripheral/Source/gd32e23x_spi.c ****                 only one parameter can be selected which is shown as below:
 884:../Firmware/GD32E23x_standard_peripheral/Source/gd32e23x_spi.c ****       \arg        SPI_I2S_INT_TBE: transmit buffer empty interrupt
 885:../Firmware/GD32E23x_standard_peripheral/Source/gd32e23x_spi.c ****       \arg        SPI_I2S_INT_RBNE: receive buffer not empty interrupt
 886:../Firmware/GD32E23x_standard_peripheral/Source/gd32e23x_spi.c ****       \arg        SPI_I2S_INT_ERR: CRC error, configuration error, reception overrun error,
 887:../Firmware/GD32E23x_standard_peripheral/Source/gd32e23x_spi.c ****                                    transmission underrun error and format error interrupt
 888:../Firmware/GD32E23x_standard_peripheral/Source/gd32e23x_spi.c ****     \param[out] none
 889:../Firmware/GD32E23x_standard_peripheral/Source/gd32e23x_spi.c ****     \retval     none
 890:../Firmware/GD32E23x_standard_peripheral/Source/gd32e23x_spi.c **** */
 891:../Firmware/GD32E23x_standard_peripheral/Source/gd32e23x_spi.c **** void spi_i2s_interrupt_enable(uint32_t spi_periph, uint8_t interrupt)
 892:../Firmware/GD32E23x_standard_peripheral/Source/gd32e23x_spi.c **** {
 2620              		.loc 1 892 1
 2621              		.cfi_startproc
 2622              		@ args = 0, pretend = 0, frame = 8
 2623              		@ frame_needed = 1, uses_anonymous_args = 0
 2624 0000 80B5     		push	{r7, lr}
 2625              		.cfi_def_cfa_offset 8
 2626              		.cfi_offset 7, -8
 2627              		.cfi_offset 14, -4
 2628 0002 82B0     		sub	sp, sp, #8
 2629              		.cfi_def_cfa_offset 16
 2630 0004 00AF     		add	r7, sp, #0
 2631              		.cfi_def_cfa_register 7
 2632 0006 7860     		str	r0, [r7, #4]
 2633 0008 0A00     		movs	r2, r1
 2634 000a FB1C     		adds	r3, r7, #3
 2635 000c 1A70     		strb	r2, [r3]
 893:../Firmware/GD32E23x_standard_peripheral/Source/gd32e23x_spi.c ****     SPI_CTL1(spi_periph) |= (uint32_t)interrupt;
 2636              		.loc 1 893 26
 2637 000e 7B68     		ldr	r3, [r7, #4]
 2638 0010 0433     		adds	r3, r3, #4
 2639 0012 1968     		ldr	r1, [r3]
 2640              		.loc 1 893 29
 2641 0014 FB1C     		adds	r3, r7, #3
 2642 0016 1A78     		ldrb	r2, [r3]
 2643              		.loc 1 893 26
 2644 0018 7B68     		ldr	r3, [r7, #4]
 2645 001a 0433     		adds	r3, r3, #4
 2646 001c 0A43     		orrs	r2, r1
 2647 001e 1A60     		str	r2, [r3]
 894:../Firmware/GD32E23x_standard_peripheral/Source/gd32e23x_spi.c **** }
 2648              		.loc 1 894 1
 2649 0020 C046     		nop
 2650 0022 BD46     		mov	sp, r7
 2651 0024 02B0     		add	sp, sp, #8
 2652              		@ sp needed
 2653 0026 80BD     		pop	{r7, pc}
 2654              		.cfi_endproc
 2655              	.LFE100:
 2657              		.section	.text.spi_i2s_interrupt_disable,"ax",%progbits
 2658              		.align	1
 2659              		.global	spi_i2s_interrupt_disable
 2660              		.syntax unified
 2661              		.code	16
 2662              		.thumb_func
 2663              		.fpu softvfp
 2665              	spi_i2s_interrupt_disable:
 2666              	.LFB101:
 895:../Firmware/GD32E23x_standard_peripheral/Source/gd32e23x_spi.c **** 
 896:../Firmware/GD32E23x_standard_peripheral/Source/gd32e23x_spi.c **** /*!
 897:../Firmware/GD32E23x_standard_peripheral/Source/gd32e23x_spi.c ****     \brief      disable SPI and I2S interrupt
 898:../Firmware/GD32E23x_standard_peripheral/Source/gd32e23x_spi.c ****     \param[in]  spi_periph: SPIx(x=0,1)
 899:../Firmware/GD32E23x_standard_peripheral/Source/gd32e23x_spi.c ****     \param[in]  interrupt: SPI/I2S interrupt
 900:../Firmware/GD32E23x_standard_peripheral/Source/gd32e23x_spi.c ****                 only one parameter can be selected which is shown as below:
 901:../Firmware/GD32E23x_standard_peripheral/Source/gd32e23x_spi.c ****       \arg        SPI_I2S_INT_TBE: transmit buffer empty interrupt
 902:../Firmware/GD32E23x_standard_peripheral/Source/gd32e23x_spi.c ****       \arg        SPI_I2S_INT_RBNE: receive buffer not empty interrupt
 903:../Firmware/GD32E23x_standard_peripheral/Source/gd32e23x_spi.c ****       \arg        SPI_I2S_INT_ERR: CRC error, configuration error, reception overrun error,
 904:../Firmware/GD32E23x_standard_peripheral/Source/gd32e23x_spi.c ****                                    transmission underrun error and format error interrupt
 905:../Firmware/GD32E23x_standard_peripheral/Source/gd32e23x_spi.c ****     \param[out] none
 906:../Firmware/GD32E23x_standard_peripheral/Source/gd32e23x_spi.c ****     \retval     none
 907:../Firmware/GD32E23x_standard_peripheral/Source/gd32e23x_spi.c **** */
 908:../Firmware/GD32E23x_standard_peripheral/Source/gd32e23x_spi.c **** void spi_i2s_interrupt_disable(uint32_t spi_periph, uint8_t interrupt)
 909:../Firmware/GD32E23x_standard_peripheral/Source/gd32e23x_spi.c **** {
 2667              		.loc 1 909 1
 2668              		.cfi_startproc
 2669              		@ args = 0, pretend = 0, frame = 8
 2670              		@ frame_needed = 1, uses_anonymous_args = 0
 2671 0000 80B5     		push	{r7, lr}
 2672              		.cfi_def_cfa_offset 8
 2673              		.cfi_offset 7, -8
 2674              		.cfi_offset 14, -4
 2675 0002 82B0     		sub	sp, sp, #8
 2676              		.cfi_def_cfa_offset 16
 2677 0004 00AF     		add	r7, sp, #0
 2678              		.cfi_def_cfa_register 7
 2679 0006 7860     		str	r0, [r7, #4]
 2680 0008 0A00     		movs	r2, r1
 2681 000a FB1C     		adds	r3, r7, #3
 2682 000c 1A70     		strb	r2, [r3]
 910:../Firmware/GD32E23x_standard_peripheral/Source/gd32e23x_spi.c ****     SPI_CTL1(spi_periph) &= ~(uint32_t)interrupt;
 2683              		.loc 1 910 26
 2684 000e 7B68     		ldr	r3, [r7, #4]
 2685 0010 0433     		adds	r3, r3, #4
 2686 0012 1A68     		ldr	r2, [r3]
 2687              		.loc 1 910 30
 2688 0014 FB1C     		adds	r3, r7, #3
 2689 0016 1B78     		ldrb	r3, [r3]
 2690              		.loc 1 910 29
 2691 0018 D943     		mvns	r1, r3
 2692              		.loc 1 910 26
 2693 001a 7B68     		ldr	r3, [r7, #4]
 2694 001c 0433     		adds	r3, r3, #4
 2695 001e 0A40     		ands	r2, r1
 2696 0020 1A60     		str	r2, [r3]
 911:../Firmware/GD32E23x_standard_peripheral/Source/gd32e23x_spi.c **** }
 2697              		.loc 1 911 1
 2698 0022 C046     		nop
 2699 0024 BD46     		mov	sp, r7
 2700 0026 02B0     		add	sp, sp, #8
 2701              		@ sp needed
 2702 0028 80BD     		pop	{r7, pc}
 2703              		.cfi_endproc
 2704              	.LFE101:
 2706              		.section	.text.spi_i2s_interrupt_flag_get,"ax",%progbits
 2707              		.align	1
 2708              		.global	spi_i2s_interrupt_flag_get
 2709              		.syntax unified
 2710              		.code	16
 2711              		.thumb_func
 2712              		.fpu softvfp
 2714              	spi_i2s_interrupt_flag_get:
 2715              	.LFB102:
 912:../Firmware/GD32E23x_standard_peripheral/Source/gd32e23x_spi.c **** 
 913:../Firmware/GD32E23x_standard_peripheral/Source/gd32e23x_spi.c **** /*!
 914:../Firmware/GD32E23x_standard_peripheral/Source/gd32e23x_spi.c ****     \brief      get SPI and I2S interrupt flag status
 915:../Firmware/GD32E23x_standard_peripheral/Source/gd32e23x_spi.c ****     \param[in]  spi_periph: SPIx(x=0,1)
 916:../Firmware/GD32E23x_standard_peripheral/Source/gd32e23x_spi.c ****     \param[in]  interrupt: SPI/I2S interrupt flag status
 917:../Firmware/GD32E23x_standard_peripheral/Source/gd32e23x_spi.c ****                 only one parameter can be selected which is shown as below:
 918:../Firmware/GD32E23x_standard_peripheral/Source/gd32e23x_spi.c ****       \arg        SPI_I2S_INT_FLAG_TBE: transmit buffer empty interrupt flag
 919:../Firmware/GD32E23x_standard_peripheral/Source/gd32e23x_spi.c ****       \arg        SPI_I2S_INT_FLAG_RBNE: receive buffer not empty interrupt flag
 920:../Firmware/GD32E23x_standard_peripheral/Source/gd32e23x_spi.c ****       \arg        SPI_I2S_INT_FLAG_RXORERR: overrun interrupt flag
 921:../Firmware/GD32E23x_standard_peripheral/Source/gd32e23x_spi.c ****       \arg        SPI_INT_FLAG_CONFERR: config error interrupt flag
 922:../Firmware/GD32E23x_standard_peripheral/Source/gd32e23x_spi.c ****       \arg        SPI_INT_FLAG_CRCERR: CRC error interrupt flag
 923:../Firmware/GD32E23x_standard_peripheral/Source/gd32e23x_spi.c ****       \arg        I2S_INT_FLAG_TXURERR: underrun error interrupt flag
 924:../Firmware/GD32E23x_standard_peripheral/Source/gd32e23x_spi.c ****       \arg        SPI_I2S_INT_FLAG_FERR: format error interrupt flag
 925:../Firmware/GD32E23x_standard_peripheral/Source/gd32e23x_spi.c ****     \param[out] none
 926:../Firmware/GD32E23x_standard_peripheral/Source/gd32e23x_spi.c ****     \retval     FlagStatus: SET or RESET
 927:../Firmware/GD32E23x_standard_peripheral/Source/gd32e23x_spi.c **** */
 928:../Firmware/GD32E23x_standard_peripheral/Source/gd32e23x_spi.c **** FlagStatus spi_i2s_interrupt_flag_get(uint32_t spi_periph, uint8_t interrupt)
 929:../Firmware/GD32E23x_standard_peripheral/Source/gd32e23x_spi.c **** {
 2716              		.loc 1 929 1
 2717              		.cfi_startproc
 2718              		@ args = 0, pretend = 0, frame = 16
 2719              		@ frame_needed = 1, uses_anonymous_args = 0
 2720 0000 80B5     		push	{r7, lr}
 2721              		.cfi_def_cfa_offset 8
 2722              		.cfi_offset 7, -8
 2723              		.cfi_offset 14, -4
 2724 0002 84B0     		sub	sp, sp, #16
 2725              		.cfi_def_cfa_offset 24
 2726 0004 00AF     		add	r7, sp, #0
 2727              		.cfi_def_cfa_register 7
 2728 0006 7860     		str	r0, [r7, #4]
 2729 0008 0A00     		movs	r2, r1
 2730 000a FB1C     		adds	r3, r7, #3
 2731 000c 1A70     		strb	r2, [r3]
 930:../Firmware/GD32E23x_standard_peripheral/Source/gd32e23x_spi.c ****     uint32_t reg1 = SPI_STAT(spi_periph);
 2732              		.loc 1 930 21
 2733 000e 7B68     		ldr	r3, [r7, #4]
 2734 0010 0833     		adds	r3, r3, #8
 2735              		.loc 1 930 14
 2736 0012 1B68     		ldr	r3, [r3]
 2737 0014 FB60     		str	r3, [r7, #12]
 931:../Firmware/GD32E23x_standard_peripheral/Source/gd32e23x_spi.c ****     uint32_t reg2 = SPI_CTL1(spi_periph);
 2738              		.loc 1 931 21
 2739 0016 7B68     		ldr	r3, [r7, #4]
 2740 0018 0433     		adds	r3, r3, #4
 2741              		.loc 1 931 14
 2742 001a 1B68     		ldr	r3, [r3]
 2743 001c BB60     		str	r3, [r7, #8]
 932:../Firmware/GD32E23x_standard_peripheral/Source/gd32e23x_spi.c **** 
 933:../Firmware/GD32E23x_standard_peripheral/Source/gd32e23x_spi.c ****     switch(interrupt) {
 2744              		.loc 1 933 5
 2745 001e FB1C     		adds	r3, r7, #3
 2746 0020 1B78     		ldrb	r3, [r3]
 2747 0022 062B     		cmp	r3, #6
 2748 0024 44D8     		bhi	.L131
 2749 0026 9A00     		lsls	r2, r3, #2
 2750 0028 274B     		ldr	r3, .L132
 2751 002a D318     		adds	r3, r2, r3
 2752 002c 1B68     		ldr	r3, [r3]
 2753 002e 9F46     		mov	pc, r3
 2754              		.section	.rodata.spi_i2s_interrupt_flag_get,"a",%progbits
 2755              		.align	2
 2756              	.L121:
 2757 0000 30000000 		.word	.L127
 2758 0004 42000000 		.word	.L126
 2759 0008 54000000 		.word	.L125
 2760 000c 66000000 		.word	.L124
 2761 0010 78000000 		.word	.L123
 2762 0014 8A000000 		.word	.L122
 2763 0018 9C000000 		.word	.L120
 2764              		.section	.text.spi_i2s_interrupt_flag_get
 2765              	.L127:
 934:../Firmware/GD32E23x_standard_peripheral/Source/gd32e23x_spi.c ****     /* SPI/I2S transmit buffer empty interrupt */
 935:../Firmware/GD32E23x_standard_peripheral/Source/gd32e23x_spi.c ****     case SPI_I2S_INT_FLAG_TBE:
 936:../Firmware/GD32E23x_standard_peripheral/Source/gd32e23x_spi.c ****         reg1 = reg1 & SPI_STAT_TBE;
 2766              		.loc 1 936 14
 2767 0030 FB68     		ldr	r3, [r7, #12]
 2768 0032 0222     		movs	r2, #2
 2769 0034 1340     		ands	r3, r2
 2770 0036 FB60     		str	r3, [r7, #12]
 937:../Firmware/GD32E23x_standard_peripheral/Source/gd32e23x_spi.c ****         reg2 = reg2 & SPI_CTL1_TBEIE;
 2771              		.loc 1 937 14
 2772 0038 BB68     		ldr	r3, [r7, #8]
 2773 003a 8022     		movs	r2, #128
 2774 003c 1340     		ands	r3, r2
 2775 003e BB60     		str	r3, [r7, #8]
 938:../Firmware/GD32E23x_standard_peripheral/Source/gd32e23x_spi.c ****         break;
 2776              		.loc 1 938 9
 2777 0040 37E0     		b	.L128
 2778              	.L126:
 939:../Firmware/GD32E23x_standard_peripheral/Source/gd32e23x_spi.c ****     /* SPI/I2S receive buffer not empty interrupt */
 940:../Firmware/GD32E23x_standard_peripheral/Source/gd32e23x_spi.c ****     case SPI_I2S_INT_FLAG_RBNE:
 941:../Firmware/GD32E23x_standard_peripheral/Source/gd32e23x_spi.c ****         reg1 = reg1 & SPI_STAT_RBNE;
 2779              		.loc 1 941 14
 2780 0042 FB68     		ldr	r3, [r7, #12]
 2781 0044 0122     		movs	r2, #1
 2782 0046 1340     		ands	r3, r2
 2783 0048 FB60     		str	r3, [r7, #12]
 942:../Firmware/GD32E23x_standard_peripheral/Source/gd32e23x_spi.c ****         reg2 = reg2 & SPI_CTL1_RBNEIE;
 2784              		.loc 1 942 14
 2785 004a BB68     		ldr	r3, [r7, #8]
 2786 004c 4022     		movs	r2, #64
 2787 004e 1340     		ands	r3, r2
 2788 0050 BB60     		str	r3, [r7, #8]
 943:../Firmware/GD32E23x_standard_peripheral/Source/gd32e23x_spi.c ****         break;
 2789              		.loc 1 943 9
 2790 0052 2EE0     		b	.L128
 2791              	.L125:
 944:../Firmware/GD32E23x_standard_peripheral/Source/gd32e23x_spi.c ****     /* SPI/I2S overrun interrupt */
 945:../Firmware/GD32E23x_standard_peripheral/Source/gd32e23x_spi.c ****     case SPI_I2S_INT_FLAG_RXORERR:
 946:../Firmware/GD32E23x_standard_peripheral/Source/gd32e23x_spi.c ****         reg1 = reg1 & SPI_STAT_RXORERR;
 2792              		.loc 1 946 14
 2793 0054 FB68     		ldr	r3, [r7, #12]
 2794 0056 4022     		movs	r2, #64
 2795 0058 1340     		ands	r3, r2
 2796 005a FB60     		str	r3, [r7, #12]
 947:../Firmware/GD32E23x_standard_peripheral/Source/gd32e23x_spi.c ****         reg2 = reg2 & SPI_CTL1_ERRIE;
 2797              		.loc 1 947 14
 2798 005c BB68     		ldr	r3, [r7, #8]
 2799 005e 2022     		movs	r2, #32
 2800 0060 1340     		ands	r3, r2
 2801 0062 BB60     		str	r3, [r7, #8]
 948:../Firmware/GD32E23x_standard_peripheral/Source/gd32e23x_spi.c ****         break;
 2802              		.loc 1 948 9
 2803 0064 25E0     		b	.L128
 2804              	.L124:
 949:../Firmware/GD32E23x_standard_peripheral/Source/gd32e23x_spi.c ****     /* SPI config error interrupt */
 950:../Firmware/GD32E23x_standard_peripheral/Source/gd32e23x_spi.c ****     case SPI_INT_FLAG_CONFERR:
 951:../Firmware/GD32E23x_standard_peripheral/Source/gd32e23x_spi.c ****         reg1 = reg1 & SPI_STAT_CONFERR;
 2805              		.loc 1 951 14
 2806 0066 FB68     		ldr	r3, [r7, #12]
 2807 0068 2022     		movs	r2, #32
 2808 006a 1340     		ands	r3, r2
 2809 006c FB60     		str	r3, [r7, #12]
 952:../Firmware/GD32E23x_standard_peripheral/Source/gd32e23x_spi.c ****         reg2 = reg2 & SPI_CTL1_ERRIE;
 2810              		.loc 1 952 14
 2811 006e BB68     		ldr	r3, [r7, #8]
 2812 0070 2022     		movs	r2, #32
 2813 0072 1340     		ands	r3, r2
 2814 0074 BB60     		str	r3, [r7, #8]
 953:../Firmware/GD32E23x_standard_peripheral/Source/gd32e23x_spi.c ****         break;
 2815              		.loc 1 953 9
 2816 0076 1CE0     		b	.L128
 2817              	.L123:
 954:../Firmware/GD32E23x_standard_peripheral/Source/gd32e23x_spi.c ****     /* SPI CRC error interrupt */
 955:../Firmware/GD32E23x_standard_peripheral/Source/gd32e23x_spi.c ****     case SPI_INT_FLAG_CRCERR:
 956:../Firmware/GD32E23x_standard_peripheral/Source/gd32e23x_spi.c ****         reg1 = reg1 & SPI_STAT_CRCERR;
 2818              		.loc 1 956 14
 2819 0078 FB68     		ldr	r3, [r7, #12]
 2820 007a 1022     		movs	r2, #16
 2821 007c 1340     		ands	r3, r2
 2822 007e FB60     		str	r3, [r7, #12]
 957:../Firmware/GD32E23x_standard_peripheral/Source/gd32e23x_spi.c ****         reg2 = reg2 & SPI_CTL1_ERRIE;
 2823              		.loc 1 957 14
 2824 0080 BB68     		ldr	r3, [r7, #8]
 2825 0082 2022     		movs	r2, #32
 2826 0084 1340     		ands	r3, r2
 2827 0086 BB60     		str	r3, [r7, #8]
 958:../Firmware/GD32E23x_standard_peripheral/Source/gd32e23x_spi.c ****         break;
 2828              		.loc 1 958 9
 2829 0088 13E0     		b	.L128
 2830              	.L122:
 959:../Firmware/GD32E23x_standard_peripheral/Source/gd32e23x_spi.c ****     /* I2S underrun error interrupt */
 960:../Firmware/GD32E23x_standard_peripheral/Source/gd32e23x_spi.c ****     case I2S_INT_FLAG_TXURERR:
 961:../Firmware/GD32E23x_standard_peripheral/Source/gd32e23x_spi.c ****         reg1 = reg1 & SPI_STAT_TXURERR;
 2831              		.loc 1 961 14
 2832 008a FB68     		ldr	r3, [r7, #12]
 2833 008c 0822     		movs	r2, #8
 2834 008e 1340     		ands	r3, r2
 2835 0090 FB60     		str	r3, [r7, #12]
 962:../Firmware/GD32E23x_standard_peripheral/Source/gd32e23x_spi.c ****         reg2 = reg2 & SPI_CTL1_ERRIE;
 2836              		.loc 1 962 14
 2837 0092 BB68     		ldr	r3, [r7, #8]
 2838 0094 2022     		movs	r2, #32
 2839 0096 1340     		ands	r3, r2
 2840 0098 BB60     		str	r3, [r7, #8]
 963:../Firmware/GD32E23x_standard_peripheral/Source/gd32e23x_spi.c ****         break;
 2841              		.loc 1 963 9
 2842 009a 0AE0     		b	.L128
 2843              	.L120:
 964:../Firmware/GD32E23x_standard_peripheral/Source/gd32e23x_spi.c ****     /* SPI/I2S format error interrupt */
 965:../Firmware/GD32E23x_standard_peripheral/Source/gd32e23x_spi.c ****     case SPI_I2S_INT_FLAG_FERR:
 966:../Firmware/GD32E23x_standard_peripheral/Source/gd32e23x_spi.c ****         reg1 = reg1 & SPI_STAT_FERR;
 2844              		.loc 1 966 14
 2845 009c FB68     		ldr	r3, [r7, #12]
 2846 009e 40F20012 		movw	r2, #256
 2847 00a2 1340     		ands	r3, r2
 2848 00a4 FB60     		str	r3, [r7, #12]
 967:../Firmware/GD32E23x_standard_peripheral/Source/gd32e23x_spi.c ****         reg2 = reg2 & SPI_CTL1_ERRIE;
 2849              		.loc 1 967 14
 2850 00a6 BB68     		ldr	r3, [r7, #8]
 2851 00a8 2022     		movs	r2, #32
 2852 00aa 1340     		ands	r3, r2
 2853 00ac BB60     		str	r3, [r7, #8]
 968:../Firmware/GD32E23x_standard_peripheral/Source/gd32e23x_spi.c ****         break;
 2854              		.loc 1 968 9
 2855 00ae 00E0     		b	.L128
 2856              	.L131:
 969:../Firmware/GD32E23x_standard_peripheral/Source/gd32e23x_spi.c ****     default :
 970:../Firmware/GD32E23x_standard_peripheral/Source/gd32e23x_spi.c ****         break;
 2857              		.loc 1 970 9
 2858 00b0 C046     		nop
 2859              	.L128:
 971:../Firmware/GD32E23x_standard_peripheral/Source/gd32e23x_spi.c ****     }
 972:../Firmware/GD32E23x_standard_peripheral/Source/gd32e23x_spi.c ****     /*get SPI/I2S interrupt flag status */
 973:../Firmware/GD32E23x_standard_peripheral/Source/gd32e23x_spi.c ****     if((0U != reg1) && (0U != reg2)) {
 2860              		.loc 1 973 7
 2861 00b2 FB68     		ldr	r3, [r7, #12]
 2862 00b4 1BB1     		cbz	r3, .L129
 2863              		.loc 1 973 21 discriminator 1
 2864 00b6 BB68     		ldr	r3, [r7, #8]
 2865 00b8 0BB1     		cbz	r3, .L129
 974:../Firmware/GD32E23x_standard_peripheral/Source/gd32e23x_spi.c ****         return SET;
 2866              		.loc 1 974 16
 2867 00ba 0123     		movs	r3, #1
 2868 00bc 00E0     		b	.L130
 2869              	.L129:
 975:../Firmware/GD32E23x_standard_peripheral/Source/gd32e23x_spi.c ****     } else {
 976:../Firmware/GD32E23x_standard_peripheral/Source/gd32e23x_spi.c ****         return RESET;
 2870              		.loc 1 976 16
 2871 00be 0023     		movs	r3, #0
 2872              	.L130:
 977:../Firmware/GD32E23x_standard_peripheral/Source/gd32e23x_spi.c ****     }
 978:../Firmware/GD32E23x_standard_peripheral/Source/gd32e23x_spi.c **** }
 2873              		.loc 1 978 1
 2874 00c0 1800     		movs	r0, r3
 2875 00c2 BD46     		mov	sp, r7
 2876 00c4 04B0     		add	sp, sp, #16
 2877              		@ sp needed
 2878 00c6 80BD     		pop	{r7, pc}
 2879              	.L133:
 2880              		.align	2
 2881              	.L132:
 2882 00c8 00000000 		.word	.L121
 2883              		.cfi_endproc
 2884              	.LFE102:
 2886              		.text
 2887              	.Letext0:
 2888              		.file 2 "d:\\software\\gd32embeddedbuilder_v1.5.6_rel\\tools\\gnu tools arm embedded\\xpack-arm-no
 2889              		.file 3 "d:\\software\\gd32embeddedbuilder_v1.5.6_rel\\tools\\gnu tools arm embedded\\xpack-arm-no
 2890              		.file 4 "../Firmware/CMSIS/GD/GD32E23x/Include/gd32e23x.h"
 2891              		.file 5 "../Firmware/GD32E23x_standard_peripheral/Include/gd32e23x_rcu.h"
 2892              		.file 6 "../Firmware/GD32E23x_standard_peripheral/Include/gd32e23x_spi.h"
 2893              		.file 7 "../Firmware/CMSIS/GD/GD32E23x/Include/system_gd32e23x.h"
DEFINED SYMBOLS
                            *ABS*:00000000 gd32e23x_spi.c
C:\Users\sen.he\AppData\Local\Temp\ccBe7rha.s:16     .text.spi_i2s_deinit:00000000 $t
C:\Users\sen.he\AppData\Local\Temp\ccBe7rha.s:24     .text.spi_i2s_deinit:00000000 spi_i2s_deinit
C:\Users\sen.he\AppData\Local\Temp\ccBe7rha.s:82     .text.spi_struct_para_init:00000000 $t
C:\Users\sen.he\AppData\Local\Temp\ccBe7rha.s:89     .text.spi_struct_para_init:00000000 spi_struct_para_init
C:\Users\sen.he\AppData\Local\Temp\ccBe7rha.s:142    .text.spi_init:00000000 $t
C:\Users\sen.he\AppData\Local\Temp\ccBe7rha.s:149    .text.spi_init:00000000 spi_init
C:\Users\sen.he\AppData\Local\Temp\ccBe7rha.s:370    .text.spi_init:00000134 $d
C:\Users\sen.he\AppData\Local\Temp\ccBe7rha.s:375    .text.spi_enable:00000000 $t
C:\Users\sen.he\AppData\Local\Temp\ccBe7rha.s:382    .text.spi_enable:00000000 spi_enable
C:\Users\sen.he\AppData\Local\Temp\ccBe7rha.s:414    .text.spi_disable:00000000 $t
C:\Users\sen.he\AppData\Local\Temp\ccBe7rha.s:421    .text.spi_disable:00000000 spi_disable
C:\Users\sen.he\AppData\Local\Temp\ccBe7rha.s:453    .text.i2s_init:00000000 $t
C:\Users\sen.he\AppData\Local\Temp\ccBe7rha.s:460    .text.i2s_init:00000000 i2s_init
C:\Users\sen.he\AppData\Local\Temp\ccBe7rha.s:528    .text.i2s_psc_config:00000000 $t
C:\Users\sen.he\AppData\Local\Temp\ccBe7rha.s:535    .text.i2s_psc_config:00000000 i2s_psc_config
C:\Users\sen.he\AppData\Local\Temp\ccBe7rha.s:708    .text.i2s_enable:00000000 $t
C:\Users\sen.he\AppData\Local\Temp\ccBe7rha.s:715    .text.i2s_enable:00000000 i2s_enable
C:\Users\sen.he\AppData\Local\Temp\ccBe7rha.s:749    .text.i2s_disable:00000000 $t
C:\Users\sen.he\AppData\Local\Temp\ccBe7rha.s:756    .text.i2s_disable:00000000 i2s_disable
C:\Users\sen.he\AppData\Local\Temp\ccBe7rha.s:789    .text.i2s_disable:00000020 $d
C:\Users\sen.he\AppData\Local\Temp\ccBe7rha.s:794    .text.spi_nss_output_enable:00000000 $t
C:\Users\sen.he\AppData\Local\Temp\ccBe7rha.s:801    .text.spi_nss_output_enable:00000000 spi_nss_output_enable
C:\Users\sen.he\AppData\Local\Temp\ccBe7rha.s:835    .text.spi_nss_output_disable:00000000 $t
C:\Users\sen.he\AppData\Local\Temp\ccBe7rha.s:842    .text.spi_nss_output_disable:00000000 spi_nss_output_disable
C:\Users\sen.he\AppData\Local\Temp\ccBe7rha.s:876    .text.spi_nss_internal_high:00000000 $t
C:\Users\sen.he\AppData\Local\Temp\ccBe7rha.s:883    .text.spi_nss_internal_high:00000000 spi_nss_internal_high
C:\Users\sen.he\AppData\Local\Temp\ccBe7rha.s:915    .text.spi_nss_internal_low:00000000 $t
C:\Users\sen.he\AppData\Local\Temp\ccBe7rha.s:922    .text.spi_nss_internal_low:00000000 spi_nss_internal_low
C:\Users\sen.he\AppData\Local\Temp\ccBe7rha.s:953    .text.spi_nss_internal_low:0000001c $d
C:\Users\sen.he\AppData\Local\Temp\ccBe7rha.s:958    .text.spi_dma_enable:00000000 $t
C:\Users\sen.he\AppData\Local\Temp\ccBe7rha.s:965    .text.spi_dma_enable:00000000 spi_dma_enable
C:\Users\sen.he\AppData\Local\Temp\ccBe7rha.s:1019   .text.spi_dma_disable:00000000 $t
C:\Users\sen.he\AppData\Local\Temp\ccBe7rha.s:1026   .text.spi_dma_disable:00000000 spi_dma_disable
C:\Users\sen.he\AppData\Local\Temp\ccBe7rha.s:1080   .text.spi_transmit_odd_config:00000000 $t
C:\Users\sen.he\AppData\Local\Temp\ccBe7rha.s:1087   .text.spi_transmit_odd_config:00000000 spi_transmit_odd_config
C:\Users\sen.he\AppData\Local\Temp\ccBe7rha.s:1135   .text.spi_transmit_odd_config:00000038 $d
C:\Users\sen.he\AppData\Local\Temp\ccBe7rha.s:1140   .text.spi_receive_odd_config:00000000 $t
C:\Users\sen.he\AppData\Local\Temp\ccBe7rha.s:1147   .text.spi_receive_odd_config:00000000 spi_receive_odd_config
C:\Users\sen.he\AppData\Local\Temp\ccBe7rha.s:1195   .text.spi_receive_odd_config:00000038 $d
C:\Users\sen.he\AppData\Local\Temp\ccBe7rha.s:1200   .text.spi_i2s_data_frame_format_config:00000000 $t
C:\Users\sen.he\AppData\Local\Temp\ccBe7rha.s:1207   .text.spi_i2s_data_frame_format_config:00000000 spi_i2s_data_frame_format_config
C:\Users\sen.he\AppData\Local\Temp\ccBe7rha.s:1305   .text.spi_i2s_data_frame_format_config:00000088 $d
C:\Users\sen.he\AppData\Local\Temp\ccBe7rha.s:1311   .text.spi_fifo_access_size_config:00000000 $t
C:\Users\sen.he\AppData\Local\Temp\ccBe7rha.s:1318   .text.spi_fifo_access_size_config:00000000 spi_fifo_access_size_config
C:\Users\sen.he\AppData\Local\Temp\ccBe7rha.s:1366   .text.spi_fifo_access_size_config:00000038 $d
C:\Users\sen.he\AppData\Local\Temp\ccBe7rha.s:1371   .text.spi_bidirectional_transfer_config:00000000 $t
C:\Users\sen.he\AppData\Local\Temp\ccBe7rha.s:1378   .text.spi_bidirectional_transfer_config:00000000 spi_bidirectional_transfer_config
C:\Users\sen.he\AppData\Local\Temp\ccBe7rha.s:1426   .text.spi_bidirectional_transfer_config:00000038 $d
C:\Users\sen.he\AppData\Local\Temp\ccBe7rha.s:1431   .text.spi_i2s_data_transmit:00000000 $t
C:\Users\sen.he\AppData\Local\Temp\ccBe7rha.s:1438   .text.spi_i2s_data_transmit:00000000 spi_i2s_data_transmit
C:\Users\sen.he\AppData\Local\Temp\ccBe7rha.s:1518   .text.spi_i2s_data_receive:00000000 $t
C:\Users\sen.he\AppData\Local\Temp\ccBe7rha.s:1525   .text.spi_i2s_data_receive:00000000 spi_i2s_data_receive
C:\Users\sen.he\AppData\Local\Temp\ccBe7rha.s:1594   .text.spi_i2s_format_error_clear:00000000 $t
C:\Users\sen.he\AppData\Local\Temp\ccBe7rha.s:1601   .text.spi_i2s_format_error_clear:00000000 spi_i2s_format_error_clear
C:\Users\sen.he\AppData\Local\Temp\ccBe7rha.s:1635   .text.spi_crc_polynomial_set:00000000 $t
C:\Users\sen.he\AppData\Local\Temp\ccBe7rha.s:1642   .text.spi_crc_polynomial_set:00000000 spi_crc_polynomial_set
C:\Users\sen.he\AppData\Local\Temp\ccBe7rha.s:1685   .text.spi_crc_polynomial_get:00000000 $t
C:\Users\sen.he\AppData\Local\Temp\ccBe7rha.s:1692   .text.spi_crc_polynomial_get:00000000 spi_crc_polynomial_get
C:\Users\sen.he\AppData\Local\Temp\ccBe7rha.s:1723   .text.spi_crc_length_set:00000000 $t
C:\Users\sen.he\AppData\Local\Temp\ccBe7rha.s:1730   .text.spi_crc_length_set:00000000 spi_crc_length_set
C:\Users\sen.he\AppData\Local\Temp\ccBe7rha.s:1774   .text.spi_crc_length_set:00000030 $d
C:\Users\sen.he\AppData\Local\Temp\ccBe7rha.s:1779   .text.spi_crc_on:00000000 $t
C:\Users\sen.he\AppData\Local\Temp\ccBe7rha.s:1786   .text.spi_crc_on:00000000 spi_crc_on
C:\Users\sen.he\AppData\Local\Temp\ccBe7rha.s:1818   .text.spi_crc_off:00000000 $t
C:\Users\sen.he\AppData\Local\Temp\ccBe7rha.s:1825   .text.spi_crc_off:00000000 spi_crc_off
C:\Users\sen.he\AppData\Local\Temp\ccBe7rha.s:1856   .text.spi_crc_off:0000001c $d
C:\Users\sen.he\AppData\Local\Temp\ccBe7rha.s:1861   .text.spi_crc_next:00000000 $t
C:\Users\sen.he\AppData\Local\Temp\ccBe7rha.s:1868   .text.spi_crc_next:00000000 spi_crc_next
C:\Users\sen.he\AppData\Local\Temp\ccBe7rha.s:1900   .text.spi_crc_get:00000000 $t
C:\Users\sen.he\AppData\Local\Temp\ccBe7rha.s:1907   .text.spi_crc_get:00000000 spi_crc_get
C:\Users\sen.he\AppData\Local\Temp\ccBe7rha.s:1954   .text.spi_crc_error_clear:00000000 $t
C:\Users\sen.he\AppData\Local\Temp\ccBe7rha.s:1961   .text.spi_crc_error_clear:00000000 spi_crc_error_clear
C:\Users\sen.he\AppData\Local\Temp\ccBe7rha.s:1993   .text.spi_ti_mode_enable:00000000 $t
C:\Users\sen.he\AppData\Local\Temp\ccBe7rha.s:2000   .text.spi_ti_mode_enable:00000000 spi_ti_mode_enable
C:\Users\sen.he\AppData\Local\Temp\ccBe7rha.s:2034   .text.spi_ti_mode_disable:00000000 $t
C:\Users\sen.he\AppData\Local\Temp\ccBe7rha.s:2041   .text.spi_ti_mode_disable:00000000 spi_ti_mode_disable
C:\Users\sen.he\AppData\Local\Temp\ccBe7rha.s:2075   .text.spi_nssp_mode_enable:00000000 $t
C:\Users\sen.he\AppData\Local\Temp\ccBe7rha.s:2082   .text.spi_nssp_mode_enable:00000000 spi_nssp_mode_enable
C:\Users\sen.he\AppData\Local\Temp\ccBe7rha.s:2116   .text.spi_nssp_mode_disable:00000000 $t
C:\Users\sen.he\AppData\Local\Temp\ccBe7rha.s:2123   .text.spi_nssp_mode_disable:00000000 spi_nssp_mode_disable
C:\Users\sen.he\AppData\Local\Temp\ccBe7rha.s:2157   .text.spi_quad_enable:00000000 $t
C:\Users\sen.he\AppData\Local\Temp\ccBe7rha.s:2164   .text.spi_quad_enable:00000000 spi_quad_enable
C:\Users\sen.he\AppData\Local\Temp\ccBe7rha.s:2198   .text.spi_quad_disable:00000000 $t
C:\Users\sen.he\AppData\Local\Temp\ccBe7rha.s:2205   .text.spi_quad_disable:00000000 spi_quad_disable
C:\Users\sen.he\AppData\Local\Temp\ccBe7rha.s:2239   .text.spi_quad_write_enable:00000000 $t
C:\Users\sen.he\AppData\Local\Temp\ccBe7rha.s:2246   .text.spi_quad_write_enable:00000000 spi_quad_write_enable
C:\Users\sen.he\AppData\Local\Temp\ccBe7rha.s:2280   .text.spi_quad_read_enable:00000000 $t
C:\Users\sen.he\AppData\Local\Temp\ccBe7rha.s:2287   .text.spi_quad_read_enable:00000000 spi_quad_read_enable
C:\Users\sen.he\AppData\Local\Temp\ccBe7rha.s:2321   .text.spi_quad_io23_output_enable:00000000 $t
C:\Users\sen.he\AppData\Local\Temp\ccBe7rha.s:2328   .text.spi_quad_io23_output_enable:00000000 spi_quad_io23_output_enable
C:\Users\sen.he\AppData\Local\Temp\ccBe7rha.s:2362   .text.spi_quad_io23_output_disable:00000000 $t
C:\Users\sen.he\AppData\Local\Temp\ccBe7rha.s:2369   .text.spi_quad_io23_output_disable:00000000 spi_quad_io23_output_disable
C:\Users\sen.he\AppData\Local\Temp\ccBe7rha.s:2403   .text.spi_i2s_flag_get:00000000 $t
C:\Users\sen.he\AppData\Local\Temp\ccBe7rha.s:2410   .text.spi_i2s_flag_get:00000000 spi_i2s_flag_get
C:\Users\sen.he\AppData\Local\Temp\ccBe7rha.s:2611   .text.spi_i2s_interrupt_enable:00000000 $t
C:\Users\sen.he\AppData\Local\Temp\ccBe7rha.s:2618   .text.spi_i2s_interrupt_enable:00000000 spi_i2s_interrupt_enable
C:\Users\sen.he\AppData\Local\Temp\ccBe7rha.s:2658   .text.spi_i2s_interrupt_disable:00000000 $t
C:\Users\sen.he\AppData\Local\Temp\ccBe7rha.s:2665   .text.spi_i2s_interrupt_disable:00000000 spi_i2s_interrupt_disable
C:\Users\sen.he\AppData\Local\Temp\ccBe7rha.s:2707   .text.spi_i2s_interrupt_flag_get:00000000 $t
C:\Users\sen.he\AppData\Local\Temp\ccBe7rha.s:2714   .text.spi_i2s_interrupt_flag_get:00000000 spi_i2s_interrupt_flag_get
C:\Users\sen.he\AppData\Local\Temp\ccBe7rha.s:2755   .rodata.spi_i2s_interrupt_flag_get:00000000 $d
C:\Users\sen.he\AppData\Local\Temp\ccBe7rha.s:2882   .text.spi_i2s_interrupt_flag_get:000000c8 $d
                           .group:00000000 wm4.0.590463c46bf1d553a4d8081ecba6952e
                           .group:00000000 wm4.gd32e23x.h.39.0bf85d194b71a50de4fcad938c637dda
                           .group:00000000 wm4._newlib_version.h.4.9ba035841e762c3308916a0ce96032e7
                           .group:00000000 wm4.features.h.33.318b64d71e0957639cfb30f1db1f7ec8
                           .group:00000000 wm4._default_types.h.15.247e5cd201eca3442cbf5404108c4935
                           .group:00000000 wm4._intsup.h.10.cce27fed8484c08a33f522034c30d2b5
                           .group:00000000 wm4._stdint.h.10.c24fa3af3bc1706662bb5593a907e841
                           .group:00000000 wm4.stdint.h.23.d53047a68f4a85177f80b422d52785ed
                           .group:00000000 wm4.core_cm23.h.64.de3bc139a6604757cb96382033d22ea4
                           .group:00000000 wm4.cmsis_gcc.h.26.41038879cf168e2c536d47f29b7e8dd8
                           .group:00000000 wm4.core_cm23.h.125.de61c9c922e4fe53a01469e1afefe964
                           .group:00000000 wm4.system_gd32e23x.h.38.7a884860f7764c0ab5165a93f03201bb
                           .group:00000000 wm4.gd32e23x.h.163.9acf0d7337f9fe4e45533e128df527f9
                           .group:00000000 wm4.gd32e23x_adc.h.41.e37db1574230c817b545e8965349e4d7
                           .group:00000000 wm4.gd32e23x_crc.h.36.279adb768307700338e007c7ed677511
                           .group:00000000 wm4.gd32e23x_dbg.h.36.d33e52eaa928f5287aa06af215016669
                           .group:00000000 wm4.gd32e23x_dma.h.36.526a5bad10d356aae73db43b8b6c8ac1
                           .group:00000000 wm4.gd32e23x_exti.h.36.af0d6df8c0ce7b2677a9f89a98c409ce
                           .group:00000000 wm4.gd32e23x_fmc.h.36.75bde762cab332c240661c238a094712
                           .group:00000000 wm4.gd32e23x_gpio.h.36.795887d0586769fb622efbe77d569cda
                           .group:00000000 wm4.gd32e23x_syscfg.h.36.01ade19f7155772b744fa54349aa8666
                           .group:00000000 wm4.gd32e23x_i2c.h.36.e6cffa765f1652866ccb69e12f59470e
                           .group:00000000 wm4.gd32e23x_fwdgt.h.36.2fcc8574db554a4bd9e84c5cd0b7ab23
                           .group:00000000 wm4.gd32e23x_pmu.h.36.eca9453dd7794477bf31deebb1c6dd71
                           .group:00000000 wm4.gd32e23x_rcu.h.36.5275b85972d8917a1d7fb8903e56792a
                           .group:00000000 wm4.gd32e23x_rtc.h.36.83ced1869b0634048aca709e2e07b91d
                           .group:00000000 wm4.gd32e23x_timer.h.36.1a402a135f3e05d89798e4281e3b9d83
                           .group:00000000 wm4.gd32e23x_usart.h.36.c2b993b4a3fc79395d2c6452b270c65c
                           .group:00000000 wm4.gd32e23x_wwdgt.h.36.067f8fa16250ddb8196a2d3d5347a8d1
                           .group:00000000 wm4.gd32e23x_misc.h.36.02bcf8ea2494d3a2286a92cdad908103
                           .group:00000000 wm4.gd32e23x_cmp.h.36.0a60ec830a2d39bbe01854c1093a76e2
                           .group:00000000 wm4.gd32e23x_spi.h.41.9b9f3a638bbd1bb2f4e4d7e4004f6885

UNDEFINED SYMBOLS
rcu_periph_reset_enable
rcu_periph_reset_disable
rcu_clock_freq_get
