   1              		.cpu cortex-m23
   2              		.eabi_attribute 20, 1
   3              		.eabi_attribute 21, 1
   4              		.eabi_attribute 23, 3
   5              		.eabi_attribute 24, 1
   6              		.eabi_attribute 25, 1
   7              		.eabi_attribute 26, 1
   8              		.eabi_attribute 30, 6
   9              		.eabi_attribute 34, 0
  10              		.eabi_attribute 18, 4
  11              		.file	"gd32e23x_rtc.c"
  12              		.text
  13              	.Ltext0:
  14              		.cfi_sections	.debug_frame
  15              		.section	.text.rtc_deinit,"ax",%progbits
  16              		.align	1
  17              		.global	rtc_deinit
  18              		.arch armv8-m.base
  19              		.syntax unified
  20              		.code	16
  21              		.thumb_func
  22              		.fpu softvfp
  24              	rtc_deinit:
  25              	.LFB58:
  26              		.file 1 "../Firmware/GD32E23x_standard_peripheral/Source/gd32e23x_rtc.c"
   1:../Firmware/GD32E23x_standard_peripheral/Source/gd32e23x_rtc.c **** /*!
   2:../Firmware/GD32E23x_standard_peripheral/Source/gd32e23x_rtc.c ****     \file    gd32e23x_rtc.c
   3:../Firmware/GD32E23x_standard_peripheral/Source/gd32e23x_rtc.c ****     \brief   RTC driver
   4:../Firmware/GD32E23x_standard_peripheral/Source/gd32e23x_rtc.c **** 
   5:../Firmware/GD32E23x_standard_peripheral/Source/gd32e23x_rtc.c ****     \version 2025-08-08, V2.4.0, firmware for GD32E23x
   6:../Firmware/GD32E23x_standard_peripheral/Source/gd32e23x_rtc.c **** */
   7:../Firmware/GD32E23x_standard_peripheral/Source/gd32e23x_rtc.c **** 
   8:../Firmware/GD32E23x_standard_peripheral/Source/gd32e23x_rtc.c **** /*
   9:../Firmware/GD32E23x_standard_peripheral/Source/gd32e23x_rtc.c ****     Copyright (c) 2025, GigaDevice Semiconductor Inc.
  10:../Firmware/GD32E23x_standard_peripheral/Source/gd32e23x_rtc.c **** 
  11:../Firmware/GD32E23x_standard_peripheral/Source/gd32e23x_rtc.c ****     Redistribution and use in source and binary forms, with or without modification,
  12:../Firmware/GD32E23x_standard_peripheral/Source/gd32e23x_rtc.c **** are permitted provided that the following conditions are met:
  13:../Firmware/GD32E23x_standard_peripheral/Source/gd32e23x_rtc.c **** 
  14:../Firmware/GD32E23x_standard_peripheral/Source/gd32e23x_rtc.c ****     1. Redistributions of source code must retain the above copyright notice, this
  15:../Firmware/GD32E23x_standard_peripheral/Source/gd32e23x_rtc.c ****        list of conditions and the following disclaimer.
  16:../Firmware/GD32E23x_standard_peripheral/Source/gd32e23x_rtc.c ****     2. Redistributions in binary form must reproduce the above copyright notice,
  17:../Firmware/GD32E23x_standard_peripheral/Source/gd32e23x_rtc.c ****        this list of conditions and the following disclaimer in the documentation
  18:../Firmware/GD32E23x_standard_peripheral/Source/gd32e23x_rtc.c ****        and/or other materials provided with the distribution.
  19:../Firmware/GD32E23x_standard_peripheral/Source/gd32e23x_rtc.c ****     3. Neither the name of the copyright holder nor the names of its contributors
  20:../Firmware/GD32E23x_standard_peripheral/Source/gd32e23x_rtc.c ****        may be used to endorse or promote products derived from this software without
  21:../Firmware/GD32E23x_standard_peripheral/Source/gd32e23x_rtc.c ****        specific prior written permission.
  22:../Firmware/GD32E23x_standard_peripheral/Source/gd32e23x_rtc.c **** 
  23:../Firmware/GD32E23x_standard_peripheral/Source/gd32e23x_rtc.c ****     THIS SOFTWARE IS PROVIDED BY THE COPYRIGHT HOLDERS AND CONTRIBUTORS "AS IS"
  24:../Firmware/GD32E23x_standard_peripheral/Source/gd32e23x_rtc.c **** AND ANY EXPRESS OR IMPLIED WARRANTIES, INCLUDING, BUT NOT LIMITED TO, THE IMPLIED
  25:../Firmware/GD32E23x_standard_peripheral/Source/gd32e23x_rtc.c **** WARRANTIES OF MERCHANTABILITY AND FITNESS FOR A PARTICULAR PURPOSE ARE DISCLAIMED.
  26:../Firmware/GD32E23x_standard_peripheral/Source/gd32e23x_rtc.c **** IN NO EVENT SHALL THE COPYRIGHT HOLDER OR CONTRIBUTORS BE LIABLE FOR ANY DIRECT,
  27:../Firmware/GD32E23x_standard_peripheral/Source/gd32e23x_rtc.c **** INDIRECT, INCIDENTAL, SPECIAL, EXEMPLARY, OR CONSEQUENTIAL DAMAGES (INCLUDING, BUT
  28:../Firmware/GD32E23x_standard_peripheral/Source/gd32e23x_rtc.c **** NOT LIMITED TO, PROCUREMENT OF SUBSTITUTE GOODS OR SERVICES; LOSS OF USE, DATA, OR
  29:../Firmware/GD32E23x_standard_peripheral/Source/gd32e23x_rtc.c **** PROFITS; OR BUSINESS INTERRUPTION) HOWEVER CAUSED AND ON ANY THEORY OF LIABILITY,
  30:../Firmware/GD32E23x_standard_peripheral/Source/gd32e23x_rtc.c **** WHETHER IN CONTRACT, STRICT LIABILITY, OR TORT (INCLUDING NEGLIGENCE OR OTHERWISE)
  31:../Firmware/GD32E23x_standard_peripheral/Source/gd32e23x_rtc.c **** ARISING IN ANY WAY OUT OF THE USE OF THIS SOFTWARE, EVEN IF ADVISED OF THE POSSIBILITY
  32:../Firmware/GD32E23x_standard_peripheral/Source/gd32e23x_rtc.c **** OF SUCH DAMAGE.
  33:../Firmware/GD32E23x_standard_peripheral/Source/gd32e23x_rtc.c **** */
  34:../Firmware/GD32E23x_standard_peripheral/Source/gd32e23x_rtc.c **** 
  35:../Firmware/GD32E23x_standard_peripheral/Source/gd32e23x_rtc.c **** #include "gd32e23x_rtc.h"
  36:../Firmware/GD32E23x_standard_peripheral/Source/gd32e23x_rtc.c **** 
  37:../Firmware/GD32E23x_standard_peripheral/Source/gd32e23x_rtc.c **** /*!
  38:../Firmware/GD32E23x_standard_peripheral/Source/gd32e23x_rtc.c ****     \brief      reset most of the RTC registers
  39:../Firmware/GD32E23x_standard_peripheral/Source/gd32e23x_rtc.c ****     \param[in]  none
  40:../Firmware/GD32E23x_standard_peripheral/Source/gd32e23x_rtc.c ****     \param[out] none
  41:../Firmware/GD32E23x_standard_peripheral/Source/gd32e23x_rtc.c ****     \retval     ErrStatus: ERROR or SUCCESS
  42:../Firmware/GD32E23x_standard_peripheral/Source/gd32e23x_rtc.c **** */
  43:../Firmware/GD32E23x_standard_peripheral/Source/gd32e23x_rtc.c **** ErrStatus rtc_deinit(void)
  44:../Firmware/GD32E23x_standard_peripheral/Source/gd32e23x_rtc.c **** {
  27              		.loc 1 44 1
  28              		.cfi_startproc
  29              		@ args = 0, pretend = 0, frame = 8
  30              		@ frame_needed = 1, uses_anonymous_args = 0
  31 0000 90B5     		push	{r4, r7, lr}
  32              		.cfi_def_cfa_offset 12
  33              		.cfi_offset 4, -12
  34              		.cfi_offset 7, -8
  35              		.cfi_offset 14, -4
  36 0002 83B0     		sub	sp, sp, #12
  37              		.cfi_def_cfa_offset 24
  38 0004 00AF     		add	r7, sp, #0
  39              		.cfi_def_cfa_register 7
  45:../Firmware/GD32E23x_standard_peripheral/Source/gd32e23x_rtc.c ****     ErrStatus error_status = ERROR;
  40              		.loc 1 45 15
  41 0006 FB1D     		adds	r3, r7, #7
  42 0008 0022     		movs	r2, #0
  43 000a 1A70     		strb	r2, [r3]
  46:../Firmware/GD32E23x_standard_peripheral/Source/gd32e23x_rtc.c **** 
  47:../Firmware/GD32E23x_standard_peripheral/Source/gd32e23x_rtc.c ****     /* RTC_TAMP register is not under write protection */
  48:../Firmware/GD32E23x_standard_peripheral/Source/gd32e23x_rtc.c ****     RTC_TAMP = RTC_REGISTER_RESET;
  44              		.loc 1 48 5
  45 000c 42F64003 		movw	r3, #10304
  46 0010 C4F20003 		movt	r3, 16384
  47              		.loc 1 48 14
  48 0014 0022     		movs	r2, #0
  49 0016 1A60     		str	r2, [r3]
  49:../Firmware/GD32E23x_standard_peripheral/Source/gd32e23x_rtc.c **** 
  50:../Firmware/GD32E23x_standard_peripheral/Source/gd32e23x_rtc.c ****     /* disable the write protection */
  51:../Firmware/GD32E23x_standard_peripheral/Source/gd32e23x_rtc.c ****     RTC_WPK = RTC_UNLOCK_KEY1;
  50              		.loc 1 51 5
  51 0018 42F62403 		movw	r3, #10276
  52 001c C4F20003 		movt	r3, 16384
  53              		.loc 1 51 13
  54 0020 CA22     		movs	r2, #202
  55 0022 1A60     		str	r2, [r3]
  52:../Firmware/GD32E23x_standard_peripheral/Source/gd32e23x_rtc.c ****     RTC_WPK = RTC_UNLOCK_KEY2;
  56              		.loc 1 52 5
  57 0024 42F62403 		movw	r3, #10276
  58 0028 C4F20003 		movt	r3, 16384
  59              		.loc 1 52 13
  60 002c 5322     		movs	r2, #83
  61 002e 1A60     		str	r2, [r3]
  53:../Firmware/GD32E23x_standard_peripheral/Source/gd32e23x_rtc.c **** 
  54:../Firmware/GD32E23x_standard_peripheral/Source/gd32e23x_rtc.c ****     /* reset RTC_CTL register, this can be done without the init mode */
  55:../Firmware/GD32E23x_standard_peripheral/Source/gd32e23x_rtc.c ****     RTC_CTL &= RTC_REGISTER_RESET;
  62              		.loc 1 55 13
  63 0030 42F60803 		movw	r3, #10248
  64 0034 C4F20003 		movt	r3, 16384
  65 0038 1B68     		ldr	r3, [r3]
  66 003a 42F60803 		movw	r3, #10248
  67 003e C4F20003 		movt	r3, 16384
  68 0042 0022     		movs	r2, #0
  69 0044 1A60     		str	r2, [r3]
  56:../Firmware/GD32E23x_standard_peripheral/Source/gd32e23x_rtc.c **** 
  57:../Firmware/GD32E23x_standard_peripheral/Source/gd32e23x_rtc.c ****     /* enter init mode */
  58:../Firmware/GD32E23x_standard_peripheral/Source/gd32e23x_rtc.c ****     error_status = rtc_init_mode_enter();
  70              		.loc 1 58 20
  71 0046 FC1D     		adds	r4, r7, #7
  72 0048 FFF7FEFF 		bl	rtc_init_mode_enter
  73 004c 0300     		movs	r3, r0
  74 004e 2370     		strb	r3, [r4]
  59:../Firmware/GD32E23x_standard_peripheral/Source/gd32e23x_rtc.c **** 
  60:../Firmware/GD32E23x_standard_peripheral/Source/gd32e23x_rtc.c ****     if(ERROR != error_status) {
  75              		.loc 1 60 7
  76 0050 FB1D     		adds	r3, r7, #7
  77 0052 1B78     		ldrb	r3, [r3]
  78 0054 BBB3     		cbz	r3, .L2
  61:../Firmware/GD32E23x_standard_peripheral/Source/gd32e23x_rtc.c ****         /* before reset RTC_TIME and RTC_DATE, BPSHAD bit in RTC_CTL should be reset as the conditi
  62:../Firmware/GD32E23x_standard_peripheral/Source/gd32e23x_rtc.c ****            in order to read calendar from shadow register, not the real registers being reset */
  63:../Firmware/GD32E23x_standard_peripheral/Source/gd32e23x_rtc.c ****         RTC_TIME = RTC_REGISTER_RESET;
  79              		.loc 1 63 9
  80 0056 42F60003 		movw	r3, #10240
  81 005a C4F20003 		movt	r3, 16384
  82              		.loc 1 63 18
  83 005e 0022     		movs	r2, #0
  84 0060 1A60     		str	r2, [r3]
  64:../Firmware/GD32E23x_standard_peripheral/Source/gd32e23x_rtc.c ****         RTC_DATE = RTC_DATE_RESET;
  85              		.loc 1 64 9
  86 0062 42F60403 		movw	r3, #10244
  87 0066 C4F20003 		movt	r3, 16384
  88              		.loc 1 64 18
  89 006a 42F20112 		movw	r2, #8449
  90 006e 1A60     		str	r2, [r3]
  65:../Firmware/GD32E23x_standard_peripheral/Source/gd32e23x_rtc.c **** 
  66:../Firmware/GD32E23x_standard_peripheral/Source/gd32e23x_rtc.c ****         RTC_PSC = RTC_PSC_RESET;
  91              		.loc 1 66 9
  92 0070 42F61003 		movw	r3, #10256
  93 0074 C4F20003 		movt	r3, 16384
  94              		.loc 1 66 17
  95 0078 FF22     		movs	r2, #255
  96 007a C0F27F02 		movt	r2, 127
  97 007e 1A60     		str	r2, [r3]
  67:../Firmware/GD32E23x_standard_peripheral/Source/gd32e23x_rtc.c **** 
  68:../Firmware/GD32E23x_standard_peripheral/Source/gd32e23x_rtc.c ****         /* reset RTC_STAT register, also exit init mode.
  69:../Firmware/GD32E23x_standard_peripheral/Source/gd32e23x_rtc.c ****            at the same time, RTC_STAT_SOPF bit is reset, as the condition to reset RTC_SHIFTCTL reg
  70:../Firmware/GD32E23x_standard_peripheral/Source/gd32e23x_rtc.c ****         RTC_STAT = RTC_STAT_RESET;
  98              		.loc 1 70 9
  99 0080 42F60C03 		movw	r3, #10252
 100 0084 C4F20003 		movt	r3, 16384
 101              		.loc 1 70 18
 102 0088 0722     		movs	r2, #7
 103 008a 1A60     		str	r2, [r3]
  71:../Firmware/GD32E23x_standard_peripheral/Source/gd32e23x_rtc.c **** 
  72:../Firmware/GD32E23x_standard_peripheral/Source/gd32e23x_rtc.c ****         /* to write RTC_ALRM0SS register, ALRM0EN bit in RTC_CTL register should be reset as the co
  73:../Firmware/GD32E23x_standard_peripheral/Source/gd32e23x_rtc.c ****         RTC_ALRM0TD = RTC_REGISTER_RESET;
 104              		.loc 1 73 9
 105 008c 42F61C03 		movw	r3, #10268
 106 0090 C4F20003 		movt	r3, 16384
 107              		.loc 1 73 21
 108 0094 0022     		movs	r2, #0
 109 0096 1A60     		str	r2, [r3]
  74:../Firmware/GD32E23x_standard_peripheral/Source/gd32e23x_rtc.c ****         RTC_ALRM0SS = RTC_REGISTER_RESET;
 110              		.loc 1 74 9
 111 0098 42F64403 		movw	r3, #10308
 112 009c C4F20003 		movt	r3, 16384
 113              		.loc 1 74 21
 114 00a0 0022     		movs	r2, #0
 115 00a2 1A60     		str	r2, [r3]
  75:../Firmware/GD32E23x_standard_peripheral/Source/gd32e23x_rtc.c **** 
  76:../Firmware/GD32E23x_standard_peripheral/Source/gd32e23x_rtc.c ****         /* reset RTC_SHIFTCTL and RTC_HRFC register, this can be done without the init mode */
  77:../Firmware/GD32E23x_standard_peripheral/Source/gd32e23x_rtc.c ****         RTC_SHIFTCTL = RTC_REGISTER_RESET;
 116              		.loc 1 77 9
 117 00a4 42F62C03 		movw	r3, #10284
 118 00a8 C4F20003 		movt	r3, 16384
 119              		.loc 1 77 22
 120 00ac 0022     		movs	r2, #0
 121 00ae 1A60     		str	r2, [r3]
  78:../Firmware/GD32E23x_standard_peripheral/Source/gd32e23x_rtc.c ****         RTC_HRFC = RTC_REGISTER_RESET;
 122              		.loc 1 78 9
 123 00b0 42F63C03 		movw	r3, #10300
 124 00b4 C4F20003 		movt	r3, 16384
 125              		.loc 1 78 18
 126 00b8 0022     		movs	r2, #0
 127 00ba 1A60     		str	r2, [r3]
  79:../Firmware/GD32E23x_standard_peripheral/Source/gd32e23x_rtc.c **** 
  80:../Firmware/GD32E23x_standard_peripheral/Source/gd32e23x_rtc.c ****         error_status = rtc_register_sync_wait();
 128              		.loc 1 80 24
 129 00bc FC1D     		adds	r4, r7, #7
 130 00be FFF7FEFF 		bl	rtc_register_sync_wait
 131 00c2 0300     		movs	r3, r0
 132 00c4 2370     		strb	r3, [r4]
 133              	.L2:
  81:../Firmware/GD32E23x_standard_peripheral/Source/gd32e23x_rtc.c ****     }
  82:../Firmware/GD32E23x_standard_peripheral/Source/gd32e23x_rtc.c **** 
  83:../Firmware/GD32E23x_standard_peripheral/Source/gd32e23x_rtc.c ****     /* enable the write protection */
  84:../Firmware/GD32E23x_standard_peripheral/Source/gd32e23x_rtc.c ****     RTC_WPK = RTC_LOCK_KEY;
 134              		.loc 1 84 5
 135 00c6 42F62403 		movw	r3, #10276
 136 00ca C4F20003 		movt	r3, 16384
 137              		.loc 1 84 13
 138 00ce FF22     		movs	r2, #255
 139 00d0 1A60     		str	r2, [r3]
  85:../Firmware/GD32E23x_standard_peripheral/Source/gd32e23x_rtc.c **** 
  86:../Firmware/GD32E23x_standard_peripheral/Source/gd32e23x_rtc.c ****     return error_status;
 140              		.loc 1 86 12
 141 00d2 FB1D     		adds	r3, r7, #7
 142 00d4 1B78     		ldrb	r3, [r3]
  87:../Firmware/GD32E23x_standard_peripheral/Source/gd32e23x_rtc.c **** }
 143              		.loc 1 87 1
 144 00d6 1800     		movs	r0, r3
 145 00d8 BD46     		mov	sp, r7
 146 00da 03B0     		add	sp, sp, #12
 147              		@ sp needed
 148 00dc 90BD     		pop	{r4, r7, pc}
 149              		.cfi_endproc
 150              	.LFE58:
 152              		.section	.text.rtc_init,"ax",%progbits
 153              		.align	1
 154              		.global	rtc_init
 155              		.syntax unified
 156              		.code	16
 157              		.thumb_func
 158              		.fpu softvfp
 160              	rtc_init:
 161              	.LFB59:
  88:../Firmware/GD32E23x_standard_peripheral/Source/gd32e23x_rtc.c **** 
  89:../Firmware/GD32E23x_standard_peripheral/Source/gd32e23x_rtc.c **** /*!
  90:../Firmware/GD32E23x_standard_peripheral/Source/gd32e23x_rtc.c ****     \brief      initialize RTC registers
  91:../Firmware/GD32E23x_standard_peripheral/Source/gd32e23x_rtc.c ****     \param[in]  rtc_initpara_struct: pointer to a rtc_parameter_struct structure which contains
  92:../Firmware/GD32E23x_standard_peripheral/Source/gd32e23x_rtc.c ****                 parameters for initialization of the rtc peripheral
  93:../Firmware/GD32E23x_standard_peripheral/Source/gd32e23x_rtc.c ****                 members of the structure and the member values are shown as below:
  94:../Firmware/GD32E23x_standard_peripheral/Source/gd32e23x_rtc.c ****                   rtc_year: 0x0 - 0x99(BCD format)
  95:../Firmware/GD32E23x_standard_peripheral/Source/gd32e23x_rtc.c ****                   rtc_month: RTC_JAN, RTC_FEB, RTC_MAR, RTC_APR, RTC_MAY, RTC_JUN,
  96:../Firmware/GD32E23x_standard_peripheral/Source/gd32e23x_rtc.c ****                              RTC_JUL, RTC_AUG, RTC_SEP, RTC_OCT, RTC_NOV, RTC_DEC
  97:../Firmware/GD32E23x_standard_peripheral/Source/gd32e23x_rtc.c ****                   rtc_date: 0x1 - 0x31(BCD format)
  98:../Firmware/GD32E23x_standard_peripheral/Source/gd32e23x_rtc.c ****                   rtc_day_of_week: RTC_MONDAY, RTC_TUESDAY, RTC_WEDSDAY, RTC_THURSDAY
  99:../Firmware/GD32E23x_standard_peripheral/Source/gd32e23x_rtc.c ****                                    RTC_FRIDAY, RTC_SATURDAY, RTC_SUNDAY
 100:../Firmware/GD32E23x_standard_peripheral/Source/gd32e23x_rtc.c ****                   rtc_hour: 0x0 - 0x12(BCD format) or 0x0 - 0x23(BCD format) depending on the rtc_d
 101:../Firmware/GD32E23x_standard_peripheral/Source/gd32e23x_rtc.c ****                   rtc_minute: 0x0 - 0x59(BCD format)
 102:../Firmware/GD32E23x_standard_peripheral/Source/gd32e23x_rtc.c ****                   rtc_second: 0x0 - 0x59(BCD format)
 103:../Firmware/GD32E23x_standard_peripheral/Source/gd32e23x_rtc.c ****                   rtc_factor_asyn: 0x0 - 0x7F
 104:../Firmware/GD32E23x_standard_peripheral/Source/gd32e23x_rtc.c ****                   rtc_factor_syn: 0x0 - 0x7FFF
 105:../Firmware/GD32E23x_standard_peripheral/Source/gd32e23x_rtc.c ****                   rtc_am_pm: RTC_AM, RTC_PM
 106:../Firmware/GD32E23x_standard_peripheral/Source/gd32e23x_rtc.c ****                   rtc_display_format: RTC_24HOUR, RTC_12HOUR
 107:../Firmware/GD32E23x_standard_peripheral/Source/gd32e23x_rtc.c ****     \param[out] none
 108:../Firmware/GD32E23x_standard_peripheral/Source/gd32e23x_rtc.c ****     \retval     ErrStatus: ERROR or SUCCESS
 109:../Firmware/GD32E23x_standard_peripheral/Source/gd32e23x_rtc.c **** */
 110:../Firmware/GD32E23x_standard_peripheral/Source/gd32e23x_rtc.c **** ErrStatus rtc_init(rtc_parameter_struct *rtc_initpara_struct)
 111:../Firmware/GD32E23x_standard_peripheral/Source/gd32e23x_rtc.c **** {
 162              		.loc 1 111 1
 163              		.cfi_startproc
 164              		@ args = 0, pretend = 0, frame = 24
 165              		@ frame_needed = 1, uses_anonymous_args = 0
 166 0000 B0B5     		push	{r4, r5, r7, lr}
 167              		.cfi_def_cfa_offset 16
 168              		.cfi_offset 4, -16
 169              		.cfi_offset 5, -12
 170              		.cfi_offset 7, -8
 171              		.cfi_offset 14, -4
 172 0002 86B0     		sub	sp, sp, #24
 173              		.cfi_def_cfa_offset 40
 174 0004 00AF     		add	r7, sp, #0
 175              		.cfi_def_cfa_register 7
 176 0006 7860     		str	r0, [r7, #4]
 112:../Firmware/GD32E23x_standard_peripheral/Source/gd32e23x_rtc.c ****     ErrStatus error_status = ERROR;
 177              		.loc 1 112 15
 178 0008 1720     		movs	r0, #23
 179 000a 3B18     		adds	r3, r7, r0
 180 000c 0022     		movs	r2, #0
 181 000e 1A70     		strb	r2, [r3]
 113:../Firmware/GD32E23x_standard_peripheral/Source/gd32e23x_rtc.c ****     uint32_t reg_time = 0x00U, reg_date = 0x00U;
 182              		.loc 1 113 14
 183 0010 0023     		movs	r3, #0
 184 0012 3B61     		str	r3, [r7, #16]
 185              		.loc 1 113 32
 186 0014 0023     		movs	r3, #0
 187 0016 FB60     		str	r3, [r7, #12]
 114:../Firmware/GD32E23x_standard_peripheral/Source/gd32e23x_rtc.c **** 
 115:../Firmware/GD32E23x_standard_peripheral/Source/gd32e23x_rtc.c ****     reg_date = (DATE_YR(rtc_initpara_struct->rtc_year) | \
 188              		.loc 1 115 17
 189 0018 7B68     		ldr	r3, [r7, #4]
 190 001a 1B78     		ldrb	r3, [r3]
 191 001c 1A04     		lsls	r2, r3, #16
 192 001e FF23     		movs	r3, #255
 193 0020 1B04     		lsls	r3, r3, #16
 194 0022 1A40     		ands	r2, r3
 116:../Firmware/GD32E23x_standard_peripheral/Source/gd32e23x_rtc.c ****                 DATE_DOW(rtc_initpara_struct->rtc_day_of_week) | \
 195              		.loc 1 116 17
 196 0024 7B68     		ldr	r3, [r7, #4]
 197 0026 DB78     		ldrb	r3, [r3, #3]
 198 0028 5B03     		lsls	r3, r3, #13
 199 002a 1B04     		lsls	r3, r3, #16
 200 002c 1B0C     		lsrs	r3, r3, #16
 115:../Firmware/GD32E23x_standard_peripheral/Source/gd32e23x_rtc.c ****                 DATE_DOW(rtc_initpara_struct->rtc_day_of_week) | \
 201              		.loc 1 115 56
 202 002e 1A43     		orrs	r2, r3
 117:../Firmware/GD32E23x_standard_peripheral/Source/gd32e23x_rtc.c ****                 DATE_MON(rtc_initpara_struct->rtc_month) | \
 203              		.loc 1 117 17
 204 0030 7B68     		ldr	r3, [r7, #4]
 205 0032 5B78     		ldrb	r3, [r3, #1]
 206 0034 1B02     		lsls	r3, r3, #8
 207 0036 41F60071 		movw	r1, #7936
 208 003a 0B40     		ands	r3, r1
 116:../Firmware/GD32E23x_standard_peripheral/Source/gd32e23x_rtc.c ****                 DATE_DOW(rtc_initpara_struct->rtc_day_of_week) | \
 209              		.loc 1 116 64
 210 003c 1A43     		orrs	r2, r3
 118:../Firmware/GD32E23x_standard_peripheral/Source/gd32e23x_rtc.c ****                 DATE_DAY(rtc_initpara_struct->rtc_date));
 211              		.loc 1 118 17
 212 003e 7B68     		ldr	r3, [r7, #4]
 213 0040 9B78     		ldrb	r3, [r3, #2]
 214 0042 1900     		movs	r1, r3
 215 0044 3F23     		movs	r3, #63
 216 0046 0B40     		ands	r3, r1
 115:../Firmware/GD32E23x_standard_peripheral/Source/gd32e23x_rtc.c ****                 DATE_DOW(rtc_initpara_struct->rtc_day_of_week) | \
 217              		.loc 1 115 14
 218 0048 1343     		orrs	r3, r2
 219 004a FB60     		str	r3, [r7, #12]
 119:../Firmware/GD32E23x_standard_peripheral/Source/gd32e23x_rtc.c **** 
 120:../Firmware/GD32E23x_standard_peripheral/Source/gd32e23x_rtc.c ****     reg_time = (rtc_initpara_struct->rtc_am_pm | \
 220              		.loc 1 120 36
 221 004c 7B68     		ldr	r3, [r7, #4]
 222 004e DA68     		ldr	r2, [r3, #12]
 121:../Firmware/GD32E23x_standard_peripheral/Source/gd32e23x_rtc.c ****                 TIME_HR(rtc_initpara_struct->rtc_hour) | \
 223              		.loc 1 121 17
 224 0050 7B68     		ldr	r3, [r7, #4]
 225 0052 1B79     		ldrb	r3, [r3, #4]
 226 0054 1904     		lsls	r1, r3, #16
 227 0056 FC23     		movs	r3, #252
 228 0058 9B03     		lsls	r3, r3, #14
 229 005a 0B40     		ands	r3, r1
 120:../Firmware/GD32E23x_standard_peripheral/Source/gd32e23x_rtc.c ****                 TIME_HR(rtc_initpara_struct->rtc_hour) | \
 230              		.loc 1 120 48
 231 005c 1A43     		orrs	r2, r3
 122:../Firmware/GD32E23x_standard_peripheral/Source/gd32e23x_rtc.c ****                 TIME_MN(rtc_initpara_struct->rtc_minute) | \
 232              		.loc 1 122 17
 233 005e 7B68     		ldr	r3, [r7, #4]
 234 0060 5B79     		ldrb	r3, [r3, #5]
 235 0062 1B02     		lsls	r3, r3, #8
 236 0064 47F60071 		movw	r1, #32512
 237 0068 0B40     		ands	r3, r1
 121:../Firmware/GD32E23x_standard_peripheral/Source/gd32e23x_rtc.c ****                 TIME_HR(rtc_initpara_struct->rtc_hour) | \
 238              		.loc 1 121 56
 239 006a 1A43     		orrs	r2, r3
 123:../Firmware/GD32E23x_standard_peripheral/Source/gd32e23x_rtc.c ****                 TIME_SC(rtc_initpara_struct->rtc_second));
 240              		.loc 1 123 17
 241 006c 7B68     		ldr	r3, [r7, #4]
 242 006e 9B79     		ldrb	r3, [r3, #6]
 243 0070 1900     		movs	r1, r3
 244 0072 7F23     		movs	r3, #127
 245 0074 0B40     		ands	r3, r1
 120:../Firmware/GD32E23x_standard_peripheral/Source/gd32e23x_rtc.c ****                 TIME_HR(rtc_initpara_struct->rtc_hour) | \
 246              		.loc 1 120 14
 247 0076 1343     		orrs	r3, r2
 248 0078 3B61     		str	r3, [r7, #16]
 124:../Firmware/GD32E23x_standard_peripheral/Source/gd32e23x_rtc.c **** 
 125:../Firmware/GD32E23x_standard_peripheral/Source/gd32e23x_rtc.c ****     /* 1st: disable the write protection */
 126:../Firmware/GD32E23x_standard_peripheral/Source/gd32e23x_rtc.c ****     RTC_WPK = RTC_UNLOCK_KEY1;
 249              		.loc 1 126 5
 250 007a 42F62403 		movw	r3, #10276
 251 007e C4F20003 		movt	r3, 16384
 252              		.loc 1 126 13
 253 0082 CA22     		movs	r2, #202
 254 0084 1A60     		str	r2, [r3]
 127:../Firmware/GD32E23x_standard_peripheral/Source/gd32e23x_rtc.c ****     RTC_WPK = RTC_UNLOCK_KEY2;
 255              		.loc 1 127 5
 256 0086 42F62403 		movw	r3, #10276
 257 008a C4F20003 		movt	r3, 16384
 258              		.loc 1 127 13
 259 008e 5322     		movs	r2, #83
 260 0090 1A60     		str	r2, [r3]
 128:../Firmware/GD32E23x_standard_peripheral/Source/gd32e23x_rtc.c **** 
 129:../Firmware/GD32E23x_standard_peripheral/Source/gd32e23x_rtc.c ****     /* 2nd: enter init mode */
 130:../Firmware/GD32E23x_standard_peripheral/Source/gd32e23x_rtc.c ****     error_status = rtc_init_mode_enter();
 261              		.loc 1 130 20
 262 0092 0500     		movs	r5, r0
 263 0094 3C18     		adds	r4, r7, r0
 264 0096 FFF7FEFF 		bl	rtc_init_mode_enter
 265 009a 0300     		movs	r3, r0
 266 009c 2370     		strb	r3, [r4]
 131:../Firmware/GD32E23x_standard_peripheral/Source/gd32e23x_rtc.c **** 
 132:../Firmware/GD32E23x_standard_peripheral/Source/gd32e23x_rtc.c ****     if(ERROR != error_status) {
 267              		.loc 1 132 7
 268 009e 2C00     		movs	r4, r5
 269 00a0 3B19     		adds	r3, r7, r4
 270 00a2 1B78     		ldrb	r3, [r3]
 271 00a4 E3B3     		cbz	r3, .L5
 133:../Firmware/GD32E23x_standard_peripheral/Source/gd32e23x_rtc.c ****         RTC_PSC = (uint32_t)(PSC_FACTOR_A(rtc_initpara_struct->rtc_factor_asyn) | \
 272              		.loc 1 133 30
 273 00a6 7B68     		ldr	r3, [r7, #4]
 274 00a8 1B89     		ldrh	r3, [r3, #8]
 275 00aa 1A04     		lsls	r2, r3, #16
 276 00ac FE23     		movs	r3, #254
 277 00ae DB03     		lsls	r3, r3, #15
 278 00b0 1A40     		ands	r2, r3
 279 00b2 1100     		movs	r1, r2
 134:../Firmware/GD32E23x_standard_peripheral/Source/gd32e23x_rtc.c ****                              PSC_FACTOR_S(rtc_initpara_struct->rtc_factor_syn));
 280              		.loc 1 134 30
 281 00b4 7B68     		ldr	r3, [r7, #4]
 282 00b6 5B89     		ldrh	r3, [r3, #10]
 283 00b8 5B04     		lsls	r3, r3, #17
 284 00ba 5A0C     		lsrs	r2, r3, #17
 133:../Firmware/GD32E23x_standard_peripheral/Source/gd32e23x_rtc.c ****         RTC_PSC = (uint32_t)(PSC_FACTOR_A(rtc_initpara_struct->rtc_factor_asyn) | \
 285              		.loc 1 133 9
 286 00bc 42F61003 		movw	r3, #10256
 287 00c0 C4F20003 		movt	r3, 16384
 133:../Firmware/GD32E23x_standard_peripheral/Source/gd32e23x_rtc.c ****         RTC_PSC = (uint32_t)(PSC_FACTOR_A(rtc_initpara_struct->rtc_factor_asyn) | \
 288              		.loc 1 133 19
 289 00c4 0A43     		orrs	r2, r1
 133:../Firmware/GD32E23x_standard_peripheral/Source/gd32e23x_rtc.c ****         RTC_PSC = (uint32_t)(PSC_FACTOR_A(rtc_initpara_struct->rtc_factor_asyn) | \
 290              		.loc 1 133 17
 291 00c6 1A60     		str	r2, [r3]
 135:../Firmware/GD32E23x_standard_peripheral/Source/gd32e23x_rtc.c **** 
 136:../Firmware/GD32E23x_standard_peripheral/Source/gd32e23x_rtc.c ****         RTC_TIME = (uint32_t)reg_time;
 292              		.loc 1 136 9
 293 00c8 42F60003 		movw	r3, #10240
 294 00cc C4F20003 		movt	r3, 16384
 295              		.loc 1 136 18
 296 00d0 3A69     		ldr	r2, [r7, #16]
 297 00d2 1A60     		str	r2, [r3]
 137:../Firmware/GD32E23x_standard_peripheral/Source/gd32e23x_rtc.c ****         RTC_DATE = (uint32_t)reg_date;
 298              		.loc 1 137 9
 299 00d4 42F60403 		movw	r3, #10244
 300 00d8 C4F20003 		movt	r3, 16384
 301              		.loc 1 137 18
 302 00dc FA68     		ldr	r2, [r7, #12]
 303 00de 1A60     		str	r2, [r3]
 138:../Firmware/GD32E23x_standard_peripheral/Source/gd32e23x_rtc.c **** 
 139:../Firmware/GD32E23x_standard_peripheral/Source/gd32e23x_rtc.c ****         RTC_CTL &= (uint32_t)(~RTC_CTL_CS);
 304              		.loc 1 139 17
 305 00e0 42F60803 		movw	r3, #10248
 306 00e4 C4F20003 		movt	r3, 16384
 307 00e8 1A68     		ldr	r2, [r3]
 308 00ea 42F60803 		movw	r3, #10248
 309 00ee C4F20003 		movt	r3, 16384
 310 00f2 4021     		movs	r1, #64
 311 00f4 8A43     		bics	r2, r1
 312 00f6 1A60     		str	r2, [r3]
 140:../Firmware/GD32E23x_standard_peripheral/Source/gd32e23x_rtc.c ****         RTC_CTL |=  rtc_initpara_struct->rtc_display_format;
 313              		.loc 1 140 17
 314 00f8 42F60803 		movw	r3, #10248
 315 00fc C4F20003 		movt	r3, 16384
 316 0100 1968     		ldr	r1, [r3]
 317              		.loc 1 140 40
 318 0102 7B68     		ldr	r3, [r7, #4]
 319 0104 1A69     		ldr	r2, [r3, #16]
 320              		.loc 1 140 17
 321 0106 42F60803 		movw	r3, #10248
 322 010a C4F20003 		movt	r3, 16384
 323 010e 0A43     		orrs	r2, r1
 324 0110 1A60     		str	r2, [r3]
 141:../Firmware/GD32E23x_standard_peripheral/Source/gd32e23x_rtc.c **** 
 142:../Firmware/GD32E23x_standard_peripheral/Source/gd32e23x_rtc.c ****         /* 3rd: exit init mode */
 143:../Firmware/GD32E23x_standard_peripheral/Source/gd32e23x_rtc.c ****         rtc_init_mode_exit();
 325              		.loc 1 143 9
 326 0112 FFF7FEFF 		bl	rtc_init_mode_exit
 144:../Firmware/GD32E23x_standard_peripheral/Source/gd32e23x_rtc.c **** 
 145:../Firmware/GD32E23x_standard_peripheral/Source/gd32e23x_rtc.c ****         /* 4th: wait the RSYNF flag to set */
 146:../Firmware/GD32E23x_standard_peripheral/Source/gd32e23x_rtc.c ****         error_status = rtc_register_sync_wait();
 327              		.loc 1 146 24
 328 0116 3C19     		adds	r4, r7, r4
 329 0118 FFF7FEFF 		bl	rtc_register_sync_wait
 330 011c 0300     		movs	r3, r0
 331 011e 2370     		strb	r3, [r4]
 332              	.L5:
 147:../Firmware/GD32E23x_standard_peripheral/Source/gd32e23x_rtc.c ****     }
 148:../Firmware/GD32E23x_standard_peripheral/Source/gd32e23x_rtc.c **** 
 149:../Firmware/GD32E23x_standard_peripheral/Source/gd32e23x_rtc.c ****     /* 5th: enable the write protection */
 150:../Firmware/GD32E23x_standard_peripheral/Source/gd32e23x_rtc.c ****     RTC_WPK = RTC_LOCK_KEY;
 333              		.loc 1 150 5
 334 0120 42F62403 		movw	r3, #10276
 335 0124 C4F20003 		movt	r3, 16384
 336              		.loc 1 150 13
 337 0128 FF22     		movs	r2, #255
 338 012a 1A60     		str	r2, [r3]
 151:../Firmware/GD32E23x_standard_peripheral/Source/gd32e23x_rtc.c **** 
 152:../Firmware/GD32E23x_standard_peripheral/Source/gd32e23x_rtc.c ****     return error_status;
 339              		.loc 1 152 12
 340 012c 1723     		movs	r3, #23
 341 012e FB18     		adds	r3, r7, r3
 342 0130 1B78     		ldrb	r3, [r3]
 153:../Firmware/GD32E23x_standard_peripheral/Source/gd32e23x_rtc.c **** }
 343              		.loc 1 153 1
 344 0132 1800     		movs	r0, r3
 345 0134 BD46     		mov	sp, r7
 346 0136 06B0     		add	sp, sp, #24
 347              		@ sp needed
 348 0138 B0BD     		pop	{r4, r5, r7, pc}
 349              		.cfi_endproc
 350              	.LFE59:
 352              		.section	.text.rtc_init_mode_enter,"ax",%progbits
 353              		.align	1
 354              		.global	rtc_init_mode_enter
 355              		.syntax unified
 356              		.code	16
 357              		.thumb_func
 358              		.fpu softvfp
 360              	rtc_init_mode_enter:
 361              	.LFB60:
 154:../Firmware/GD32E23x_standard_peripheral/Source/gd32e23x_rtc.c **** 
 155:../Firmware/GD32E23x_standard_peripheral/Source/gd32e23x_rtc.c **** /*!
 156:../Firmware/GD32E23x_standard_peripheral/Source/gd32e23x_rtc.c ****     \brief      enter RTC init mode
 157:../Firmware/GD32E23x_standard_peripheral/Source/gd32e23x_rtc.c ****     \param[in]  none
 158:../Firmware/GD32E23x_standard_peripheral/Source/gd32e23x_rtc.c ****     \param[out] none
 159:../Firmware/GD32E23x_standard_peripheral/Source/gd32e23x_rtc.c ****     \retval     ErrStatus: ERROR or SUCCESS
 160:../Firmware/GD32E23x_standard_peripheral/Source/gd32e23x_rtc.c **** */
 161:../Firmware/GD32E23x_standard_peripheral/Source/gd32e23x_rtc.c **** ErrStatus rtc_init_mode_enter(void)
 162:../Firmware/GD32E23x_standard_peripheral/Source/gd32e23x_rtc.c **** {
 362              		.loc 1 162 1
 363              		.cfi_startproc
 364              		@ args = 0, pretend = 0, frame = 16
 365              		@ frame_needed = 1, uses_anonymous_args = 0
 366 0000 80B5     		push	{r7, lr}
 367              		.cfi_def_cfa_offset 8
 368              		.cfi_offset 7, -8
 369              		.cfi_offset 14, -4
 370 0002 84B0     		sub	sp, sp, #16
 371              		.cfi_def_cfa_offset 24
 372 0004 00AF     		add	r7, sp, #0
 373              		.cfi_def_cfa_register 7
 163:../Firmware/GD32E23x_standard_peripheral/Source/gd32e23x_rtc.c ****     uint32_t time_index = RTC_INITM_TIMEOUT;
 374              		.loc 1 163 14
 375 0006 44F20003 		movw	r3, #16384
 376 000a FB60     		str	r3, [r7, #12]
 164:../Firmware/GD32E23x_standard_peripheral/Source/gd32e23x_rtc.c ****     uint32_t flag_status = RESET;
 377              		.loc 1 164 14
 378 000c 0023     		movs	r3, #0
 379 000e 7B60     		str	r3, [r7, #4]
 165:../Firmware/GD32E23x_standard_peripheral/Source/gd32e23x_rtc.c ****     ErrStatus error_status = ERROR;
 380              		.loc 1 165 15
 381 0010 0B23     		movs	r3, #11
 382 0012 FB18     		adds	r3, r7, r3
 383 0014 0022     		movs	r2, #0
 384 0016 1A70     		strb	r2, [r3]
 166:../Firmware/GD32E23x_standard_peripheral/Source/gd32e23x_rtc.c **** 
 167:../Firmware/GD32E23x_standard_peripheral/Source/gd32e23x_rtc.c ****     /* check whether it has been in init mode */
 168:../Firmware/GD32E23x_standard_peripheral/Source/gd32e23x_rtc.c ****     if((uint32_t)RESET == (RTC_STAT & RTC_STAT_INITF)) {
 385              		.loc 1 168 28
 386 0018 42F60C03 		movw	r3, #10252
 387 001c C4F20003 		movt	r3, 16384
 388 0020 1B68     		ldr	r3, [r3]
 389              		.loc 1 168 37
 390 0022 4022     		movs	r2, #64
 391 0024 1340     		ands	r3, r2
 392              		.loc 1 168 7
 393 0026 13BB     		cbnz	r3, .L8
 169:../Firmware/GD32E23x_standard_peripheral/Source/gd32e23x_rtc.c ****         RTC_STAT |= RTC_STAT_INITM;
 394              		.loc 1 169 18
 395 0028 42F60C03 		movw	r3, #10252
 396 002c C4F20003 		movt	r3, 16384
 397 0030 1A68     		ldr	r2, [r3]
 398 0032 42F60C03 		movw	r3, #10252
 399 0036 C4F20003 		movt	r3, 16384
 400 003a 8021     		movs	r1, #128
 401 003c 0A43     		orrs	r2, r1
 402 003e 1A60     		str	r2, [r3]
 403              	.L10:
 170:../Firmware/GD32E23x_standard_peripheral/Source/gd32e23x_rtc.c **** 
 171:../Firmware/GD32E23x_standard_peripheral/Source/gd32e23x_rtc.c ****         /* wait until the INITF flag to be set */
 172:../Firmware/GD32E23x_standard_peripheral/Source/gd32e23x_rtc.c ****         do {
 173:../Firmware/GD32E23x_standard_peripheral/Source/gd32e23x_rtc.c ****             flag_status = RTC_STAT & RTC_STAT_INITF;
 404              		.loc 1 173 27 discriminator 2
 405 0040 42F60C03 		movw	r3, #10252
 406 0044 C4F20003 		movt	r3, 16384
 407 0048 1B68     		ldr	r3, [r3]
 408              		.loc 1 173 25 discriminator 2
 409 004a 4022     		movs	r2, #64
 410 004c 1340     		ands	r3, r2
 411 004e 7B60     		str	r3, [r7, #4]
 174:../Firmware/GD32E23x_standard_peripheral/Source/gd32e23x_rtc.c ****         } while((--time_index > 0x00U) && ((uint32_t)RESET == flag_status));
 412              		.loc 1 174 9 discriminator 2
 413 0050 FB68     		ldr	r3, [r7, #12]
 414 0052 013B     		subs	r3, r3, #1
 415 0054 FB60     		str	r3, [r7, #12]
 416 0056 FB68     		ldr	r3, [r7, #12]
 417 0058 13B1     		cbz	r3, .L9
 418              		.loc 1 174 40 discriminator 1
 419 005a 7B68     		ldr	r3, [r7, #4]
 420 005c 002B     		cmp	r3, #0
 421 005e EFD0     		beq	.L10
 422              	.L9:
 175:../Firmware/GD32E23x_standard_peripheral/Source/gd32e23x_rtc.c **** 
 176:../Firmware/GD32E23x_standard_peripheral/Source/gd32e23x_rtc.c ****         if((uint32_t)RESET != flag_status) {
 423              		.loc 1 176 11
 424 0060 7B68     		ldr	r3, [r7, #4]
 425 0062 43B1     		cbz	r3, .L11
 177:../Firmware/GD32E23x_standard_peripheral/Source/gd32e23x_rtc.c ****             error_status = SUCCESS;
 426              		.loc 1 177 26
 427 0064 0B23     		movs	r3, #11
 428 0066 FB18     		adds	r3, r7, r3
 429 0068 0122     		movs	r2, #1
 430 006a 1A70     		strb	r2, [r3]
 431 006c 03E0     		b	.L11
 432              	.L8:
 178:../Firmware/GD32E23x_standard_peripheral/Source/gd32e23x_rtc.c ****         }
 179:../Firmware/GD32E23x_standard_peripheral/Source/gd32e23x_rtc.c ****     } else {
 180:../Firmware/GD32E23x_standard_peripheral/Source/gd32e23x_rtc.c ****         error_status = SUCCESS;
 433              		.loc 1 180 22
 434 006e 0B23     		movs	r3, #11
 435 0070 FB18     		adds	r3, r7, r3
 436 0072 0122     		movs	r2, #1
 437 0074 1A70     		strb	r2, [r3]
 438              	.L11:
 181:../Firmware/GD32E23x_standard_peripheral/Source/gd32e23x_rtc.c ****     }
 182:../Firmware/GD32E23x_standard_peripheral/Source/gd32e23x_rtc.c ****     return error_status;
 439              		.loc 1 182 12
 440 0076 0B23     		movs	r3, #11
 441 0078 FB18     		adds	r3, r7, r3
 442 007a 1B78     		ldrb	r3, [r3]
 183:../Firmware/GD32E23x_standard_peripheral/Source/gd32e23x_rtc.c **** }
 443              		.loc 1 183 1
 444 007c 1800     		movs	r0, r3
 445 007e BD46     		mov	sp, r7
 446 0080 04B0     		add	sp, sp, #16
 447              		@ sp needed
 448 0082 80BD     		pop	{r7, pc}
 449              		.cfi_endproc
 450              	.LFE60:
 452              		.section	.text.rtc_init_mode_exit,"ax",%progbits
 453              		.align	1
 454              		.global	rtc_init_mode_exit
 455              		.syntax unified
 456              		.code	16
 457              		.thumb_func
 458              		.fpu softvfp
 460              	rtc_init_mode_exit:
 461              	.LFB61:
 184:../Firmware/GD32E23x_standard_peripheral/Source/gd32e23x_rtc.c **** 
 185:../Firmware/GD32E23x_standard_peripheral/Source/gd32e23x_rtc.c **** /*!
 186:../Firmware/GD32E23x_standard_peripheral/Source/gd32e23x_rtc.c ****     \brief      exit RTC init mode
 187:../Firmware/GD32E23x_standard_peripheral/Source/gd32e23x_rtc.c ****     \param[in]  none
 188:../Firmware/GD32E23x_standard_peripheral/Source/gd32e23x_rtc.c ****     \param[out] none
 189:../Firmware/GD32E23x_standard_peripheral/Source/gd32e23x_rtc.c ****     \retval     none
 190:../Firmware/GD32E23x_standard_peripheral/Source/gd32e23x_rtc.c **** */
 191:../Firmware/GD32E23x_standard_peripheral/Source/gd32e23x_rtc.c **** void rtc_init_mode_exit(void)
 192:../Firmware/GD32E23x_standard_peripheral/Source/gd32e23x_rtc.c **** {
 462              		.loc 1 192 1
 463              		.cfi_startproc
 464              		@ args = 0, pretend = 0, frame = 0
 465              		@ frame_needed = 1, uses_anonymous_args = 0
 466 0000 80B5     		push	{r7, lr}
 467              		.cfi_def_cfa_offset 8
 468              		.cfi_offset 7, -8
 469              		.cfi_offset 14, -4
 470 0002 00AF     		add	r7, sp, #0
 471              		.cfi_def_cfa_register 7
 193:../Firmware/GD32E23x_standard_peripheral/Source/gd32e23x_rtc.c ****     RTC_STAT &= (uint32_t)(~RTC_STAT_INITM);
 472              		.loc 1 193 14
 473 0004 42F60C03 		movw	r3, #10252
 474 0008 C4F20003 		movt	r3, 16384
 475 000c 1A68     		ldr	r2, [r3]
 476 000e 42F60C03 		movw	r3, #10252
 477 0012 C4F20003 		movt	r3, 16384
 478 0016 8021     		movs	r1, #128
 479 0018 8A43     		bics	r2, r1
 480 001a 1A60     		str	r2, [r3]
 194:../Firmware/GD32E23x_standard_peripheral/Source/gd32e23x_rtc.c **** }
 481              		.loc 1 194 1
 482 001c C046     		nop
 483 001e BD46     		mov	sp, r7
 484              		@ sp needed
 485 0020 80BD     		pop	{r7, pc}
 486              		.cfi_endproc
 487              	.LFE61:
 489              		.section	.text.rtc_register_sync_wait,"ax",%progbits
 490              		.align	1
 491              		.global	rtc_register_sync_wait
 492              		.syntax unified
 493              		.code	16
 494              		.thumb_func
 495              		.fpu softvfp
 497              	rtc_register_sync_wait:
 498              	.LFB62:
 195:../Firmware/GD32E23x_standard_peripheral/Source/gd32e23x_rtc.c **** 
 196:../Firmware/GD32E23x_standard_peripheral/Source/gd32e23x_rtc.c **** /*!
 197:../Firmware/GD32E23x_standard_peripheral/Source/gd32e23x_rtc.c ****     \brief      wait until RTC_TIME and RTC_DATE registers are synchronized with APB clock, and the
 198:../Firmware/GD32E23x_standard_peripheral/Source/gd32e23x_rtc.c ****                 registers are updated
 199:../Firmware/GD32E23x_standard_peripheral/Source/gd32e23x_rtc.c ****     \param[in]  none
 200:../Firmware/GD32E23x_standard_peripheral/Source/gd32e23x_rtc.c ****     \param[out] none
 201:../Firmware/GD32E23x_standard_peripheral/Source/gd32e23x_rtc.c ****     \retval     ErrStatus: ERROR or SUCCESS
 202:../Firmware/GD32E23x_standard_peripheral/Source/gd32e23x_rtc.c **** */
 203:../Firmware/GD32E23x_standard_peripheral/Source/gd32e23x_rtc.c **** ErrStatus rtc_register_sync_wait(void)
 204:../Firmware/GD32E23x_standard_peripheral/Source/gd32e23x_rtc.c **** {
 499              		.loc 1 204 1
 500              		.cfi_startproc
 501              		@ args = 0, pretend = 0, frame = 16
 502              		@ frame_needed = 1, uses_anonymous_args = 0
 503 0000 80B5     		push	{r7, lr}
 504              		.cfi_def_cfa_offset 8
 505              		.cfi_offset 7, -8
 506              		.cfi_offset 14, -4
 507 0002 84B0     		sub	sp, sp, #16
 508              		.cfi_def_cfa_offset 24
 509 0004 00AF     		add	r7, sp, #0
 510              		.cfi_def_cfa_register 7
 205:../Firmware/GD32E23x_standard_peripheral/Source/gd32e23x_rtc.c ****     volatile uint32_t time_index = RTC_RSYNF_TIMEOUT;
 511              		.loc 1 205 23
 512 0006 48F20003 		movw	r3, #32768
 513 000a 7B60     		str	r3, [r7, #4]
 206:../Firmware/GD32E23x_standard_peripheral/Source/gd32e23x_rtc.c ****     uint32_t flag_status = RESET;
 514              		.loc 1 206 14
 515 000c 0023     		movs	r3, #0
 516 000e BB60     		str	r3, [r7, #8]
 207:../Firmware/GD32E23x_standard_peripheral/Source/gd32e23x_rtc.c ****     ErrStatus error_status = ERROR;
 517              		.loc 1 207 15
 518 0010 0F23     		movs	r3, #15
 519 0012 FB18     		adds	r3, r7, r3
 520 0014 0022     		movs	r2, #0
 521 0016 1A70     		strb	r2, [r3]
 208:../Firmware/GD32E23x_standard_peripheral/Source/gd32e23x_rtc.c **** 
 209:../Firmware/GD32E23x_standard_peripheral/Source/gd32e23x_rtc.c ****     if((uint32_t)RESET == (RTC_CTL & RTC_CTL_BPSHAD)) {
 522              		.loc 1 209 28
 523 0018 42F60803 		movw	r3, #10248
 524 001c C4F20003 		movt	r3, 16384
 525 0020 1B68     		ldr	r3, [r3]
 526              		.loc 1 209 36
 527 0022 2022     		movs	r2, #32
 528 0024 1340     		ands	r3, r2
 529              		.loc 1 209 7
 530 0026 9BBB     		cbnz	r3, .L15
 210:../Firmware/GD32E23x_standard_peripheral/Source/gd32e23x_rtc.c ****         /* disable the write protection */
 211:../Firmware/GD32E23x_standard_peripheral/Source/gd32e23x_rtc.c ****         RTC_WPK = RTC_UNLOCK_KEY1;
 531              		.loc 1 211 9
 532 0028 42F62403 		movw	r3, #10276
 533 002c C4F20003 		movt	r3, 16384
 534              		.loc 1 211 17
 535 0030 CA22     		movs	r2, #202
 536 0032 1A60     		str	r2, [r3]
 212:../Firmware/GD32E23x_standard_peripheral/Source/gd32e23x_rtc.c ****         RTC_WPK = RTC_UNLOCK_KEY2;
 537              		.loc 1 212 9
 538 0034 42F62403 		movw	r3, #10276
 539 0038 C4F20003 		movt	r3, 16384
 540              		.loc 1 212 17
 541 003c 5322     		movs	r2, #83
 542 003e 1A60     		str	r2, [r3]
 213:../Firmware/GD32E23x_standard_peripheral/Source/gd32e23x_rtc.c **** 
 214:../Firmware/GD32E23x_standard_peripheral/Source/gd32e23x_rtc.c ****         /* firstly clear RSYNF flag */
 215:../Firmware/GD32E23x_standard_peripheral/Source/gd32e23x_rtc.c ****         RTC_STAT &= (uint32_t)(~RTC_STAT_RSYNF);
 543              		.loc 1 215 18
 544 0040 42F60C03 		movw	r3, #10252
 545 0044 C4F20003 		movt	r3, 16384
 546 0048 1A68     		ldr	r2, [r3]
 547 004a 42F60C03 		movw	r3, #10252
 548 004e C4F20003 		movt	r3, 16384
 549 0052 2021     		movs	r1, #32
 550 0054 8A43     		bics	r2, r1
 551 0056 1A60     		str	r2, [r3]
 552              	.L17:
 216:../Firmware/GD32E23x_standard_peripheral/Source/gd32e23x_rtc.c **** 
 217:../Firmware/GD32E23x_standard_peripheral/Source/gd32e23x_rtc.c ****         /* wait until RSYNF flag to be set */
 218:../Firmware/GD32E23x_standard_peripheral/Source/gd32e23x_rtc.c ****         do {
 219:../Firmware/GD32E23x_standard_peripheral/Source/gd32e23x_rtc.c ****             flag_status = RTC_STAT & RTC_STAT_RSYNF;
 553              		.loc 1 219 27 discriminator 2
 554 0058 42F60C03 		movw	r3, #10252
 555 005c C4F20003 		movt	r3, 16384
 556 0060 1B68     		ldr	r3, [r3]
 557              		.loc 1 219 25 discriminator 2
 558 0062 2022     		movs	r2, #32
 559 0064 1340     		ands	r3, r2
 560 0066 BB60     		str	r3, [r7, #8]
 220:../Firmware/GD32E23x_standard_peripheral/Source/gd32e23x_rtc.c ****         } while((--time_index > 0x00U) && ((uint32_t)RESET == flag_status));
 561              		.loc 1 220 18 discriminator 2
 562 0068 7B68     		ldr	r3, [r7, #4]
 563 006a 013B     		subs	r3, r3, #1
 564              		.loc 1 220 9 discriminator 2
 565 006c 7B60     		str	r3, [r7, #4]
 566 006e 13B1     		cbz	r3, .L16
 567              		.loc 1 220 40 discriminator 1
 568 0070 BB68     		ldr	r3, [r7, #8]
 569 0072 002B     		cmp	r3, #0
 570 0074 F0D0     		beq	.L17
 571              	.L16:
 221:../Firmware/GD32E23x_standard_peripheral/Source/gd32e23x_rtc.c **** 
 222:../Firmware/GD32E23x_standard_peripheral/Source/gd32e23x_rtc.c ****         if((uint32_t)RESET != flag_status) {
 572              		.loc 1 222 11
 573 0076 BB68     		ldr	r3, [r7, #8]
 574 0078 1BB1     		cbz	r3, .L18
 223:../Firmware/GD32E23x_standard_peripheral/Source/gd32e23x_rtc.c ****             error_status = SUCCESS;
 575              		.loc 1 223 26
 576 007a 0F23     		movs	r3, #15
 577 007c FB18     		adds	r3, r7, r3
 578 007e 0122     		movs	r2, #1
 579 0080 1A70     		strb	r2, [r3]
 580              	.L18:
 224:../Firmware/GD32E23x_standard_peripheral/Source/gd32e23x_rtc.c ****         }
 225:../Firmware/GD32E23x_standard_peripheral/Source/gd32e23x_rtc.c **** 
 226:../Firmware/GD32E23x_standard_peripheral/Source/gd32e23x_rtc.c ****         /* enable the write protection */
 227:../Firmware/GD32E23x_standard_peripheral/Source/gd32e23x_rtc.c ****         RTC_WPK = RTC_LOCK_KEY;
 581              		.loc 1 227 9
 582 0082 42F62403 		movw	r3, #10276
 583 0086 C4F20003 		movt	r3, 16384
 584              		.loc 1 227 17
 585 008a FF22     		movs	r2, #255
 586 008c 1A60     		str	r2, [r3]
 587 008e 03E0     		b	.L19
 588              	.L15:
 228:../Firmware/GD32E23x_standard_peripheral/Source/gd32e23x_rtc.c ****     } else {
 229:../Firmware/GD32E23x_standard_peripheral/Source/gd32e23x_rtc.c ****         error_status = SUCCESS;
 589              		.loc 1 229 22
 590 0090 0F23     		movs	r3, #15
 591 0092 FB18     		adds	r3, r7, r3
 592 0094 0122     		movs	r2, #1
 593 0096 1A70     		strb	r2, [r3]
 594              	.L19:
 230:../Firmware/GD32E23x_standard_peripheral/Source/gd32e23x_rtc.c ****     }
 231:../Firmware/GD32E23x_standard_peripheral/Source/gd32e23x_rtc.c **** 
 232:../Firmware/GD32E23x_standard_peripheral/Source/gd32e23x_rtc.c ****     return error_status;
 595              		.loc 1 232 12
 596 0098 0F23     		movs	r3, #15
 597 009a FB18     		adds	r3, r7, r3
 598 009c 1B78     		ldrb	r3, [r3]
 233:../Firmware/GD32E23x_standard_peripheral/Source/gd32e23x_rtc.c **** }
 599              		.loc 1 233 1
 600 009e 1800     		movs	r0, r3
 601 00a0 BD46     		mov	sp, r7
 602 00a2 04B0     		add	sp, sp, #16
 603              		@ sp needed
 604 00a4 80BD     		pop	{r7, pc}
 605              		.cfi_endproc
 606              	.LFE62:
 608              		.section	.text.rtc_current_time_get,"ax",%progbits
 609              		.align	1
 610              		.global	rtc_current_time_get
 611              		.syntax unified
 612              		.code	16
 613              		.thumb_func
 614              		.fpu softvfp
 616              	rtc_current_time_get:
 617              	.LFB63:
 234:../Firmware/GD32E23x_standard_peripheral/Source/gd32e23x_rtc.c **** 
 235:../Firmware/GD32E23x_standard_peripheral/Source/gd32e23x_rtc.c **** /*!
 236:../Firmware/GD32E23x_standard_peripheral/Source/gd32e23x_rtc.c ****     \brief      get current time and date
 237:../Firmware/GD32E23x_standard_peripheral/Source/gd32e23x_rtc.c ****     \param[in]  none
 238:../Firmware/GD32E23x_standard_peripheral/Source/gd32e23x_rtc.c ****     \param[out] rtc_initpara_struct: pointer to a rtc_parameter_struct structure which contains
 239:../Firmware/GD32E23x_standard_peripheral/Source/gd32e23x_rtc.c ****                 parameters for initialization of the rtc peripheral
 240:../Firmware/GD32E23x_standard_peripheral/Source/gd32e23x_rtc.c ****                 members of the structure and the member values are shown as below:
 241:../Firmware/GD32E23x_standard_peripheral/Source/gd32e23x_rtc.c ****                   rtc_year: 0x0 - 0x99(BCD format)
 242:../Firmware/GD32E23x_standard_peripheral/Source/gd32e23x_rtc.c ****                   rtc_month: RTC_JAN, RTC_FEB, RTC_MAR, RTC_APR, RTC_MAY, RTC_JUN,
 243:../Firmware/GD32E23x_standard_peripheral/Source/gd32e23x_rtc.c ****                              RTC_JUL, RTC_AUG, RTC_SEP, RTC_OCT, RTC_NOV, RTC_DEC
 244:../Firmware/GD32E23x_standard_peripheral/Source/gd32e23x_rtc.c ****                   rtc_date: 0x1 - 0x31(BCD format)
 245:../Firmware/GD32E23x_standard_peripheral/Source/gd32e23x_rtc.c ****                   rtc_day_of_week: RTC_MONDAY, RTC_TUESDAY, RTC_WEDSDAY, RTC_THURSDAY
 246:../Firmware/GD32E23x_standard_peripheral/Source/gd32e23x_rtc.c ****                                    RTC_FRIDAY, RTC_SATURDAY, RTC_SUNDAY
 247:../Firmware/GD32E23x_standard_peripheral/Source/gd32e23x_rtc.c ****                   rtc_hour: 0x0 - 0x12(BCD format) or 0x0 - 0x23(BCD format) depending on the rtc_d
 248:../Firmware/GD32E23x_standard_peripheral/Source/gd32e23x_rtc.c ****                   rtc_minute: 0x0 - 0x59(BCD format)
 249:../Firmware/GD32E23x_standard_peripheral/Source/gd32e23x_rtc.c ****                   rtc_second: 0x0 - 0x59(BCD format)
 250:../Firmware/GD32E23x_standard_peripheral/Source/gd32e23x_rtc.c ****                   rtc_factor_asyn: 0x0 - 0x7F
 251:../Firmware/GD32E23x_standard_peripheral/Source/gd32e23x_rtc.c ****                   rtc_factor_syn: 0x0 - 0x7FFF
 252:../Firmware/GD32E23x_standard_peripheral/Source/gd32e23x_rtc.c ****                   rtc_am_pm: RTC_AM, RTC_PM
 253:../Firmware/GD32E23x_standard_peripheral/Source/gd32e23x_rtc.c ****                   rtc_display_format: RTC_24HOUR, RTC_12HOUR
 254:../Firmware/GD32E23x_standard_peripheral/Source/gd32e23x_rtc.c ****     \retval     none
 255:../Firmware/GD32E23x_standard_peripheral/Source/gd32e23x_rtc.c **** */
 256:../Firmware/GD32E23x_standard_peripheral/Source/gd32e23x_rtc.c **** void rtc_current_time_get(rtc_parameter_struct *rtc_initpara_struct)
 257:../Firmware/GD32E23x_standard_peripheral/Source/gd32e23x_rtc.c **** {
 618              		.loc 1 257 1
 619              		.cfi_startproc
 620              		@ args = 0, pretend = 0, frame = 24
 621              		@ frame_needed = 1, uses_anonymous_args = 0
 622 0000 80B5     		push	{r7, lr}
 623              		.cfi_def_cfa_offset 8
 624              		.cfi_offset 7, -8
 625              		.cfi_offset 14, -4
 626 0002 86B0     		sub	sp, sp, #24
 627              		.cfi_def_cfa_offset 32
 628 0004 00AF     		add	r7, sp, #0
 629              		.cfi_def_cfa_register 7
 630 0006 7860     		str	r0, [r7, #4]
 258:../Firmware/GD32E23x_standard_peripheral/Source/gd32e23x_rtc.c ****     uint32_t temp_tr = 0x00U, temp_dr = 0x00U, temp_pscr = 0x00U, temp_ctlr = 0x00U;
 631              		.loc 1 258 14
 632 0008 0023     		movs	r3, #0
 633 000a 7B61     		str	r3, [r7, #20]
 634              		.loc 1 258 31
 635 000c 0023     		movs	r3, #0
 636 000e 3B61     		str	r3, [r7, #16]
 637              		.loc 1 258 48
 638 0010 0023     		movs	r3, #0
 639 0012 FB60     		str	r3, [r7, #12]
 640              		.loc 1 258 67
 641 0014 0023     		movs	r3, #0
 642 0016 BB60     		str	r3, [r7, #8]
 259:../Firmware/GD32E23x_standard_peripheral/Source/gd32e23x_rtc.c **** 
 260:../Firmware/GD32E23x_standard_peripheral/Source/gd32e23x_rtc.c ****     temp_tr = (uint32_t)RTC_TIME;
 643              		.loc 1 260 15
 644 0018 42F60003 		movw	r3, #10240
 645 001c C4F20003 		movt	r3, 16384
 646              		.loc 1 260 13
 647 0020 1B68     		ldr	r3, [r3]
 648 0022 7B61     		str	r3, [r7, #20]
 261:../Firmware/GD32E23x_standard_peripheral/Source/gd32e23x_rtc.c ****     temp_dr = (uint32_t)RTC_DATE;
 649              		.loc 1 261 15
 650 0024 42F60403 		movw	r3, #10244
 651 0028 C4F20003 		movt	r3, 16384
 652              		.loc 1 261 13
 653 002c 1B68     		ldr	r3, [r3]
 654 002e 3B61     		str	r3, [r7, #16]
 262:../Firmware/GD32E23x_standard_peripheral/Source/gd32e23x_rtc.c ****     temp_pscr = (uint32_t)RTC_PSC;
 655              		.loc 1 262 17
 656 0030 42F61003 		movw	r3, #10256
 657 0034 C4F20003 		movt	r3, 16384
 658              		.loc 1 262 15
 659 0038 1B68     		ldr	r3, [r3]
 660 003a FB60     		str	r3, [r7, #12]
 263:../Firmware/GD32E23x_standard_peripheral/Source/gd32e23x_rtc.c ****     temp_ctlr = (uint32_t)RTC_CTL;
 661              		.loc 1 263 17
 662 003c 42F60803 		movw	r3, #10248
 663 0040 C4F20003 		movt	r3, 16384
 664              		.loc 1 263 15
 665 0044 1B68     		ldr	r3, [r3]
 666 0046 BB60     		str	r3, [r7, #8]
 264:../Firmware/GD32E23x_standard_peripheral/Source/gd32e23x_rtc.c **** 
 265:../Firmware/GD32E23x_standard_peripheral/Source/gd32e23x_rtc.c ****     /* get current time and construct rtc_parameter_struct structure */
 266:../Firmware/GD32E23x_standard_peripheral/Source/gd32e23x_rtc.c ****     rtc_initpara_struct->rtc_year = (uint8_t)GET_DATE_YR(temp_dr);
 667              		.loc 1 266 46
 668 0048 3B69     		ldr	r3, [r7, #16]
 669 004a 1B0C     		lsrs	r3, r3, #16
 670              		.loc 1 266 37
 671 004c DAB2     		uxtb	r2, r3
 672              		.loc 1 266 35
 673 004e 7B68     		ldr	r3, [r7, #4]
 674 0050 1A70     		strb	r2, [r3]
 267:../Firmware/GD32E23x_standard_peripheral/Source/gd32e23x_rtc.c ****     rtc_initpara_struct->rtc_month = (uint8_t)GET_DATE_MON(temp_dr);
 675              		.loc 1 267 47
 676 0052 3B69     		ldr	r3, [r7, #16]
 677 0054 1B0A     		lsrs	r3, r3, #8
 678              		.loc 1 267 38
 679 0056 DBB2     		uxtb	r3, r3
 680 0058 1F22     		movs	r2, #31
 681 005a 1340     		ands	r3, r2
 682 005c DAB2     		uxtb	r2, r3
 683              		.loc 1 267 36
 684 005e 7B68     		ldr	r3, [r7, #4]
 685 0060 5A70     		strb	r2, [r3, #1]
 268:../Firmware/GD32E23x_standard_peripheral/Source/gd32e23x_rtc.c ****     rtc_initpara_struct->rtc_date = (uint8_t)GET_DATE_DAY(temp_dr);
 686              		.loc 1 268 37
 687 0062 3B69     		ldr	r3, [r7, #16]
 688 0064 DBB2     		uxtb	r3, r3
 689 0066 3F22     		movs	r2, #63
 690 0068 1340     		ands	r3, r2
 691 006a DAB2     		uxtb	r2, r3
 692              		.loc 1 268 35
 693 006c 7B68     		ldr	r3, [r7, #4]
 694 006e 9A70     		strb	r2, [r3, #2]
 269:../Firmware/GD32E23x_standard_peripheral/Source/gd32e23x_rtc.c ****     rtc_initpara_struct->rtc_day_of_week = (uint8_t)GET_DATE_DOW(temp_dr);
 695              		.loc 1 269 53
 696 0070 3B69     		ldr	r3, [r7, #16]
 697 0072 5B0B     		lsrs	r3, r3, #13
 698              		.loc 1 269 44
 699 0074 DBB2     		uxtb	r3, r3
 700 0076 0722     		movs	r2, #7
 701 0078 1340     		ands	r3, r2
 702 007a DAB2     		uxtb	r2, r3
 703              		.loc 1 269 42
 704 007c 7B68     		ldr	r3, [r7, #4]
 705 007e DA70     		strb	r2, [r3, #3]
 270:../Firmware/GD32E23x_standard_peripheral/Source/gd32e23x_rtc.c ****     rtc_initpara_struct->rtc_hour = (uint8_t)GET_TIME_HR(temp_tr);
 706              		.loc 1 270 46
 707 0080 7B69     		ldr	r3, [r7, #20]
 708 0082 1B0C     		lsrs	r3, r3, #16
 709              		.loc 1 270 37
 710 0084 DBB2     		uxtb	r3, r3
 711 0086 3F22     		movs	r2, #63
 712 0088 1340     		ands	r3, r2
 713 008a DAB2     		uxtb	r2, r3
 714              		.loc 1 270 35
 715 008c 7B68     		ldr	r3, [r7, #4]
 716 008e 1A71     		strb	r2, [r3, #4]
 271:../Firmware/GD32E23x_standard_peripheral/Source/gd32e23x_rtc.c ****     rtc_initpara_struct->rtc_minute = (uint8_t)GET_TIME_MN(temp_tr);
 717              		.loc 1 271 48
 718 0090 7B69     		ldr	r3, [r7, #20]
 719 0092 1B0A     		lsrs	r3, r3, #8
 720              		.loc 1 271 39
 721 0094 DBB2     		uxtb	r3, r3
 722 0096 7F22     		movs	r2, #127
 723 0098 1340     		ands	r3, r2
 724 009a DAB2     		uxtb	r2, r3
 725              		.loc 1 271 37
 726 009c 7B68     		ldr	r3, [r7, #4]
 727 009e 5A71     		strb	r2, [r3, #5]
 272:../Firmware/GD32E23x_standard_peripheral/Source/gd32e23x_rtc.c ****     rtc_initpara_struct->rtc_second = (uint8_t)GET_TIME_SC(temp_tr);
 728              		.loc 1 272 39
 729 00a0 7B69     		ldr	r3, [r7, #20]
 730 00a2 DBB2     		uxtb	r3, r3
 731 00a4 7F22     		movs	r2, #127
 732 00a6 1340     		ands	r3, r2
 733 00a8 DAB2     		uxtb	r2, r3
 734              		.loc 1 272 37
 735 00aa 7B68     		ldr	r3, [r7, #4]
 736 00ac 9A71     		strb	r2, [r3, #6]
 273:../Firmware/GD32E23x_standard_peripheral/Source/gd32e23x_rtc.c ****     rtc_initpara_struct->rtc_factor_asyn = (uint16_t)GET_PSC_FACTOR_A(temp_pscr);
 737              		.loc 1 273 54
 738 00ae FB68     		ldr	r3, [r7, #12]
 739 00b0 1B0C     		lsrs	r3, r3, #16
 740              		.loc 1 273 44
 741 00b2 9BB2     		uxth	r3, r3
 742 00b4 7F22     		movs	r2, #127
 743 00b6 1340     		ands	r3, r2
 744 00b8 9AB2     		uxth	r2, r3
 745              		.loc 1 273 42
 746 00ba 7B68     		ldr	r3, [r7, #4]
 747 00bc 1A81     		strh	r2, [r3, #8]
 274:../Firmware/GD32E23x_standard_peripheral/Source/gd32e23x_rtc.c ****     rtc_initpara_struct->rtc_factor_syn = (uint16_t)GET_PSC_FACTOR_S(temp_pscr);
 748              		.loc 1 274 43
 749 00be FB68     		ldr	r3, [r7, #12]
 750 00c0 9BB2     		uxth	r3, r3
 751 00c2 5B04     		lsls	r3, r3, #17
 752 00c4 5B0C     		lsrs	r3, r3, #17
 753 00c6 9AB2     		uxth	r2, r3
 754              		.loc 1 274 41
 755 00c8 7B68     		ldr	r3, [r7, #4]
 756 00ca 5A81     		strh	r2, [r3, #10]
 275:../Firmware/GD32E23x_standard_peripheral/Source/gd32e23x_rtc.c ****     rtc_initpara_struct->rtc_am_pm = (uint32_t)(temp_tr & RTC_TIME_PM);
 757              		.loc 1 275 38
 758 00cc 7A69     		ldr	r2, [r7, #20]
 759 00ce 8023     		movs	r3, #128
 760 00d0 DB03     		lsls	r3, r3, #15
 761 00d2 1A40     		ands	r2, r3
 762              		.loc 1 275 36
 763 00d4 7B68     		ldr	r3, [r7, #4]
 764 00d6 DA60     		str	r2, [r3, #12]
 276:../Firmware/GD32E23x_standard_peripheral/Source/gd32e23x_rtc.c ****     rtc_initpara_struct->rtc_display_format = (uint32_t)(temp_ctlr & RTC_CTL_CS);
 765              		.loc 1 276 47
 766 00d8 BB68     		ldr	r3, [r7, #8]
 767 00da 4022     		movs	r2, #64
 768 00dc 1A40     		ands	r2, r3
 769              		.loc 1 276 45
 770 00de 7B68     		ldr	r3, [r7, #4]
 771 00e0 1A61     		str	r2, [r3, #16]
 277:../Firmware/GD32E23x_standard_peripheral/Source/gd32e23x_rtc.c **** }
 772              		.loc 1 277 1
 773 00e2 C046     		nop
 774 00e4 BD46     		mov	sp, r7
 775 00e6 06B0     		add	sp, sp, #24
 776              		@ sp needed
 777 00e8 80BD     		pop	{r7, pc}
 778              		.cfi_endproc
 779              	.LFE63:
 781              		.section	.text.rtc_subsecond_get,"ax",%progbits
 782              		.align	1
 783              		.global	rtc_subsecond_get
 784              		.syntax unified
 785              		.code	16
 786              		.thumb_func
 787              		.fpu softvfp
 789              	rtc_subsecond_get:
 790              	.LFB64:
 278:../Firmware/GD32E23x_standard_peripheral/Source/gd32e23x_rtc.c **** 
 279:../Firmware/GD32E23x_standard_peripheral/Source/gd32e23x_rtc.c **** /*!
 280:../Firmware/GD32E23x_standard_peripheral/Source/gd32e23x_rtc.c ****     \brief      get current subsecond value
 281:../Firmware/GD32E23x_standard_peripheral/Source/gd32e23x_rtc.c ****     \param[in]  none
 282:../Firmware/GD32E23x_standard_peripheral/Source/gd32e23x_rtc.c ****     \param[out] none
 283:../Firmware/GD32E23x_standard_peripheral/Source/gd32e23x_rtc.c ****     \retval     current subsecond value
 284:../Firmware/GD32E23x_standard_peripheral/Source/gd32e23x_rtc.c **** */
 285:../Firmware/GD32E23x_standard_peripheral/Source/gd32e23x_rtc.c **** uint32_t rtc_subsecond_get(void)
 286:../Firmware/GD32E23x_standard_peripheral/Source/gd32e23x_rtc.c **** {
 791              		.loc 1 286 1
 792              		.cfi_startproc
 793              		@ args = 0, pretend = 0, frame = 8
 794              		@ frame_needed = 1, uses_anonymous_args = 0
 795 0000 80B5     		push	{r7, lr}
 796              		.cfi_def_cfa_offset 8
 797              		.cfi_offset 7, -8
 798              		.cfi_offset 14, -4
 799 0002 82B0     		sub	sp, sp, #8
 800              		.cfi_def_cfa_offset 16
 801 0004 00AF     		add	r7, sp, #0
 802              		.cfi_def_cfa_register 7
 287:../Firmware/GD32E23x_standard_peripheral/Source/gd32e23x_rtc.c ****     uint32_t reg = 0x00U;
 803              		.loc 1 287 14
 804 0006 0023     		movs	r3, #0
 805 0008 7B60     		str	r3, [r7, #4]
 288:../Firmware/GD32E23x_standard_peripheral/Source/gd32e23x_rtc.c ****     /* if BPSHAD bit is reset, reading RTC_SS will lock RTC_TIME and RTC_DATE automatically */
 289:../Firmware/GD32E23x_standard_peripheral/Source/gd32e23x_rtc.c ****     reg = (uint32_t)RTC_SS;
 806              		.loc 1 289 11
 807 000a 42F62803 		movw	r3, #10280
 808 000e C4F20003 		movt	r3, 16384
 809              		.loc 1 289 9
 810 0012 1B68     		ldr	r3, [r3]
 811 0014 7B60     		str	r3, [r7, #4]
 290:../Firmware/GD32E23x_standard_peripheral/Source/gd32e23x_rtc.c ****     /* read RTC_DATE to unlock the 3 shadow registers */
 291:../Firmware/GD32E23x_standard_peripheral/Source/gd32e23x_rtc.c ****     (void)(RTC_DATE);
 812              		.loc 1 291 5
 813 0016 42F60403 		movw	r3, #10244
 814 001a C4F20003 		movt	r3, 16384
 815 001e 1B68     		ldr	r3, [r3]
 292:../Firmware/GD32E23x_standard_peripheral/Source/gd32e23x_rtc.c **** 
 293:../Firmware/GD32E23x_standard_peripheral/Source/gd32e23x_rtc.c ****     return reg;
 816              		.loc 1 293 12
 817 0020 7B68     		ldr	r3, [r7, #4]
 294:../Firmware/GD32E23x_standard_peripheral/Source/gd32e23x_rtc.c **** }
 818              		.loc 1 294 1
 819 0022 1800     		movs	r0, r3
 820 0024 BD46     		mov	sp, r7
 821 0026 02B0     		add	sp, sp, #8
 822              		@ sp needed
 823 0028 80BD     		pop	{r7, pc}
 824              		.cfi_endproc
 825              	.LFE64:
 827              		.section	.text.rtc_alarm_config,"ax",%progbits
 828              		.align	1
 829              		.global	rtc_alarm_config
 830              		.syntax unified
 831              		.code	16
 832              		.thumb_func
 833              		.fpu softvfp
 835              	rtc_alarm_config:
 836              	.LFB65:
 295:../Firmware/GD32E23x_standard_peripheral/Source/gd32e23x_rtc.c **** 
 296:../Firmware/GD32E23x_standard_peripheral/Source/gd32e23x_rtc.c **** /*!
 297:../Firmware/GD32E23x_standard_peripheral/Source/gd32e23x_rtc.c ****     \brief      configure RTC alarm
 298:../Firmware/GD32E23x_standard_peripheral/Source/gd32e23x_rtc.c ****     \param[in]  rtc_alarm_time: pointer to a rtc_alarm_struct structure which contains
 299:../Firmware/GD32E23x_standard_peripheral/Source/gd32e23x_rtc.c ****                 parameters for RTC alarm configuration
 300:../Firmware/GD32E23x_standard_peripheral/Source/gd32e23x_rtc.c ****                 members of the structure and the member values are shown as below:
 301:../Firmware/GD32E23x_standard_peripheral/Source/gd32e23x_rtc.c ****                   rtc_alarm_mask: RTC_ALARM_NONE_MASK, RTC_ALARM_DATE_MASK, RTC_ALARM_HOUR_MASK
 302:../Firmware/GD32E23x_standard_peripheral/Source/gd32e23x_rtc.c ****                                   RTC_ALARM_MINUTE_MASK, RTC_ALARM_SECOND_MASK, RTC_ALARM_ALL_MASK
 303:../Firmware/GD32E23x_standard_peripheral/Source/gd32e23x_rtc.c ****                   rtc_weekday_or_date: RTC_ALARM_DATE_SELECTED, RTC_ALARM_WEEKDAY_SELECTED
 304:../Firmware/GD32E23x_standard_peripheral/Source/gd32e23x_rtc.c ****                   rtc_alarm_day: 1) 0x1 - 0x31(BCD format) if RTC_ALARM_DATE_SELECTED is set
 305:../Firmware/GD32E23x_standard_peripheral/Source/gd32e23x_rtc.c ****                                  2) RTC_MONDAY, RTC_TUESDAY, RTC_WEDSDAY, RTC_THURSDAY, RTC_FRIDAY,
 306:../Firmware/GD32E23x_standard_peripheral/Source/gd32e23x_rtc.c ****                                     RTC_SATURDAY, RTC_SUNDAY if RTC_ALARM_WEEKDAY_SELECTED is set
 307:../Firmware/GD32E23x_standard_peripheral/Source/gd32e23x_rtc.c ****                   rtc_alarm_hour: 0x0 - 0x12(BCD format) or 0x0 - 0x23(BCD format) depending on the
 308:../Firmware/GD32E23x_standard_peripheral/Source/gd32e23x_rtc.c ****                   rtc_alarm_minute: 0x0 - 0x59(BCD format)
 309:../Firmware/GD32E23x_standard_peripheral/Source/gd32e23x_rtc.c ****                   rtc_alarm_second: 0x0 - 0x59(BCD format)
 310:../Firmware/GD32E23x_standard_peripheral/Source/gd32e23x_rtc.c ****                   rtc_am_pm: RTC_AM, RTC_PM
 311:../Firmware/GD32E23x_standard_peripheral/Source/gd32e23x_rtc.c ****     \param[out] none
 312:../Firmware/GD32E23x_standard_peripheral/Source/gd32e23x_rtc.c ****     \retval     none
 313:../Firmware/GD32E23x_standard_peripheral/Source/gd32e23x_rtc.c **** */
 314:../Firmware/GD32E23x_standard_peripheral/Source/gd32e23x_rtc.c **** void rtc_alarm_config(rtc_alarm_struct *rtc_alarm_time)
 315:../Firmware/GD32E23x_standard_peripheral/Source/gd32e23x_rtc.c **** {
 837              		.loc 1 315 1
 838              		.cfi_startproc
 839              		@ args = 0, pretend = 0, frame = 16
 840              		@ frame_needed = 1, uses_anonymous_args = 0
 841 0000 80B5     		push	{r7, lr}
 842              		.cfi_def_cfa_offset 8
 843              		.cfi_offset 7, -8
 844              		.cfi_offset 14, -4
 845 0002 84B0     		sub	sp, sp, #16
 846              		.cfi_def_cfa_offset 24
 847 0004 00AF     		add	r7, sp, #0
 848              		.cfi_def_cfa_register 7
 849 0006 7860     		str	r0, [r7, #4]
 316:../Firmware/GD32E23x_standard_peripheral/Source/gd32e23x_rtc.c ****     uint32_t reg_alrm0td = 0x00U;
 850              		.loc 1 316 14
 851 0008 0023     		movs	r3, #0
 852 000a FB60     		str	r3, [r7, #12]
 317:../Firmware/GD32E23x_standard_peripheral/Source/gd32e23x_rtc.c **** 
 318:../Firmware/GD32E23x_standard_peripheral/Source/gd32e23x_rtc.c ****     reg_alrm0td = (rtc_alarm_time->rtc_alarm_mask | \
 853              		.loc 1 318 34
 854 000c 7B68     		ldr	r3, [r7, #4]
 855 000e 1A68     		ldr	r2, [r3]
 319:../Firmware/GD32E23x_standard_peripheral/Source/gd32e23x_rtc.c ****                    rtc_alarm_time->rtc_weekday_or_date | \
 856              		.loc 1 319 34
 857 0010 7B68     		ldr	r3, [r7, #4]
 858 0012 5B68     		ldr	r3, [r3, #4]
 318:../Firmware/GD32E23x_standard_peripheral/Source/gd32e23x_rtc.c ****                    rtc_alarm_time->rtc_weekday_or_date | \
 859              		.loc 1 318 51
 860 0014 1A43     		orrs	r2, r3
 320:../Firmware/GD32E23x_standard_peripheral/Source/gd32e23x_rtc.c ****                    rtc_alarm_time->rtc_am_pm | \
 861              		.loc 1 320 34
 862 0016 7B68     		ldr	r3, [r7, #4]
 863 0018 DB68     		ldr	r3, [r3, #12]
 319:../Firmware/GD32E23x_standard_peripheral/Source/gd32e23x_rtc.c ****                    rtc_alarm_time->rtc_weekday_or_date | \
 864              		.loc 1 319 56
 865 001a 1A43     		orrs	r2, r3
 321:../Firmware/GD32E23x_standard_peripheral/Source/gd32e23x_rtc.c ****                    ALRM0TD_DAY(rtc_alarm_time->rtc_alarm_day) | \
 866              		.loc 1 321 20
 867 001c 7B68     		ldr	r3, [r7, #4]
 868 001e 1B7A     		ldrb	r3, [r3, #8]
 869 0020 1906     		lsls	r1, r3, #24
 870 0022 FC23     		movs	r3, #252
 871 0024 9B05     		lsls	r3, r3, #22
 872 0026 0B40     		ands	r3, r1
 320:../Firmware/GD32E23x_standard_peripheral/Source/gd32e23x_rtc.c ****                    rtc_alarm_time->rtc_am_pm | \
 873              		.loc 1 320 46
 874 0028 1A43     		orrs	r2, r3
 322:../Firmware/GD32E23x_standard_peripheral/Source/gd32e23x_rtc.c ****                    ALRM0TD_HR(rtc_alarm_time->rtc_alarm_hour) | \
 875              		.loc 1 322 20
 876 002a 7B68     		ldr	r3, [r7, #4]
 877 002c 5B7A     		ldrb	r3, [r3, #9]
 878 002e 1904     		lsls	r1, r3, #16
 879 0030 FC23     		movs	r3, #252
 880 0032 9B03     		lsls	r3, r3, #14
 881 0034 0B40     		ands	r3, r1
 321:../Firmware/GD32E23x_standard_peripheral/Source/gd32e23x_rtc.c ****                    ALRM0TD_DAY(rtc_alarm_time->rtc_alarm_day) | \
 882              		.loc 1 321 63
 883 0036 1A43     		orrs	r2, r3
 323:../Firmware/GD32E23x_standard_peripheral/Source/gd32e23x_rtc.c ****                    ALRM0TD_MN(rtc_alarm_time->rtc_alarm_minute) | \
 884              		.loc 1 323 20
 885 0038 7B68     		ldr	r3, [r7, #4]
 886 003a 9B7A     		ldrb	r3, [r3, #10]
 887 003c 1B02     		lsls	r3, r3, #8
 888 003e 47F60071 		movw	r1, #32512
 889 0042 0B40     		ands	r3, r1
 322:../Firmware/GD32E23x_standard_peripheral/Source/gd32e23x_rtc.c ****                    ALRM0TD_HR(rtc_alarm_time->rtc_alarm_hour) | \
 890              		.loc 1 322 63
 891 0044 1A43     		orrs	r2, r3
 324:../Firmware/GD32E23x_standard_peripheral/Source/gd32e23x_rtc.c ****                    ALRM0TD_SC(rtc_alarm_time->rtc_alarm_second));
 892              		.loc 1 324 20
 893 0046 7B68     		ldr	r3, [r7, #4]
 894 0048 DB7A     		ldrb	r3, [r3, #11]
 895 004a 1900     		movs	r1, r3
 896 004c 7F23     		movs	r3, #127
 897 004e 0B40     		ands	r3, r1
 318:../Firmware/GD32E23x_standard_peripheral/Source/gd32e23x_rtc.c ****                    rtc_alarm_time->rtc_weekday_or_date | \
 898              		.loc 1 318 17
 899 0050 1343     		orrs	r3, r2
 900 0052 FB60     		str	r3, [r7, #12]
 325:../Firmware/GD32E23x_standard_peripheral/Source/gd32e23x_rtc.c **** 
 326:../Firmware/GD32E23x_standard_peripheral/Source/gd32e23x_rtc.c ****     /* disable the write protection */
 327:../Firmware/GD32E23x_standard_peripheral/Source/gd32e23x_rtc.c ****     RTC_WPK = RTC_UNLOCK_KEY1;
 901              		.loc 1 327 5
 902 0054 42F62403 		movw	r3, #10276
 903 0058 C4F20003 		movt	r3, 16384
 904              		.loc 1 327 13
 905 005c CA22     		movs	r2, #202
 906 005e 1A60     		str	r2, [r3]
 328:../Firmware/GD32E23x_standard_peripheral/Source/gd32e23x_rtc.c ****     RTC_WPK = RTC_UNLOCK_KEY2;
 907              		.loc 1 328 5
 908 0060 42F62403 		movw	r3, #10276
 909 0064 C4F20003 		movt	r3, 16384
 910              		.loc 1 328 13
 911 0068 5322     		movs	r2, #83
 912 006a 1A60     		str	r2, [r3]
 329:../Firmware/GD32E23x_standard_peripheral/Source/gd32e23x_rtc.c **** 
 330:../Firmware/GD32E23x_standard_peripheral/Source/gd32e23x_rtc.c ****     RTC_ALRM0TD = (uint32_t)reg_alrm0td;
 913              		.loc 1 330 5
 914 006c 42F61C03 		movw	r3, #10268
 915 0070 C4F20003 		movt	r3, 16384
 916              		.loc 1 330 17
 917 0074 FA68     		ldr	r2, [r7, #12]
 918 0076 1A60     		str	r2, [r3]
 331:../Firmware/GD32E23x_standard_peripheral/Source/gd32e23x_rtc.c **** 
 332:../Firmware/GD32E23x_standard_peripheral/Source/gd32e23x_rtc.c ****     /* enable the write protection */
 333:../Firmware/GD32E23x_standard_peripheral/Source/gd32e23x_rtc.c ****     RTC_WPK = RTC_LOCK_KEY;
 919              		.loc 1 333 5
 920 0078 42F62403 		movw	r3, #10276
 921 007c C4F20003 		movt	r3, 16384
 922              		.loc 1 333 13
 923 0080 FF22     		movs	r2, #255
 924 0082 1A60     		str	r2, [r3]
 334:../Firmware/GD32E23x_standard_peripheral/Source/gd32e23x_rtc.c **** }
 925              		.loc 1 334 1
 926 0084 C046     		nop
 927 0086 BD46     		mov	sp, r7
 928 0088 04B0     		add	sp, sp, #16
 929              		@ sp needed
 930 008a 80BD     		pop	{r7, pc}
 931              		.cfi_endproc
 932              	.LFE65:
 934              		.section	.text.rtc_alarm_subsecond_config,"ax",%progbits
 935              		.align	1
 936              		.global	rtc_alarm_subsecond_config
 937              		.syntax unified
 938              		.code	16
 939              		.thumb_func
 940              		.fpu softvfp
 942              	rtc_alarm_subsecond_config:
 943              	.LFB66:
 335:../Firmware/GD32E23x_standard_peripheral/Source/gd32e23x_rtc.c **** 
 336:../Firmware/GD32E23x_standard_peripheral/Source/gd32e23x_rtc.c **** /*!
 337:../Firmware/GD32E23x_standard_peripheral/Source/gd32e23x_rtc.c ****     \brief      configure subsecond of RTC alarm
 338:../Firmware/GD32E23x_standard_peripheral/Source/gd32e23x_rtc.c ****     \param[in]  mask_subsecond: alarm subsecond mask
 339:../Firmware/GD32E23x_standard_peripheral/Source/gd32e23x_rtc.c ****                 only one parameter can be selected which is shown as below:
 340:../Firmware/GD32E23x_standard_peripheral/Source/gd32e23x_rtc.c ****       \arg        RTC_MASKSSC_0_14: mask alarm subsecond configuration
 341:../Firmware/GD32E23x_standard_peripheral/Source/gd32e23x_rtc.c ****       \arg        RTC_MASKSSC_1_14: mask RTC_ALRM0SS_SSC[14:1], and RTC_ALRM0SS_SSC[0] is to be com
 342:../Firmware/GD32E23x_standard_peripheral/Source/gd32e23x_rtc.c ****       \arg        RTC_MASKSSC_2_14: mask RTC_ALRM0SS_SSC[14:2], and RTC_ALRM0SS_SSC[1:0] is to be c
 343:../Firmware/GD32E23x_standard_peripheral/Source/gd32e23x_rtc.c ****       \arg        RTC_MASKSSC_3_14: mask RTC_ALRM0SS_SSC[14:3], and RTC_ALRM0SS_SSC[2:0] is to be c
 344:../Firmware/GD32E23x_standard_peripheral/Source/gd32e23x_rtc.c ****       \arg        RTC_MASKSSC_4_14: mask RTC_ALRM0SS_SSC[14:4], and RTC_ALRM0SS_SSC[3:0] is to be c
 345:../Firmware/GD32E23x_standard_peripheral/Source/gd32e23x_rtc.c ****       \arg        RTC_MASKSSC_5_14: mask RTC_ALRM0SS_SSC[14:5], and RTC_ALRM0SS_SSC[4:0] is to be c
 346:../Firmware/GD32E23x_standard_peripheral/Source/gd32e23x_rtc.c ****       \arg        RTC_MASKSSC_6_14: mask RTC_ALRM0SS_SSC[14:6], and RTC_ALRM0SS_SSC[5:0] is to be c
 347:../Firmware/GD32E23x_standard_peripheral/Source/gd32e23x_rtc.c ****       \arg        RTC_MASKSSC_7_14: mask RTC_ALRM0SS_SSC[14:7], and RTC_ALRM0SS_SSC[6:0] is to be c
 348:../Firmware/GD32E23x_standard_peripheral/Source/gd32e23x_rtc.c ****       \arg        RTC_MASKSSC_8_14: mask RTC_ALRM0SS_SSC[14:8], and RTC_ALRM0SS_SSC[7:0] is to be c
 349:../Firmware/GD32E23x_standard_peripheral/Source/gd32e23x_rtc.c ****       \arg        RTC_MASKSSC_9_14: mask RTC_ALRM0SS_SSC[14:9], and RTC_ALRM0SS_SSC[8:0] is to be c
 350:../Firmware/GD32E23x_standard_peripheral/Source/gd32e23x_rtc.c ****       \arg        RTC_MASKSSC_10_14: mask RTC_ALRM0SS_SSC[14:10], and RTC_ALRM0SS_SSC[9:0] is to be
 351:../Firmware/GD32E23x_standard_peripheral/Source/gd32e23x_rtc.c ****       \arg        RTC_MASKSSC_11_14: mask RTC_ALRM0SS_SSC[14:11], and RTC_ALRM0SS_SSC[10:0] is to b
 352:../Firmware/GD32E23x_standard_peripheral/Source/gd32e23x_rtc.c ****       \arg        RTC_MASKSSC_12_14: mask RTC_ALRM0SS_SSC[14:12], and RTC_ALRM0SS_SSC[11:0] is to b
 353:../Firmware/GD32E23x_standard_peripheral/Source/gd32e23x_rtc.c ****       \arg        RTC_MASKSSC_13_14: mask RTC_ALRM0SS_SSC[14:13], and RTC_ALRM0SS_SSC[12:0] is to b
 354:../Firmware/GD32E23x_standard_peripheral/Source/gd32e23x_rtc.c ****       \arg        RTC_MASKSSC_14: mask RTC_ALRM0SS_SSC[14], and RTC_ALRM0SS_SSC[13:0] is to be comp
 355:../Firmware/GD32E23x_standard_peripheral/Source/gd32e23x_rtc.c ****       \arg        RTC_MASKSSC_NONE: mask none, and RTC_ALRM0SS_SSC[14:0] is to be compared
 356:../Firmware/GD32E23x_standard_peripheral/Source/gd32e23x_rtc.c ****     \param[in]  subsecond: alarm subsecond value(0x000 - 0x7FFF)
 357:../Firmware/GD32E23x_standard_peripheral/Source/gd32e23x_rtc.c ****     \param[out] none
 358:../Firmware/GD32E23x_standard_peripheral/Source/gd32e23x_rtc.c ****     \retval     none
 359:../Firmware/GD32E23x_standard_peripheral/Source/gd32e23x_rtc.c **** */
 360:../Firmware/GD32E23x_standard_peripheral/Source/gd32e23x_rtc.c **** void rtc_alarm_subsecond_config(uint32_t mask_subsecond, uint32_t subsecond)
 361:../Firmware/GD32E23x_standard_peripheral/Source/gd32e23x_rtc.c **** {
 944              		.loc 1 361 1
 945              		.cfi_startproc
 946              		@ args = 0, pretend = 0, frame = 8
 947              		@ frame_needed = 1, uses_anonymous_args = 0
 948 0000 80B5     		push	{r7, lr}
 949              		.cfi_def_cfa_offset 8
 950              		.cfi_offset 7, -8
 951              		.cfi_offset 14, -4
 952 0002 82B0     		sub	sp, sp, #8
 953              		.cfi_def_cfa_offset 16
 954 0004 00AF     		add	r7, sp, #0
 955              		.cfi_def_cfa_register 7
 956 0006 7860     		str	r0, [r7, #4]
 957 0008 3960     		str	r1, [r7]
 362:../Firmware/GD32E23x_standard_peripheral/Source/gd32e23x_rtc.c ****     /* disable the write protection */
 363:../Firmware/GD32E23x_standard_peripheral/Source/gd32e23x_rtc.c ****     RTC_WPK = RTC_UNLOCK_KEY1;
 958              		.loc 1 363 5
 959 000a 42F62403 		movw	r3, #10276
 960 000e C4F20003 		movt	r3, 16384
 961              		.loc 1 363 13
 962 0012 CA22     		movs	r2, #202
 963 0014 1A60     		str	r2, [r3]
 364:../Firmware/GD32E23x_standard_peripheral/Source/gd32e23x_rtc.c ****     RTC_WPK = RTC_UNLOCK_KEY2;
 964              		.loc 1 364 5
 965 0016 42F62403 		movw	r3, #10276
 966 001a C4F20003 		movt	r3, 16384
 967              		.loc 1 364 13
 968 001e 5322     		movs	r2, #83
 969 0020 1A60     		str	r2, [r3]
 365:../Firmware/GD32E23x_standard_peripheral/Source/gd32e23x_rtc.c **** 
 366:../Firmware/GD32E23x_standard_peripheral/Source/gd32e23x_rtc.c ****     RTC_ALRM0SS = mask_subsecond | subsecond;
 970              		.loc 1 366 5
 971 0022 42F64403 		movw	r3, #10308
 972 0026 C4F20003 		movt	r3, 16384
 973              		.loc 1 366 34
 974 002a 7968     		ldr	r1, [r7, #4]
 975 002c 3A68     		ldr	r2, [r7]
 976 002e 0A43     		orrs	r2, r1
 977              		.loc 1 366 17
 978 0030 1A60     		str	r2, [r3]
 367:../Firmware/GD32E23x_standard_peripheral/Source/gd32e23x_rtc.c **** 
 368:../Firmware/GD32E23x_standard_peripheral/Source/gd32e23x_rtc.c ****     /* enable the write protection */
 369:../Firmware/GD32E23x_standard_peripheral/Source/gd32e23x_rtc.c ****     RTC_WPK = RTC_LOCK_KEY;
 979              		.loc 1 369 5
 980 0032 42F62403 		movw	r3, #10276
 981 0036 C4F20003 		movt	r3, 16384
 982              		.loc 1 369 13
 983 003a FF22     		movs	r2, #255
 984 003c 1A60     		str	r2, [r3]
 370:../Firmware/GD32E23x_standard_peripheral/Source/gd32e23x_rtc.c **** }
 985              		.loc 1 370 1
 986 003e C046     		nop
 987 0040 BD46     		mov	sp, r7
 988 0042 02B0     		add	sp, sp, #8
 989              		@ sp needed
 990 0044 80BD     		pop	{r7, pc}
 991              		.cfi_endproc
 992              	.LFE66:
 994              		.section	.text.rtc_alarm_enable,"ax",%progbits
 995              		.align	1
 996              		.global	rtc_alarm_enable
 997              		.syntax unified
 998              		.code	16
 999              		.thumb_func
 1000              		.fpu softvfp
 1002              	rtc_alarm_enable:
 1003              	.LFB67:
 371:../Firmware/GD32E23x_standard_peripheral/Source/gd32e23x_rtc.c **** 
 372:../Firmware/GD32E23x_standard_peripheral/Source/gd32e23x_rtc.c **** /*!
 373:../Firmware/GD32E23x_standard_peripheral/Source/gd32e23x_rtc.c ****     \brief      enable RTC alarm
 374:../Firmware/GD32E23x_standard_peripheral/Source/gd32e23x_rtc.c ****     \param[in]  none
 375:../Firmware/GD32E23x_standard_peripheral/Source/gd32e23x_rtc.c ****     \param[out] none
 376:../Firmware/GD32E23x_standard_peripheral/Source/gd32e23x_rtc.c ****     \retval     none
 377:../Firmware/GD32E23x_standard_peripheral/Source/gd32e23x_rtc.c **** */
 378:../Firmware/GD32E23x_standard_peripheral/Source/gd32e23x_rtc.c **** void rtc_alarm_enable(void)
 379:../Firmware/GD32E23x_standard_peripheral/Source/gd32e23x_rtc.c **** {
 1004              		.loc 1 379 1
 1005              		.cfi_startproc
 1006              		@ args = 0, pretend = 0, frame = 0
 1007              		@ frame_needed = 1, uses_anonymous_args = 0
 1008 0000 80B5     		push	{r7, lr}
 1009              		.cfi_def_cfa_offset 8
 1010              		.cfi_offset 7, -8
 1011              		.cfi_offset 14, -4
 1012 0002 00AF     		add	r7, sp, #0
 1013              		.cfi_def_cfa_register 7
 380:../Firmware/GD32E23x_standard_peripheral/Source/gd32e23x_rtc.c ****     /* disable the write protection */
 381:../Firmware/GD32E23x_standard_peripheral/Source/gd32e23x_rtc.c ****     RTC_WPK = RTC_UNLOCK_KEY1;
 1014              		.loc 1 381 5
 1015 0004 42F62403 		movw	r3, #10276
 1016 0008 C4F20003 		movt	r3, 16384
 1017              		.loc 1 381 13
 1018 000c CA22     		movs	r2, #202
 1019 000e 1A60     		str	r2, [r3]
 382:../Firmware/GD32E23x_standard_peripheral/Source/gd32e23x_rtc.c ****     RTC_WPK = RTC_UNLOCK_KEY2;
 1020              		.loc 1 382 5
 1021 0010 42F62403 		movw	r3, #10276
 1022 0014 C4F20003 		movt	r3, 16384
 1023              		.loc 1 382 13
 1024 0018 5322     		movs	r2, #83
 1025 001a 1A60     		str	r2, [r3]
 383:../Firmware/GD32E23x_standard_peripheral/Source/gd32e23x_rtc.c **** 
 384:../Firmware/GD32E23x_standard_peripheral/Source/gd32e23x_rtc.c ****     RTC_CTL |= RTC_CTL_ALRM0EN;
 1026              		.loc 1 384 13
 1027 001c 42F60803 		movw	r3, #10248
 1028 0020 C4F20003 		movt	r3, 16384
 1029 0024 1A68     		ldr	r2, [r3]
 1030 0026 42F60803 		movw	r3, #10248
 1031 002a C4F20003 		movt	r3, 16384
 1032 002e 40F20011 		movw	r1, #256
 1033 0032 0A43     		orrs	r2, r1
 1034 0034 1A60     		str	r2, [r3]
 385:../Firmware/GD32E23x_standard_peripheral/Source/gd32e23x_rtc.c **** 
 386:../Firmware/GD32E23x_standard_peripheral/Source/gd32e23x_rtc.c ****     /* enable the write protection */
 387:../Firmware/GD32E23x_standard_peripheral/Source/gd32e23x_rtc.c ****     RTC_WPK = RTC_LOCK_KEY;
 1035              		.loc 1 387 5
 1036 0036 42F62403 		movw	r3, #10276
 1037 003a C4F20003 		movt	r3, 16384
 1038              		.loc 1 387 13
 1039 003e FF22     		movs	r2, #255
 1040 0040 1A60     		str	r2, [r3]
 388:../Firmware/GD32E23x_standard_peripheral/Source/gd32e23x_rtc.c **** }
 1041              		.loc 1 388 1
 1042 0042 C046     		nop
 1043 0044 BD46     		mov	sp, r7
 1044              		@ sp needed
 1045 0046 80BD     		pop	{r7, pc}
 1046              		.cfi_endproc
 1047              	.LFE67:
 1049              		.section	.text.rtc_alarm_disable,"ax",%progbits
 1050              		.align	1
 1051              		.global	rtc_alarm_disable
 1052              		.syntax unified
 1053              		.code	16
 1054              		.thumb_func
 1055              		.fpu softvfp
 1057              	rtc_alarm_disable:
 1058              	.LFB68:
 389:../Firmware/GD32E23x_standard_peripheral/Source/gd32e23x_rtc.c **** 
 390:../Firmware/GD32E23x_standard_peripheral/Source/gd32e23x_rtc.c **** /*!
 391:../Firmware/GD32E23x_standard_peripheral/Source/gd32e23x_rtc.c ****     \brief      disable RTC alarm
 392:../Firmware/GD32E23x_standard_peripheral/Source/gd32e23x_rtc.c ****     \param[in]  none
 393:../Firmware/GD32E23x_standard_peripheral/Source/gd32e23x_rtc.c ****     \param[out] none
 394:../Firmware/GD32E23x_standard_peripheral/Source/gd32e23x_rtc.c ****     \retval     ErrStatus: ERROR or SUCCESS
 395:../Firmware/GD32E23x_standard_peripheral/Source/gd32e23x_rtc.c **** */
 396:../Firmware/GD32E23x_standard_peripheral/Source/gd32e23x_rtc.c **** ErrStatus rtc_alarm_disable(void)
 397:../Firmware/GD32E23x_standard_peripheral/Source/gd32e23x_rtc.c **** {
 1059              		.loc 1 397 1
 1060              		.cfi_startproc
 1061              		@ args = 0, pretend = 0, frame = 16
 1062              		@ frame_needed = 1, uses_anonymous_args = 0
 1063 0000 80B5     		push	{r7, lr}
 1064              		.cfi_def_cfa_offset 8
 1065              		.cfi_offset 7, -8
 1066              		.cfi_offset 14, -4
 1067 0002 84B0     		sub	sp, sp, #16
 1068              		.cfi_def_cfa_offset 24
 1069 0004 00AF     		add	r7, sp, #0
 1070              		.cfi_def_cfa_register 7
 398:../Firmware/GD32E23x_standard_peripheral/Source/gd32e23x_rtc.c ****     volatile uint32_t time_index = RTC_ALRM0WF_TIMEOUT;
 1071              		.loc 1 398 23
 1072 0006 48F20003 		movw	r3, #32768
 1073 000a 7B60     		str	r3, [r7, #4]
 399:../Firmware/GD32E23x_standard_peripheral/Source/gd32e23x_rtc.c ****     ErrStatus error_status = ERROR;
 1074              		.loc 1 399 15
 1075 000c 0F23     		movs	r3, #15
 1076 000e FB18     		adds	r3, r7, r3
 1077 0010 0022     		movs	r2, #0
 1078 0012 1A70     		strb	r2, [r3]
 400:../Firmware/GD32E23x_standard_peripheral/Source/gd32e23x_rtc.c ****     uint32_t flag_status = RESET;
 1079              		.loc 1 400 14
 1080 0014 0023     		movs	r3, #0
 1081 0016 BB60     		str	r3, [r7, #8]
 401:../Firmware/GD32E23x_standard_peripheral/Source/gd32e23x_rtc.c **** 
 402:../Firmware/GD32E23x_standard_peripheral/Source/gd32e23x_rtc.c ****     /* disable the write protection */
 403:../Firmware/GD32E23x_standard_peripheral/Source/gd32e23x_rtc.c ****     RTC_WPK = RTC_UNLOCK_KEY1;
 1082              		.loc 1 403 5
 1083 0018 42F62403 		movw	r3, #10276
 1084 001c C4F20003 		movt	r3, 16384
 1085              		.loc 1 403 13
 1086 0020 CA22     		movs	r2, #202
 1087 0022 1A60     		str	r2, [r3]
 404:../Firmware/GD32E23x_standard_peripheral/Source/gd32e23x_rtc.c ****     RTC_WPK = RTC_UNLOCK_KEY2;
 1088              		.loc 1 404 5
 1089 0024 42F62403 		movw	r3, #10276
 1090 0028 C4F20003 		movt	r3, 16384
 1091              		.loc 1 404 13
 1092 002c 5322     		movs	r2, #83
 1093 002e 1A60     		str	r2, [r3]
 405:../Firmware/GD32E23x_standard_peripheral/Source/gd32e23x_rtc.c **** 
 406:../Firmware/GD32E23x_standard_peripheral/Source/gd32e23x_rtc.c ****     /* clear the state of alarm */
 407:../Firmware/GD32E23x_standard_peripheral/Source/gd32e23x_rtc.c ****     RTC_CTL &= (uint32_t)(~RTC_CTL_ALRM0EN);
 1094              		.loc 1 407 13
 1095 0030 42F60803 		movw	r3, #10248
 1096 0034 C4F20003 		movt	r3, 16384
 1097 0038 1A68     		ldr	r2, [r3]
 1098 003a 42F60803 		movw	r3, #10248
 1099 003e C4F20003 		movt	r3, 16384
 1100 0042 1249     		ldr	r1, .L32
 1101 0044 0A40     		ands	r2, r1
 1102 0046 1A60     		str	r2, [r3]
 1103              	.L29:
 408:../Firmware/GD32E23x_standard_peripheral/Source/gd32e23x_rtc.c **** 
 409:../Firmware/GD32E23x_standard_peripheral/Source/gd32e23x_rtc.c ****     /* wait until ALRM0WF flag to be set after the alarm is disabled */
 410:../Firmware/GD32E23x_standard_peripheral/Source/gd32e23x_rtc.c ****     do {
 411:../Firmware/GD32E23x_standard_peripheral/Source/gd32e23x_rtc.c ****         flag_status = RTC_STAT & RTC_STAT_ALRM0WF;
 1104              		.loc 1 411 23 discriminator 2
 1105 0048 42F60C03 		movw	r3, #10252
 1106 004c C4F20003 		movt	r3, 16384
 1107 0050 1B68     		ldr	r3, [r3]
 1108              		.loc 1 411 21 discriminator 2
 1109 0052 0122     		movs	r2, #1
 1110 0054 1340     		ands	r3, r2
 1111 0056 BB60     		str	r3, [r7, #8]
 412:../Firmware/GD32E23x_standard_peripheral/Source/gd32e23x_rtc.c ****     } while((--time_index > 0x00U) && ((uint32_t)RESET == flag_status));
 1112              		.loc 1 412 14 discriminator 2
 1113 0058 7B68     		ldr	r3, [r7, #4]
 1114 005a 013B     		subs	r3, r3, #1
 1115              		.loc 1 412 5 discriminator 2
 1116 005c 7B60     		str	r3, [r7, #4]
 1117 005e 13B1     		cbz	r3, .L28
 1118              		.loc 1 412 36 discriminator 1
 1119 0060 BB68     		ldr	r3, [r7, #8]
 1120 0062 002B     		cmp	r3, #0
 1121 0064 F0D0     		beq	.L29
 1122              	.L28:
 413:../Firmware/GD32E23x_standard_peripheral/Source/gd32e23x_rtc.c **** 
 414:../Firmware/GD32E23x_standard_peripheral/Source/gd32e23x_rtc.c ****     if((uint32_t)RESET != flag_status) {
 1123              		.loc 1 414 7
 1124 0066 BB68     		ldr	r3, [r7, #8]
 1125 0068 1BB1     		cbz	r3, .L30
 415:../Firmware/GD32E23x_standard_peripheral/Source/gd32e23x_rtc.c ****         error_status = SUCCESS;
 1126              		.loc 1 415 22
 1127 006a 0F23     		movs	r3, #15
 1128 006c FB18     		adds	r3, r7, r3
 1129 006e 0122     		movs	r2, #1
 1130 0070 1A70     		strb	r2, [r3]
 1131              	.L30:
 416:../Firmware/GD32E23x_standard_peripheral/Source/gd32e23x_rtc.c ****     }
 417:../Firmware/GD32E23x_standard_peripheral/Source/gd32e23x_rtc.c **** 
 418:../Firmware/GD32E23x_standard_peripheral/Source/gd32e23x_rtc.c ****     /* enable the write protection */
 419:../Firmware/GD32E23x_standard_peripheral/Source/gd32e23x_rtc.c ****     RTC_WPK = RTC_LOCK_KEY;
 1132              		.loc 1 419 5
 1133 0072 42F62403 		movw	r3, #10276
 1134 0076 C4F20003 		movt	r3, 16384
 1135              		.loc 1 419 13
 1136 007a FF22     		movs	r2, #255
 1137 007c 1A60     		str	r2, [r3]
 420:../Firmware/GD32E23x_standard_peripheral/Source/gd32e23x_rtc.c **** 
 421:../Firmware/GD32E23x_standard_peripheral/Source/gd32e23x_rtc.c ****     return error_status;
 1138              		.loc 1 421 12
 1139 007e 0F23     		movs	r3, #15
 1140 0080 FB18     		adds	r3, r7, r3
 1141 0082 1B78     		ldrb	r3, [r3]
 422:../Firmware/GD32E23x_standard_peripheral/Source/gd32e23x_rtc.c **** }
 1142              		.loc 1 422 1
 1143 0084 1800     		movs	r0, r3
 1144 0086 BD46     		mov	sp, r7
 1145 0088 04B0     		add	sp, sp, #16
 1146              		@ sp needed
 1147 008a 80BD     		pop	{r7, pc}
 1148              	.L33:
 1149              		.align	2
 1150              	.L32:
 1151 008c FFFEFFFF 		.word	-257
 1152              		.cfi_endproc
 1153              	.LFE68:
 1155              		.section	.text.rtc_alarm_get,"ax",%progbits
 1156              		.align	1
 1157              		.global	rtc_alarm_get
 1158              		.syntax unified
 1159              		.code	16
 1160              		.thumb_func
 1161              		.fpu softvfp
 1163              	rtc_alarm_get:
 1164              	.LFB69:
 423:../Firmware/GD32E23x_standard_peripheral/Source/gd32e23x_rtc.c **** 
 424:../Firmware/GD32E23x_standard_peripheral/Source/gd32e23x_rtc.c **** /*!
 425:../Firmware/GD32E23x_standard_peripheral/Source/gd32e23x_rtc.c ****     \brief      get RTC alarm
 426:../Firmware/GD32E23x_standard_peripheral/Source/gd32e23x_rtc.c ****     \param[in]  none
 427:../Firmware/GD32E23x_standard_peripheral/Source/gd32e23x_rtc.c ****     \param[out] rtc_alarm_time: pointer to a rtc_alarm_struct structure which contains
 428:../Firmware/GD32E23x_standard_peripheral/Source/gd32e23x_rtc.c ****                 parameters for RTC alarm configuration
 429:../Firmware/GD32E23x_standard_peripheral/Source/gd32e23x_rtc.c ****                 members of the structure and the member values are shown as below:
 430:../Firmware/GD32E23x_standard_peripheral/Source/gd32e23x_rtc.c ****                   rtc_alarm_mask: RTC_ALARM_NONE_MASK, RTC_ALARM_DATE_MASK, RTC_ALARM_HOUR_MASK
 431:../Firmware/GD32E23x_standard_peripheral/Source/gd32e23x_rtc.c ****                                   RTC_ALARM_MINUTE_MASK, RTC_ALARM_SECOND_MASK, RTC_ALARM_ALL_MASK
 432:../Firmware/GD32E23x_standard_peripheral/Source/gd32e23x_rtc.c ****                   rtc_weekday_or_date: RTC_ALARM_DATE_SELECTED, RTC_ALARM_WEEKDAY_SELECTED
 433:../Firmware/GD32E23x_standard_peripheral/Source/gd32e23x_rtc.c ****                   rtc_alarm_day: 1) 0x1 - 0x31(BCD format) if RTC_ALARM_DATE_SELECTED is set
 434:../Firmware/GD32E23x_standard_peripheral/Source/gd32e23x_rtc.c ****                                  2) RTC_MONDAY, RTC_TUESDAY, RTC_WEDSDAY, RTC_THURSDAY, RTC_FRIDAY,
 435:../Firmware/GD32E23x_standard_peripheral/Source/gd32e23x_rtc.c ****                                     RTC_SATURDAY, RTC_SUNDAY if RTC_ALARM_WEEKDAY_SELECTED is set
 436:../Firmware/GD32E23x_standard_peripheral/Source/gd32e23x_rtc.c ****                   rtc_alarm_hour: 0x0 - 0x12(BCD format) or 0x0 - 0x23(BCD format) depending on the
 437:../Firmware/GD32E23x_standard_peripheral/Source/gd32e23x_rtc.c ****                   rtc_alarm_minute: 0x0 - 0x59(BCD format)
 438:../Firmware/GD32E23x_standard_peripheral/Source/gd32e23x_rtc.c ****                   rtc_alarm_second: 0x0 - 0x59(BCD format)
 439:../Firmware/GD32E23x_standard_peripheral/Source/gd32e23x_rtc.c ****                   rtc_am_pm: RTC_AM, RTC_PM
 440:../Firmware/GD32E23x_standard_peripheral/Source/gd32e23x_rtc.c ****     \retval     none
 441:../Firmware/GD32E23x_standard_peripheral/Source/gd32e23x_rtc.c **** */
 442:../Firmware/GD32E23x_standard_peripheral/Source/gd32e23x_rtc.c **** void rtc_alarm_get(rtc_alarm_struct *rtc_alarm_time)
 443:../Firmware/GD32E23x_standard_peripheral/Source/gd32e23x_rtc.c **** {
 1165              		.loc 1 443 1
 1166              		.cfi_startproc
 1167              		@ args = 0, pretend = 0, frame = 16
 1168              		@ frame_needed = 1, uses_anonymous_args = 0
 1169 0000 80B5     		push	{r7, lr}
 1170              		.cfi_def_cfa_offset 8
 1171              		.cfi_offset 7, -8
 1172              		.cfi_offset 14, -4
 1173 0002 84B0     		sub	sp, sp, #16
 1174              		.cfi_def_cfa_offset 24
 1175 0004 00AF     		add	r7, sp, #0
 1176              		.cfi_def_cfa_register 7
 1177 0006 7860     		str	r0, [r7, #4]
 444:../Firmware/GD32E23x_standard_peripheral/Source/gd32e23x_rtc.c ****     uint32_t reg_alrm0td = 0x00U;
 1178              		.loc 1 444 14
 1179 0008 0023     		movs	r3, #0
 1180 000a FB60     		str	r3, [r7, #12]
 445:../Firmware/GD32E23x_standard_peripheral/Source/gd32e23x_rtc.c **** 
 446:../Firmware/GD32E23x_standard_peripheral/Source/gd32e23x_rtc.c ****     /* get the value of RTC_ALRM0TD register */
 447:../Firmware/GD32E23x_standard_peripheral/Source/gd32e23x_rtc.c ****     reg_alrm0td = RTC_ALRM0TD;
 1181              		.loc 1 447 19
 1182 000c 42F61C03 		movw	r3, #10268
 1183 0010 C4F20003 		movt	r3, 16384
 1184              		.loc 1 447 17
 1185 0014 1B68     		ldr	r3, [r3]
 1186 0016 FB60     		str	r3, [r7, #12]
 448:../Firmware/GD32E23x_standard_peripheral/Source/gd32e23x_rtc.c **** 
 449:../Firmware/GD32E23x_standard_peripheral/Source/gd32e23x_rtc.c ****     /* get alarm parameters and construct the rtc_alarm_struct structure */
 450:../Firmware/GD32E23x_standard_peripheral/Source/gd32e23x_rtc.c ****     rtc_alarm_time->rtc_alarm_mask = reg_alrm0td & RTC_ALARM_ALL_MASK;
 1187              		.loc 1 450 50
 1188 0018 FA68     		ldr	r2, [r7, #12]
 1189 001a 48F28003 		movw	r3, #32896
 1190 001e C8F28003 		movt	r3, 32896
 1191 0022 1A40     		ands	r2, r3
 1192              		.loc 1 450 36
 1193 0024 7B68     		ldr	r3, [r7, #4]
 1194 0026 1A60     		str	r2, [r3]
 451:../Firmware/GD32E23x_standard_peripheral/Source/gd32e23x_rtc.c ****     rtc_alarm_time->rtc_am_pm = (uint32_t)(reg_alrm0td & RTC_ALRM0TD_PM);
 1195              		.loc 1 451 33
 1196 0028 FA68     		ldr	r2, [r7, #12]
 1197 002a 8023     		movs	r3, #128
 1198 002c DB03     		lsls	r3, r3, #15
 1199 002e 1A40     		ands	r2, r3
 1200              		.loc 1 451 31
 1201 0030 7B68     		ldr	r3, [r7, #4]
 1202 0032 DA60     		str	r2, [r3, #12]
 452:../Firmware/GD32E23x_standard_peripheral/Source/gd32e23x_rtc.c ****     rtc_alarm_time->rtc_weekday_or_date = (uint32_t)(reg_alrm0td & RTC_ALRM0TD_DOWS);
 1203              		.loc 1 452 43
 1204 0034 FA68     		ldr	r2, [r7, #12]
 1205 0036 8023     		movs	r3, #128
 1206 0038 DB05     		lsls	r3, r3, #23
 1207 003a 1A40     		ands	r2, r3
 1208              		.loc 1 452 41
 1209 003c 7B68     		ldr	r3, [r7, #4]
 1210 003e 5A60     		str	r2, [r3, #4]
 453:../Firmware/GD32E23x_standard_peripheral/Source/gd32e23x_rtc.c ****     rtc_alarm_time->rtc_alarm_day = (uint8_t)GET_ALRM0TD_DAY(reg_alrm0td);
 1211              		.loc 1 453 46
 1212 0040 FB68     		ldr	r3, [r7, #12]
 1213 0042 1B0E     		lsrs	r3, r3, #24
 1214              		.loc 1 453 37
 1215 0044 DBB2     		uxtb	r3, r3
 1216 0046 3F22     		movs	r2, #63
 1217 0048 1340     		ands	r3, r2
 1218 004a DAB2     		uxtb	r2, r3
 1219              		.loc 1 453 35
 1220 004c 7B68     		ldr	r3, [r7, #4]
 1221 004e 1A72     		strb	r2, [r3, #8]
 454:../Firmware/GD32E23x_standard_peripheral/Source/gd32e23x_rtc.c ****     rtc_alarm_time->rtc_alarm_hour = (uint8_t)GET_ALRM0TD_HR(reg_alrm0td);
 1222              		.loc 1 454 47
 1223 0050 FB68     		ldr	r3, [r7, #12]
 1224 0052 1B0C     		lsrs	r3, r3, #16
 1225              		.loc 1 454 38
 1226 0054 DBB2     		uxtb	r3, r3
 1227 0056 3F22     		movs	r2, #63
 1228 0058 1340     		ands	r3, r2
 1229 005a DAB2     		uxtb	r2, r3
 1230              		.loc 1 454 36
 1231 005c 7B68     		ldr	r3, [r7, #4]
 1232 005e 5A72     		strb	r2, [r3, #9]
 455:../Firmware/GD32E23x_standard_peripheral/Source/gd32e23x_rtc.c ****     rtc_alarm_time->rtc_alarm_minute = (uint8_t)GET_ALRM0TD_MN(reg_alrm0td);
 1233              		.loc 1 455 49
 1234 0060 FB68     		ldr	r3, [r7, #12]
 1235 0062 1B0A     		lsrs	r3, r3, #8
 1236              		.loc 1 455 40
 1237 0064 DBB2     		uxtb	r3, r3
 1238 0066 7F22     		movs	r2, #127
 1239 0068 1340     		ands	r3, r2
 1240 006a DAB2     		uxtb	r2, r3
 1241              		.loc 1 455 38
 1242 006c 7B68     		ldr	r3, [r7, #4]
 1243 006e 9A72     		strb	r2, [r3, #10]
 456:../Firmware/GD32E23x_standard_peripheral/Source/gd32e23x_rtc.c ****     rtc_alarm_time->rtc_alarm_second = (uint8_t)GET_ALRM0TD_SC(reg_alrm0td);
 1244              		.loc 1 456 40
 1245 0070 FB68     		ldr	r3, [r7, #12]
 1246 0072 DBB2     		uxtb	r3, r3
 1247 0074 7F22     		movs	r2, #127
 1248 0076 1340     		ands	r3, r2
 1249 0078 DAB2     		uxtb	r2, r3
 1250              		.loc 1 456 38
 1251 007a 7B68     		ldr	r3, [r7, #4]
 1252 007c DA72     		strb	r2, [r3, #11]
 457:../Firmware/GD32E23x_standard_peripheral/Source/gd32e23x_rtc.c **** }
 1253              		.loc 1 457 1
 1254 007e C046     		nop
 1255 0080 BD46     		mov	sp, r7
 1256 0082 04B0     		add	sp, sp, #16
 1257              		@ sp needed
 1258 0084 80BD     		pop	{r7, pc}
 1259              		.cfi_endproc
 1260              	.LFE69:
 1262              		.section	.text.rtc_alarm_subsecond_get,"ax",%progbits
 1263              		.align	1
 1264              		.global	rtc_alarm_subsecond_get
 1265              		.syntax unified
 1266              		.code	16
 1267              		.thumb_func
 1268              		.fpu softvfp
 1270              	rtc_alarm_subsecond_get:
 1271              	.LFB70:
 458:../Firmware/GD32E23x_standard_peripheral/Source/gd32e23x_rtc.c **** 
 459:../Firmware/GD32E23x_standard_peripheral/Source/gd32e23x_rtc.c **** /*!
 460:../Firmware/GD32E23x_standard_peripheral/Source/gd32e23x_rtc.c ****     \brief      get RTC alarm subsecond
 461:../Firmware/GD32E23x_standard_peripheral/Source/gd32e23x_rtc.c ****     \param[in]  none
 462:../Firmware/GD32E23x_standard_peripheral/Source/gd32e23x_rtc.c ****     \param[out] none
 463:../Firmware/GD32E23x_standard_peripheral/Source/gd32e23x_rtc.c ****     \retval     RTC alarm subsecond value
 464:../Firmware/GD32E23x_standard_peripheral/Source/gd32e23x_rtc.c **** */
 465:../Firmware/GD32E23x_standard_peripheral/Source/gd32e23x_rtc.c **** uint32_t rtc_alarm_subsecond_get(void)
 466:../Firmware/GD32E23x_standard_peripheral/Source/gd32e23x_rtc.c **** {
 1272              		.loc 1 466 1
 1273              		.cfi_startproc
 1274              		@ args = 0, pretend = 0, frame = 0
 1275              		@ frame_needed = 1, uses_anonymous_args = 0
 1276 0000 80B5     		push	{r7, lr}
 1277              		.cfi_def_cfa_offset 8
 1278              		.cfi_offset 7, -8
 1279              		.cfi_offset 14, -4
 1280 0002 00AF     		add	r7, sp, #0
 1281              		.cfi_def_cfa_register 7
 467:../Firmware/GD32E23x_standard_peripheral/Source/gd32e23x_rtc.c ****     return ((uint32_t)(RTC_ALRM0SS & RTC_ALRM0SS_SSC));
 1282              		.loc 1 467 13
 1283 0004 42F64403 		movw	r3, #10308
 1284 0008 C4F20003 		movt	r3, 16384
 1285 000c 1B68     		ldr	r3, [r3]
 1286 000e 5B04     		lsls	r3, r3, #17
 1287 0010 5B0C     		lsrs	r3, r3, #17
 468:../Firmware/GD32E23x_standard_peripheral/Source/gd32e23x_rtc.c **** }
 1288              		.loc 1 468 1
 1289 0012 1800     		movs	r0, r3
 1290 0014 BD46     		mov	sp, r7
 1291              		@ sp needed
 1292 0016 80BD     		pop	{r7, pc}
 1293              		.cfi_endproc
 1294              	.LFE70:
 1296              		.section	.text.rtc_timestamp_enable,"ax",%progbits
 1297              		.align	1
 1298              		.global	rtc_timestamp_enable
 1299              		.syntax unified
 1300              		.code	16
 1301              		.thumb_func
 1302              		.fpu softvfp
 1304              	rtc_timestamp_enable:
 1305              	.LFB71:
 469:../Firmware/GD32E23x_standard_peripheral/Source/gd32e23x_rtc.c **** 
 470:../Firmware/GD32E23x_standard_peripheral/Source/gd32e23x_rtc.c **** /*!
 471:../Firmware/GD32E23x_standard_peripheral/Source/gd32e23x_rtc.c ****     \brief      enable RTC time-stamp
 472:../Firmware/GD32E23x_standard_peripheral/Source/gd32e23x_rtc.c ****     \param[in]  edge: specify which edge to detect of time-stamp
 473:../Firmware/GD32E23x_standard_peripheral/Source/gd32e23x_rtc.c ****                 only one parameter can be selected which is shown as below:
 474:../Firmware/GD32E23x_standard_peripheral/Source/gd32e23x_rtc.c ****       \arg        RTC_TIMESTAMP_RISING_EDGE: rising edge is valid event edge for timestamp event
 475:../Firmware/GD32E23x_standard_peripheral/Source/gd32e23x_rtc.c ****       \arg        RTC_TIMESTAMP_FALLING_EDGE: falling edge is valid event edge for timestamp event
 476:../Firmware/GD32E23x_standard_peripheral/Source/gd32e23x_rtc.c ****     \param[out] none
 477:../Firmware/GD32E23x_standard_peripheral/Source/gd32e23x_rtc.c ****     \retval     none
 478:../Firmware/GD32E23x_standard_peripheral/Source/gd32e23x_rtc.c **** */
 479:../Firmware/GD32E23x_standard_peripheral/Source/gd32e23x_rtc.c **** void rtc_timestamp_enable(uint32_t edge)
 480:../Firmware/GD32E23x_standard_peripheral/Source/gd32e23x_rtc.c **** {
 1306              		.loc 1 480 1
 1307              		.cfi_startproc
 1308              		@ args = 0, pretend = 0, frame = 16
 1309              		@ frame_needed = 1, uses_anonymous_args = 0
 1310 0000 80B5     		push	{r7, lr}
 1311              		.cfi_def_cfa_offset 8
 1312              		.cfi_offset 7, -8
 1313              		.cfi_offset 14, -4
 1314 0002 84B0     		sub	sp, sp, #16
 1315              		.cfi_def_cfa_offset 24
 1316 0004 00AF     		add	r7, sp, #0
 1317              		.cfi_def_cfa_register 7
 1318 0006 7860     		str	r0, [r7, #4]
 481:../Firmware/GD32E23x_standard_peripheral/Source/gd32e23x_rtc.c ****     uint32_t reg_ctl = 0x00U;
 1319              		.loc 1 481 14
 1320 0008 0023     		movs	r3, #0
 1321 000a FB60     		str	r3, [r7, #12]
 482:../Firmware/GD32E23x_standard_peripheral/Source/gd32e23x_rtc.c **** 
 483:../Firmware/GD32E23x_standard_peripheral/Source/gd32e23x_rtc.c ****     /* clear the bits to be configured in RTC_CTL */
 484:../Firmware/GD32E23x_standard_peripheral/Source/gd32e23x_rtc.c ****     reg_ctl = (uint32_t)(RTC_CTL & (uint32_t)(~(RTC_CTL_TSEG | RTC_CTL_TSEN)));
 1322              		.loc 1 484 26
 1323 000c 42F60803 		movw	r3, #10248
 1324 0010 C4F20003 		movt	r3, 16384
 1325 0014 1B68     		ldr	r3, [r3]
 1326              		.loc 1 484 13
 1327 0016 134A     		ldr	r2, .L38
 1328 0018 1340     		ands	r3, r2
 1329 001a FB60     		str	r3, [r7, #12]
 485:../Firmware/GD32E23x_standard_peripheral/Source/gd32e23x_rtc.c **** 
 486:../Firmware/GD32E23x_standard_peripheral/Source/gd32e23x_rtc.c ****     /* new configuration */
 487:../Firmware/GD32E23x_standard_peripheral/Source/gd32e23x_rtc.c ****     reg_ctl |= (uint32_t)(edge | RTC_CTL_TSEN);
 1330              		.loc 1 487 13
 1331 001c 7A68     		ldr	r2, [r7, #4]
 1332 001e FB68     		ldr	r3, [r7, #12]
 1333 0020 1343     		orrs	r3, r2
 1334 0022 40F60002 		movw	r2, #2048
 1335 0026 1343     		orrs	r3, r2
 1336 0028 FB60     		str	r3, [r7, #12]
 488:../Firmware/GD32E23x_standard_peripheral/Source/gd32e23x_rtc.c **** 
 489:../Firmware/GD32E23x_standard_peripheral/Source/gd32e23x_rtc.c ****     /* disable the write protection */
 490:../Firmware/GD32E23x_standard_peripheral/Source/gd32e23x_rtc.c ****     RTC_WPK = RTC_UNLOCK_KEY1;
 1337              		.loc 1 490 5
 1338 002a 42F62403 		movw	r3, #10276
 1339 002e C4F20003 		movt	r3, 16384
 1340              		.loc 1 490 13
 1341 0032 CA22     		movs	r2, #202
 1342 0034 1A60     		str	r2, [r3]
 491:../Firmware/GD32E23x_standard_peripheral/Source/gd32e23x_rtc.c ****     RTC_WPK = RTC_UNLOCK_KEY2;
 1343              		.loc 1 491 5
 1344 0036 42F62403 		movw	r3, #10276
 1345 003a C4F20003 		movt	r3, 16384
 1346              		.loc 1 491 13
 1347 003e 5322     		movs	r2, #83
 1348 0040 1A60     		str	r2, [r3]
 492:../Firmware/GD32E23x_standard_peripheral/Source/gd32e23x_rtc.c **** 
 493:../Firmware/GD32E23x_standard_peripheral/Source/gd32e23x_rtc.c ****     RTC_CTL = (uint32_t)reg_ctl;
 1349              		.loc 1 493 5
 1350 0042 42F60803 		movw	r3, #10248
 1351 0046 C4F20003 		movt	r3, 16384
 1352              		.loc 1 493 13
 1353 004a FA68     		ldr	r2, [r7, #12]
 1354 004c 1A60     		str	r2, [r3]
 494:../Firmware/GD32E23x_standard_peripheral/Source/gd32e23x_rtc.c **** 
 495:../Firmware/GD32E23x_standard_peripheral/Source/gd32e23x_rtc.c ****     /* enable the write protection */
 496:../Firmware/GD32E23x_standard_peripheral/Source/gd32e23x_rtc.c ****     RTC_WPK = RTC_LOCK_KEY;
 1355              		.loc 1 496 5
 1356 004e 42F62403 		movw	r3, #10276
 1357 0052 C4F20003 		movt	r3, 16384
 1358              		.loc 1 496 13
 1359 0056 FF22     		movs	r2, #255
 1360 0058 1A60     		str	r2, [r3]
 497:../Firmware/GD32E23x_standard_peripheral/Source/gd32e23x_rtc.c **** }
 1361              		.loc 1 497 1
 1362 005a C046     		nop
 1363 005c BD46     		mov	sp, r7
 1364 005e 04B0     		add	sp, sp, #16
 1365              		@ sp needed
 1366 0060 80BD     		pop	{r7, pc}
 1367              	.L39:
 1368 0062 C046     		.align	2
 1369              	.L38:
 1370 0064 F7F7FFFF 		.word	-2057
 1371              		.cfi_endproc
 1372              	.LFE71:
 1374              		.section	.text.rtc_timestamp_disable,"ax",%progbits
 1375              		.align	1
 1376              		.global	rtc_timestamp_disable
 1377              		.syntax unified
 1378              		.code	16
 1379              		.thumb_func
 1380              		.fpu softvfp
 1382              	rtc_timestamp_disable:
 1383              	.LFB72:
 498:../Firmware/GD32E23x_standard_peripheral/Source/gd32e23x_rtc.c **** 
 499:../Firmware/GD32E23x_standard_peripheral/Source/gd32e23x_rtc.c **** /*!
 500:../Firmware/GD32E23x_standard_peripheral/Source/gd32e23x_rtc.c ****     \brief      disable RTC time-stamp
 501:../Firmware/GD32E23x_standard_peripheral/Source/gd32e23x_rtc.c ****     \param[in]  none
 502:../Firmware/GD32E23x_standard_peripheral/Source/gd32e23x_rtc.c ****     \param[out] none
 503:../Firmware/GD32E23x_standard_peripheral/Source/gd32e23x_rtc.c ****     \retval     none
 504:../Firmware/GD32E23x_standard_peripheral/Source/gd32e23x_rtc.c **** */
 505:../Firmware/GD32E23x_standard_peripheral/Source/gd32e23x_rtc.c **** void rtc_timestamp_disable(void)
 506:../Firmware/GD32E23x_standard_peripheral/Source/gd32e23x_rtc.c **** {
 1384              		.loc 1 506 1
 1385              		.cfi_startproc
 1386              		@ args = 0, pretend = 0, frame = 0
 1387              		@ frame_needed = 1, uses_anonymous_args = 0
 1388 0000 80B5     		push	{r7, lr}
 1389              		.cfi_def_cfa_offset 8
 1390              		.cfi_offset 7, -8
 1391              		.cfi_offset 14, -4
 1392 0002 00AF     		add	r7, sp, #0
 1393              		.cfi_def_cfa_register 7
 507:../Firmware/GD32E23x_standard_peripheral/Source/gd32e23x_rtc.c ****     /* disable the write protection */
 508:../Firmware/GD32E23x_standard_peripheral/Source/gd32e23x_rtc.c ****     RTC_WPK = RTC_UNLOCK_KEY1;
 1394              		.loc 1 508 5
 1395 0004 42F62403 		movw	r3, #10276
 1396 0008 C4F20003 		movt	r3, 16384
 1397              		.loc 1 508 13
 1398 000c CA22     		movs	r2, #202
 1399 000e 1A60     		str	r2, [r3]
 509:../Firmware/GD32E23x_standard_peripheral/Source/gd32e23x_rtc.c ****     RTC_WPK = RTC_UNLOCK_KEY2;
 1400              		.loc 1 509 5
 1401 0010 42F62403 		movw	r3, #10276
 1402 0014 C4F20003 		movt	r3, 16384
 1403              		.loc 1 509 13
 1404 0018 5322     		movs	r2, #83
 1405 001a 1A60     		str	r2, [r3]
 510:../Firmware/GD32E23x_standard_peripheral/Source/gd32e23x_rtc.c **** 
 511:../Firmware/GD32E23x_standard_peripheral/Source/gd32e23x_rtc.c ****     /* clear the TSEN bit */
 512:../Firmware/GD32E23x_standard_peripheral/Source/gd32e23x_rtc.c ****     RTC_CTL &= (uint32_t)(~ RTC_CTL_TSEN);
 1406              		.loc 1 512 13
 1407 001c 42F60803 		movw	r3, #10248
 1408 0020 C4F20003 		movt	r3, 16384
 1409 0024 1A68     		ldr	r2, [r3]
 1410 0026 42F60803 		movw	r3, #10248
 1411 002a C4F20003 		movt	r3, 16384
 1412 002e 0649     		ldr	r1, .L41
 1413 0030 0A40     		ands	r2, r1
 1414 0032 1A60     		str	r2, [r3]
 513:../Firmware/GD32E23x_standard_peripheral/Source/gd32e23x_rtc.c **** 
 514:../Firmware/GD32E23x_standard_peripheral/Source/gd32e23x_rtc.c ****     /* enable the write protection */
 515:../Firmware/GD32E23x_standard_peripheral/Source/gd32e23x_rtc.c ****     RTC_WPK = RTC_LOCK_KEY;
 1415              		.loc 1 515 5
 1416 0034 42F62403 		movw	r3, #10276
 1417 0038 C4F20003 		movt	r3, 16384
 1418              		.loc 1 515 13
 1419 003c FF22     		movs	r2, #255
 1420 003e 1A60     		str	r2, [r3]
 516:../Firmware/GD32E23x_standard_peripheral/Source/gd32e23x_rtc.c **** }
 1421              		.loc 1 516 1
 1422 0040 C046     		nop
 1423 0042 BD46     		mov	sp, r7
 1424              		@ sp needed
 1425 0044 80BD     		pop	{r7, pc}
 1426              	.L42:
 1427 0046 C046     		.align	2
 1428              	.L41:
 1429 0048 FFF7FFFF 		.word	-2049
 1430              		.cfi_endproc
 1431              	.LFE72:
 1433              		.section	.text.rtc_timestamp_get,"ax",%progbits
 1434              		.align	1
 1435              		.global	rtc_timestamp_get
 1436              		.syntax unified
 1437              		.code	16
 1438              		.thumb_func
 1439              		.fpu softvfp
 1441              	rtc_timestamp_get:
 1442              	.LFB73:
 517:../Firmware/GD32E23x_standard_peripheral/Source/gd32e23x_rtc.c **** 
 518:../Firmware/GD32E23x_standard_peripheral/Source/gd32e23x_rtc.c **** /*!
 519:../Firmware/GD32E23x_standard_peripheral/Source/gd32e23x_rtc.c ****     \brief      get RTC timestamp time and date
 520:../Firmware/GD32E23x_standard_peripheral/Source/gd32e23x_rtc.c ****     \param[in]  none
 521:../Firmware/GD32E23x_standard_peripheral/Source/gd32e23x_rtc.c ****     \param[out] rtc_timestamp: pointer to a rtc_timestamp_struct structure which contains
 522:../Firmware/GD32E23x_standard_peripheral/Source/gd32e23x_rtc.c ****                 parameters for RTC time-stamp configuration
 523:../Firmware/GD32E23x_standard_peripheral/Source/gd32e23x_rtc.c ****                 members of the structure and the member values are shown as below:
 524:../Firmware/GD32E23x_standard_peripheral/Source/gd32e23x_rtc.c ****                   rtc_timestamp_month: RTC_JAN, RTC_FEB, RTC_MAR, RTC_APR, RTC_MAY, RTC_JUN,
 525:../Firmware/GD32E23x_standard_peripheral/Source/gd32e23x_rtc.c ****                                        RTC_JUL, RTC_AUG, RTC_SEP, RTC_OCT, RTC_NOV, RTC_DEC
 526:../Firmware/GD32E23x_standard_peripheral/Source/gd32e23x_rtc.c ****                   rtc_timestamp_date: 0x1 - 0x31(BCD format)
 527:../Firmware/GD32E23x_standard_peripheral/Source/gd32e23x_rtc.c ****                   rtc_timestamp_day: RTC_MONDAY, RTC_TUESDAY, RTC_WEDSDAY, RTC_THURSDAY, RTC_FRIDAY
 528:../Firmware/GD32E23x_standard_peripheral/Source/gd32e23x_rtc.c ****                                      RTC_SATURDAY, RTC_SUNDAY if RTC_ALARM_WEEKDAY_SELECTED is set
 529:../Firmware/GD32E23x_standard_peripheral/Source/gd32e23x_rtc.c ****                   rtc_timestamp_hour: 0x0 - 0x12(BCD format) or 0x0 - 0x23(BCD format) depending on
 530:../Firmware/GD32E23x_standard_peripheral/Source/gd32e23x_rtc.c ****                   rtc_timestamp_minute: 0x0 - 0x59(BCD format)
 531:../Firmware/GD32E23x_standard_peripheral/Source/gd32e23x_rtc.c ****                   rtc_timestamp_second: 0x0 - 0x59(BCD format)
 532:../Firmware/GD32E23x_standard_peripheral/Source/gd32e23x_rtc.c ****                   rtc_am_pm: RTC_AM, RTC_PM
 533:../Firmware/GD32E23x_standard_peripheral/Source/gd32e23x_rtc.c ****     \retval     none
 534:../Firmware/GD32E23x_standard_peripheral/Source/gd32e23x_rtc.c **** */
 535:../Firmware/GD32E23x_standard_peripheral/Source/gd32e23x_rtc.c **** void rtc_timestamp_get(rtc_timestamp_struct *rtc_timestamp)
 536:../Firmware/GD32E23x_standard_peripheral/Source/gd32e23x_rtc.c **** {
 1443              		.loc 1 536 1
 1444              		.cfi_startproc
 1445              		@ args = 0, pretend = 0, frame = 16
 1446              		@ frame_needed = 1, uses_anonymous_args = 0
 1447 0000 80B5     		push	{r7, lr}
 1448              		.cfi_def_cfa_offset 8
 1449              		.cfi_offset 7, -8
 1450              		.cfi_offset 14, -4
 1451 0002 84B0     		sub	sp, sp, #16
 1452              		.cfi_def_cfa_offset 24
 1453 0004 00AF     		add	r7, sp, #0
 1454              		.cfi_def_cfa_register 7
 1455 0006 7860     		str	r0, [r7, #4]
 537:../Firmware/GD32E23x_standard_peripheral/Source/gd32e23x_rtc.c ****     uint32_t temp_tts = 0x00U, temp_dts = 0x00U;
 1456              		.loc 1 537 14
 1457 0008 0023     		movs	r3, #0
 1458 000a FB60     		str	r3, [r7, #12]
 1459              		.loc 1 537 32
 1460 000c 0023     		movs	r3, #0
 1461 000e BB60     		str	r3, [r7, #8]
 538:../Firmware/GD32E23x_standard_peripheral/Source/gd32e23x_rtc.c **** 
 539:../Firmware/GD32E23x_standard_peripheral/Source/gd32e23x_rtc.c ****     /* get the value of time_stamp registers */
 540:../Firmware/GD32E23x_standard_peripheral/Source/gd32e23x_rtc.c ****     temp_tts = (uint32_t)RTC_TTS;
 1462              		.loc 1 540 16
 1463 0010 42F63003 		movw	r3, #10288
 1464 0014 C4F20003 		movt	r3, 16384
 1465              		.loc 1 540 14
 1466 0018 1B68     		ldr	r3, [r3]
 1467 001a FB60     		str	r3, [r7, #12]
 541:../Firmware/GD32E23x_standard_peripheral/Source/gd32e23x_rtc.c ****     temp_dts = (uint32_t)RTC_DTS;
 1468              		.loc 1 541 16
 1469 001c 42F63403 		movw	r3, #10292
 1470 0020 C4F20003 		movt	r3, 16384
 1471              		.loc 1 541 14
 1472 0024 1B68     		ldr	r3, [r3]
 1473 0026 BB60     		str	r3, [r7, #8]
 542:../Firmware/GD32E23x_standard_peripheral/Source/gd32e23x_rtc.c **** 
 543:../Firmware/GD32E23x_standard_peripheral/Source/gd32e23x_rtc.c ****     /* get timestamp time and construct the rtc_timestamp_struct structure */
 544:../Firmware/GD32E23x_standard_peripheral/Source/gd32e23x_rtc.c ****     rtc_timestamp->rtc_am_pm = (uint32_t)(temp_tts & RTC_TTS_PM);
 1474              		.loc 1 544 32
 1475 0028 FA68     		ldr	r2, [r7, #12]
 1476 002a 8023     		movs	r3, #128
 1477 002c DB03     		lsls	r3, r3, #15
 1478 002e 1A40     		ands	r2, r3
 1479              		.loc 1 544 30
 1480 0030 7B68     		ldr	r3, [r7, #4]
 1481 0032 9A60     		str	r2, [r3, #8]
 545:../Firmware/GD32E23x_standard_peripheral/Source/gd32e23x_rtc.c ****     rtc_timestamp->rtc_timestamp_month = (uint8_t)GET_DTS_MON(temp_dts);
 1482              		.loc 1 545 51
 1483 0034 BB68     		ldr	r3, [r7, #8]
 1484 0036 1B0A     		lsrs	r3, r3, #8
 1485              		.loc 1 545 42
 1486 0038 DBB2     		uxtb	r3, r3
 1487 003a 1F22     		movs	r2, #31
 1488 003c 1340     		ands	r3, r2
 1489 003e DAB2     		uxtb	r2, r3
 1490              		.loc 1 545 40
 1491 0040 7B68     		ldr	r3, [r7, #4]
 1492 0042 1A70     		strb	r2, [r3]
 546:../Firmware/GD32E23x_standard_peripheral/Source/gd32e23x_rtc.c ****     rtc_timestamp->rtc_timestamp_date = (uint8_t)GET_DTS_DAY(temp_dts);
 1493              		.loc 1 546 41
 1494 0044 BB68     		ldr	r3, [r7, #8]
 1495 0046 DBB2     		uxtb	r3, r3
 1496 0048 3F22     		movs	r2, #63
 1497 004a 1340     		ands	r3, r2
 1498 004c DAB2     		uxtb	r2, r3
 1499              		.loc 1 546 39
 1500 004e 7B68     		ldr	r3, [r7, #4]
 1501 0050 5A70     		strb	r2, [r3, #1]
 547:../Firmware/GD32E23x_standard_peripheral/Source/gd32e23x_rtc.c ****     rtc_timestamp->rtc_timestamp_day = (uint8_t)GET_DTS_DOW(temp_dts);
 1502              		.loc 1 547 49
 1503 0052 BB68     		ldr	r3, [r7, #8]
 1504 0054 5B0B     		lsrs	r3, r3, #13
 1505              		.loc 1 547 40
 1506 0056 DBB2     		uxtb	r3, r3
 1507 0058 0722     		movs	r2, #7
 1508 005a 1340     		ands	r3, r2
 1509 005c DAB2     		uxtb	r2, r3
 1510              		.loc 1 547 38
 1511 005e 7B68     		ldr	r3, [r7, #4]
 1512 0060 9A70     		strb	r2, [r3, #2]
 548:../Firmware/GD32E23x_standard_peripheral/Source/gd32e23x_rtc.c ****     rtc_timestamp->rtc_timestamp_hour = (uint8_t)GET_TTS_HR(temp_tts);
 1513              		.loc 1 548 50
 1514 0062 FB68     		ldr	r3, [r7, #12]
 1515 0064 1B0C     		lsrs	r3, r3, #16
 1516              		.loc 1 548 41
 1517 0066 DBB2     		uxtb	r3, r3
 1518 0068 3F22     		movs	r2, #63
 1519 006a 1340     		ands	r3, r2
 1520 006c DAB2     		uxtb	r2, r3
 1521              		.loc 1 548 39
 1522 006e 7B68     		ldr	r3, [r7, #4]
 1523 0070 DA70     		strb	r2, [r3, #3]
 549:../Firmware/GD32E23x_standard_peripheral/Source/gd32e23x_rtc.c ****     rtc_timestamp->rtc_timestamp_minute = (uint8_t)GET_TTS_MN(temp_tts);
 1524              		.loc 1 549 52
 1525 0072 FB68     		ldr	r3, [r7, #12]
 1526 0074 1B0A     		lsrs	r3, r3, #8
 1527              		.loc 1 549 43
 1528 0076 DBB2     		uxtb	r3, r3
 1529 0078 7F22     		movs	r2, #127
 1530 007a 1340     		ands	r3, r2
 1531 007c DAB2     		uxtb	r2, r3
 1532              		.loc 1 549 41
 1533 007e 7B68     		ldr	r3, [r7, #4]
 1534 0080 1A71     		strb	r2, [r3, #4]
 550:../Firmware/GD32E23x_standard_peripheral/Source/gd32e23x_rtc.c ****     rtc_timestamp->rtc_timestamp_second = (uint8_t)GET_TTS_SC(temp_tts);
 1535              		.loc 1 550 43
 1536 0082 FB68     		ldr	r3, [r7, #12]
 1537 0084 DBB2     		uxtb	r3, r3
 1538 0086 7F22     		movs	r2, #127
 1539 0088 1340     		ands	r3, r2
 1540 008a DAB2     		uxtb	r2, r3
 1541              		.loc 1 550 41
 1542 008c 7B68     		ldr	r3, [r7, #4]
 1543 008e 5A71     		strb	r2, [r3, #5]
 551:../Firmware/GD32E23x_standard_peripheral/Source/gd32e23x_rtc.c **** }
 1544              		.loc 1 551 1
 1545 0090 C046     		nop
 1546 0092 BD46     		mov	sp, r7
 1547 0094 04B0     		add	sp, sp, #16
 1548              		@ sp needed
 1549 0096 80BD     		pop	{r7, pc}
 1550              		.cfi_endproc
 1551              	.LFE73:
 1553              		.section	.text.rtc_timestamp_subsecond_get,"ax",%progbits
 1554              		.align	1
 1555              		.global	rtc_timestamp_subsecond_get
 1556              		.syntax unified
 1557              		.code	16
 1558              		.thumb_func
 1559              		.fpu softvfp
 1561              	rtc_timestamp_subsecond_get:
 1562              	.LFB74:
 552:../Firmware/GD32E23x_standard_peripheral/Source/gd32e23x_rtc.c **** 
 553:../Firmware/GD32E23x_standard_peripheral/Source/gd32e23x_rtc.c **** /*!
 554:../Firmware/GD32E23x_standard_peripheral/Source/gd32e23x_rtc.c ****     \brief      get RTC time-stamp subsecond
 555:../Firmware/GD32E23x_standard_peripheral/Source/gd32e23x_rtc.c ****     \param[in]  none
 556:../Firmware/GD32E23x_standard_peripheral/Source/gd32e23x_rtc.c ****     \param[out] none
 557:../Firmware/GD32E23x_standard_peripheral/Source/gd32e23x_rtc.c ****     \retval     RTC time-stamp subsecond value
 558:../Firmware/GD32E23x_standard_peripheral/Source/gd32e23x_rtc.c **** */
 559:../Firmware/GD32E23x_standard_peripheral/Source/gd32e23x_rtc.c **** uint32_t rtc_timestamp_subsecond_get(void)
 560:../Firmware/GD32E23x_standard_peripheral/Source/gd32e23x_rtc.c **** {
 1563              		.loc 1 560 1
 1564              		.cfi_startproc
 1565              		@ args = 0, pretend = 0, frame = 0
 1566              		@ frame_needed = 1, uses_anonymous_args = 0
 1567 0000 80B5     		push	{r7, lr}
 1568              		.cfi_def_cfa_offset 8
 1569              		.cfi_offset 7, -8
 1570              		.cfi_offset 14, -4
 1571 0002 00AF     		add	r7, sp, #0
 1572              		.cfi_def_cfa_register 7
 561:../Firmware/GD32E23x_standard_peripheral/Source/gd32e23x_rtc.c ****     return ((uint32_t)RTC_SSTS);
 1573              		.loc 1 561 13
 1574 0004 42F63803 		movw	r3, #10296
 1575 0008 C4F20003 		movt	r3, 16384
 1576 000c 1B68     		ldr	r3, [r3]
 562:../Firmware/GD32E23x_standard_peripheral/Source/gd32e23x_rtc.c **** }
 1577              		.loc 1 562 1
 1578 000e 1800     		movs	r0, r3
 1579 0010 BD46     		mov	sp, r7
 1580              		@ sp needed
 1581 0012 80BD     		pop	{r7, pc}
 1582              		.cfi_endproc
 1583              	.LFE74:
 1585              		.section	.text.rtc_tamper_enable,"ax",%progbits
 1586              		.align	1
 1587              		.global	rtc_tamper_enable
 1588              		.syntax unified
 1589              		.code	16
 1590              		.thumb_func
 1591              		.fpu softvfp
 1593              	rtc_tamper_enable:
 1594              	.LFB75:
 563:../Firmware/GD32E23x_standard_peripheral/Source/gd32e23x_rtc.c **** 
 564:../Firmware/GD32E23x_standard_peripheral/Source/gd32e23x_rtc.c **** 
 565:../Firmware/GD32E23x_standard_peripheral/Source/gd32e23x_rtc.c **** /*!
 566:../Firmware/GD32E23x_standard_peripheral/Source/gd32e23x_rtc.c ****     \brief      enable RTC tamper
 567:../Firmware/GD32E23x_standard_peripheral/Source/gd32e23x_rtc.c ****     \param[in]  rtc_tamper: pointer to a rtc_tamper_struct structure which contains
 568:../Firmware/GD32E23x_standard_peripheral/Source/gd32e23x_rtc.c ****                 parameters for RTC tamper configuration
 569:../Firmware/GD32E23x_standard_peripheral/Source/gd32e23x_rtc.c ****                 members of the structure and the member values are shown as below:
 570:../Firmware/GD32E23x_standard_peripheral/Source/gd32e23x_rtc.c ****                   rtc_tamper_source: RTC_TAMPER0, RTC_TAMPER1
 571:../Firmware/GD32E23x_standard_peripheral/Source/gd32e23x_rtc.c ****                   rtc_tamper_trigger: RTC_TAMPER_TRIGGER_EDGE_RISING, RTC_TAMPER_TRIGGER_EDGE_FALLI
 572:../Firmware/GD32E23x_standard_peripheral/Source/gd32e23x_rtc.c ****                                       RTC_TAMPER_TRIGGER_LEVEL_LOW, RTC_TAMPER_TRIGGER_LEVEL_HIGH
 573:../Firmware/GD32E23x_standard_peripheral/Source/gd32e23x_rtc.c ****                   rtc_tamper_filter: RTC_FLT_EDGE, RTC_FLT_2S, RTC_FLT_4S, RTC_FLT_8S
 574:../Firmware/GD32E23x_standard_peripheral/Source/gd32e23x_rtc.c ****                   rtc_tamper_sample_frequency: RTC_FREQ_DIV32768, RTC_FREQ_DIV16384, RTC_FREQ_DIV81
 575:../Firmware/GD32E23x_standard_peripheral/Source/gd32e23x_rtc.c ****                                                RTC_FREQ_DIV4096, RTC_FREQ_DIV2048, RTC_FREQ_DIV1024
 576:../Firmware/GD32E23x_standard_peripheral/Source/gd32e23x_rtc.c ****                                                RTC_FREQ_DIV512, RTC_FREQ_DIV256
 577:../Firmware/GD32E23x_standard_peripheral/Source/gd32e23x_rtc.c ****                   rtc_tamper_precharge_enable: DISABLE, ENABLE
 578:../Firmware/GD32E23x_standard_peripheral/Source/gd32e23x_rtc.c ****                   rtc_tamper_precharge_time: RTC_PRCH_1C, RTC_PRCH_2C, RTC_PRCH_4C, RTC_PRCH_8C
 579:../Firmware/GD32E23x_standard_peripheral/Source/gd32e23x_rtc.c ****                   rtc_tamper_with_timestamp: DISABLE, ENABLE
 580:../Firmware/GD32E23x_standard_peripheral/Source/gd32e23x_rtc.c ****     \param[out] none
 581:../Firmware/GD32E23x_standard_peripheral/Source/gd32e23x_rtc.c ****     \retval     none
 582:../Firmware/GD32E23x_standard_peripheral/Source/gd32e23x_rtc.c **** */
 583:../Firmware/GD32E23x_standard_peripheral/Source/gd32e23x_rtc.c **** void rtc_tamper_enable(rtc_tamper_struct *rtc_tamper)
 584:../Firmware/GD32E23x_standard_peripheral/Source/gd32e23x_rtc.c **** {
 1595              		.loc 1 584 1
 1596              		.cfi_startproc
 1597              		@ args = 0, pretend = 0, frame = 8
 1598              		@ frame_needed = 1, uses_anonymous_args = 0
 1599 0000 80B5     		push	{r7, lr}
 1600              		.cfi_def_cfa_offset 8
 1601              		.cfi_offset 7, -8
 1602              		.cfi_offset 14, -4
 1603 0002 82B0     		sub	sp, sp, #8
 1604              		.cfi_def_cfa_offset 16
 1605 0004 00AF     		add	r7, sp, #0
 1606              		.cfi_def_cfa_register 7
 1607 0006 7860     		str	r0, [r7, #4]
 585:../Firmware/GD32E23x_standard_peripheral/Source/gd32e23x_rtc.c ****     /* disable tamper */
 586:../Firmware/GD32E23x_standard_peripheral/Source/gd32e23x_rtc.c ****     RTC_TAMP &= (uint32_t)~(rtc_tamper->rtc_tamper_source);
 1608              		.loc 1 586 14
 1609 0008 42F64003 		movw	r3, #10304
 1610 000c C4F20003 		movt	r3, 16384
 1611 0010 1A68     		ldr	r2, [r3]
 1612              		.loc 1 586 39
 1613 0012 7B68     		ldr	r3, [r7, #4]
 1614 0014 1B68     		ldr	r3, [r3]
 1615              		.loc 1 586 27
 1616 0016 D943     		mvns	r1, r3
 1617              		.loc 1 586 14
 1618 0018 42F64003 		movw	r3, #10304
 1619 001c C4F20003 		movt	r3, 16384
 1620 0020 0A40     		ands	r2, r1
 1621 0022 1A60     		str	r2, [r3]
 587:../Firmware/GD32E23x_standard_peripheral/Source/gd32e23x_rtc.c **** 
 588:../Firmware/GD32E23x_standard_peripheral/Source/gd32e23x_rtc.c ****     /* tamper filter must be used when the tamper source is voltage level detection */
 589:../Firmware/GD32E23x_standard_peripheral/Source/gd32e23x_rtc.c ****     RTC_TAMP &= (uint32_t)~RTC_TAMP_FLT;
 1622              		.loc 1 589 14
 1623 0024 42F64003 		movw	r3, #10304
 1624 0028 C4F20003 		movt	r3, 16384
 1625 002c 1A68     		ldr	r2, [r3]
 1626 002e 42F64003 		movw	r3, #10304
 1627 0032 C4F20003 		movt	r3, 16384
 1628 0036 4B49     		ldr	r1, .L52
 1629 0038 0A40     		ands	r2, r1
 1630 003a 1A60     		str	r2, [r3]
 590:../Firmware/GD32E23x_standard_peripheral/Source/gd32e23x_rtc.c **** 
 591:../Firmware/GD32E23x_standard_peripheral/Source/gd32e23x_rtc.c ****     /* the tamper source is voltage level detection */
 592:../Firmware/GD32E23x_standard_peripheral/Source/gd32e23x_rtc.c ****     if(rtc_tamper->rtc_tamper_filter != RTC_FLT_EDGE) {
 1631              		.loc 1 592 18
 1632 003c 7B68     		ldr	r3, [r7, #4]
 1633 003e 9B68     		ldr	r3, [r3, #8]
 1634              		.loc 1 592 7
 1635 0040 002B     		cmp	r3, #0
 1636 0042 43D0     		beq	.L47
 593:../Firmware/GD32E23x_standard_peripheral/Source/gd32e23x_rtc.c ****         RTC_TAMP &= (uint32_t)~(RTC_TAMP_DISPU | RTC_TAMP_PRCH | RTC_TAMP_FREQ | RTC_TAMP_FLT);
 1637              		.loc 1 593 18
 1638 0044 42F64003 		movw	r3, #10304
 1639 0048 C4F20003 		movt	r3, 16384
 1640 004c 1A68     		ldr	r2, [r3]
 1641 004e 42F64003 		movw	r3, #10304
 1642 0052 C4F20003 		movt	r3, 16384
 1643 0056 4449     		ldr	r1, .L52+4
 1644 0058 0A40     		ands	r2, r1
 1645 005a 1A60     		str	r2, [r3]
 594:../Firmware/GD32E23x_standard_peripheral/Source/gd32e23x_rtc.c **** 
 595:../Firmware/GD32E23x_standard_peripheral/Source/gd32e23x_rtc.c ****         /* check if the tamper pin need precharge, if need, then configure the precharge time */
 596:../Firmware/GD32E23x_standard_peripheral/Source/gd32e23x_rtc.c ****         if(DISABLE == rtc_tamper->rtc_tamper_precharge_enable) {
 1646              		.loc 1 596 33
 1647 005c 7B68     		ldr	r3, [r7, #4]
 1648 005e 1B7C     		ldrb	r3, [r3, #16]
 1649              		.loc 1 596 11
 1650 0060 6BB9     		cbnz	r3, .L48
 597:../Firmware/GD32E23x_standard_peripheral/Source/gd32e23x_rtc.c ****             RTC_TAMP |= (uint32_t)RTC_TAMP_DISPU;
 1651              		.loc 1 597 22
 1652 0062 42F64003 		movw	r3, #10304
 1653 0066 C4F20003 		movt	r3, 16384
 1654 006a 1A68     		ldr	r2, [r3]
 1655 006c 42F64003 		movw	r3, #10304
 1656 0070 C4F20003 		movt	r3, 16384
 1657 0074 48F20001 		movw	r1, #32768
 1658 0078 0A43     		orrs	r2, r1
 1659 007a 1A60     		str	r2, [r3]
 1660 007c 0CE0     		b	.L49
 1661              	.L48:
 598:../Firmware/GD32E23x_standard_peripheral/Source/gd32e23x_rtc.c ****         } else {
 599:../Firmware/GD32E23x_standard_peripheral/Source/gd32e23x_rtc.c ****             RTC_TAMP |= (uint32_t)(rtc_tamper->rtc_tamper_precharge_time);
 1662              		.loc 1 599 22
 1663 007e 42F64003 		movw	r3, #10304
 1664 0082 C4F20003 		movt	r3, 16384
 1665 0086 1968     		ldr	r1, [r3]
 1666              		.loc 1 599 46
 1667 0088 7B68     		ldr	r3, [r7, #4]
 1668 008a 5A69     		ldr	r2, [r3, #20]
 1669              		.loc 1 599 22
 1670 008c 42F64003 		movw	r3, #10304
 1671 0090 C4F20003 		movt	r3, 16384
 1672 0094 0A43     		orrs	r2, r1
 1673 0096 1A60     		str	r2, [r3]
 1674              	.L49:
 600:../Firmware/GD32E23x_standard_peripheral/Source/gd32e23x_rtc.c ****         }
 601:../Firmware/GD32E23x_standard_peripheral/Source/gd32e23x_rtc.c **** 
 602:../Firmware/GD32E23x_standard_peripheral/Source/gd32e23x_rtc.c ****         RTC_TAMP |= (uint32_t)(rtc_tamper->rtc_tamper_sample_frequency);
 1675              		.loc 1 602 18
 1676 0098 42F64003 		movw	r3, #10304
 1677 009c C4F20003 		movt	r3, 16384
 1678 00a0 1968     		ldr	r1, [r3]
 1679              		.loc 1 602 42
 1680 00a2 7B68     		ldr	r3, [r7, #4]
 1681 00a4 DA68     		ldr	r2, [r3, #12]
 1682              		.loc 1 602 18
 1683 00a6 42F64003 		movw	r3, #10304
 1684 00aa C4F20003 		movt	r3, 16384
 1685 00ae 0A43     		orrs	r2, r1
 1686 00b0 1A60     		str	r2, [r3]
 603:../Firmware/GD32E23x_standard_peripheral/Source/gd32e23x_rtc.c ****         RTC_TAMP |= (uint32_t)(rtc_tamper->rtc_tamper_filter);
 1687              		.loc 1 603 18
 1688 00b2 42F64003 		movw	r3, #10304
 1689 00b6 C4F20003 		movt	r3, 16384
 1690 00ba 1968     		ldr	r1, [r3]
 1691              		.loc 1 603 42
 1692 00bc 7B68     		ldr	r3, [r7, #4]
 1693 00be 9A68     		ldr	r2, [r3, #8]
 1694              		.loc 1 603 18
 1695 00c0 42F64003 		movw	r3, #10304
 1696 00c4 C4F20003 		movt	r3, 16384
 1697 00c8 0A43     		orrs	r2, r1
 1698 00ca 1A60     		str	r2, [r3]
 1699              	.L47:
 604:../Firmware/GD32E23x_standard_peripheral/Source/gd32e23x_rtc.c ****     }
 605:../Firmware/GD32E23x_standard_peripheral/Source/gd32e23x_rtc.c ****     RTC_TAMP &= (uint32_t)~RTC_TAMP_TPTS;
 1700              		.loc 1 605 14
 1701 00cc 42F64003 		movw	r3, #10304
 1702 00d0 C4F20003 		movt	r3, 16384
 1703 00d4 1A68     		ldr	r2, [r3]
 1704 00d6 42F64003 		movw	r3, #10304
 1705 00da C4F20003 		movt	r3, 16384
 1706 00de 8021     		movs	r1, #128
 1707 00e0 8A43     		bics	r2, r1
 1708 00e2 1A60     		str	r2, [r3]
 606:../Firmware/GD32E23x_standard_peripheral/Source/gd32e23x_rtc.c **** 
 607:../Firmware/GD32E23x_standard_peripheral/Source/gd32e23x_rtc.c ****     if(DISABLE != rtc_tamper->rtc_tamper_with_timestamp) {
 1709              		.loc 1 607 29
 1710 00e4 7B68     		ldr	r3, [r7, #4]
 1711 00e6 1B7E     		ldrb	r3, [r3, #24]
 1712              		.loc 1 607 7
 1713 00e8 5BB1     		cbz	r3, .L50
 608:../Firmware/GD32E23x_standard_peripheral/Source/gd32e23x_rtc.c ****         /* the tamper event also cause a time-stamp event */
 609:../Firmware/GD32E23x_standard_peripheral/Source/gd32e23x_rtc.c ****         RTC_TAMP |= (uint32_t)RTC_TAMP_TPTS;
 1714              		.loc 1 609 18
 1715 00ea 42F64003 		movw	r3, #10304
 1716 00ee C4F20003 		movt	r3, 16384
 1717 00f2 1A68     		ldr	r2, [r3]
 1718 00f4 42F64003 		movw	r3, #10304
 1719 00f8 C4F20003 		movt	r3, 16384
 1720 00fc 8021     		movs	r1, #128
 1721 00fe 0A43     		orrs	r2, r1
 1722 0100 1A60     		str	r2, [r3]
 1723              	.L50:
 610:../Firmware/GD32E23x_standard_peripheral/Source/gd32e23x_rtc.c ****     }
 611:../Firmware/GD32E23x_standard_peripheral/Source/gd32e23x_rtc.c ****     /* configure the tamper trigger */
 612:../Firmware/GD32E23x_standard_peripheral/Source/gd32e23x_rtc.c ****     RTC_TAMP &= ((uint32_t)~((rtc_tamper->rtc_tamper_source) << RTC_TAMPER_TRIGGER_POS));
 1724              		.loc 1 612 14
 1725 0102 42F64003 		movw	r3, #10304
 1726 0106 C4F20003 		movt	r3, 16384
 1727 010a 1A68     		ldr	r2, [r3]
 1728              		.loc 1 612 41
 1729 010c 7B68     		ldr	r3, [r7, #4]
 1730 010e 1B68     		ldr	r3, [r3]
 1731              		.loc 1 612 62
 1732 0110 5B00     		lsls	r3, r3, #1
 1733              		.loc 1 612 28
 1734 0112 D943     		mvns	r1, r3
 1735              		.loc 1 612 14
 1736 0114 42F64003 		movw	r3, #10304
 1737 0118 C4F20003 		movt	r3, 16384
 1738 011c 0A40     		ands	r2, r1
 1739 011e 1A60     		str	r2, [r3]
 613:../Firmware/GD32E23x_standard_peripheral/Source/gd32e23x_rtc.c ****     if(RTC_TAMPER_TRIGGER_EDGE_RISING != rtc_tamper->rtc_tamper_trigger) {
 1740              		.loc 1 613 52
 1741 0120 7B68     		ldr	r3, [r7, #4]
 1742 0122 5B68     		ldr	r3, [r3, #4]
 1743              		.loc 1 613 7
 1744 0124 6BB1     		cbz	r3, .L51
 614:../Firmware/GD32E23x_standard_peripheral/Source/gd32e23x_rtc.c ****         RTC_TAMP |= (uint32_t)((rtc_tamper->rtc_tamper_source) << RTC_TAMPER_TRIGGER_POS);
 1745              		.loc 1 614 18
 1746 0126 42F64003 		movw	r3, #10304
 1747 012a C4F20003 		movt	r3, 16384
 1748 012e 1968     		ldr	r1, [r3]
 1749              		.loc 1 614 43
 1750 0130 7B68     		ldr	r3, [r7, #4]
 1751 0132 1B68     		ldr	r3, [r3]
 1752              		.loc 1 614 64
 1753 0134 5A00     		lsls	r2, r3, #1
 1754              		.loc 1 614 18
 1755 0136 42F64003 		movw	r3, #10304
 1756 013a C4F20003 		movt	r3, 16384
 1757 013e 0A43     		orrs	r2, r1
 1758 0140 1A60     		str	r2, [r3]
 1759              	.L51:
 615:../Firmware/GD32E23x_standard_peripheral/Source/gd32e23x_rtc.c ****     }
 616:../Firmware/GD32E23x_standard_peripheral/Source/gd32e23x_rtc.c ****     /* enable tamper */
 617:../Firmware/GD32E23x_standard_peripheral/Source/gd32e23x_rtc.c ****     RTC_TAMP |= (uint32_t)(rtc_tamper->rtc_tamper_source);
 1760              		.loc 1 617 14
 1761 0142 42F64003 		movw	r3, #10304
 1762 0146 C4F20003 		movt	r3, 16384
 1763 014a 1968     		ldr	r1, [r3]
 1764              		.loc 1 617 38
 1765 014c 7B68     		ldr	r3, [r7, #4]
 1766 014e 1A68     		ldr	r2, [r3]
 1767              		.loc 1 617 14
 1768 0150 42F64003 		movw	r3, #10304
 1769 0154 C4F20003 		movt	r3, 16384
 1770 0158 0A43     		orrs	r2, r1
 1771 015a 1A60     		str	r2, [r3]
 618:../Firmware/GD32E23x_standard_peripheral/Source/gd32e23x_rtc.c **** }
 1772              		.loc 1 618 1
 1773 015c C046     		nop
 1774 015e BD46     		mov	sp, r7
 1775 0160 02B0     		add	sp, sp, #8
 1776              		@ sp needed
 1777 0162 80BD     		pop	{r7, pc}
 1778              	.L53:
 1779              		.align	2
 1780              	.L52:
 1781 0164 FFE7FFFF 		.word	-6145
 1782 0168 FF00FFFF 		.word	-65281
 1783              		.cfi_endproc
 1784              	.LFE75:
 1786              		.section	.text.rtc_tamper_disable,"ax",%progbits
 1787              		.align	1
 1788              		.global	rtc_tamper_disable
 1789              		.syntax unified
 1790              		.code	16
 1791              		.thumb_func
 1792              		.fpu softvfp
 1794              	rtc_tamper_disable:
 1795              	.LFB76:
 619:../Firmware/GD32E23x_standard_peripheral/Source/gd32e23x_rtc.c **** 
 620:../Firmware/GD32E23x_standard_peripheral/Source/gd32e23x_rtc.c **** /*!
 621:../Firmware/GD32E23x_standard_peripheral/Source/gd32e23x_rtc.c ****     \brief      disable RTC tamper
 622:../Firmware/GD32E23x_standard_peripheral/Source/gd32e23x_rtc.c ****     \param[in]  source: specify which tamper source to be disabled
 623:../Firmware/GD32E23x_standard_peripheral/Source/gd32e23x_rtc.c ****                 only one parameter can be selected which is shown as below:
 624:../Firmware/GD32E23x_standard_peripheral/Source/gd32e23x_rtc.c ****       \arg        RTC_TAMPER0
 625:../Firmware/GD32E23x_standard_peripheral/Source/gd32e23x_rtc.c ****       \arg        RTC_TAMPER1
 626:../Firmware/GD32E23x_standard_peripheral/Source/gd32e23x_rtc.c ****     \param[out] none
 627:../Firmware/GD32E23x_standard_peripheral/Source/gd32e23x_rtc.c ****     \retval     none
 628:../Firmware/GD32E23x_standard_peripheral/Source/gd32e23x_rtc.c **** */
 629:../Firmware/GD32E23x_standard_peripheral/Source/gd32e23x_rtc.c **** void rtc_tamper_disable(uint32_t source)
 630:../Firmware/GD32E23x_standard_peripheral/Source/gd32e23x_rtc.c **** {
 1796              		.loc 1 630 1
 1797              		.cfi_startproc
 1798              		@ args = 0, pretend = 0, frame = 8
 1799              		@ frame_needed = 1, uses_anonymous_args = 0
 1800 0000 80B5     		push	{r7, lr}
 1801              		.cfi_def_cfa_offset 8
 1802              		.cfi_offset 7, -8
 1803              		.cfi_offset 14, -4
 1804 0002 82B0     		sub	sp, sp, #8
 1805              		.cfi_def_cfa_offset 16
 1806 0004 00AF     		add	r7, sp, #0
 1807              		.cfi_def_cfa_register 7
 1808 0006 7860     		str	r0, [r7, #4]
 631:../Firmware/GD32E23x_standard_peripheral/Source/gd32e23x_rtc.c ****     /* disable tamper */
 632:../Firmware/GD32E23x_standard_peripheral/Source/gd32e23x_rtc.c ****     RTC_TAMP &= (uint32_t)~source;
 1809              		.loc 1 632 14
 1810 0008 42F64003 		movw	r3, #10304
 1811 000c C4F20003 		movt	r3, 16384
 1812 0010 1A68     		ldr	r2, [r3]
 1813              		.loc 1 632 27
 1814 0012 7B68     		ldr	r3, [r7, #4]
 1815 0014 D943     		mvns	r1, r3
 1816              		.loc 1 632 14
 1817 0016 42F64003 		movw	r3, #10304
 1818 001a C4F20003 		movt	r3, 16384
 1819 001e 0A40     		ands	r2, r1
 1820 0020 1A60     		str	r2, [r3]
 633:../Firmware/GD32E23x_standard_peripheral/Source/gd32e23x_rtc.c **** 
 634:../Firmware/GD32E23x_standard_peripheral/Source/gd32e23x_rtc.c **** }
 1821              		.loc 1 634 1
 1822 0022 C046     		nop
 1823 0024 BD46     		mov	sp, r7
 1824 0026 02B0     		add	sp, sp, #8
 1825              		@ sp needed
 1826 0028 80BD     		pop	{r7, pc}
 1827              		.cfi_endproc
 1828              	.LFE76:
 1830              		.section	.text.rtc_interrupt_enable,"ax",%progbits
 1831              		.align	1
 1832              		.global	rtc_interrupt_enable
 1833              		.syntax unified
 1834              		.code	16
 1835              		.thumb_func
 1836              		.fpu softvfp
 1838              	rtc_interrupt_enable:
 1839              	.LFB77:
 635:../Firmware/GD32E23x_standard_peripheral/Source/gd32e23x_rtc.c **** 
 636:../Firmware/GD32E23x_standard_peripheral/Source/gd32e23x_rtc.c **** /*!
 637:../Firmware/GD32E23x_standard_peripheral/Source/gd32e23x_rtc.c ****     \brief      enable specified RTC interrupt
 638:../Firmware/GD32E23x_standard_peripheral/Source/gd32e23x_rtc.c ****     \param[in]  interrupt: specify which interrupt source to be enabled
 639:../Firmware/GD32E23x_standard_peripheral/Source/gd32e23x_rtc.c ****                 only one parameter can be selected which is shown as below:
 640:../Firmware/GD32E23x_standard_peripheral/Source/gd32e23x_rtc.c ****       \arg        RTC_INT_TIMESTAMP: timestamp interrupt
 641:../Firmware/GD32E23x_standard_peripheral/Source/gd32e23x_rtc.c ****       \arg        RTC_INT_ALARM: alarm interrupt
 642:../Firmware/GD32E23x_standard_peripheral/Source/gd32e23x_rtc.c ****       \arg        RTC_INT_TAMP: tamp interrupt
 643:../Firmware/GD32E23x_standard_peripheral/Source/gd32e23x_rtc.c ****     \param[out] none
 644:../Firmware/GD32E23x_standard_peripheral/Source/gd32e23x_rtc.c ****     \retval     none
 645:../Firmware/GD32E23x_standard_peripheral/Source/gd32e23x_rtc.c **** */
 646:../Firmware/GD32E23x_standard_peripheral/Source/gd32e23x_rtc.c **** void rtc_interrupt_enable(uint32_t interrupt)
 647:../Firmware/GD32E23x_standard_peripheral/Source/gd32e23x_rtc.c **** {
 1840              		.loc 1 647 1
 1841              		.cfi_startproc
 1842              		@ args = 0, pretend = 0, frame = 8
 1843              		@ frame_needed = 1, uses_anonymous_args = 0
 1844 0000 80B5     		push	{r7, lr}
 1845              		.cfi_def_cfa_offset 8
 1846              		.cfi_offset 7, -8
 1847              		.cfi_offset 14, -4
 1848 0002 82B0     		sub	sp, sp, #8
 1849              		.cfi_def_cfa_offset 16
 1850 0004 00AF     		add	r7, sp, #0
 1851              		.cfi_def_cfa_register 7
 1852 0006 7860     		str	r0, [r7, #4]
 648:../Firmware/GD32E23x_standard_peripheral/Source/gd32e23x_rtc.c ****     /* disable the write protection */
 649:../Firmware/GD32E23x_standard_peripheral/Source/gd32e23x_rtc.c ****     RTC_WPK = RTC_UNLOCK_KEY1;
 1853              		.loc 1 649 5
 1854 0008 42F62403 		movw	r3, #10276
 1855 000c C4F20003 		movt	r3, 16384
 1856              		.loc 1 649 13
 1857 0010 CA22     		movs	r2, #202
 1858 0012 1A60     		str	r2, [r3]
 650:../Firmware/GD32E23x_standard_peripheral/Source/gd32e23x_rtc.c ****     RTC_WPK = RTC_UNLOCK_KEY2;
 1859              		.loc 1 650 5
 1860 0014 42F62403 		movw	r3, #10276
 1861 0018 C4F20003 		movt	r3, 16384
 1862              		.loc 1 650 13
 1863 001c 5322     		movs	r2, #83
 1864 001e 1A60     		str	r2, [r3]
 651:../Firmware/GD32E23x_standard_peripheral/Source/gd32e23x_rtc.c **** 
 652:../Firmware/GD32E23x_standard_peripheral/Source/gd32e23x_rtc.c ****     /* enable the interrupts in RTC_CTL register */
 653:../Firmware/GD32E23x_standard_peripheral/Source/gd32e23x_rtc.c ****     RTC_CTL |= (uint32_t)(interrupt & (uint32_t)~RTC_TAMP_TPIE);
 1865              		.loc 1 653 13
 1866 0020 42F60803 		movw	r3, #10248
 1867 0024 C4F20003 		movt	r3, 16384
 1868 0028 1968     		ldr	r1, [r3]
 1869              		.loc 1 653 16
 1870 002a 7B68     		ldr	r3, [r7, #4]
 1871 002c 0422     		movs	r2, #4
 1872 002e 9343     		bics	r3, r2
 1873 0030 1A00     		movs	r2, r3
 1874              		.loc 1 653 13
 1875 0032 42F60803 		movw	r3, #10248
 1876 0036 C4F20003 		movt	r3, 16384
 1877 003a 0A43     		orrs	r2, r1
 1878 003c 1A60     		str	r2, [r3]
 654:../Firmware/GD32E23x_standard_peripheral/Source/gd32e23x_rtc.c ****     /* enable the interrupts in RTC_TAMP register */
 655:../Firmware/GD32E23x_standard_peripheral/Source/gd32e23x_rtc.c ****     RTC_TAMP |= (uint32_t)(interrupt & RTC_TAMP_TPIE);
 1879              		.loc 1 655 14
 1880 003e 42F64003 		movw	r3, #10304
 1881 0042 C4F20003 		movt	r3, 16384
 1882 0046 1968     		ldr	r1, [r3]
 1883              		.loc 1 655 17
 1884 0048 7B68     		ldr	r3, [r7, #4]
 1885 004a 0422     		movs	r2, #4
 1886 004c 1A40     		ands	r2, r3
 1887              		.loc 1 655 14
 1888 004e 42F64003 		movw	r3, #10304
 1889 0052 C4F20003 		movt	r3, 16384
 1890 0056 0A43     		orrs	r2, r1
 1891 0058 1A60     		str	r2, [r3]
 656:../Firmware/GD32E23x_standard_peripheral/Source/gd32e23x_rtc.c **** 
 657:../Firmware/GD32E23x_standard_peripheral/Source/gd32e23x_rtc.c ****     /* enable the write protection */
 658:../Firmware/GD32E23x_standard_peripheral/Source/gd32e23x_rtc.c ****     RTC_WPK = RTC_LOCK_KEY;
 1892              		.loc 1 658 5
 1893 005a 42F62403 		movw	r3, #10276
 1894 005e C4F20003 		movt	r3, 16384
 1895              		.loc 1 658 13
 1896 0062 FF22     		movs	r2, #255
 1897 0064 1A60     		str	r2, [r3]
 659:../Firmware/GD32E23x_standard_peripheral/Source/gd32e23x_rtc.c **** }
 1898              		.loc 1 659 1
 1899 0066 C046     		nop
 1900 0068 BD46     		mov	sp, r7
 1901 006a 02B0     		add	sp, sp, #8
 1902              		@ sp needed
 1903 006c 80BD     		pop	{r7, pc}
 1904              		.cfi_endproc
 1905              	.LFE77:
 1907              		.section	.text.rtc_interrupt_disable,"ax",%progbits
 1908              		.align	1
 1909              		.global	rtc_interrupt_disable
 1910              		.syntax unified
 1911              		.code	16
 1912              		.thumb_func
 1913              		.fpu softvfp
 1915              	rtc_interrupt_disable:
 1916              	.LFB78:
 660:../Firmware/GD32E23x_standard_peripheral/Source/gd32e23x_rtc.c **** 
 661:../Firmware/GD32E23x_standard_peripheral/Source/gd32e23x_rtc.c **** /*!
 662:../Firmware/GD32E23x_standard_peripheral/Source/gd32e23x_rtc.c ****     \brief      disble specified RTC interrupt
 663:../Firmware/GD32E23x_standard_peripheral/Source/gd32e23x_rtc.c ****     \param[in]  interrupt: specify which interrupt source to be disabled
 664:../Firmware/GD32E23x_standard_peripheral/Source/gd32e23x_rtc.c ****                 only one parameter can be selected which is shown as below:
 665:../Firmware/GD32E23x_standard_peripheral/Source/gd32e23x_rtc.c ****       \arg        RTC_INT_TIMESTAMP: timestamp interrupt
 666:../Firmware/GD32E23x_standard_peripheral/Source/gd32e23x_rtc.c ****       \arg        RTC_INT_ALARM: alarm interrupt
 667:../Firmware/GD32E23x_standard_peripheral/Source/gd32e23x_rtc.c ****       \arg        RTC_INT_TAMP: tamp interrupt
 668:../Firmware/GD32E23x_standard_peripheral/Source/gd32e23x_rtc.c ****     \param[out] none
 669:../Firmware/GD32E23x_standard_peripheral/Source/gd32e23x_rtc.c ****     \retval     none
 670:../Firmware/GD32E23x_standard_peripheral/Source/gd32e23x_rtc.c **** */
 671:../Firmware/GD32E23x_standard_peripheral/Source/gd32e23x_rtc.c **** void rtc_interrupt_disable(uint32_t interrupt)
 672:../Firmware/GD32E23x_standard_peripheral/Source/gd32e23x_rtc.c **** {
 1917              		.loc 1 672 1
 1918              		.cfi_startproc
 1919              		@ args = 0, pretend = 0, frame = 8
 1920              		@ frame_needed = 1, uses_anonymous_args = 0
 1921 0000 80B5     		push	{r7, lr}
 1922              		.cfi_def_cfa_offset 8
 1923              		.cfi_offset 7, -8
 1924              		.cfi_offset 14, -4
 1925 0002 82B0     		sub	sp, sp, #8
 1926              		.cfi_def_cfa_offset 16
 1927 0004 00AF     		add	r7, sp, #0
 1928              		.cfi_def_cfa_register 7
 1929 0006 7860     		str	r0, [r7, #4]
 673:../Firmware/GD32E23x_standard_peripheral/Source/gd32e23x_rtc.c ****     /* disable the write protection */
 674:../Firmware/GD32E23x_standard_peripheral/Source/gd32e23x_rtc.c ****     RTC_WPK = RTC_UNLOCK_KEY1;
 1930              		.loc 1 674 5
 1931 0008 42F62403 		movw	r3, #10276
 1932 000c C4F20003 		movt	r3, 16384
 1933              		.loc 1 674 13
 1934 0010 CA22     		movs	r2, #202
 1935 0012 1A60     		str	r2, [r3]
 675:../Firmware/GD32E23x_standard_peripheral/Source/gd32e23x_rtc.c ****     RTC_WPK = RTC_UNLOCK_KEY2;
 1936              		.loc 1 675 5
 1937 0014 42F62403 		movw	r3, #10276
 1938 0018 C4F20003 		movt	r3, 16384
 1939              		.loc 1 675 13
 1940 001c 5322     		movs	r2, #83
 1941 001e 1A60     		str	r2, [r3]
 676:../Firmware/GD32E23x_standard_peripheral/Source/gd32e23x_rtc.c **** 
 677:../Firmware/GD32E23x_standard_peripheral/Source/gd32e23x_rtc.c ****     /* disable the interrupts in RTC_CTL register */
 678:../Firmware/GD32E23x_standard_peripheral/Source/gd32e23x_rtc.c ****     RTC_CTL &= (uint32_t)~(interrupt & (uint32_t)~RTC_TAMP_TPIE);
 1942              		.loc 1 678 13
 1943 0020 42F60803 		movw	r3, #10248
 1944 0024 C4F20003 		movt	r3, 16384
 1945 0028 1A68     		ldr	r2, [r3]
 1946              		.loc 1 678 38
 1947 002a 7B68     		ldr	r3, [r7, #4]
 1948 002c 0421     		movs	r1, #4
 1949 002e 8B43     		bics	r3, r1
 1950              		.loc 1 678 16
 1951 0030 D943     		mvns	r1, r3
 1952              		.loc 1 678 13
 1953 0032 42F60803 		movw	r3, #10248
 1954 0036 C4F20003 		movt	r3, 16384
 1955 003a 0A40     		ands	r2, r1
 1956 003c 1A60     		str	r2, [r3]
 679:../Firmware/GD32E23x_standard_peripheral/Source/gd32e23x_rtc.c ****     /* disable the interrupts in RTC_TAMP register */
 680:../Firmware/GD32E23x_standard_peripheral/Source/gd32e23x_rtc.c ****     RTC_TAMP &= (uint32_t)~(interrupt & RTC_TAMP_TPIE);
 1957              		.loc 1 680 14
 1958 003e 42F64003 		movw	r3, #10304
 1959 0042 C4F20003 		movt	r3, 16384
 1960 0046 1A68     		ldr	r2, [r3]
 1961              		.loc 1 680 39
 1962 0048 7B68     		ldr	r3, [r7, #4]
 1963 004a 0421     		movs	r1, #4
 1964 004c 0B40     		ands	r3, r1
 1965              		.loc 1 680 17
 1966 004e D943     		mvns	r1, r3
 1967              		.loc 1 680 14
 1968 0050 42F64003 		movw	r3, #10304
 1969 0054 C4F20003 		movt	r3, 16384
 1970 0058 0A40     		ands	r2, r1
 1971 005a 1A60     		str	r2, [r3]
 681:../Firmware/GD32E23x_standard_peripheral/Source/gd32e23x_rtc.c **** 
 682:../Firmware/GD32E23x_standard_peripheral/Source/gd32e23x_rtc.c ****     /* enable the write protection */
 683:../Firmware/GD32E23x_standard_peripheral/Source/gd32e23x_rtc.c ****     RTC_WPK = RTC_LOCK_KEY;
 1972              		.loc 1 683 5
 1973 005c 42F62403 		movw	r3, #10276
 1974 0060 C4F20003 		movt	r3, 16384
 1975              		.loc 1 683 13
 1976 0064 FF22     		movs	r2, #255
 1977 0066 1A60     		str	r2, [r3]
 684:../Firmware/GD32E23x_standard_peripheral/Source/gd32e23x_rtc.c **** }
 1978              		.loc 1 684 1
 1979 0068 C046     		nop
 1980 006a BD46     		mov	sp, r7
 1981 006c 02B0     		add	sp, sp, #8
 1982              		@ sp needed
 1983 006e 80BD     		pop	{r7, pc}
 1984              		.cfi_endproc
 1985              	.LFE78:
 1987              		.section	.text.rtc_flag_get,"ax",%progbits
 1988              		.align	1
 1989              		.global	rtc_flag_get
 1990              		.syntax unified
 1991              		.code	16
 1992              		.thumb_func
 1993              		.fpu softvfp
 1995              	rtc_flag_get:
 1996              	.LFB79:
 685:../Firmware/GD32E23x_standard_peripheral/Source/gd32e23x_rtc.c **** 
 686:../Firmware/GD32E23x_standard_peripheral/Source/gd32e23x_rtc.c **** /*!
 687:../Firmware/GD32E23x_standard_peripheral/Source/gd32e23x_rtc.c ****     \brief      check specified flag
 688:../Firmware/GD32E23x_standard_peripheral/Source/gd32e23x_rtc.c ****     \param[in]  flag: specify which flag to check
 689:../Firmware/GD32E23x_standard_peripheral/Source/gd32e23x_rtc.c ****                 only one parameter can be selected which is shown as below:
 690:../Firmware/GD32E23x_standard_peripheral/Source/gd32e23x_rtc.c ****       \arg        RTC_FLAG_RECALIBRATION: recalibration pending flag
 691:../Firmware/GD32E23x_standard_peripheral/Source/gd32e23x_rtc.c ****       \arg        RTC_FLAG_TAMP1: tamper 1 event flag
 692:../Firmware/GD32E23x_standard_peripheral/Source/gd32e23x_rtc.c ****       \arg        RTC_FLAG_TAMP0: tamper 0 event flag
 693:../Firmware/GD32E23x_standard_peripheral/Source/gd32e23x_rtc.c ****       \arg        RTC_FLAG_TIMESTAMP_OVERFLOW: time-stamp overflow event flag
 694:../Firmware/GD32E23x_standard_peripheral/Source/gd32e23x_rtc.c ****       \arg        RTC_FLAG_TIMESTAMP: time-stamp event flag
 695:../Firmware/GD32E23x_standard_peripheral/Source/gd32e23x_rtc.c ****       \arg        RTC_FLAG_ALARM0: alarm event flag
 696:../Firmware/GD32E23x_standard_peripheral/Source/gd32e23x_rtc.c ****       \arg        RTC_FLAG_INIT: init mode event flag
 697:../Firmware/GD32E23x_standard_peripheral/Source/gd32e23x_rtc.c ****       \arg        RTC_FLAG_RSYN: time and date registers synchronized event flag
 698:../Firmware/GD32E23x_standard_peripheral/Source/gd32e23x_rtc.c ****       \arg        RTC_FLAG_YCM: year parameter configured event flag
 699:../Firmware/GD32E23x_standard_peripheral/Source/gd32e23x_rtc.c ****       \arg        RTC_FLAG_SHIFT: shift operation pending flag
 700:../Firmware/GD32E23x_standard_peripheral/Source/gd32e23x_rtc.c ****       \arg        RTC_FLAG_ALARM0_WRITTEN: alarm writen available flag
 701:../Firmware/GD32E23x_standard_peripheral/Source/gd32e23x_rtc.c ****     \param[out] none
 702:../Firmware/GD32E23x_standard_peripheral/Source/gd32e23x_rtc.c ****     \retval     FlagStatus: SET or RESET
 703:../Firmware/GD32E23x_standard_peripheral/Source/gd32e23x_rtc.c **** */
 704:../Firmware/GD32E23x_standard_peripheral/Source/gd32e23x_rtc.c **** FlagStatus rtc_flag_get(uint32_t flag)
 705:../Firmware/GD32E23x_standard_peripheral/Source/gd32e23x_rtc.c **** {
 1997              		.loc 1 705 1
 1998              		.cfi_startproc
 1999              		@ args = 0, pretend = 0, frame = 16
 2000              		@ frame_needed = 1, uses_anonymous_args = 0
 2001 0000 80B5     		push	{r7, lr}
 2002              		.cfi_def_cfa_offset 8
 2003              		.cfi_offset 7, -8
 2004              		.cfi_offset 14, -4
 2005 0002 84B0     		sub	sp, sp, #16
 2006              		.cfi_def_cfa_offset 24
 2007 0004 00AF     		add	r7, sp, #0
 2008              		.cfi_def_cfa_register 7
 2009 0006 7860     		str	r0, [r7, #4]
 706:../Firmware/GD32E23x_standard_peripheral/Source/gd32e23x_rtc.c ****     FlagStatus flag_state = RESET;
 2010              		.loc 1 706 16
 2011 0008 0F21     		movs	r1, #15
 2012 000a 7B18     		adds	r3, r7, r1
 2013 000c 0022     		movs	r2, #0
 2014 000e 1A70     		strb	r2, [r3]
 707:../Firmware/GD32E23x_standard_peripheral/Source/gd32e23x_rtc.c **** 
 708:../Firmware/GD32E23x_standard_peripheral/Source/gd32e23x_rtc.c ****     if((uint32_t)RESET != (RTC_STAT & flag)) {
 2015              		.loc 1 708 28
 2016 0010 42F60C03 		movw	r3, #10252
 2017 0014 C4F20003 		movt	r3, 16384
 2018 0018 1B68     		ldr	r3, [r3]
 2019              		.loc 1 708 37
 2020 001a 7A68     		ldr	r2, [r7, #4]
 2021 001c 1340     		ands	r3, r2
 2022              		.loc 1 708 7
 2023 001e 13B1     		cbz	r3, .L58
 709:../Firmware/GD32E23x_standard_peripheral/Source/gd32e23x_rtc.c ****         flag_state = SET;
 2024              		.loc 1 709 20
 2025 0020 7B18     		adds	r3, r7, r1
 2026 0022 0122     		movs	r2, #1
 2027 0024 1A70     		strb	r2, [r3]
 2028              	.L58:
 710:../Firmware/GD32E23x_standard_peripheral/Source/gd32e23x_rtc.c ****     }
 711:../Firmware/GD32E23x_standard_peripheral/Source/gd32e23x_rtc.c ****     return flag_state;
 2029              		.loc 1 711 12
 2030 0026 0F23     		movs	r3, #15
 2031 0028 FB18     		adds	r3, r7, r3
 2032 002a 1B78     		ldrb	r3, [r3]
 712:../Firmware/GD32E23x_standard_peripheral/Source/gd32e23x_rtc.c **** }
 2033              		.loc 1 712 1
 2034 002c 1800     		movs	r0, r3
 2035 002e BD46     		mov	sp, r7
 2036 0030 04B0     		add	sp, sp, #16
 2037              		@ sp needed
 2038 0032 80BD     		pop	{r7, pc}
 2039              		.cfi_endproc
 2040              	.LFE79:
 2042              		.section	.text.rtc_flag_clear,"ax",%progbits
 2043              		.align	1
 2044              		.global	rtc_flag_clear
 2045              		.syntax unified
 2046              		.code	16
 2047              		.thumb_func
 2048              		.fpu softvfp
 2050              	rtc_flag_clear:
 2051              	.LFB80:
 713:../Firmware/GD32E23x_standard_peripheral/Source/gd32e23x_rtc.c **** 
 714:../Firmware/GD32E23x_standard_peripheral/Source/gd32e23x_rtc.c **** /*!
 715:../Firmware/GD32E23x_standard_peripheral/Source/gd32e23x_rtc.c ****     \brief      clear specified flag
 716:../Firmware/GD32E23x_standard_peripheral/Source/gd32e23x_rtc.c ****     \param[in]  flag: specify which flag to clear
 717:../Firmware/GD32E23x_standard_peripheral/Source/gd32e23x_rtc.c ****                 only one parameter can be selected which is shown as below:
 718:../Firmware/GD32E23x_standard_peripheral/Source/gd32e23x_rtc.c ****       \arg        RTC_FLAG_TAMP1: tamper 1 event flag
 719:../Firmware/GD32E23x_standard_peripheral/Source/gd32e23x_rtc.c ****       \arg        RTC_FLAG_TAMP0: tamper 0 event flag
 720:../Firmware/GD32E23x_standard_peripheral/Source/gd32e23x_rtc.c ****       \arg        RTC_FLAG_TIMESTAMP_OVERFLOW: time-stamp overflow event flag
 721:../Firmware/GD32E23x_standard_peripheral/Source/gd32e23x_rtc.c ****       \arg        RTC_FLAG_TIMESTAMP: time-stamp event flag
 722:../Firmware/GD32E23x_standard_peripheral/Source/gd32e23x_rtc.c ****       \arg        RTC_FLAG_ALARM0: alarm event flag
 723:../Firmware/GD32E23x_standard_peripheral/Source/gd32e23x_rtc.c ****       \arg        RTC_FLAG_RSYN: time and date registers synchronized event flag
 724:../Firmware/GD32E23x_standard_peripheral/Source/gd32e23x_rtc.c ****     \param[out] none
 725:../Firmware/GD32E23x_standard_peripheral/Source/gd32e23x_rtc.c ****     \retval     none
 726:../Firmware/GD32E23x_standard_peripheral/Source/gd32e23x_rtc.c **** */
 727:../Firmware/GD32E23x_standard_peripheral/Source/gd32e23x_rtc.c **** void rtc_flag_clear(uint32_t flag)
 728:../Firmware/GD32E23x_standard_peripheral/Source/gd32e23x_rtc.c **** {
 2052              		.loc 1 728 1
 2053              		.cfi_startproc
 2054              		@ args = 0, pretend = 0, frame = 8
 2055              		@ frame_needed = 1, uses_anonymous_args = 0
 2056 0000 80B5     		push	{r7, lr}
 2057              		.cfi_def_cfa_offset 8
 2058              		.cfi_offset 7, -8
 2059              		.cfi_offset 14, -4
 2060 0002 82B0     		sub	sp, sp, #8
 2061              		.cfi_def_cfa_offset 16
 2062 0004 00AF     		add	r7, sp, #0
 2063              		.cfi_def_cfa_register 7
 2064 0006 7860     		str	r0, [r7, #4]
 729:../Firmware/GD32E23x_standard_peripheral/Source/gd32e23x_rtc.c ****     RTC_STAT &= (uint32_t)(~flag);
 2065              		.loc 1 729 14
 2066 0008 42F60C03 		movw	r3, #10252
 2067 000c C4F20003 		movt	r3, 16384
 2068 0010 1A68     		ldr	r2, [r3]
 2069              		.loc 1 729 28
 2070 0012 7B68     		ldr	r3, [r7, #4]
 2071 0014 D943     		mvns	r1, r3
 2072              		.loc 1 729 14
 2073 0016 42F60C03 		movw	r3, #10252
 2074 001a C4F20003 		movt	r3, 16384
 2075 001e 0A40     		ands	r2, r1
 2076 0020 1A60     		str	r2, [r3]
 730:../Firmware/GD32E23x_standard_peripheral/Source/gd32e23x_rtc.c **** }
 2077              		.loc 1 730 1
 2078 0022 C046     		nop
 2079 0024 BD46     		mov	sp, r7
 2080 0026 02B0     		add	sp, sp, #8
 2081              		@ sp needed
 2082 0028 80BD     		pop	{r7, pc}
 2083              		.cfi_endproc
 2084              	.LFE80:
 2086              		.section	.text.rtc_alter_output_config,"ax",%progbits
 2087              		.align	1
 2088              		.global	rtc_alter_output_config
 2089              		.syntax unified
 2090              		.code	16
 2091              		.thumb_func
 2092              		.fpu softvfp
 2094              	rtc_alter_output_config:
 2095              	.LFB81:
 731:../Firmware/GD32E23x_standard_peripheral/Source/gd32e23x_rtc.c **** 
 732:../Firmware/GD32E23x_standard_peripheral/Source/gd32e23x_rtc.c **** /*!
 733:../Firmware/GD32E23x_standard_peripheral/Source/gd32e23x_rtc.c ****     \brief      configure rtc alternate output source
 734:../Firmware/GD32E23x_standard_peripheral/Source/gd32e23x_rtc.c ****     \param[in]  source: specify signal to output
 735:../Firmware/GD32E23x_standard_peripheral/Source/gd32e23x_rtc.c ****                 only one parameter can be selected which is shown as below:
 736:../Firmware/GD32E23x_standard_peripheral/Source/gd32e23x_rtc.c ****       \arg        RTC_CALIBRATION_512HZ: when the LXTAL freqency is 32768Hz and the RTC_PSC
 737:../Firmware/GD32E23x_standard_peripheral/Source/gd32e23x_rtc.c ****                                          is the default value, output 512Hz signal
 738:../Firmware/GD32E23x_standard_peripheral/Source/gd32e23x_rtc.c ****       \arg        RTC_CALIBRATION_1HZ: when the LXTAL freqency is 32768Hz and the RTC_PSC
 739:../Firmware/GD32E23x_standard_peripheral/Source/gd32e23x_rtc.c ****                                        is the default value, output 512Hz signal
 740:../Firmware/GD32E23x_standard_peripheral/Source/gd32e23x_rtc.c ****       \arg        RTC_ALARM_HIGH: when the  alarm flag is set, the output pin is high
 741:../Firmware/GD32E23x_standard_peripheral/Source/gd32e23x_rtc.c ****       \arg        RTC_ALARM_LOW: when the  Alarm flag is set, the output pin is low
 742:../Firmware/GD32E23x_standard_peripheral/Source/gd32e23x_rtc.c ****     \param[in]  mode: specify the output pin (PC13) mode when output alarm signal
 743:../Firmware/GD32E23x_standard_peripheral/Source/gd32e23x_rtc.c ****                 only one parameter can be selected which is shown as below:
 744:../Firmware/GD32E23x_standard_peripheral/Source/gd32e23x_rtc.c ****       \arg        RTC_ALARM_OUTPUT_OD: open drain mode
 745:../Firmware/GD32E23x_standard_peripheral/Source/gd32e23x_rtc.c ****       \arg        RTC_ALARM_OUTPUT_PP: push pull mode
 746:../Firmware/GD32E23x_standard_peripheral/Source/gd32e23x_rtc.c ****     \param[out] none
 747:../Firmware/GD32E23x_standard_peripheral/Source/gd32e23x_rtc.c ****     \retval     none
 748:../Firmware/GD32E23x_standard_peripheral/Source/gd32e23x_rtc.c **** */
 749:../Firmware/GD32E23x_standard_peripheral/Source/gd32e23x_rtc.c **** void rtc_alter_output_config(uint32_t source, uint32_t mode)
 750:../Firmware/GD32E23x_standard_peripheral/Source/gd32e23x_rtc.c **** {
 2096              		.loc 1 750 1
 2097              		.cfi_startproc
 2098              		@ args = 0, pretend = 0, frame = 8
 2099              		@ frame_needed = 1, uses_anonymous_args = 0
 2100 0000 80B5     		push	{r7, lr}
 2101              		.cfi_def_cfa_offset 8
 2102              		.cfi_offset 7, -8
 2103              		.cfi_offset 14, -4
 2104 0002 82B0     		sub	sp, sp, #8
 2105              		.cfi_def_cfa_offset 16
 2106 0004 00AF     		add	r7, sp, #0
 2107              		.cfi_def_cfa_register 7
 2108 0006 7860     		str	r0, [r7, #4]
 2109 0008 3960     		str	r1, [r7]
 751:../Firmware/GD32E23x_standard_peripheral/Source/gd32e23x_rtc.c ****     /* disable the write protection */
 752:../Firmware/GD32E23x_standard_peripheral/Source/gd32e23x_rtc.c ****     RTC_WPK = RTC_UNLOCK_KEY1;
 2110              		.loc 1 752 5
 2111 000a 42F62403 		movw	r3, #10276
 2112 000e C4F20003 		movt	r3, 16384
 2113              		.loc 1 752 13
 2114 0012 CA22     		movs	r2, #202
 2115 0014 1A60     		str	r2, [r3]
 753:../Firmware/GD32E23x_standard_peripheral/Source/gd32e23x_rtc.c ****     RTC_WPK = RTC_UNLOCK_KEY2;
 2116              		.loc 1 753 5
 2117 0016 42F62403 		movw	r3, #10276
 2118 001a C4F20003 		movt	r3, 16384
 2119              		.loc 1 753 13
 2120 001e 5322     		movs	r2, #83
 2121 0020 1A60     		str	r2, [r3]
 754:../Firmware/GD32E23x_standard_peripheral/Source/gd32e23x_rtc.c **** 
 755:../Firmware/GD32E23x_standard_peripheral/Source/gd32e23x_rtc.c ****     RTC_CTL &= (uint32_t)~(RTC_CTL_COEN | RTC_CTL_OS | RTC_CTL_OPOL | RTC_CTL_COS);
 2122              		.loc 1 755 13
 2123 0022 42F60803 		movw	r3, #10248
 2124 0026 C4F20003 		movt	r3, 16384
 2125 002a 1A68     		ldr	r2, [r3]
 2126 002c 42F60803 		movw	r3, #10248
 2127 0030 C4F20003 		movt	r3, 16384
 2128 0034 1A49     		ldr	r1, .L63
 2129 0036 0A40     		ands	r2, r1
 2130 0038 1A60     		str	r2, [r3]
 756:../Firmware/GD32E23x_standard_peripheral/Source/gd32e23x_rtc.c **** 
 757:../Firmware/GD32E23x_standard_peripheral/Source/gd32e23x_rtc.c ****     RTC_CTL |= (uint32_t)(source);
 2131              		.loc 1 757 13
 2132 003a 42F60803 		movw	r3, #10248
 2133 003e C4F20003 		movt	r3, 16384
 2134 0042 1968     		ldr	r1, [r3]
 2135 0044 42F60803 		movw	r3, #10248
 2136 0048 C4F20003 		movt	r3, 16384
 2137 004c 7A68     		ldr	r2, [r7, #4]
 2138 004e 0A43     		orrs	r2, r1
 2139 0050 1A60     		str	r2, [r3]
 758:../Firmware/GD32E23x_standard_peripheral/Source/gd32e23x_rtc.c **** 
 759:../Firmware/GD32E23x_standard_peripheral/Source/gd32e23x_rtc.c ****     /* alarm output */
 760:../Firmware/GD32E23x_standard_peripheral/Source/gd32e23x_rtc.c ****     if((uint32_t)RESET != (source & RTC_OS_ENABLE)) {
 2140              		.loc 1 760 35
 2141 0052 7A68     		ldr	r2, [r7, #4]
 2142 0054 8023     		movs	r3, #128
 2143 0056 9B03     		lsls	r3, r3, #14
 2144 0058 1340     		ands	r3, r2
 2145              		.loc 1 760 7
 2146 005a BBB1     		cbz	r3, .L62
 761:../Firmware/GD32E23x_standard_peripheral/Source/gd32e23x_rtc.c ****         RTC_TAMP &= (uint32_t)~(RTC_TAMP_PC13VAL);
 2147              		.loc 1 761 18
 2148 005c 42F64003 		movw	r3, #10304
 2149 0060 C4F20003 		movt	r3, 16384
 2150 0064 1A68     		ldr	r2, [r3]
 2151 0066 42F64003 		movw	r3, #10304
 2152 006a C4F20003 		movt	r3, 16384
 2153 006e 0D49     		ldr	r1, .L63+4
 2154 0070 0A40     		ands	r2, r1
 2155 0072 1A60     		str	r2, [r3]
 762:../Firmware/GD32E23x_standard_peripheral/Source/gd32e23x_rtc.c ****         RTC_TAMP |= (uint32_t)(mode);
 2156              		.loc 1 762 18
 2157 0074 42F64003 		movw	r3, #10304
 2158 0078 C4F20003 		movt	r3, 16384
 2159 007c 1968     		ldr	r1, [r3]
 2160 007e 42F64003 		movw	r3, #10304
 2161 0082 C4F20003 		movt	r3, 16384
 2162 0086 3A68     		ldr	r2, [r7]
 2163 0088 0A43     		orrs	r2, r1
 2164 008a 1A60     		str	r2, [r3]
 2165              	.L62:
 763:../Firmware/GD32E23x_standard_peripheral/Source/gd32e23x_rtc.c ****     }
 764:../Firmware/GD32E23x_standard_peripheral/Source/gd32e23x_rtc.c **** 
 765:../Firmware/GD32E23x_standard_peripheral/Source/gd32e23x_rtc.c ****     /* enable the write protection */
 766:../Firmware/GD32E23x_standard_peripheral/Source/gd32e23x_rtc.c ****     RTC_WPK = RTC_LOCK_KEY;
 2166              		.loc 1 766 5
 2167 008c 42F62403 		movw	r3, #10276
 2168 0090 C4F20003 		movt	r3, 16384
 2169              		.loc 1 766 13
 2170 0094 FF22     		movs	r2, #255
 2171 0096 1A60     		str	r2, [r3]
 767:../Firmware/GD32E23x_standard_peripheral/Source/gd32e23x_rtc.c **** }
 2172              		.loc 1 767 1
 2173 0098 C046     		nop
 2174 009a BD46     		mov	sp, r7
 2175 009c 02B0     		add	sp, sp, #8
 2176              		@ sp needed
 2177 009e 80BD     		pop	{r7, pc}
 2178              	.L64:
 2179              		.align	2
 2180              	.L63:
 2181 00a0 FFFF07FF 		.word	-16252929
 2182 00a4 FFFFFBFF 		.word	-262145
 2183              		.cfi_endproc
 2184              	.LFE81:
 2186              		.section	.text.rtc_calibration_config,"ax",%progbits
 2187              		.align	1
 2188              		.global	rtc_calibration_config
 2189              		.syntax unified
 2190              		.code	16
 2191              		.thumb_func
 2192              		.fpu softvfp
 2194              	rtc_calibration_config:
 2195              	.LFB82:
 768:../Firmware/GD32E23x_standard_peripheral/Source/gd32e23x_rtc.c **** 
 769:../Firmware/GD32E23x_standard_peripheral/Source/gd32e23x_rtc.c **** /*!
 770:../Firmware/GD32E23x_standard_peripheral/Source/gd32e23x_rtc.c ****     \brief      configure RTC calibration register
 771:../Firmware/GD32E23x_standard_peripheral/Source/gd32e23x_rtc.c ****     \param[in]  window: select calibration window
 772:../Firmware/GD32E23x_standard_peripheral/Source/gd32e23x_rtc.c ****                 only one parameter can be selected which is shown as below:
 773:../Firmware/GD32E23x_standard_peripheral/Source/gd32e23x_rtc.c ****       \arg        RTC_CALIBRATION_WINDOW_32S: 2exp20 RTCCLK cycles, 32s if RTCCLK = 32768 Hz
 774:../Firmware/GD32E23x_standard_peripheral/Source/gd32e23x_rtc.c ****       \arg        RTC_CALIBRATION_WINDOW_16S: 2exp19 RTCCLK cycles, 16s if RTCCLK = 32768 Hz
 775:../Firmware/GD32E23x_standard_peripheral/Source/gd32e23x_rtc.c ****       \arg        RTC_CALIBRATION_WINDOW_8S: 2exp18 RTCCLK cycles, 8s if RTCCLK = 32768 Hz
 776:../Firmware/GD32E23x_standard_peripheral/Source/gd32e23x_rtc.c ****     \param[in]  plus: add RTC clock or not
 777:../Firmware/GD32E23x_standard_peripheral/Source/gd32e23x_rtc.c ****                 only one parameter can be selected which is shown as below:
 778:../Firmware/GD32E23x_standard_peripheral/Source/gd32e23x_rtc.c ****       \arg        RTC_CALIBRATION_PLUS_SET: add one RTC clock every 2048 rtc clock
 779:../Firmware/GD32E23x_standard_peripheral/Source/gd32e23x_rtc.c ****       \arg        RTC_CALIBRATION_PLUS_RESET: no effect
 780:../Firmware/GD32E23x_standard_peripheral/Source/gd32e23x_rtc.c ****     \param[in]  minus: the RTC clock to minus during the calibration window(0x0 - 0x1FF)
 781:../Firmware/GD32E23x_standard_peripheral/Source/gd32e23x_rtc.c ****     \param[out] none
 782:../Firmware/GD32E23x_standard_peripheral/Source/gd32e23x_rtc.c ****     \retval     ErrStatus: ERROR or SUCCESS
 783:../Firmware/GD32E23x_standard_peripheral/Source/gd32e23x_rtc.c **** */
 784:../Firmware/GD32E23x_standard_peripheral/Source/gd32e23x_rtc.c **** ErrStatus rtc_calibration_config(uint32_t window, uint32_t plus, uint32_t minus)
 785:../Firmware/GD32E23x_standard_peripheral/Source/gd32e23x_rtc.c **** {
 2196              		.loc 1 785 1
 2197              		.cfi_startproc
 2198              		@ args = 0, pretend = 0, frame = 32
 2199              		@ frame_needed = 1, uses_anonymous_args = 0
 2200 0000 80B5     		push	{r7, lr}
 2201              		.cfi_def_cfa_offset 8
 2202              		.cfi_offset 7, -8
 2203              		.cfi_offset 14, -4
 2204 0002 88B0     		sub	sp, sp, #32
 2205              		.cfi_def_cfa_offset 40
 2206 0004 00AF     		add	r7, sp, #0
 2207              		.cfi_def_cfa_register 7
 2208 0006 F860     		str	r0, [r7, #12]
 2209 0008 B960     		str	r1, [r7, #8]
 2210 000a 7A60     		str	r2, [r7, #4]
 786:../Firmware/GD32E23x_standard_peripheral/Source/gd32e23x_rtc.c ****     uint32_t time_index = RTC_HRFC_TIMEOUT;
 2211              		.loc 1 786 14
 2212 000c 41F20003 		movw	r3, #4096
 2213 0010 FB61     		str	r3, [r7, #28]
 787:../Firmware/GD32E23x_standard_peripheral/Source/gd32e23x_rtc.c ****     ErrStatus error_status = ERROR;
 2214              		.loc 1 787 15
 2215 0012 1B23     		movs	r3, #27
 2216 0014 FB18     		adds	r3, r7, r3
 2217 0016 0022     		movs	r2, #0
 2218 0018 1A70     		strb	r2, [r3]
 788:../Firmware/GD32E23x_standard_peripheral/Source/gd32e23x_rtc.c ****     uint32_t flag_status = RESET;
 2219              		.loc 1 788 14
 2220 001a 0023     		movs	r3, #0
 2221 001c 7B61     		str	r3, [r7, #20]
 789:../Firmware/GD32E23x_standard_peripheral/Source/gd32e23x_rtc.c **** 
 790:../Firmware/GD32E23x_standard_peripheral/Source/gd32e23x_rtc.c ****     /* disable the write protection */
 791:../Firmware/GD32E23x_standard_peripheral/Source/gd32e23x_rtc.c ****     RTC_WPK = RTC_UNLOCK_KEY1;
 2222              		.loc 1 791 5
 2223 001e 42F62403 		movw	r3, #10276
 2224 0022 C4F20003 		movt	r3, 16384
 2225              		.loc 1 791 13
 2226 0026 CA22     		movs	r2, #202
 2227 0028 1A60     		str	r2, [r3]
 792:../Firmware/GD32E23x_standard_peripheral/Source/gd32e23x_rtc.c ****     RTC_WPK = RTC_UNLOCK_KEY2;
 2228              		.loc 1 792 5
 2229 002a 42F62403 		movw	r3, #10276
 2230 002e C4F20003 		movt	r3, 16384
 2231              		.loc 1 792 13
 2232 0032 5322     		movs	r2, #83
 2233 0034 1A60     		str	r2, [r3]
 2234              	.L67:
 793:../Firmware/GD32E23x_standard_peripheral/Source/gd32e23x_rtc.c **** 
 794:../Firmware/GD32E23x_standard_peripheral/Source/gd32e23x_rtc.c ****     /* check if a calibration operation is ongoing */
 795:../Firmware/GD32E23x_standard_peripheral/Source/gd32e23x_rtc.c ****     do {
 796:../Firmware/GD32E23x_standard_peripheral/Source/gd32e23x_rtc.c ****         flag_status = RTC_STAT & RTC_STAT_SCPF;
 2235              		.loc 1 796 23 discriminator 2
 2236 0036 42F60C03 		movw	r3, #10252
 2237 003a C4F20003 		movt	r3, 16384
 2238 003e 1A68     		ldr	r2, [r3]
 2239              		.loc 1 796 21 discriminator 2
 2240 0040 8023     		movs	r3, #128
 2241 0042 5B02     		lsls	r3, r3, #9
 2242 0044 1340     		ands	r3, r2
 2243 0046 7B61     		str	r3, [r7, #20]
 797:../Firmware/GD32E23x_standard_peripheral/Source/gd32e23x_rtc.c ****     } while((--time_index > 0x00U) && ((uint32_t)RESET != flag_status));
 2244              		.loc 1 797 5 discriminator 2
 2245 0048 FB69     		ldr	r3, [r7, #28]
 2246 004a 013B     		subs	r3, r3, #1
 2247 004c FB61     		str	r3, [r7, #28]
 2248 004e FB69     		ldr	r3, [r7, #28]
 2249 0050 13B1     		cbz	r3, .L66
 2250              		.loc 1 797 36 discriminator 1
 2251 0052 7B69     		ldr	r3, [r7, #20]
 2252 0054 002B     		cmp	r3, #0
 2253 0056 EED1     		bne	.L67
 2254              	.L66:
 798:../Firmware/GD32E23x_standard_peripheral/Source/gd32e23x_rtc.c **** 
 799:../Firmware/GD32E23x_standard_peripheral/Source/gd32e23x_rtc.c ****     if((uint32_t)RESET == flag_status) {
 2255              		.loc 1 799 7
 2256 0058 7B69     		ldr	r3, [r7, #20]
 2257 005a 83B9     		cbnz	r3, .L68
 800:../Firmware/GD32E23x_standard_peripheral/Source/gd32e23x_rtc.c ****         RTC_HRFC = (uint32_t)(window | plus | HRFC_CMSK(minus));
 2258              		.loc 1 800 38
 2259 005c FA68     		ldr	r2, [r7, #12]
 2260 005e BB68     		ldr	r3, [r7, #8]
 2261 0060 1A43     		orrs	r2, r3
 2262 0062 1100     		movs	r1, r2
 2263              		.loc 1 800 47
 2264 0064 7B68     		ldr	r3, [r7, #4]
 2265 0066 DB05     		lsls	r3, r3, #23
 2266 0068 DA0D     		lsrs	r2, r3, #23
 2267              		.loc 1 800 9
 2268 006a 42F63C03 		movw	r3, #10300
 2269 006e C4F20003 		movt	r3, 16384
 2270              		.loc 1 800 20
 2271 0072 0A43     		orrs	r2, r1
 2272              		.loc 1 800 18
 2273 0074 1A60     		str	r2, [r3]
 801:../Firmware/GD32E23x_standard_peripheral/Source/gd32e23x_rtc.c ****         error_status = SUCCESS;
 2274              		.loc 1 801 22
 2275 0076 1B23     		movs	r3, #27
 2276 0078 FB18     		adds	r3, r7, r3
 2277 007a 0122     		movs	r2, #1
 2278 007c 1A70     		strb	r2, [r3]
 2279              	.L68:
 802:../Firmware/GD32E23x_standard_peripheral/Source/gd32e23x_rtc.c ****     }
 803:../Firmware/GD32E23x_standard_peripheral/Source/gd32e23x_rtc.c **** 
 804:../Firmware/GD32E23x_standard_peripheral/Source/gd32e23x_rtc.c ****     /* enable the write protection */
 805:../Firmware/GD32E23x_standard_peripheral/Source/gd32e23x_rtc.c ****     RTC_WPK = RTC_LOCK_KEY;
 2280              		.loc 1 805 5
 2281 007e 42F62403 		movw	r3, #10276
 2282 0082 C4F20003 		movt	r3, 16384
 2283              		.loc 1 805 13
 2284 0086 FF22     		movs	r2, #255
 2285 0088 1A60     		str	r2, [r3]
 806:../Firmware/GD32E23x_standard_peripheral/Source/gd32e23x_rtc.c **** 
 807:../Firmware/GD32E23x_standard_peripheral/Source/gd32e23x_rtc.c ****     return error_status;
 2286              		.loc 1 807 12
 2287 008a 1B23     		movs	r3, #27
 2288 008c FB18     		adds	r3, r7, r3
 2289 008e 1B78     		ldrb	r3, [r3]
 808:../Firmware/GD32E23x_standard_peripheral/Source/gd32e23x_rtc.c **** }
 2290              		.loc 1 808 1
 2291 0090 1800     		movs	r0, r3
 2292 0092 BD46     		mov	sp, r7
 2293 0094 08B0     		add	sp, sp, #32
 2294              		@ sp needed
 2295 0096 80BD     		pop	{r7, pc}
 2296              		.cfi_endproc
 2297              	.LFE82:
 2299              		.section	.text.rtc_hour_adjust,"ax",%progbits
 2300              		.align	1
 2301              		.global	rtc_hour_adjust
 2302              		.syntax unified
 2303              		.code	16
 2304              		.thumb_func
 2305              		.fpu softvfp
 2307              	rtc_hour_adjust:
 2308              	.LFB83:
 809:../Firmware/GD32E23x_standard_peripheral/Source/gd32e23x_rtc.c **** 
 810:../Firmware/GD32E23x_standard_peripheral/Source/gd32e23x_rtc.c **** /*!
 811:../Firmware/GD32E23x_standard_peripheral/Source/gd32e23x_rtc.c ****     \brief      adjust the daylight saving time by adding or substracting one hour from the current
 812:../Firmware/GD32E23x_standard_peripheral/Source/gd32e23x_rtc.c ****     \param[in]  operation: hour ajustment operation
 813:../Firmware/GD32E23x_standard_peripheral/Source/gd32e23x_rtc.c ****                 only one parameter can be selected which is shown as below:
 814:../Firmware/GD32E23x_standard_peripheral/Source/gd32e23x_rtc.c ****       \arg        RTC_CTL_A1H: add one hour
 815:../Firmware/GD32E23x_standard_peripheral/Source/gd32e23x_rtc.c ****       \arg        RTC_CTL_S1H: substract one hour
 816:../Firmware/GD32E23x_standard_peripheral/Source/gd32e23x_rtc.c ****     \param[out] none
 817:../Firmware/GD32E23x_standard_peripheral/Source/gd32e23x_rtc.c ****     \retval     none
 818:../Firmware/GD32E23x_standard_peripheral/Source/gd32e23x_rtc.c **** */
 819:../Firmware/GD32E23x_standard_peripheral/Source/gd32e23x_rtc.c **** void rtc_hour_adjust(uint32_t operation)
 820:../Firmware/GD32E23x_standard_peripheral/Source/gd32e23x_rtc.c **** {
 2309              		.loc 1 820 1
 2310              		.cfi_startproc
 2311              		@ args = 0, pretend = 0, frame = 8
 2312              		@ frame_needed = 1, uses_anonymous_args = 0
 2313 0000 80B5     		push	{r7, lr}
 2314              		.cfi_def_cfa_offset 8
 2315              		.cfi_offset 7, -8
 2316              		.cfi_offset 14, -4
 2317 0002 82B0     		sub	sp, sp, #8
 2318              		.cfi_def_cfa_offset 16
 2319 0004 00AF     		add	r7, sp, #0
 2320              		.cfi_def_cfa_register 7
 2321 0006 7860     		str	r0, [r7, #4]
 821:../Firmware/GD32E23x_standard_peripheral/Source/gd32e23x_rtc.c ****     /* disable the write protection */
 822:../Firmware/GD32E23x_standard_peripheral/Source/gd32e23x_rtc.c ****     RTC_WPK = RTC_UNLOCK_KEY1;
 2322              		.loc 1 822 5
 2323 0008 42F62403 		movw	r3, #10276
 2324 000c C4F20003 		movt	r3, 16384
 2325              		.loc 1 822 13
 2326 0010 CA22     		movs	r2, #202
 2327 0012 1A60     		str	r2, [r3]
 823:../Firmware/GD32E23x_standard_peripheral/Source/gd32e23x_rtc.c ****     RTC_WPK = RTC_UNLOCK_KEY2;
 2328              		.loc 1 823 5
 2329 0014 42F62403 		movw	r3, #10276
 2330 0018 C4F20003 		movt	r3, 16384
 2331              		.loc 1 823 13
 2332 001c 5322     		movs	r2, #83
 2333 001e 1A60     		str	r2, [r3]
 824:../Firmware/GD32E23x_standard_peripheral/Source/gd32e23x_rtc.c **** 
 825:../Firmware/GD32E23x_standard_peripheral/Source/gd32e23x_rtc.c ****     RTC_CTL |= (uint32_t)(operation);
 2334              		.loc 1 825 13
 2335 0020 42F60803 		movw	r3, #10248
 2336 0024 C4F20003 		movt	r3, 16384
 2337 0028 1968     		ldr	r1, [r3]
 2338 002a 42F60803 		movw	r3, #10248
 2339 002e C4F20003 		movt	r3, 16384
 2340 0032 7A68     		ldr	r2, [r7, #4]
 2341 0034 0A43     		orrs	r2, r1
 2342 0036 1A60     		str	r2, [r3]
 826:../Firmware/GD32E23x_standard_peripheral/Source/gd32e23x_rtc.c **** 
 827:../Firmware/GD32E23x_standard_peripheral/Source/gd32e23x_rtc.c ****     /* enable the write protection */
 828:../Firmware/GD32E23x_standard_peripheral/Source/gd32e23x_rtc.c ****     RTC_WPK = RTC_LOCK_KEY;
 2343              		.loc 1 828 5
 2344 0038 42F62403 		movw	r3, #10276
 2345 003c C4F20003 		movt	r3, 16384
 2346              		.loc 1 828 13
 2347 0040 FF22     		movs	r2, #255
 2348 0042 1A60     		str	r2, [r3]
 829:../Firmware/GD32E23x_standard_peripheral/Source/gd32e23x_rtc.c **** }
 2349              		.loc 1 829 1
 2350 0044 C046     		nop
 2351 0046 BD46     		mov	sp, r7
 2352 0048 02B0     		add	sp, sp, #8
 2353              		@ sp needed
 2354 004a 80BD     		pop	{r7, pc}
 2355              		.cfi_endproc
 2356              	.LFE83:
 2358              		.section	.text.rtc_second_adjust,"ax",%progbits
 2359              		.align	1
 2360              		.global	rtc_second_adjust
 2361              		.syntax unified
 2362              		.code	16
 2363              		.thumb_func
 2364              		.fpu softvfp
 2366              	rtc_second_adjust:
 2367              	.LFB84:
 830:../Firmware/GD32E23x_standard_peripheral/Source/gd32e23x_rtc.c **** 
 831:../Firmware/GD32E23x_standard_peripheral/Source/gd32e23x_rtc.c **** /*!
 832:../Firmware/GD32E23x_standard_peripheral/Source/gd32e23x_rtc.c ****     \brief      adjust RTC second or subsecond value of current time
 833:../Firmware/GD32E23x_standard_peripheral/Source/gd32e23x_rtc.c ****     \param[in]  add: add 1s to current time or not
 834:../Firmware/GD32E23x_standard_peripheral/Source/gd32e23x_rtc.c ****                 only one parameter can be selected which is shown as below:
 835:../Firmware/GD32E23x_standard_peripheral/Source/gd32e23x_rtc.c ****       \arg        RTC_SHIFT_ADD1S_RESET: no effect
 836:../Firmware/GD32E23x_standard_peripheral/Source/gd32e23x_rtc.c ****       \arg        RTC_SHIFT_ADD1S_SET: add 1s to current time
 837:../Firmware/GD32E23x_standard_peripheral/Source/gd32e23x_rtc.c ****     \param[in]  minus: number of subsecond to minus from current time(0x0 - 0x7FFF)
 838:../Firmware/GD32E23x_standard_peripheral/Source/gd32e23x_rtc.c ****     \param[out] none
 839:../Firmware/GD32E23x_standard_peripheral/Source/gd32e23x_rtc.c ****     \retval     ErrStatus: ERROR or SUCCESS
 840:../Firmware/GD32E23x_standard_peripheral/Source/gd32e23x_rtc.c **** */
 841:../Firmware/GD32E23x_standard_peripheral/Source/gd32e23x_rtc.c **** ErrStatus rtc_second_adjust(uint32_t add, uint32_t minus)
 842:../Firmware/GD32E23x_standard_peripheral/Source/gd32e23x_rtc.c **** {
 2368              		.loc 1 842 1
 2369              		.cfi_startproc
 2370              		@ args = 0, pretend = 0, frame = 24
 2371              		@ frame_needed = 1, uses_anonymous_args = 0
 2372 0000 90B5     		push	{r4, r7, lr}
 2373              		.cfi_def_cfa_offset 12
 2374              		.cfi_offset 4, -12
 2375              		.cfi_offset 7, -8
 2376              		.cfi_offset 14, -4
 2377 0002 87B0     		sub	sp, sp, #28
 2378              		.cfi_def_cfa_offset 40
 2379 0004 00AF     		add	r7, sp, #0
 2380              		.cfi_def_cfa_register 7
 2381 0006 7860     		str	r0, [r7, #4]
 2382 0008 3960     		str	r1, [r7]
 843:../Firmware/GD32E23x_standard_peripheral/Source/gd32e23x_rtc.c ****     uint32_t time_index = RTC_SHIFTCTL_TIMEOUT;
 2383              		.loc 1 843 14
 2384 000a 41F20003 		movw	r3, #4096
 2385 000e 7B61     		str	r3, [r7, #20]
 844:../Firmware/GD32E23x_standard_peripheral/Source/gd32e23x_rtc.c ****     ErrStatus error_status = ERROR;
 2386              		.loc 1 844 15
 2387 0010 1323     		movs	r3, #19
 2388 0012 FB18     		adds	r3, r7, r3
 2389 0014 0022     		movs	r2, #0
 2390 0016 1A70     		strb	r2, [r3]
 845:../Firmware/GD32E23x_standard_peripheral/Source/gd32e23x_rtc.c ****     uint32_t flag_status = RESET;
 2391              		.loc 1 845 14
 2392 0018 0023     		movs	r3, #0
 2393 001a FB60     		str	r3, [r7, #12]
 846:../Firmware/GD32E23x_standard_peripheral/Source/gd32e23x_rtc.c ****     uint32_t temp = 0U;
 2394              		.loc 1 846 14
 2395 001c 0023     		movs	r3, #0
 2396 001e BB60     		str	r3, [r7, #8]
 847:../Firmware/GD32E23x_standard_peripheral/Source/gd32e23x_rtc.c **** 
 848:../Firmware/GD32E23x_standard_peripheral/Source/gd32e23x_rtc.c ****     /* disable the write protection */
 849:../Firmware/GD32E23x_standard_peripheral/Source/gd32e23x_rtc.c ****     RTC_WPK = RTC_UNLOCK_KEY1;
 2397              		.loc 1 849 5
 2398 0020 42F62403 		movw	r3, #10276
 2399 0024 C4F20003 		movt	r3, 16384
 2400              		.loc 1 849 13
 2401 0028 CA22     		movs	r2, #202
 2402 002a 1A60     		str	r2, [r3]
 850:../Firmware/GD32E23x_standard_peripheral/Source/gd32e23x_rtc.c ****     RTC_WPK = RTC_UNLOCK_KEY2;
 2403              		.loc 1 850 5
 2404 002c 42F62403 		movw	r3, #10276
 2405 0030 C4F20003 		movt	r3, 16384
 2406              		.loc 1 850 13
 2407 0034 5322     		movs	r2, #83
 2408 0036 1A60     		str	r2, [r3]
 2409              	.L73:
 851:../Firmware/GD32E23x_standard_peripheral/Source/gd32e23x_rtc.c **** 
 852:../Firmware/GD32E23x_standard_peripheral/Source/gd32e23x_rtc.c ****     /* check if a shift operation is ongoing */
 853:../Firmware/GD32E23x_standard_peripheral/Source/gd32e23x_rtc.c ****     do {
 854:../Firmware/GD32E23x_standard_peripheral/Source/gd32e23x_rtc.c ****         flag_status = RTC_STAT & RTC_STAT_SOPF;
 2410              		.loc 1 854 23 discriminator 2
 2411 0038 42F60C03 		movw	r3, #10252
 2412 003c C4F20003 		movt	r3, 16384
 2413 0040 1B68     		ldr	r3, [r3]
 2414              		.loc 1 854 21 discriminator 2
 2415 0042 0822     		movs	r2, #8
 2416 0044 1340     		ands	r3, r2
 2417 0046 FB60     		str	r3, [r7, #12]
 855:../Firmware/GD32E23x_standard_peripheral/Source/gd32e23x_rtc.c ****     } while((--time_index > 0x00U) && ((uint32_t)RESET != flag_status));
 2418              		.loc 1 855 5 discriminator 2
 2419 0048 7B69     		ldr	r3, [r7, #20]
 2420 004a 013B     		subs	r3, r3, #1
 2421 004c 7B61     		str	r3, [r7, #20]
 2422 004e 7B69     		ldr	r3, [r7, #20]
 2423 0050 13B1     		cbz	r3, .L72
 2424              		.loc 1 855 36 discriminator 1
 2425 0052 FB68     		ldr	r3, [r7, #12]
 2426 0054 002B     		cmp	r3, #0
 2427 0056 EFD1     		bne	.L73
 2428              	.L72:
 856:../Firmware/GD32E23x_standard_peripheral/Source/gd32e23x_rtc.c **** 
 857:../Firmware/GD32E23x_standard_peripheral/Source/gd32e23x_rtc.c ****     temp = RTC_CTL & RTC_CTL_REFEN;
 2429              		.loc 1 857 12
 2430 0058 42F60803 		movw	r3, #10248
 2431 005c C4F20003 		movt	r3, 16384
 2432 0060 1B68     		ldr	r3, [r3]
 2433              		.loc 1 857 10
 2434 0062 1022     		movs	r2, #16
 2435 0064 1340     		ands	r3, r2
 2436 0066 BB60     		str	r3, [r7, #8]
 858:../Firmware/GD32E23x_standard_peripheral/Source/gd32e23x_rtc.c ****     /* check if the function of reference clock detection is disabled */
 859:../Firmware/GD32E23x_standard_peripheral/Source/gd32e23x_rtc.c ****     if(((uint32_t)RESET == flag_status) && (RESET == temp)) {
 2437              		.loc 1 859 7
 2438 0068 FB68     		ldr	r3, [r7, #12]
 2439 006a 8BB9     		cbnz	r3, .L74
 2440              		.loc 1 859 41 discriminator 1
 2441 006c BB68     		ldr	r3, [r7, #8]
 2442 006e 7BB9     		cbnz	r3, .L74
 860:../Firmware/GD32E23x_standard_peripheral/Source/gd32e23x_rtc.c ****         RTC_SHIFTCTL = (uint32_t)(add | SHIFTCTL_SFS(minus));
 2443              		.loc 1 860 41
 2444 0070 3B68     		ldr	r3, [r7]
 2445 0072 5B04     		lsls	r3, r3, #17
 2446 0074 590C     		lsrs	r1, r3, #17
 2447              		.loc 1 860 9
 2448 0076 42F62C03 		movw	r3, #10284
 2449 007a C4F20003 		movt	r3, 16384
 2450              		.loc 1 860 24
 2451 007e 7A68     		ldr	r2, [r7, #4]
 2452 0080 0A43     		orrs	r2, r1
 2453              		.loc 1 860 22
 2454 0082 1A60     		str	r2, [r3]
 861:../Firmware/GD32E23x_standard_peripheral/Source/gd32e23x_rtc.c ****         error_status = rtc_register_sync_wait();
 2455              		.loc 1 861 24
 2456 0084 1323     		movs	r3, #19
 2457 0086 FC18     		adds	r4, r7, r3
 2458 0088 FFF7FEFF 		bl	rtc_register_sync_wait
 2459 008c 0300     		movs	r3, r0
 2460 008e 2370     		strb	r3, [r4]
 2461              	.L74:
 862:../Firmware/GD32E23x_standard_peripheral/Source/gd32e23x_rtc.c ****     }
 863:../Firmware/GD32E23x_standard_peripheral/Source/gd32e23x_rtc.c **** 
 864:../Firmware/GD32E23x_standard_peripheral/Source/gd32e23x_rtc.c ****     /* enable the write protection */
 865:../Firmware/GD32E23x_standard_peripheral/Source/gd32e23x_rtc.c ****     RTC_WPK = RTC_LOCK_KEY;
 2462              		.loc 1 865 5
 2463 0090 42F62403 		movw	r3, #10276
 2464 0094 C4F20003 		movt	r3, 16384
 2465              		.loc 1 865 13
 2466 0098 FF22     		movs	r2, #255
 2467 009a 1A60     		str	r2, [r3]
 866:../Firmware/GD32E23x_standard_peripheral/Source/gd32e23x_rtc.c **** 
 867:../Firmware/GD32E23x_standard_peripheral/Source/gd32e23x_rtc.c ****     return error_status;
 2468              		.loc 1 867 12
 2469 009c 1323     		movs	r3, #19
 2470 009e FB18     		adds	r3, r7, r3
 2471 00a0 1B78     		ldrb	r3, [r3]
 868:../Firmware/GD32E23x_standard_peripheral/Source/gd32e23x_rtc.c **** }
 2472              		.loc 1 868 1
 2473 00a2 1800     		movs	r0, r3
 2474 00a4 BD46     		mov	sp, r7
 2475 00a6 07B0     		add	sp, sp, #28
 2476              		@ sp needed
 2477 00a8 90BD     		pop	{r4, r7, pc}
 2478              		.cfi_endproc
 2479              	.LFE84:
 2481              		.section	.text.rtc_bypass_shadow_enable,"ax",%progbits
 2482              		.align	1
 2483              		.global	rtc_bypass_shadow_enable
 2484              		.syntax unified
 2485              		.code	16
 2486              		.thumb_func
 2487              		.fpu softvfp
 2489              	rtc_bypass_shadow_enable:
 2490              	.LFB85:
 869:../Firmware/GD32E23x_standard_peripheral/Source/gd32e23x_rtc.c **** 
 870:../Firmware/GD32E23x_standard_peripheral/Source/gd32e23x_rtc.c **** /*!
 871:../Firmware/GD32E23x_standard_peripheral/Source/gd32e23x_rtc.c ****     \brief      enable RTC bypass shadow registers function
 872:../Firmware/GD32E23x_standard_peripheral/Source/gd32e23x_rtc.c ****     \param[in]  none
 873:../Firmware/GD32E23x_standard_peripheral/Source/gd32e23x_rtc.c ****     \param[out] none
 874:../Firmware/GD32E23x_standard_peripheral/Source/gd32e23x_rtc.c ****     \retval     none
 875:../Firmware/GD32E23x_standard_peripheral/Source/gd32e23x_rtc.c **** */
 876:../Firmware/GD32E23x_standard_peripheral/Source/gd32e23x_rtc.c **** void rtc_bypass_shadow_enable(void)
 877:../Firmware/GD32E23x_standard_peripheral/Source/gd32e23x_rtc.c **** {
 2491              		.loc 1 877 1
 2492              		.cfi_startproc
 2493              		@ args = 0, pretend = 0, frame = 0
 2494              		@ frame_needed = 1, uses_anonymous_args = 0
 2495 0000 80B5     		push	{r7, lr}
 2496              		.cfi_def_cfa_offset 8
 2497              		.cfi_offset 7, -8
 2498              		.cfi_offset 14, -4
 2499 0002 00AF     		add	r7, sp, #0
 2500              		.cfi_def_cfa_register 7
 878:../Firmware/GD32E23x_standard_peripheral/Source/gd32e23x_rtc.c ****     /* disable the write protection */
 879:../Firmware/GD32E23x_standard_peripheral/Source/gd32e23x_rtc.c ****     RTC_WPK = RTC_UNLOCK_KEY1;
 2501              		.loc 1 879 5
 2502 0004 42F62403 		movw	r3, #10276
 2503 0008 C4F20003 		movt	r3, 16384
 2504              		.loc 1 879 13
 2505 000c CA22     		movs	r2, #202
 2506 000e 1A60     		str	r2, [r3]
 880:../Firmware/GD32E23x_standard_peripheral/Source/gd32e23x_rtc.c ****     RTC_WPK = RTC_UNLOCK_KEY2;
 2507              		.loc 1 880 5
 2508 0010 42F62403 		movw	r3, #10276
 2509 0014 C4F20003 		movt	r3, 16384
 2510              		.loc 1 880 13
 2511 0018 5322     		movs	r2, #83
 2512 001a 1A60     		str	r2, [r3]
 881:../Firmware/GD32E23x_standard_peripheral/Source/gd32e23x_rtc.c **** 
 882:../Firmware/GD32E23x_standard_peripheral/Source/gd32e23x_rtc.c ****     RTC_CTL |= (uint8_t)RTC_CTL_BPSHAD;
 2513              		.loc 1 882 13
 2514 001c 42F60803 		movw	r3, #10248
 2515 0020 C4F20003 		movt	r3, 16384
 2516 0024 1A68     		ldr	r2, [r3]
 2517 0026 42F60803 		movw	r3, #10248
 2518 002a C4F20003 		movt	r3, 16384
 2519 002e 2021     		movs	r1, #32
 2520 0030 0A43     		orrs	r2, r1
 2521 0032 1A60     		str	r2, [r3]
 883:../Firmware/GD32E23x_standard_peripheral/Source/gd32e23x_rtc.c **** 
 884:../Firmware/GD32E23x_standard_peripheral/Source/gd32e23x_rtc.c ****     /* enable the write protection */
 885:../Firmware/GD32E23x_standard_peripheral/Source/gd32e23x_rtc.c ****     RTC_WPK = RTC_LOCK_KEY;
 2522              		.loc 1 885 5
 2523 0034 42F62403 		movw	r3, #10276
 2524 0038 C4F20003 		movt	r3, 16384
 2525              		.loc 1 885 13
 2526 003c FF22     		movs	r2, #255
 2527 003e 1A60     		str	r2, [r3]
 886:../Firmware/GD32E23x_standard_peripheral/Source/gd32e23x_rtc.c **** }
 2528              		.loc 1 886 1
 2529 0040 C046     		nop
 2530 0042 BD46     		mov	sp, r7
 2531              		@ sp needed
 2532 0044 80BD     		pop	{r7, pc}
 2533              		.cfi_endproc
 2534              	.LFE85:
 2536              		.section	.text.rtc_bypass_shadow_disable,"ax",%progbits
 2537              		.align	1
 2538              		.global	rtc_bypass_shadow_disable
 2539              		.syntax unified
 2540              		.code	16
 2541              		.thumb_func
 2542              		.fpu softvfp
 2544              	rtc_bypass_shadow_disable:
 2545              	.LFB86:
 887:../Firmware/GD32E23x_standard_peripheral/Source/gd32e23x_rtc.c **** 
 888:../Firmware/GD32E23x_standard_peripheral/Source/gd32e23x_rtc.c **** /*!
 889:../Firmware/GD32E23x_standard_peripheral/Source/gd32e23x_rtc.c ****     \brief      disable RTC bypass shadow registers function
 890:../Firmware/GD32E23x_standard_peripheral/Source/gd32e23x_rtc.c ****     \param[in]  none
 891:../Firmware/GD32E23x_standard_peripheral/Source/gd32e23x_rtc.c ****     \param[out] none
 892:../Firmware/GD32E23x_standard_peripheral/Source/gd32e23x_rtc.c ****     \retval     none
 893:../Firmware/GD32E23x_standard_peripheral/Source/gd32e23x_rtc.c **** */
 894:../Firmware/GD32E23x_standard_peripheral/Source/gd32e23x_rtc.c **** void rtc_bypass_shadow_disable(void)
 895:../Firmware/GD32E23x_standard_peripheral/Source/gd32e23x_rtc.c **** {
 2546              		.loc 1 895 1
 2547              		.cfi_startproc
 2548              		@ args = 0, pretend = 0, frame = 0
 2549              		@ frame_needed = 1, uses_anonymous_args = 0
 2550 0000 80B5     		push	{r7, lr}
 2551              		.cfi_def_cfa_offset 8
 2552              		.cfi_offset 7, -8
 2553              		.cfi_offset 14, -4
 2554 0002 00AF     		add	r7, sp, #0
 2555              		.cfi_def_cfa_register 7
 896:../Firmware/GD32E23x_standard_peripheral/Source/gd32e23x_rtc.c ****     /* disable the write protection */
 897:../Firmware/GD32E23x_standard_peripheral/Source/gd32e23x_rtc.c ****     RTC_WPK = RTC_UNLOCK_KEY1;
 2556              		.loc 1 897 5
 2557 0004 42F62403 		movw	r3, #10276
 2558 0008 C4F20003 		movt	r3, 16384
 2559              		.loc 1 897 13
 2560 000c CA22     		movs	r2, #202
 2561 000e 1A60     		str	r2, [r3]
 898:../Firmware/GD32E23x_standard_peripheral/Source/gd32e23x_rtc.c ****     RTC_WPK = RTC_UNLOCK_KEY2;
 2562              		.loc 1 898 5
 2563 0010 42F62403 		movw	r3, #10276
 2564 0014 C4F20003 		movt	r3, 16384
 2565              		.loc 1 898 13
 2566 0018 5322     		movs	r2, #83
 2567 001a 1A60     		str	r2, [r3]
 899:../Firmware/GD32E23x_standard_peripheral/Source/gd32e23x_rtc.c **** 
 900:../Firmware/GD32E23x_standard_peripheral/Source/gd32e23x_rtc.c ****     RTC_CTL &= (uint8_t)~RTC_CTL_BPSHAD;
 2568              		.loc 1 900 13
 2569 001c 42F60803 		movw	r3, #10248
 2570 0020 C4F20003 		movt	r3, 16384
 2571 0024 1A68     		ldr	r2, [r3]
 2572 0026 42F60803 		movw	r3, #10248
 2573 002a C4F20003 		movt	r3, 16384
 2574 002e DF21     		movs	r1, #223
 2575 0030 0A40     		ands	r2, r1
 2576 0032 1A60     		str	r2, [r3]
 901:../Firmware/GD32E23x_standard_peripheral/Source/gd32e23x_rtc.c **** 
 902:../Firmware/GD32E23x_standard_peripheral/Source/gd32e23x_rtc.c ****     /* enable the write protection */
 903:../Firmware/GD32E23x_standard_peripheral/Source/gd32e23x_rtc.c ****     RTC_WPK = RTC_LOCK_KEY;
 2577              		.loc 1 903 5
 2578 0034 42F62403 		movw	r3, #10276
 2579 0038 C4F20003 		movt	r3, 16384
 2580              		.loc 1 903 13
 2581 003c FF22     		movs	r2, #255
 2582 003e 1A60     		str	r2, [r3]
 904:../Firmware/GD32E23x_standard_peripheral/Source/gd32e23x_rtc.c **** }
 2583              		.loc 1 904 1
 2584 0040 C046     		nop
 2585 0042 BD46     		mov	sp, r7
 2586              		@ sp needed
 2587 0044 80BD     		pop	{r7, pc}
 2588              		.cfi_endproc
 2589              	.LFE86:
 2591              		.section	.text.rtc_refclock_detection_enable,"ax",%progbits
 2592              		.align	1
 2593              		.global	rtc_refclock_detection_enable
 2594              		.syntax unified
 2595              		.code	16
 2596              		.thumb_func
 2597              		.fpu softvfp
 2599              	rtc_refclock_detection_enable:
 2600              	.LFB87:
 905:../Firmware/GD32E23x_standard_peripheral/Source/gd32e23x_rtc.c **** 
 906:../Firmware/GD32E23x_standard_peripheral/Source/gd32e23x_rtc.c **** /*!
 907:../Firmware/GD32E23x_standard_peripheral/Source/gd32e23x_rtc.c ****     \brief      enable RTC reference clock detection function
 908:../Firmware/GD32E23x_standard_peripheral/Source/gd32e23x_rtc.c ****     \param[in]  none
 909:../Firmware/GD32E23x_standard_peripheral/Source/gd32e23x_rtc.c ****     \param[out] none
 910:../Firmware/GD32E23x_standard_peripheral/Source/gd32e23x_rtc.c ****     \retval     ErrStatus: ERROR or SUCCESS
 911:../Firmware/GD32E23x_standard_peripheral/Source/gd32e23x_rtc.c **** */
 912:../Firmware/GD32E23x_standard_peripheral/Source/gd32e23x_rtc.c **** ErrStatus rtc_refclock_detection_enable(void)
 913:../Firmware/GD32E23x_standard_peripheral/Source/gd32e23x_rtc.c **** {
 2601              		.loc 1 913 1
 2602              		.cfi_startproc
 2603              		@ args = 0, pretend = 0, frame = 8
 2604              		@ frame_needed = 1, uses_anonymous_args = 0
 2605 0000 90B5     		push	{r4, r7, lr}
 2606              		.cfi_def_cfa_offset 12
 2607              		.cfi_offset 4, -12
 2608              		.cfi_offset 7, -8
 2609              		.cfi_offset 14, -4
 2610 0002 83B0     		sub	sp, sp, #12
 2611              		.cfi_def_cfa_offset 24
 2612 0004 00AF     		add	r7, sp, #0
 2613              		.cfi_def_cfa_register 7
 914:../Firmware/GD32E23x_standard_peripheral/Source/gd32e23x_rtc.c ****     ErrStatus error_status = ERROR;
 2614              		.loc 1 914 15
 2615 0006 FB1D     		adds	r3, r7, #7
 2616 0008 0022     		movs	r2, #0
 2617 000a 1A70     		strb	r2, [r3]
 915:../Firmware/GD32E23x_standard_peripheral/Source/gd32e23x_rtc.c **** 
 916:../Firmware/GD32E23x_standard_peripheral/Source/gd32e23x_rtc.c ****     /* disable the write protection */
 917:../Firmware/GD32E23x_standard_peripheral/Source/gd32e23x_rtc.c ****     RTC_WPK = RTC_UNLOCK_KEY1;
 2618              		.loc 1 917 5
 2619 000c 42F62403 		movw	r3, #10276
 2620 0010 C4F20003 		movt	r3, 16384
 2621              		.loc 1 917 13
 2622 0014 CA22     		movs	r2, #202
 2623 0016 1A60     		str	r2, [r3]
 918:../Firmware/GD32E23x_standard_peripheral/Source/gd32e23x_rtc.c ****     RTC_WPK = RTC_UNLOCK_KEY2;
 2624              		.loc 1 918 5
 2625 0018 42F62403 		movw	r3, #10276
 2626 001c C4F20003 		movt	r3, 16384
 2627              		.loc 1 918 13
 2628 0020 5322     		movs	r2, #83
 2629 0022 1A60     		str	r2, [r3]
 919:../Firmware/GD32E23x_standard_peripheral/Source/gd32e23x_rtc.c **** 
 920:../Firmware/GD32E23x_standard_peripheral/Source/gd32e23x_rtc.c ****     /* enter init mode */
 921:../Firmware/GD32E23x_standard_peripheral/Source/gd32e23x_rtc.c ****     error_status = rtc_init_mode_enter();
 2630              		.loc 1 921 20
 2631 0024 FC1D     		adds	r4, r7, #7
 2632 0026 FFF7FEFF 		bl	rtc_init_mode_enter
 2633 002a 0300     		movs	r3, r0
 2634 002c 2370     		strb	r3, [r4]
 922:../Firmware/GD32E23x_standard_peripheral/Source/gd32e23x_rtc.c **** 
 923:../Firmware/GD32E23x_standard_peripheral/Source/gd32e23x_rtc.c ****     if(ERROR != error_status) {
 2635              		.loc 1 923 7
 2636 002e FB1D     		adds	r3, r7, #7
 2637 0030 1B78     		ldrb	r3, [r3]
 2638 0032 6BB1     		cbz	r3, .L79
 924:../Firmware/GD32E23x_standard_peripheral/Source/gd32e23x_rtc.c ****         RTC_CTL |= (uint32_t)RTC_CTL_REFEN;
 2639              		.loc 1 924 17
 2640 0034 42F60803 		movw	r3, #10248
 2641 0038 C4F20003 		movt	r3, 16384
 2642 003c 1A68     		ldr	r2, [r3]
 2643 003e 42F60803 		movw	r3, #10248
 2644 0042 C4F20003 		movt	r3, 16384
 2645 0046 1021     		movs	r1, #16
 2646 0048 0A43     		orrs	r2, r1
 2647 004a 1A60     		str	r2, [r3]
 925:../Firmware/GD32E23x_standard_peripheral/Source/gd32e23x_rtc.c ****         /* exit init mode */
 926:../Firmware/GD32E23x_standard_peripheral/Source/gd32e23x_rtc.c ****         rtc_init_mode_exit();
 2648              		.loc 1 926 9
 2649 004c FFF7FEFF 		bl	rtc_init_mode_exit
 2650              	.L79:
 927:../Firmware/GD32E23x_standard_peripheral/Source/gd32e23x_rtc.c ****     }
 928:../Firmware/GD32E23x_standard_peripheral/Source/gd32e23x_rtc.c **** 
 929:../Firmware/GD32E23x_standard_peripheral/Source/gd32e23x_rtc.c ****     /* enable the write protection */
 930:../Firmware/GD32E23x_standard_peripheral/Source/gd32e23x_rtc.c ****     RTC_WPK = RTC_LOCK_KEY;
 2651              		.loc 1 930 5
 2652 0050 42F62403 		movw	r3, #10276
 2653 0054 C4F20003 		movt	r3, 16384
 2654              		.loc 1 930 13
 2655 0058 FF22     		movs	r2, #255
 2656 005a 1A60     		str	r2, [r3]
 931:../Firmware/GD32E23x_standard_peripheral/Source/gd32e23x_rtc.c **** 
 932:../Firmware/GD32E23x_standard_peripheral/Source/gd32e23x_rtc.c ****     return error_status;
 2657              		.loc 1 932 12
 2658 005c FB1D     		adds	r3, r7, #7
 2659 005e 1B78     		ldrb	r3, [r3]
 933:../Firmware/GD32E23x_standard_peripheral/Source/gd32e23x_rtc.c **** }
 2660              		.loc 1 933 1
 2661 0060 1800     		movs	r0, r3
 2662 0062 BD46     		mov	sp, r7
 2663 0064 03B0     		add	sp, sp, #12
 2664              		@ sp needed
 2665 0066 90BD     		pop	{r4, r7, pc}
 2666              		.cfi_endproc
 2667              	.LFE87:
 2669              		.section	.text.rtc_refclock_detection_disable,"ax",%progbits
 2670              		.align	1
 2671              		.global	rtc_refclock_detection_disable
 2672              		.syntax unified
 2673              		.code	16
 2674              		.thumb_func
 2675              		.fpu softvfp
 2677              	rtc_refclock_detection_disable:
 2678              	.LFB88:
 934:../Firmware/GD32E23x_standard_peripheral/Source/gd32e23x_rtc.c **** 
 935:../Firmware/GD32E23x_standard_peripheral/Source/gd32e23x_rtc.c **** /*!
 936:../Firmware/GD32E23x_standard_peripheral/Source/gd32e23x_rtc.c ****     \brief      disable RTC reference clock detection function
 937:../Firmware/GD32E23x_standard_peripheral/Source/gd32e23x_rtc.c ****     \param[in]  none
 938:../Firmware/GD32E23x_standard_peripheral/Source/gd32e23x_rtc.c ****     \param[out] none
 939:../Firmware/GD32E23x_standard_peripheral/Source/gd32e23x_rtc.c ****     \retval     ErrStatus: ERROR or SUCCESS
 940:../Firmware/GD32E23x_standard_peripheral/Source/gd32e23x_rtc.c **** */
 941:../Firmware/GD32E23x_standard_peripheral/Source/gd32e23x_rtc.c **** ErrStatus rtc_refclock_detection_disable(void)
 942:../Firmware/GD32E23x_standard_peripheral/Source/gd32e23x_rtc.c **** {
 2679              		.loc 1 942 1
 2680              		.cfi_startproc
 2681              		@ args = 0, pretend = 0, frame = 8
 2682              		@ frame_needed = 1, uses_anonymous_args = 0
 2683 0000 90B5     		push	{r4, r7, lr}
 2684              		.cfi_def_cfa_offset 12
 2685              		.cfi_offset 4, -12
 2686              		.cfi_offset 7, -8
 2687              		.cfi_offset 14, -4
 2688 0002 83B0     		sub	sp, sp, #12
 2689              		.cfi_def_cfa_offset 24
 2690 0004 00AF     		add	r7, sp, #0
 2691              		.cfi_def_cfa_register 7
 943:../Firmware/GD32E23x_standard_peripheral/Source/gd32e23x_rtc.c ****     ErrStatus error_status = ERROR;
 2692              		.loc 1 943 15
 2693 0006 FB1D     		adds	r3, r7, #7
 2694 0008 0022     		movs	r2, #0
 2695 000a 1A70     		strb	r2, [r3]
 944:../Firmware/GD32E23x_standard_peripheral/Source/gd32e23x_rtc.c **** 
 945:../Firmware/GD32E23x_standard_peripheral/Source/gd32e23x_rtc.c ****     /* disable the write protection */
 946:../Firmware/GD32E23x_standard_peripheral/Source/gd32e23x_rtc.c ****     RTC_WPK = RTC_UNLOCK_KEY1;
 2696              		.loc 1 946 5
 2697 000c 42F62403 		movw	r3, #10276
 2698 0010 C4F20003 		movt	r3, 16384
 2699              		.loc 1 946 13
 2700 0014 CA22     		movs	r2, #202
 2701 0016 1A60     		str	r2, [r3]
 947:../Firmware/GD32E23x_standard_peripheral/Source/gd32e23x_rtc.c ****     RTC_WPK = RTC_UNLOCK_KEY2;
 2702              		.loc 1 947 5
 2703 0018 42F62403 		movw	r3, #10276
 2704 001c C4F20003 		movt	r3, 16384
 2705              		.loc 1 947 13
 2706 0020 5322     		movs	r2, #83
 2707 0022 1A60     		str	r2, [r3]
 948:../Firmware/GD32E23x_standard_peripheral/Source/gd32e23x_rtc.c **** 
 949:../Firmware/GD32E23x_standard_peripheral/Source/gd32e23x_rtc.c ****     /* enter init mode */
 950:../Firmware/GD32E23x_standard_peripheral/Source/gd32e23x_rtc.c ****     error_status = rtc_init_mode_enter();
 2708              		.loc 1 950 20
 2709 0024 FC1D     		adds	r4, r7, #7
 2710 0026 FFF7FEFF 		bl	rtc_init_mode_enter
 2711 002a 0300     		movs	r3, r0
 2712 002c 2370     		strb	r3, [r4]
 951:../Firmware/GD32E23x_standard_peripheral/Source/gd32e23x_rtc.c **** 
 952:../Firmware/GD32E23x_standard_peripheral/Source/gd32e23x_rtc.c ****     if(ERROR != error_status) {
 2713              		.loc 1 952 7
 2714 002e FB1D     		adds	r3, r7, #7
 2715 0030 1B78     		ldrb	r3, [r3]
 2716 0032 6BB1     		cbz	r3, .L82
 953:../Firmware/GD32E23x_standard_peripheral/Source/gd32e23x_rtc.c ****         RTC_CTL &= (uint32_t)~RTC_CTL_REFEN;
 2717              		.loc 1 953 17
 2718 0034 42F60803 		movw	r3, #10248
 2719 0038 C4F20003 		movt	r3, 16384
 2720 003c 1A68     		ldr	r2, [r3]
 2721 003e 42F60803 		movw	r3, #10248
 2722 0042 C4F20003 		movt	r3, 16384
 2723 0046 1021     		movs	r1, #16
 2724 0048 8A43     		bics	r2, r1
 2725 004a 1A60     		str	r2, [r3]
 954:../Firmware/GD32E23x_standard_peripheral/Source/gd32e23x_rtc.c ****         /* exit init mode */
 955:../Firmware/GD32E23x_standard_peripheral/Source/gd32e23x_rtc.c ****         rtc_init_mode_exit();
 2726              		.loc 1 955 9
 2727 004c FFF7FEFF 		bl	rtc_init_mode_exit
 2728              	.L82:
 956:../Firmware/GD32E23x_standard_peripheral/Source/gd32e23x_rtc.c ****     }
 957:../Firmware/GD32E23x_standard_peripheral/Source/gd32e23x_rtc.c **** 
 958:../Firmware/GD32E23x_standard_peripheral/Source/gd32e23x_rtc.c ****     /* enable the write protection */
 959:../Firmware/GD32E23x_standard_peripheral/Source/gd32e23x_rtc.c ****     RTC_WPK = RTC_LOCK_KEY;
 2729              		.loc 1 959 5
 2730 0050 42F62403 		movw	r3, #10276
 2731 0054 C4F20003 		movt	r3, 16384
 2732              		.loc 1 959 13
 2733 0058 FF22     		movs	r2, #255
 2734 005a 1A60     		str	r2, [r3]
 960:../Firmware/GD32E23x_standard_peripheral/Source/gd32e23x_rtc.c **** 
 961:../Firmware/GD32E23x_standard_peripheral/Source/gd32e23x_rtc.c ****     return error_status;
 2735              		.loc 1 961 12
 2736 005c FB1D     		adds	r3, r7, #7
 2737 005e 1B78     		ldrb	r3, [r3]
 962:../Firmware/GD32E23x_standard_peripheral/Source/gd32e23x_rtc.c **** }
 2738              		.loc 1 962 1
 2739 0060 1800     		movs	r0, r3
 2740 0062 BD46     		mov	sp, r7
 2741 0064 03B0     		add	sp, sp, #12
 2742              		@ sp needed
 2743 0066 90BD     		pop	{r4, r7, pc}
 2744              		.cfi_endproc
 2745              	.LFE88:
 2747              		.text
 2748              	.Letext0:
 2749              		.file 2 "d:\\software\\gd32embeddedbuilder_v1.5.6_rel\\tools\\gnu tools arm embedded\\xpack-arm-no
 2750              		.file 3 "d:\\software\\gd32embeddedbuilder_v1.5.6_rel\\tools\\gnu tools arm embedded\\xpack-arm-no
 2751              		.file 4 "../Firmware/CMSIS/GD/GD32E23x/Include/gd32e23x.h"
 2752              		.file 5 "../Firmware/GD32E23x_standard_peripheral/Include/gd32e23x_rtc.h"
 2753              		.file 6 "../Firmware/CMSIS/GD/GD32E23x/Include/system_gd32e23x.h"
DEFINED SYMBOLS
                            *ABS*:00000000 gd32e23x_rtc.c
C:\Users\sen.he\AppData\Local\Temp\ccrr6J3b.s:16     .text.rtc_deinit:00000000 $t
C:\Users\sen.he\AppData\Local\Temp\ccrr6J3b.s:24     .text.rtc_deinit:00000000 rtc_deinit
C:\Users\sen.he\AppData\Local\Temp\ccrr6J3b.s:360    .text.rtc_init_mode_enter:00000000 rtc_init_mode_enter
C:\Users\sen.he\AppData\Local\Temp\ccrr6J3b.s:497    .text.rtc_register_sync_wait:00000000 rtc_register_sync_wait
C:\Users\sen.he\AppData\Local\Temp\ccrr6J3b.s:153    .text.rtc_init:00000000 $t
C:\Users\sen.he\AppData\Local\Temp\ccrr6J3b.s:160    .text.rtc_init:00000000 rtc_init
C:\Users\sen.he\AppData\Local\Temp\ccrr6J3b.s:460    .text.rtc_init_mode_exit:00000000 rtc_init_mode_exit
C:\Users\sen.he\AppData\Local\Temp\ccrr6J3b.s:353    .text.rtc_init_mode_enter:00000000 $t
C:\Users\sen.he\AppData\Local\Temp\ccrr6J3b.s:453    .text.rtc_init_mode_exit:00000000 $t
C:\Users\sen.he\AppData\Local\Temp\ccrr6J3b.s:490    .text.rtc_register_sync_wait:00000000 $t
C:\Users\sen.he\AppData\Local\Temp\ccrr6J3b.s:609    .text.rtc_current_time_get:00000000 $t
C:\Users\sen.he\AppData\Local\Temp\ccrr6J3b.s:616    .text.rtc_current_time_get:00000000 rtc_current_time_get
C:\Users\sen.he\AppData\Local\Temp\ccrr6J3b.s:782    .text.rtc_subsecond_get:00000000 $t
C:\Users\sen.he\AppData\Local\Temp\ccrr6J3b.s:789    .text.rtc_subsecond_get:00000000 rtc_subsecond_get
C:\Users\sen.he\AppData\Local\Temp\ccrr6J3b.s:828    .text.rtc_alarm_config:00000000 $t
C:\Users\sen.he\AppData\Local\Temp\ccrr6J3b.s:835    .text.rtc_alarm_config:00000000 rtc_alarm_config
C:\Users\sen.he\AppData\Local\Temp\ccrr6J3b.s:935    .text.rtc_alarm_subsecond_config:00000000 $t
C:\Users\sen.he\AppData\Local\Temp\ccrr6J3b.s:942    .text.rtc_alarm_subsecond_config:00000000 rtc_alarm_subsecond_config
C:\Users\sen.he\AppData\Local\Temp\ccrr6J3b.s:995    .text.rtc_alarm_enable:00000000 $t
C:\Users\sen.he\AppData\Local\Temp\ccrr6J3b.s:1002   .text.rtc_alarm_enable:00000000 rtc_alarm_enable
C:\Users\sen.he\AppData\Local\Temp\ccrr6J3b.s:1050   .text.rtc_alarm_disable:00000000 $t
C:\Users\sen.he\AppData\Local\Temp\ccrr6J3b.s:1057   .text.rtc_alarm_disable:00000000 rtc_alarm_disable
C:\Users\sen.he\AppData\Local\Temp\ccrr6J3b.s:1151   .text.rtc_alarm_disable:0000008c $d
C:\Users\sen.he\AppData\Local\Temp\ccrr6J3b.s:1156   .text.rtc_alarm_get:00000000 $t
C:\Users\sen.he\AppData\Local\Temp\ccrr6J3b.s:1163   .text.rtc_alarm_get:00000000 rtc_alarm_get
C:\Users\sen.he\AppData\Local\Temp\ccrr6J3b.s:1263   .text.rtc_alarm_subsecond_get:00000000 $t
C:\Users\sen.he\AppData\Local\Temp\ccrr6J3b.s:1270   .text.rtc_alarm_subsecond_get:00000000 rtc_alarm_subsecond_get
C:\Users\sen.he\AppData\Local\Temp\ccrr6J3b.s:1297   .text.rtc_timestamp_enable:00000000 $t
C:\Users\sen.he\AppData\Local\Temp\ccrr6J3b.s:1304   .text.rtc_timestamp_enable:00000000 rtc_timestamp_enable
C:\Users\sen.he\AppData\Local\Temp\ccrr6J3b.s:1370   .text.rtc_timestamp_enable:00000064 $d
C:\Users\sen.he\AppData\Local\Temp\ccrr6J3b.s:1375   .text.rtc_timestamp_disable:00000000 $t
C:\Users\sen.he\AppData\Local\Temp\ccrr6J3b.s:1382   .text.rtc_timestamp_disable:00000000 rtc_timestamp_disable
C:\Users\sen.he\AppData\Local\Temp\ccrr6J3b.s:1429   .text.rtc_timestamp_disable:00000048 $d
C:\Users\sen.he\AppData\Local\Temp\ccrr6J3b.s:1434   .text.rtc_timestamp_get:00000000 $t
C:\Users\sen.he\AppData\Local\Temp\ccrr6J3b.s:1441   .text.rtc_timestamp_get:00000000 rtc_timestamp_get
C:\Users\sen.he\AppData\Local\Temp\ccrr6J3b.s:1554   .text.rtc_timestamp_subsecond_get:00000000 $t
C:\Users\sen.he\AppData\Local\Temp\ccrr6J3b.s:1561   .text.rtc_timestamp_subsecond_get:00000000 rtc_timestamp_subsecond_get
C:\Users\sen.he\AppData\Local\Temp\ccrr6J3b.s:1586   .text.rtc_tamper_enable:00000000 $t
C:\Users\sen.he\AppData\Local\Temp\ccrr6J3b.s:1593   .text.rtc_tamper_enable:00000000 rtc_tamper_enable
C:\Users\sen.he\AppData\Local\Temp\ccrr6J3b.s:1781   .text.rtc_tamper_enable:00000164 $d
C:\Users\sen.he\AppData\Local\Temp\ccrr6J3b.s:1787   .text.rtc_tamper_disable:00000000 $t
C:\Users\sen.he\AppData\Local\Temp\ccrr6J3b.s:1794   .text.rtc_tamper_disable:00000000 rtc_tamper_disable
C:\Users\sen.he\AppData\Local\Temp\ccrr6J3b.s:1831   .text.rtc_interrupt_enable:00000000 $t
C:\Users\sen.he\AppData\Local\Temp\ccrr6J3b.s:1838   .text.rtc_interrupt_enable:00000000 rtc_interrupt_enable
C:\Users\sen.he\AppData\Local\Temp\ccrr6J3b.s:1908   .text.rtc_interrupt_disable:00000000 $t
C:\Users\sen.he\AppData\Local\Temp\ccrr6J3b.s:1915   .text.rtc_interrupt_disable:00000000 rtc_interrupt_disable
C:\Users\sen.he\AppData\Local\Temp\ccrr6J3b.s:1988   .text.rtc_flag_get:00000000 $t
C:\Users\sen.he\AppData\Local\Temp\ccrr6J3b.s:1995   .text.rtc_flag_get:00000000 rtc_flag_get
C:\Users\sen.he\AppData\Local\Temp\ccrr6J3b.s:2043   .text.rtc_flag_clear:00000000 $t
C:\Users\sen.he\AppData\Local\Temp\ccrr6J3b.s:2050   .text.rtc_flag_clear:00000000 rtc_flag_clear
C:\Users\sen.he\AppData\Local\Temp\ccrr6J3b.s:2087   .text.rtc_alter_output_config:00000000 $t
C:\Users\sen.he\AppData\Local\Temp\ccrr6J3b.s:2094   .text.rtc_alter_output_config:00000000 rtc_alter_output_config
C:\Users\sen.he\AppData\Local\Temp\ccrr6J3b.s:2181   .text.rtc_alter_output_config:000000a0 $d
C:\Users\sen.he\AppData\Local\Temp\ccrr6J3b.s:2187   .text.rtc_calibration_config:00000000 $t
C:\Users\sen.he\AppData\Local\Temp\ccrr6J3b.s:2194   .text.rtc_calibration_config:00000000 rtc_calibration_config
C:\Users\sen.he\AppData\Local\Temp\ccrr6J3b.s:2300   .text.rtc_hour_adjust:00000000 $t
C:\Users\sen.he\AppData\Local\Temp\ccrr6J3b.s:2307   .text.rtc_hour_adjust:00000000 rtc_hour_adjust
C:\Users\sen.he\AppData\Local\Temp\ccrr6J3b.s:2359   .text.rtc_second_adjust:00000000 $t
C:\Users\sen.he\AppData\Local\Temp\ccrr6J3b.s:2366   .text.rtc_second_adjust:00000000 rtc_second_adjust
C:\Users\sen.he\AppData\Local\Temp\ccrr6J3b.s:2482   .text.rtc_bypass_shadow_enable:00000000 $t
C:\Users\sen.he\AppData\Local\Temp\ccrr6J3b.s:2489   .text.rtc_bypass_shadow_enable:00000000 rtc_bypass_shadow_enable
C:\Users\sen.he\AppData\Local\Temp\ccrr6J3b.s:2537   .text.rtc_bypass_shadow_disable:00000000 $t
C:\Users\sen.he\AppData\Local\Temp\ccrr6J3b.s:2544   .text.rtc_bypass_shadow_disable:00000000 rtc_bypass_shadow_disable
C:\Users\sen.he\AppData\Local\Temp\ccrr6J3b.s:2592   .text.rtc_refclock_detection_enable:00000000 $t
C:\Users\sen.he\AppData\Local\Temp\ccrr6J3b.s:2599   .text.rtc_refclock_detection_enable:00000000 rtc_refclock_detection_enable
C:\Users\sen.he\AppData\Local\Temp\ccrr6J3b.s:2670   .text.rtc_refclock_detection_disable:00000000 $t
C:\Users\sen.he\AppData\Local\Temp\ccrr6J3b.s:2677   .text.rtc_refclock_detection_disable:00000000 rtc_refclock_detection_disable
                           .group:00000000 wm4.0.590463c46bf1d553a4d8081ecba6952e
                           .group:00000000 wm4.gd32e23x.h.39.0bf85d194b71a50de4fcad938c637dda
                           .group:00000000 wm4._newlib_version.h.4.9ba035841e762c3308916a0ce96032e7
                           .group:00000000 wm4.features.h.33.318b64d71e0957639cfb30f1db1f7ec8
                           .group:00000000 wm4._default_types.h.15.247e5cd201eca3442cbf5404108c4935
                           .group:00000000 wm4._intsup.h.10.cce27fed8484c08a33f522034c30d2b5
                           .group:00000000 wm4._stdint.h.10.c24fa3af3bc1706662bb5593a907e841
                           .group:00000000 wm4.stdint.h.23.d53047a68f4a85177f80b422d52785ed
                           .group:00000000 wm4.core_cm23.h.64.de3bc139a6604757cb96382033d22ea4
                           .group:00000000 wm4.cmsis_gcc.h.26.41038879cf168e2c536d47f29b7e8dd8
                           .group:00000000 wm4.core_cm23.h.125.de61c9c922e4fe53a01469e1afefe964
                           .group:00000000 wm4.system_gd32e23x.h.38.7a884860f7764c0ab5165a93f03201bb
                           .group:00000000 wm4.gd32e23x.h.163.9acf0d7337f9fe4e45533e128df527f9
                           .group:00000000 wm4.gd32e23x_adc.h.41.e37db1574230c817b545e8965349e4d7
                           .group:00000000 wm4.gd32e23x_crc.h.36.279adb768307700338e007c7ed677511
                           .group:00000000 wm4.gd32e23x_dbg.h.36.d33e52eaa928f5287aa06af215016669
                           .group:00000000 wm4.gd32e23x_dma.h.36.526a5bad10d356aae73db43b8b6c8ac1
                           .group:00000000 wm4.gd32e23x_exti.h.36.af0d6df8c0ce7b2677a9f89a98c409ce
                           .group:00000000 wm4.gd32e23x_fmc.h.36.75bde762cab332c240661c238a094712
                           .group:00000000 wm4.gd32e23x_gpio.h.36.795887d0586769fb622efbe77d569cda
                           .group:00000000 wm4.gd32e23x_syscfg.h.36.01ade19f7155772b744fa54349aa8666
                           .group:00000000 wm4.gd32e23x_i2c.h.36.e6cffa765f1652866ccb69e12f59470e
                           .group:00000000 wm4.gd32e23x_fwdgt.h.36.2fcc8574db554a4bd9e84c5cd0b7ab23
                           .group:00000000 wm4.gd32e23x_pmu.h.36.eca9453dd7794477bf31deebb1c6dd71
                           .group:00000000 wm4.gd32e23x_rcu.h.36.5275b85972d8917a1d7fb8903e56792a
                           .group:00000000 wm4.gd32e23x_spi.h.36.3f2a16ec9ce43b99360e154caa44fc36
                           .group:00000000 wm4.gd32e23x_timer.h.36.1a402a135f3e05d89798e4281e3b9d83
                           .group:00000000 wm4.gd32e23x_usart.h.36.c2b993b4a3fc79395d2c6452b270c65c
                           .group:00000000 wm4.gd32e23x_wwdgt.h.36.067f8fa16250ddb8196a2d3d5347a8d1
                           .group:00000000 wm4.gd32e23x_misc.h.36.02bcf8ea2494d3a2286a92cdad908103
                           .group:00000000 wm4.gd32e23x_cmp.h.36.0a60ec830a2d39bbe01854c1093a76e2
                           .group:00000000 wm4.gd32e23x_rtc.h.41.4146932715cd2d5eb3b6b116cc10ff91

NO UNDEFINED SYMBOLS
