   1              		.cpu cortex-m23
   2              		.eabi_attribute 20, 1
   3              		.eabi_attribute 21, 1
   4              		.eabi_attribute 23, 3
   5              		.eabi_attribute 24, 1
   6              		.eabi_attribute 25, 1
   7              		.eabi_attribute 26, 1
   8              		.eabi_attribute 30, 6
   9              		.eabi_attribute 34, 0
  10              		.eabi_attribute 18, 4
  11              		.file	"gd32e23x_misc.c"
  12              		.text
  13              	.Ltext0:
  14              		.cfi_sections	.debug_frame
  15              		.section	.text.__NVIC_EnableIRQ,"ax",%progbits
  16              		.align	1
  17              		.arch armv8-m.base
  18              		.syntax unified
  19              		.code	16
  20              		.thumb_func
  21              		.fpu softvfp
  23              	__NVIC_EnableIRQ:
  24              	.LFB44:
  25              		.file 1 "../Firmware/CMSIS/core_cm23.h"
   1:../Firmware/CMSIS/core_cm23.h **** /**************************************************************************//**
   2:../Firmware/CMSIS/core_cm23.h ****  * @file     core_cm23.h
   3:../Firmware/CMSIS/core_cm23.h ****  * @brief    CMSIS Cortex-M23 Core Peripheral Access Layer Header File
   4:../Firmware/CMSIS/core_cm23.h ****  * @version  V5.0.1
   5:../Firmware/CMSIS/core_cm23.h ****  * @date     25. November 2016
   6:../Firmware/CMSIS/core_cm23.h ****  ******************************************************************************/
   7:../Firmware/CMSIS/core_cm23.h **** /*
   8:../Firmware/CMSIS/core_cm23.h ****  * Copyright (c) 2009-2016 ARM Limited. All rights reserved.
   9:../Firmware/CMSIS/core_cm23.h ****  *
  10:../Firmware/CMSIS/core_cm23.h ****  * SPDX-License-Identifier: Apache-2.0
  11:../Firmware/CMSIS/core_cm23.h ****  *
  12:../Firmware/CMSIS/core_cm23.h ****  * Licensed under the Apache License, Version 2.0 (the License); you may
  13:../Firmware/CMSIS/core_cm23.h ****  * not use this file except in compliance with the License.
  14:../Firmware/CMSIS/core_cm23.h ****  * You may obtain a copy of the License at
  15:../Firmware/CMSIS/core_cm23.h ****  *
  16:../Firmware/CMSIS/core_cm23.h ****  * www.apache.org/licenses/LICENSE-2.0
  17:../Firmware/CMSIS/core_cm23.h ****  *
  18:../Firmware/CMSIS/core_cm23.h ****  * Unless required by applicable law or agreed to in writing, software
  19:../Firmware/CMSIS/core_cm23.h ****  * distributed under the License is distributed on an AS IS BASIS, WITHOUT
  20:../Firmware/CMSIS/core_cm23.h ****  * WARRANTIES OR CONDITIONS OF ANY KIND, either express or implied.
  21:../Firmware/CMSIS/core_cm23.h ****  * See the License for the specific language governing permissions and
  22:../Firmware/CMSIS/core_cm23.h ****  * limitations under the License.
  23:../Firmware/CMSIS/core_cm23.h ****  */
  24:../Firmware/CMSIS/core_cm23.h **** 
  25:../Firmware/CMSIS/core_cm23.h **** #if   defined ( __ICCARM__ )
  26:../Firmware/CMSIS/core_cm23.h ****  #pragma system_include         /* treat file as system include file for MISRA check */
  27:../Firmware/CMSIS/core_cm23.h **** #elif defined (__ARMCC_VERSION) && (__ARMCC_VERSION >= 6010050)
  28:../Firmware/CMSIS/core_cm23.h ****   #pragma clang system_header   /* treat file as system include file */
  29:../Firmware/CMSIS/core_cm23.h **** #endif
  30:../Firmware/CMSIS/core_cm23.h **** 
  31:../Firmware/CMSIS/core_cm23.h **** #ifndef __CORE_CM23_H_GENERIC
  32:../Firmware/CMSIS/core_cm23.h **** #define __CORE_CM23_H_GENERIC
  33:../Firmware/CMSIS/core_cm23.h **** 
  34:../Firmware/CMSIS/core_cm23.h **** #include <stdint.h>
  35:../Firmware/CMSIS/core_cm23.h **** 
  36:../Firmware/CMSIS/core_cm23.h **** #ifdef __cplusplus
  37:../Firmware/CMSIS/core_cm23.h ****  extern "C" {
  38:../Firmware/CMSIS/core_cm23.h **** #endif
  39:../Firmware/CMSIS/core_cm23.h **** 
  40:../Firmware/CMSIS/core_cm23.h **** /**
  41:../Firmware/CMSIS/core_cm23.h ****   \page CMSIS_MISRA_Exceptions  MISRA-C:2004 Compliance Exceptions
  42:../Firmware/CMSIS/core_cm23.h ****   CMSIS violates the following MISRA-C:2004 rules:
  43:../Firmware/CMSIS/core_cm23.h **** 
  44:../Firmware/CMSIS/core_cm23.h ****    \li Required Rule 8.5, object/function definition in header file.<br>
  45:../Firmware/CMSIS/core_cm23.h ****      Function definitions in header files are used to allow 'inlining'.
  46:../Firmware/CMSIS/core_cm23.h **** 
  47:../Firmware/CMSIS/core_cm23.h ****    \li Required Rule 18.4, declaration of union type or object of union type: '{...}'.<br>
  48:../Firmware/CMSIS/core_cm23.h ****      Unions are used for effective representation of core registers.
  49:../Firmware/CMSIS/core_cm23.h **** 
  50:../Firmware/CMSIS/core_cm23.h ****    \li Advisory Rule 19.7, Function-like macro defined.<br>
  51:../Firmware/CMSIS/core_cm23.h ****      Function-like macros are used to allow more efficient code.
  52:../Firmware/CMSIS/core_cm23.h ****  */
  53:../Firmware/CMSIS/core_cm23.h **** 
  54:../Firmware/CMSIS/core_cm23.h **** 
  55:../Firmware/CMSIS/core_cm23.h **** /*******************************************************************************
  56:../Firmware/CMSIS/core_cm23.h ****  *                 CMSIS definitions
  57:../Firmware/CMSIS/core_cm23.h ****  ******************************************************************************/
  58:../Firmware/CMSIS/core_cm23.h **** /**
  59:../Firmware/CMSIS/core_cm23.h ****   \ingroup Cortex_M23
  60:../Firmware/CMSIS/core_cm23.h ****   @{
  61:../Firmware/CMSIS/core_cm23.h ****  */
  62:../Firmware/CMSIS/core_cm23.h **** 
  63:../Firmware/CMSIS/core_cm23.h **** /*  CMSIS cmGrebe definitions */
  64:../Firmware/CMSIS/core_cm23.h **** #define __CM23_CMSIS_VERSION_MAIN  ( 5U)                                       /*!< [31:16] CMSIS H
  65:../Firmware/CMSIS/core_cm23.h **** #define __CM23_CMSIS_VERSION_SUB   ( 0U)                                       /*!< [15:0]  CMSIS H
  66:../Firmware/CMSIS/core_cm23.h **** #define __CM23_CMSIS_VERSION       ((__CM23_CMSIS_VERSION_MAIN << 16U) | \
  67:../Firmware/CMSIS/core_cm23.h ****                                      __CM23_CMSIS_VERSION_SUB           )      /*!< CMSIS HAL versi
  68:../Firmware/CMSIS/core_cm23.h **** 
  69:../Firmware/CMSIS/core_cm23.h **** #define __CORTEX_M                     (23U)                                   /*!< Cortex-M Core *
  70:../Firmware/CMSIS/core_cm23.h **** 
  71:../Firmware/CMSIS/core_cm23.h **** /** __FPU_USED indicates whether an FPU is used or not.
  72:../Firmware/CMSIS/core_cm23.h ****     This core does not support an FPU at all
  73:../Firmware/CMSIS/core_cm23.h **** */
  74:../Firmware/CMSIS/core_cm23.h **** #define __FPU_USED       0U
  75:../Firmware/CMSIS/core_cm23.h **** 
  76:../Firmware/CMSIS/core_cm23.h **** #if defined ( __CC_ARM )
  77:../Firmware/CMSIS/core_cm23.h ****   #if defined __TARGET_FPU_VFP
  78:../Firmware/CMSIS/core_cm23.h ****     #error "Compiler generates FPU instructions for a device without an FPU (check __FPU_PRESENT)"
  79:../Firmware/CMSIS/core_cm23.h ****   #endif
  80:../Firmware/CMSIS/core_cm23.h **** 
  81:../Firmware/CMSIS/core_cm23.h **** #elif defined (__ARMCC_VERSION) && (__ARMCC_VERSION >= 6010050)
  82:../Firmware/CMSIS/core_cm23.h ****   #if defined __ARM_PCS_VFP
  83:../Firmware/CMSIS/core_cm23.h ****     #error "Compiler generates FPU instructions for a device without an FPU (check __FPU_PRESENT)"
  84:../Firmware/CMSIS/core_cm23.h ****   #endif
  85:../Firmware/CMSIS/core_cm23.h **** 
  86:../Firmware/CMSIS/core_cm23.h **** #elif defined ( __GNUC__ )
  87:../Firmware/CMSIS/core_cm23.h ****   #if defined (__VFP_FP__) && !defined(__SOFTFP__)
  88:../Firmware/CMSIS/core_cm23.h ****     #error "Compiler generates FPU instructions for a device without an FPU (check __FPU_PRESENT)"
  89:../Firmware/CMSIS/core_cm23.h ****   #endif
  90:../Firmware/CMSIS/core_cm23.h **** 
  91:../Firmware/CMSIS/core_cm23.h **** #elif defined ( __ICCARM__ )
  92:../Firmware/CMSIS/core_cm23.h ****   #if defined __ARMVFP__
  93:../Firmware/CMSIS/core_cm23.h ****     #error "Compiler generates FPU instructions for a device without an FPU (check __FPU_PRESENT)"
  94:../Firmware/CMSIS/core_cm23.h ****   #endif
  95:../Firmware/CMSIS/core_cm23.h **** 
  96:../Firmware/CMSIS/core_cm23.h **** #elif defined ( __TI_ARM__ )
  97:../Firmware/CMSIS/core_cm23.h ****   #if defined __TI_VFP_SUPPORT__
  98:../Firmware/CMSIS/core_cm23.h ****     #error "Compiler generates FPU instructions for a device without an FPU (check __FPU_PRESENT)"
  99:../Firmware/CMSIS/core_cm23.h ****   #endif
 100:../Firmware/CMSIS/core_cm23.h **** 
 101:../Firmware/CMSIS/core_cm23.h **** #elif defined ( __TASKING__ )
 102:../Firmware/CMSIS/core_cm23.h ****   #if defined __FPU_VFP__
 103:../Firmware/CMSIS/core_cm23.h ****     #error "Compiler generates FPU instructions for a device without an FPU (check __FPU_PRESENT)"
 104:../Firmware/CMSIS/core_cm23.h ****   #endif
 105:../Firmware/CMSIS/core_cm23.h **** 
 106:../Firmware/CMSIS/core_cm23.h **** #elif defined ( __CSMC__ )
 107:../Firmware/CMSIS/core_cm23.h ****   #if ( __CSMC__ & 0x400U)
 108:../Firmware/CMSIS/core_cm23.h ****     #error "Compiler generates FPU instructions for a device without an FPU (check __FPU_PRESENT)"
 109:../Firmware/CMSIS/core_cm23.h ****   #endif
 110:../Firmware/CMSIS/core_cm23.h **** 
 111:../Firmware/CMSIS/core_cm23.h **** #endif
 112:../Firmware/CMSIS/core_cm23.h **** 
 113:../Firmware/CMSIS/core_cm23.h **** #include "cmsis_compiler.h"               /* CMSIS compiler specific defines */
 114:../Firmware/CMSIS/core_cm23.h **** 
 115:../Firmware/CMSIS/core_cm23.h **** 
 116:../Firmware/CMSIS/core_cm23.h **** #ifdef __cplusplus
 117:../Firmware/CMSIS/core_cm23.h **** }
 118:../Firmware/CMSIS/core_cm23.h **** #endif
 119:../Firmware/CMSIS/core_cm23.h **** 
 120:../Firmware/CMSIS/core_cm23.h **** #endif /* __CORE_CM23_H_GENERIC */
 121:../Firmware/CMSIS/core_cm23.h **** 
 122:../Firmware/CMSIS/core_cm23.h **** #ifndef __CMSIS_GENERIC
 123:../Firmware/CMSIS/core_cm23.h **** 
 124:../Firmware/CMSIS/core_cm23.h **** #ifndef __CORE_CM23_H_DEPENDANT
 125:../Firmware/CMSIS/core_cm23.h **** #define __CORE_CM23_H_DEPENDANT
 126:../Firmware/CMSIS/core_cm23.h **** 
 127:../Firmware/CMSIS/core_cm23.h **** #ifdef __cplusplus
 128:../Firmware/CMSIS/core_cm23.h ****  extern "C" {
 129:../Firmware/CMSIS/core_cm23.h **** #endif
 130:../Firmware/CMSIS/core_cm23.h **** 
 131:../Firmware/CMSIS/core_cm23.h **** /* check device defines and use defaults */
 132:../Firmware/CMSIS/core_cm23.h **** #if defined __CHECK_DEVICE_DEFINES
 133:../Firmware/CMSIS/core_cm23.h ****   #ifndef __CM23_REV
 134:../Firmware/CMSIS/core_cm23.h ****     #define __CM23_REV                0x0000U
 135:../Firmware/CMSIS/core_cm23.h ****     #warning "__CM23_REV not defined in device header file; using default!"
 136:../Firmware/CMSIS/core_cm23.h ****   #endif
 137:../Firmware/CMSIS/core_cm23.h **** 
 138:../Firmware/CMSIS/core_cm23.h ****   #ifndef __FPU_PRESENT
 139:../Firmware/CMSIS/core_cm23.h ****     #define __FPU_PRESENT             0U
 140:../Firmware/CMSIS/core_cm23.h ****     #warning "__FPU_PRESENT not defined in device header file; using default!"
 141:../Firmware/CMSIS/core_cm23.h ****   #endif
 142:../Firmware/CMSIS/core_cm23.h **** 
 143:../Firmware/CMSIS/core_cm23.h ****   #ifndef __MPU_PRESENT
 144:../Firmware/CMSIS/core_cm23.h ****     #define __MPU_PRESENT             0U
 145:../Firmware/CMSIS/core_cm23.h ****     #warning "__MPU_PRESENT not defined in device header file; using default!"
 146:../Firmware/CMSIS/core_cm23.h ****   #endif
 147:../Firmware/CMSIS/core_cm23.h **** 
 148:../Firmware/CMSIS/core_cm23.h ****   #ifndef __SAUREGION_PRESENT
 149:../Firmware/CMSIS/core_cm23.h ****     #define __SAUREGION_PRESENT       0U
 150:../Firmware/CMSIS/core_cm23.h ****     #warning "__SAUREGION_PRESENT not defined in device header file; using default!"
 151:../Firmware/CMSIS/core_cm23.h ****   #endif
 152:../Firmware/CMSIS/core_cm23.h **** 
 153:../Firmware/CMSIS/core_cm23.h ****   #ifndef __VTOR_PRESENT
 154:../Firmware/CMSIS/core_cm23.h ****     #define __VTOR_PRESENT            0U
 155:../Firmware/CMSIS/core_cm23.h ****     #warning "__VTOR_PRESENT not defined in device header file; using default!"
 156:../Firmware/CMSIS/core_cm23.h ****   #endif
 157:../Firmware/CMSIS/core_cm23.h **** 
 158:../Firmware/CMSIS/core_cm23.h ****   #ifndef __NVIC_PRIO_BITS
 159:../Firmware/CMSIS/core_cm23.h ****     #define __NVIC_PRIO_BITS          2U
 160:../Firmware/CMSIS/core_cm23.h ****     #warning "__NVIC_PRIO_BITS not defined in device header file; using default!"
 161:../Firmware/CMSIS/core_cm23.h ****   #endif
 162:../Firmware/CMSIS/core_cm23.h **** 
 163:../Firmware/CMSIS/core_cm23.h ****   #ifndef __Vendor_SysTickConfig
 164:../Firmware/CMSIS/core_cm23.h ****     #define __Vendor_SysTickConfig    0U
 165:../Firmware/CMSIS/core_cm23.h ****     #warning "__Vendor_SysTickConfig not defined in device header file; using default!"
 166:../Firmware/CMSIS/core_cm23.h ****   #endif
 167:../Firmware/CMSIS/core_cm23.h **** 
 168:../Firmware/CMSIS/core_cm23.h ****   #ifndef __ETM_PRESENT
 169:../Firmware/CMSIS/core_cm23.h ****     #define __ETM_PRESENT             0U
 170:../Firmware/CMSIS/core_cm23.h ****     #warning "__ETM_PRESENT not defined in device header file; using default!"
 171:../Firmware/CMSIS/core_cm23.h ****   #endif
 172:../Firmware/CMSIS/core_cm23.h **** 
 173:../Firmware/CMSIS/core_cm23.h ****   #ifndef __MTB_PRESENT
 174:../Firmware/CMSIS/core_cm23.h ****     #define __MTB_PRESENT             0U
 175:../Firmware/CMSIS/core_cm23.h ****     #warning "__MTB_PRESENT not defined in device header file; using default!"
 176:../Firmware/CMSIS/core_cm23.h ****   #endif
 177:../Firmware/CMSIS/core_cm23.h **** 
 178:../Firmware/CMSIS/core_cm23.h **** #endif
 179:../Firmware/CMSIS/core_cm23.h **** 
 180:../Firmware/CMSIS/core_cm23.h **** /* IO definitions (access restrictions to peripheral registers) */
 181:../Firmware/CMSIS/core_cm23.h **** /**
 182:../Firmware/CMSIS/core_cm23.h ****     \defgroup CMSIS_glob_defs CMSIS Global Defines
 183:../Firmware/CMSIS/core_cm23.h **** 
 184:../Firmware/CMSIS/core_cm23.h ****     <strong>IO Type Qualifiers</strong> are used
 185:../Firmware/CMSIS/core_cm23.h ****     \li to specify the access to peripheral variables.
 186:../Firmware/CMSIS/core_cm23.h ****     \li for automatic generation of peripheral register debug information.
 187:../Firmware/CMSIS/core_cm23.h **** */
 188:../Firmware/CMSIS/core_cm23.h **** #ifdef __cplusplus
 189:../Firmware/CMSIS/core_cm23.h ****   #define   __I     volatile             /*!< Defines 'read only' permissions */
 190:../Firmware/CMSIS/core_cm23.h **** #else
 191:../Firmware/CMSIS/core_cm23.h ****   #define   __I     volatile const       /*!< Defines 'read only' permissions */
 192:../Firmware/CMSIS/core_cm23.h **** #endif
 193:../Firmware/CMSIS/core_cm23.h **** #define     __O     volatile             /*!< Defines 'write only' permissions */
 194:../Firmware/CMSIS/core_cm23.h **** #define     __IO    volatile             /*!< Defines 'read / write' permissions */
 195:../Firmware/CMSIS/core_cm23.h **** 
 196:../Firmware/CMSIS/core_cm23.h **** /* following defines should be used for structure members */
 197:../Firmware/CMSIS/core_cm23.h **** #define     __IM     volatile const      /*! Defines 'read only' structure member permissions */
 198:../Firmware/CMSIS/core_cm23.h **** #define     __OM     volatile            /*! Defines 'write only' structure member permissions */
 199:../Firmware/CMSIS/core_cm23.h **** #define     __IOM    volatile            /*! Defines 'read / write' structure member permissions */
 200:../Firmware/CMSIS/core_cm23.h **** 
 201:../Firmware/CMSIS/core_cm23.h **** /*@} end of group Cortex_M23 */
 202:../Firmware/CMSIS/core_cm23.h **** 
 203:../Firmware/CMSIS/core_cm23.h **** 
 204:../Firmware/CMSIS/core_cm23.h **** 
 205:../Firmware/CMSIS/core_cm23.h **** /*******************************************************************************
 206:../Firmware/CMSIS/core_cm23.h ****  *                 Register Abstraction
 207:../Firmware/CMSIS/core_cm23.h ****   Core Register contain:
 208:../Firmware/CMSIS/core_cm23.h ****   - Core Register
 209:../Firmware/CMSIS/core_cm23.h ****   - Core NVIC Register
 210:../Firmware/CMSIS/core_cm23.h ****   - Core SCB Register
 211:../Firmware/CMSIS/core_cm23.h ****   - Core SysTick Register
 212:../Firmware/CMSIS/core_cm23.h ****   - Core Debug Register
 213:../Firmware/CMSIS/core_cm23.h ****   - Core MPU Register
 214:../Firmware/CMSIS/core_cm23.h ****   - Core SAU Register
 215:../Firmware/CMSIS/core_cm23.h ****  ******************************************************************************/
 216:../Firmware/CMSIS/core_cm23.h **** /**
 217:../Firmware/CMSIS/core_cm23.h ****   \defgroup CMSIS_core_register Defines and Type Definitions
 218:../Firmware/CMSIS/core_cm23.h ****   \brief Type definitions and defines for Cortex-M processor based devices.
 219:../Firmware/CMSIS/core_cm23.h **** */
 220:../Firmware/CMSIS/core_cm23.h **** 
 221:../Firmware/CMSIS/core_cm23.h **** /**
 222:../Firmware/CMSIS/core_cm23.h ****   \ingroup    CMSIS_core_register
 223:../Firmware/CMSIS/core_cm23.h ****   \defgroup   CMSIS_CORE  Status and Control Registers
 224:../Firmware/CMSIS/core_cm23.h ****   \brief      Core Register type definitions.
 225:../Firmware/CMSIS/core_cm23.h ****   @{
 226:../Firmware/CMSIS/core_cm23.h ****  */
 227:../Firmware/CMSIS/core_cm23.h **** 
 228:../Firmware/CMSIS/core_cm23.h **** /**
 229:../Firmware/CMSIS/core_cm23.h ****   \brief  Union type to access the Application Program Status Register (APSR).
 230:../Firmware/CMSIS/core_cm23.h ****  */
 231:../Firmware/CMSIS/core_cm23.h **** typedef union
 232:../Firmware/CMSIS/core_cm23.h **** {
 233:../Firmware/CMSIS/core_cm23.h ****   struct
 234:../Firmware/CMSIS/core_cm23.h ****   {
 235:../Firmware/CMSIS/core_cm23.h ****     uint32_t _reserved0:28;              /*!< bit:  0..27  Reserved */
 236:../Firmware/CMSIS/core_cm23.h ****     uint32_t V:1;                        /*!< bit:     28  Overflow condition code flag */
 237:../Firmware/CMSIS/core_cm23.h ****     uint32_t C:1;                        /*!< bit:     29  Carry condition code flag */
 238:../Firmware/CMSIS/core_cm23.h ****     uint32_t Z:1;                        /*!< bit:     30  Zero condition code flag */
 239:../Firmware/CMSIS/core_cm23.h ****     uint32_t N:1;                        /*!< bit:     31  Negative condition code flag */
 240:../Firmware/CMSIS/core_cm23.h ****   } b;                                   /*!< Structure used for bit  access */
 241:../Firmware/CMSIS/core_cm23.h ****   uint32_t w;                            /*!< Type      used for word access */
 242:../Firmware/CMSIS/core_cm23.h **** } APSR_Type;
 243:../Firmware/CMSIS/core_cm23.h **** 
 244:../Firmware/CMSIS/core_cm23.h **** /* APSR Register Definitions */
 245:../Firmware/CMSIS/core_cm23.h **** #define APSR_N_Pos                         31U                                            /*!< APSR
 246:../Firmware/CMSIS/core_cm23.h **** #define APSR_N_Msk                         (1UL << APSR_N_Pos)                            /*!< APSR
 247:../Firmware/CMSIS/core_cm23.h **** 
 248:../Firmware/CMSIS/core_cm23.h **** #define APSR_Z_Pos                         30U                                            /*!< APSR
 249:../Firmware/CMSIS/core_cm23.h **** #define APSR_Z_Msk                         (1UL << APSR_Z_Pos)                            /*!< APSR
 250:../Firmware/CMSIS/core_cm23.h **** 
 251:../Firmware/CMSIS/core_cm23.h **** #define APSR_C_Pos                         29U                                            /*!< APSR
 252:../Firmware/CMSIS/core_cm23.h **** #define APSR_C_Msk                         (1UL << APSR_C_Pos)                            /*!< APSR
 253:../Firmware/CMSIS/core_cm23.h **** 
 254:../Firmware/CMSIS/core_cm23.h **** #define APSR_V_Pos                         28U                                            /*!< APSR
 255:../Firmware/CMSIS/core_cm23.h **** #define APSR_V_Msk                         (1UL << APSR_V_Pos)                            /*!< APSR
 256:../Firmware/CMSIS/core_cm23.h **** 
 257:../Firmware/CMSIS/core_cm23.h **** 
 258:../Firmware/CMSIS/core_cm23.h **** /**
 259:../Firmware/CMSIS/core_cm23.h ****   \brief  Union type to access the Interrupt Program Status Register (IPSR).
 260:../Firmware/CMSIS/core_cm23.h ****  */
 261:../Firmware/CMSIS/core_cm23.h **** typedef union
 262:../Firmware/CMSIS/core_cm23.h **** {
 263:../Firmware/CMSIS/core_cm23.h ****   struct
 264:../Firmware/CMSIS/core_cm23.h ****   {
 265:../Firmware/CMSIS/core_cm23.h ****     uint32_t ISR:9;                      /*!< bit:  0.. 8  Exception number */
 266:../Firmware/CMSIS/core_cm23.h ****     uint32_t _reserved0:23;              /*!< bit:  9..31  Reserved */
 267:../Firmware/CMSIS/core_cm23.h ****   } b;                                   /*!< Structure used for bit  access */
 268:../Firmware/CMSIS/core_cm23.h ****   uint32_t w;                            /*!< Type      used for word access */
 269:../Firmware/CMSIS/core_cm23.h **** } IPSR_Type;
 270:../Firmware/CMSIS/core_cm23.h **** 
 271:../Firmware/CMSIS/core_cm23.h **** /* IPSR Register Definitions */
 272:../Firmware/CMSIS/core_cm23.h **** #define IPSR_ISR_Pos                        0U                                            /*!< IPSR
 273:../Firmware/CMSIS/core_cm23.h **** #define IPSR_ISR_Msk                       (0x1FFUL /*<< IPSR_ISR_Pos*/)                  /*!< IPSR
 274:../Firmware/CMSIS/core_cm23.h **** 
 275:../Firmware/CMSIS/core_cm23.h **** 
 276:../Firmware/CMSIS/core_cm23.h **** /**
 277:../Firmware/CMSIS/core_cm23.h ****   \brief  Union type to access the Special-Purpose Program Status Registers (xPSR).
 278:../Firmware/CMSIS/core_cm23.h ****  */
 279:../Firmware/CMSIS/core_cm23.h **** typedef union
 280:../Firmware/CMSIS/core_cm23.h **** {
 281:../Firmware/CMSIS/core_cm23.h ****   struct
 282:../Firmware/CMSIS/core_cm23.h ****   {
 283:../Firmware/CMSIS/core_cm23.h ****     uint32_t ISR:9;                      /*!< bit:  0.. 8  Exception number */
 284:../Firmware/CMSIS/core_cm23.h ****     uint32_t _reserved0:15;              /*!< bit:  9..23  Reserved */
 285:../Firmware/CMSIS/core_cm23.h ****     uint32_t T:1;                        /*!< bit:     24  Thumb bit        (read 0) */
 286:../Firmware/CMSIS/core_cm23.h ****     uint32_t _reserved1:3;               /*!< bit: 25..27  Reserved */
 287:../Firmware/CMSIS/core_cm23.h ****     uint32_t V:1;                        /*!< bit:     28  Overflow condition code flag */
 288:../Firmware/CMSIS/core_cm23.h ****     uint32_t C:1;                        /*!< bit:     29  Carry condition code flag */
 289:../Firmware/CMSIS/core_cm23.h ****     uint32_t Z:1;                        /*!< bit:     30  Zero condition code flag */
 290:../Firmware/CMSIS/core_cm23.h ****     uint32_t N:1;                        /*!< bit:     31  Negative condition code flag */
 291:../Firmware/CMSIS/core_cm23.h ****   } b;                                   /*!< Structure used for bit  access */
 292:../Firmware/CMSIS/core_cm23.h ****   uint32_t w;                            /*!< Type      used for word access */
 293:../Firmware/CMSIS/core_cm23.h **** } xPSR_Type;
 294:../Firmware/CMSIS/core_cm23.h **** 
 295:../Firmware/CMSIS/core_cm23.h **** /* xPSR Register Definitions */
 296:../Firmware/CMSIS/core_cm23.h **** #define xPSR_N_Pos                         31U                                            /*!< xPSR
 297:../Firmware/CMSIS/core_cm23.h **** #define xPSR_N_Msk                         (1UL << xPSR_N_Pos)                            /*!< xPSR
 298:../Firmware/CMSIS/core_cm23.h **** 
 299:../Firmware/CMSIS/core_cm23.h **** #define xPSR_Z_Pos                         30U                                            /*!< xPSR
 300:../Firmware/CMSIS/core_cm23.h **** #define xPSR_Z_Msk                         (1UL << xPSR_Z_Pos)                            /*!< xPSR
 301:../Firmware/CMSIS/core_cm23.h **** 
 302:../Firmware/CMSIS/core_cm23.h **** #define xPSR_C_Pos                         29U                                            /*!< xPSR
 303:../Firmware/CMSIS/core_cm23.h **** #define xPSR_C_Msk                         (1UL << xPSR_C_Pos)                            /*!< xPSR
 304:../Firmware/CMSIS/core_cm23.h **** 
 305:../Firmware/CMSIS/core_cm23.h **** #define xPSR_V_Pos                         28U                                            /*!< xPSR
 306:../Firmware/CMSIS/core_cm23.h **** #define xPSR_V_Msk                         (1UL << xPSR_V_Pos)                            /*!< xPSR
 307:../Firmware/CMSIS/core_cm23.h **** 
 308:../Firmware/CMSIS/core_cm23.h **** #define xPSR_T_Pos                         24U                                            /*!< xPSR
 309:../Firmware/CMSIS/core_cm23.h **** #define xPSR_T_Msk                         (1UL << xPSR_T_Pos)                            /*!< xPSR
 310:../Firmware/CMSIS/core_cm23.h **** 
 311:../Firmware/CMSIS/core_cm23.h **** #define xPSR_ISR_Pos                        0U                                            /*!< xPSR
 312:../Firmware/CMSIS/core_cm23.h **** #define xPSR_ISR_Msk                       (0x1FFUL /*<< xPSR_ISR_Pos*/)                  /*!< xPSR
 313:../Firmware/CMSIS/core_cm23.h **** 
 314:../Firmware/CMSIS/core_cm23.h **** 
 315:../Firmware/CMSIS/core_cm23.h **** /**
 316:../Firmware/CMSIS/core_cm23.h ****   \brief  Union type to access the Control Registers (CONTROL).
 317:../Firmware/CMSIS/core_cm23.h ****  */
 318:../Firmware/CMSIS/core_cm23.h **** typedef union
 319:../Firmware/CMSIS/core_cm23.h **** {
 320:../Firmware/CMSIS/core_cm23.h ****   struct
 321:../Firmware/CMSIS/core_cm23.h ****   {
 322:../Firmware/CMSIS/core_cm23.h ****     uint32_t nPRIV:1;                    /*!< bit:      0  Execution privilege in Thread mode */
 323:../Firmware/CMSIS/core_cm23.h ****     uint32_t SPSEL:1;                    /*!< bit:      1  Stack-pointer select */
 324:../Firmware/CMSIS/core_cm23.h ****     uint32_t _reserved1:30;              /*!< bit:  2..31  Reserved */
 325:../Firmware/CMSIS/core_cm23.h ****   } b;                                   /*!< Structure used for bit  access */
 326:../Firmware/CMSIS/core_cm23.h ****   uint32_t w;                            /*!< Type      used for word access */
 327:../Firmware/CMSIS/core_cm23.h **** } CONTROL_Type;
 328:../Firmware/CMSIS/core_cm23.h **** 
 329:../Firmware/CMSIS/core_cm23.h **** /* CONTROL Register Definitions */
 330:../Firmware/CMSIS/core_cm23.h **** #define CONTROL_SPSEL_Pos                   1U                                            /*!< CONT
 331:../Firmware/CMSIS/core_cm23.h **** #define CONTROL_SPSEL_Msk                  (1UL << CONTROL_SPSEL_Pos)                     /*!< CONT
 332:../Firmware/CMSIS/core_cm23.h **** 
 333:../Firmware/CMSIS/core_cm23.h **** #define CONTROL_nPRIV_Pos                   0U                                            /*!< CONT
 334:../Firmware/CMSIS/core_cm23.h **** #define CONTROL_nPRIV_Msk                  (1UL /*<< CONTROL_nPRIV_Pos*/)                 /*!< CONT
 335:../Firmware/CMSIS/core_cm23.h **** 
 336:../Firmware/CMSIS/core_cm23.h **** /*@} end of group CMSIS_CORE */
 337:../Firmware/CMSIS/core_cm23.h **** 
 338:../Firmware/CMSIS/core_cm23.h **** 
 339:../Firmware/CMSIS/core_cm23.h **** /**
 340:../Firmware/CMSIS/core_cm23.h ****   \ingroup    CMSIS_core_register
 341:../Firmware/CMSIS/core_cm23.h ****   \defgroup   CMSIS_NVIC  Nested Vectored Interrupt Controller (NVIC)
 342:../Firmware/CMSIS/core_cm23.h ****   \brief      Type definitions for the NVIC Registers
 343:../Firmware/CMSIS/core_cm23.h ****   @{
 344:../Firmware/CMSIS/core_cm23.h ****  */
 345:../Firmware/CMSIS/core_cm23.h **** 
 346:../Firmware/CMSIS/core_cm23.h **** /**
 347:../Firmware/CMSIS/core_cm23.h ****   \brief  Structure type to access the Nested Vectored Interrupt Controller (NVIC).
 348:../Firmware/CMSIS/core_cm23.h ****  */
 349:../Firmware/CMSIS/core_cm23.h **** typedef struct
 350:../Firmware/CMSIS/core_cm23.h **** {
 351:../Firmware/CMSIS/core_cm23.h ****   __IOM uint32_t ISER[16U];              /*!< Offset: 0x000 (R/W)  Interrupt Set Enable Register */
 352:../Firmware/CMSIS/core_cm23.h ****         uint32_t RESERVED0[16U];
 353:../Firmware/CMSIS/core_cm23.h ****   __IOM uint32_t ICER[16U];              /*!< Offset: 0x080 (R/W)  Interrupt Clear Enable Register 
 354:../Firmware/CMSIS/core_cm23.h ****         uint32_t RSERVED1[16U];
 355:../Firmware/CMSIS/core_cm23.h ****   __IOM uint32_t ISPR[16U];              /*!< Offset: 0x100 (R/W)  Interrupt Set Pending Register *
 356:../Firmware/CMSIS/core_cm23.h ****         uint32_t RESERVED2[16U];
 357:../Firmware/CMSIS/core_cm23.h ****   __IOM uint32_t ICPR[16U];              /*!< Offset: 0x180 (R/W)  Interrupt Clear Pending Register
 358:../Firmware/CMSIS/core_cm23.h ****         uint32_t RESERVED3[16U];
 359:../Firmware/CMSIS/core_cm23.h ****   __IOM uint32_t IABR[16U];              /*!< Offset: 0x200 (R/W)  Interrupt Active bit Register */
 360:../Firmware/CMSIS/core_cm23.h ****         uint32_t RESERVED4[16U];
 361:../Firmware/CMSIS/core_cm23.h ****   __IOM uint32_t ITNS[16U];              /*!< Offset: 0x280 (R/W)  Interrupt Non-Secure State Regis
 362:../Firmware/CMSIS/core_cm23.h ****         uint32_t RESERVED5[16U];
 363:../Firmware/CMSIS/core_cm23.h ****   __IOM uint32_t IPR[124U];              /*!< Offset: 0x300 (R/W)  Interrupt Priority Register */
 364:../Firmware/CMSIS/core_cm23.h **** }  NVIC_Type;
 365:../Firmware/CMSIS/core_cm23.h **** 
 366:../Firmware/CMSIS/core_cm23.h **** /*@} end of group CMSIS_NVIC */
 367:../Firmware/CMSIS/core_cm23.h **** 
 368:../Firmware/CMSIS/core_cm23.h **** 
 369:../Firmware/CMSIS/core_cm23.h **** /**
 370:../Firmware/CMSIS/core_cm23.h ****   \ingroup  CMSIS_core_register
 371:../Firmware/CMSIS/core_cm23.h ****   \defgroup CMSIS_SCB     System Control Block (SCB)
 372:../Firmware/CMSIS/core_cm23.h ****   \brief    Type definitions for the System Control Block Registers
 373:../Firmware/CMSIS/core_cm23.h ****   @{
 374:../Firmware/CMSIS/core_cm23.h ****  */
 375:../Firmware/CMSIS/core_cm23.h **** 
 376:../Firmware/CMSIS/core_cm23.h **** /**
 377:../Firmware/CMSIS/core_cm23.h ****   \brief  Structure type to access the System Control Block (SCB).
 378:../Firmware/CMSIS/core_cm23.h ****  */
 379:../Firmware/CMSIS/core_cm23.h **** typedef struct
 380:../Firmware/CMSIS/core_cm23.h **** {
 381:../Firmware/CMSIS/core_cm23.h ****   __IM  uint32_t CPUID;                  /*!< Offset: 0x000 (R/ )  CPUID Base Register */
 382:../Firmware/CMSIS/core_cm23.h ****   __IOM uint32_t ICSR;                   /*!< Offset: 0x004 (R/W)  Interrupt Control and State Regi
 383:../Firmware/CMSIS/core_cm23.h **** #if defined (__VTOR_PRESENT) && (__VTOR_PRESENT == 1U)
 384:../Firmware/CMSIS/core_cm23.h ****   __IOM uint32_t VTOR;                   /*!< Offset: 0x008 (R/W)  Vector Table Offset Register */
 385:../Firmware/CMSIS/core_cm23.h **** #else
 386:../Firmware/CMSIS/core_cm23.h ****         uint32_t RESERVED0;
 387:../Firmware/CMSIS/core_cm23.h **** #endif
 388:../Firmware/CMSIS/core_cm23.h ****   __IOM uint32_t AIRCR;                  /*!< Offset: 0x00C (R/W)  Application Interrupt and Reset 
 389:../Firmware/CMSIS/core_cm23.h ****   __IOM uint32_t SCR;                    /*!< Offset: 0x010 (R/W)  System Control Register */
 390:../Firmware/CMSIS/core_cm23.h ****   __IOM uint32_t CCR;                    /*!< Offset: 0x014 (R/W)  Configuration Control Register *
 391:../Firmware/CMSIS/core_cm23.h ****         uint32_t RESERVED1;
 392:../Firmware/CMSIS/core_cm23.h ****   __IOM uint32_t SHPR[2U];               /*!< Offset: 0x01C (R/W)  System Handlers Priority Registe
 393:../Firmware/CMSIS/core_cm23.h ****   __IOM uint32_t SHCSR;                  /*!< Offset: 0x024 (R/W)  System Handler Control and State
 394:../Firmware/CMSIS/core_cm23.h **** } SCB_Type;
 395:../Firmware/CMSIS/core_cm23.h **** 
 396:../Firmware/CMSIS/core_cm23.h **** /* SCB CPUID Register Definitions */
 397:../Firmware/CMSIS/core_cm23.h **** #define SCB_CPUID_IMPLEMENTER_Pos          24U                                            /*!< SCB 
 398:../Firmware/CMSIS/core_cm23.h **** #define SCB_CPUID_IMPLEMENTER_Msk          (0xFFUL << SCB_CPUID_IMPLEMENTER_Pos)          /*!< SCB 
 399:../Firmware/CMSIS/core_cm23.h **** 
 400:../Firmware/CMSIS/core_cm23.h **** #define SCB_CPUID_VARIANT_Pos              20U                                            /*!< SCB 
 401:../Firmware/CMSIS/core_cm23.h **** #define SCB_CPUID_VARIANT_Msk              (0xFUL << SCB_CPUID_VARIANT_Pos)               /*!< SCB 
 402:../Firmware/CMSIS/core_cm23.h **** 
 403:../Firmware/CMSIS/core_cm23.h **** #define SCB_CPUID_ARCHITECTURE_Pos         16U                                            /*!< SCB 
 404:../Firmware/CMSIS/core_cm23.h **** #define SCB_CPUID_ARCHITECTURE_Msk         (0xFUL << SCB_CPUID_ARCHITECTURE_Pos)          /*!< SCB 
 405:../Firmware/CMSIS/core_cm23.h **** 
 406:../Firmware/CMSIS/core_cm23.h **** #define SCB_CPUID_PARTNO_Pos                4U                                            /*!< SCB 
 407:../Firmware/CMSIS/core_cm23.h **** #define SCB_CPUID_PARTNO_Msk               (0xFFFUL << SCB_CPUID_PARTNO_Pos)              /*!< SCB 
 408:../Firmware/CMSIS/core_cm23.h **** 
 409:../Firmware/CMSIS/core_cm23.h **** #define SCB_CPUID_REVISION_Pos              0U                                            /*!< SCB 
 410:../Firmware/CMSIS/core_cm23.h **** #define SCB_CPUID_REVISION_Msk             (0xFUL /*<< SCB_CPUID_REVISION_Pos*/)          /*!< SCB 
 411:../Firmware/CMSIS/core_cm23.h **** 
 412:../Firmware/CMSIS/core_cm23.h **** /* SCB Interrupt Control State Register Definitions */
 413:../Firmware/CMSIS/core_cm23.h **** #define SCB_ICSR_PENDNMISET_Pos            31U                                            /*!< SCB 
 414:../Firmware/CMSIS/core_cm23.h **** #define SCB_ICSR_PENDNMISET_Msk            (1UL << SCB_ICSR_PENDNMISET_Pos)               /*!< SCB 
 415:../Firmware/CMSIS/core_cm23.h **** 
 416:../Firmware/CMSIS/core_cm23.h **** #define SCB_ICSR_PENDNMICLR_Pos            30U                                            /*!< SCB 
 417:../Firmware/CMSIS/core_cm23.h **** #define SCB_ICSR_PENDNMICLR_Msk            (1UL << SCB_ICSR_PENDNMICLR_Pos)               /*!< SCB 
 418:../Firmware/CMSIS/core_cm23.h **** 
 419:../Firmware/CMSIS/core_cm23.h **** #define SCB_ICSR_PENDSVSET_Pos             28U                                            /*!< SCB 
 420:../Firmware/CMSIS/core_cm23.h **** #define SCB_ICSR_PENDSVSET_Msk             (1UL << SCB_ICSR_PENDSVSET_Pos)                /*!< SCB 
 421:../Firmware/CMSIS/core_cm23.h **** 
 422:../Firmware/CMSIS/core_cm23.h **** #define SCB_ICSR_PENDSVCLR_Pos             27U                                            /*!< SCB 
 423:../Firmware/CMSIS/core_cm23.h **** #define SCB_ICSR_PENDSVCLR_Msk             (1UL << SCB_ICSR_PENDSVCLR_Pos)                /*!< SCB 
 424:../Firmware/CMSIS/core_cm23.h **** 
 425:../Firmware/CMSIS/core_cm23.h **** #define SCB_ICSR_PENDSTSET_Pos             26U                                            /*!< SCB 
 426:../Firmware/CMSIS/core_cm23.h **** #define SCB_ICSR_PENDSTSET_Msk             (1UL << SCB_ICSR_PENDSTSET_Pos)                /*!< SCB 
 427:../Firmware/CMSIS/core_cm23.h **** 
 428:../Firmware/CMSIS/core_cm23.h **** #define SCB_ICSR_PENDSTCLR_Pos             25U                                            /*!< SCB 
 429:../Firmware/CMSIS/core_cm23.h **** #define SCB_ICSR_PENDSTCLR_Msk             (1UL << SCB_ICSR_PENDSTCLR_Pos)                /*!< SCB 
 430:../Firmware/CMSIS/core_cm23.h **** 
 431:../Firmware/CMSIS/core_cm23.h **** #define SCB_ICSR_STTNS_Pos                 24U                                            /*!< SCB 
 432:../Firmware/CMSIS/core_cm23.h **** #define SCB_ICSR_STTNS_Msk                 (1UL << SCB_ICSR_STTNS_Pos)                    /*!< SCB 
 433:../Firmware/CMSIS/core_cm23.h **** 
 434:../Firmware/CMSIS/core_cm23.h **** #define SCB_ICSR_ISRPREEMPT_Pos            23U                                            /*!< SCB 
 435:../Firmware/CMSIS/core_cm23.h **** #define SCB_ICSR_ISRPREEMPT_Msk            (1UL << SCB_ICSR_ISRPREEMPT_Pos)               /*!< SCB 
 436:../Firmware/CMSIS/core_cm23.h **** 
 437:../Firmware/CMSIS/core_cm23.h **** #define SCB_ICSR_ISRPENDING_Pos            22U                                            /*!< SCB 
 438:../Firmware/CMSIS/core_cm23.h **** #define SCB_ICSR_ISRPENDING_Msk            (1UL << SCB_ICSR_ISRPENDING_Pos)               /*!< SCB 
 439:../Firmware/CMSIS/core_cm23.h **** 
 440:../Firmware/CMSIS/core_cm23.h **** #define SCB_ICSR_VECTPENDING_Pos           12U                                            /*!< SCB 
 441:../Firmware/CMSIS/core_cm23.h **** #define SCB_ICSR_VECTPENDING_Msk           (0x1FFUL << SCB_ICSR_VECTPENDING_Pos)          /*!< SCB 
 442:../Firmware/CMSIS/core_cm23.h **** 
 443:../Firmware/CMSIS/core_cm23.h **** #define SCB_ICSR_RETTOBASE_Pos             11U                                            /*!< SCB 
 444:../Firmware/CMSIS/core_cm23.h **** #define SCB_ICSR_RETTOBASE_Msk             (1UL << SCB_ICSR_RETTOBASE_Pos)                /*!< SCB 
 445:../Firmware/CMSIS/core_cm23.h **** 
 446:../Firmware/CMSIS/core_cm23.h **** #define SCB_ICSR_VECTACTIVE_Pos             0U                                            /*!< SCB 
 447:../Firmware/CMSIS/core_cm23.h **** #define SCB_ICSR_VECTACTIVE_Msk            (0x1FFUL /*<< SCB_ICSR_VECTACTIVE_Pos*/)       /*!< SCB 
 448:../Firmware/CMSIS/core_cm23.h **** 
 449:../Firmware/CMSIS/core_cm23.h **** #if defined (__VTOR_PRESENT) && (__VTOR_PRESENT == 1U)
 450:../Firmware/CMSIS/core_cm23.h **** /* SCB Vector Table Offset Register Definitions */
 451:../Firmware/CMSIS/core_cm23.h **** #define SCB_VTOR_TBLOFF_Pos                 7U                                            /*!< SCB 
 452:../Firmware/CMSIS/core_cm23.h **** #define SCB_VTOR_TBLOFF_Msk                (0x1FFFFFFUL << SCB_VTOR_TBLOFF_Pos)           /*!< SCB 
 453:../Firmware/CMSIS/core_cm23.h **** #endif
 454:../Firmware/CMSIS/core_cm23.h **** 
 455:../Firmware/CMSIS/core_cm23.h **** /* SCB Application Interrupt and Reset Control Register Definitions */
 456:../Firmware/CMSIS/core_cm23.h **** #define SCB_AIRCR_VECTKEY_Pos              16U                                            /*!< SCB 
 457:../Firmware/CMSIS/core_cm23.h **** #define SCB_AIRCR_VECTKEY_Msk              (0xFFFFUL << SCB_AIRCR_VECTKEY_Pos)            /*!< SCB 
 458:../Firmware/CMSIS/core_cm23.h **** 
 459:../Firmware/CMSIS/core_cm23.h **** #define SCB_AIRCR_VECTKEYSTAT_Pos          16U                                            /*!< SCB 
 460:../Firmware/CMSIS/core_cm23.h **** #define SCB_AIRCR_VECTKEYSTAT_Msk          (0xFFFFUL << SCB_AIRCR_VECTKEYSTAT_Pos)        /*!< SCB 
 461:../Firmware/CMSIS/core_cm23.h **** 
 462:../Firmware/CMSIS/core_cm23.h **** #define SCB_AIRCR_ENDIANESS_Pos            15U                                            /*!< SCB 
 463:../Firmware/CMSIS/core_cm23.h **** #define SCB_AIRCR_ENDIANESS_Msk            (1UL << SCB_AIRCR_ENDIANESS_Pos)               /*!< SCB 
 464:../Firmware/CMSIS/core_cm23.h **** 
 465:../Firmware/CMSIS/core_cm23.h **** #define SCB_AIRCR_PRIS_Pos                 14U                                            /*!< SCB 
 466:../Firmware/CMSIS/core_cm23.h **** #define SCB_AIRCR_PRIS_Msk                 (1UL << SCB_AIRCR_PRIS_Pos)                    /*!< SCB 
 467:../Firmware/CMSIS/core_cm23.h **** 
 468:../Firmware/CMSIS/core_cm23.h **** #define SCB_AIRCR_BFHFNMINS_Pos            13U                                            /*!< SCB 
 469:../Firmware/CMSIS/core_cm23.h **** #define SCB_AIRCR_BFHFNMINS_Msk            (1UL << SCB_AIRCR_BFHFNMINS_Pos)               /*!< SCB 
 470:../Firmware/CMSIS/core_cm23.h **** 
 471:../Firmware/CMSIS/core_cm23.h **** #define SCB_AIRCR_SYSRESETREQS_Pos          3U                                            /*!< SCB 
 472:../Firmware/CMSIS/core_cm23.h **** #define SCB_AIRCR_SYSRESETREQS_Msk         (1UL << SCB_AIRCR_SYSRESETREQS_Pos)            /*!< SCB 
 473:../Firmware/CMSIS/core_cm23.h **** 
 474:../Firmware/CMSIS/core_cm23.h **** #define SCB_AIRCR_SYSRESETREQ_Pos           2U                                            /*!< SCB 
 475:../Firmware/CMSIS/core_cm23.h **** #define SCB_AIRCR_SYSRESETREQ_Msk          (1UL << SCB_AIRCR_SYSRESETREQ_Pos)             /*!< SCB 
 476:../Firmware/CMSIS/core_cm23.h **** 
 477:../Firmware/CMSIS/core_cm23.h **** #define SCB_AIRCR_VECTCLRACTIVE_Pos         1U                                            /*!< SCB 
 478:../Firmware/CMSIS/core_cm23.h **** #define SCB_AIRCR_VECTCLRACTIVE_Msk        (1UL << SCB_AIRCR_VECTCLRACTIVE_Pos)           /*!< SCB 
 479:../Firmware/CMSIS/core_cm23.h **** 
 480:../Firmware/CMSIS/core_cm23.h **** /* SCB System Control Register Definitions */
 481:../Firmware/CMSIS/core_cm23.h **** #define SCB_SCR_SEVONPEND_Pos               4U                                            /*!< SCB 
 482:../Firmware/CMSIS/core_cm23.h **** #define SCB_SCR_SEVONPEND_Msk              (1UL << SCB_SCR_SEVONPEND_Pos)                 /*!< SCB 
 483:../Firmware/CMSIS/core_cm23.h **** 
 484:../Firmware/CMSIS/core_cm23.h **** #define SCB_SCR_SLEEPDEEPS_Pos              3U                                            /*!< SCB 
 485:../Firmware/CMSIS/core_cm23.h **** #define SCB_SCR_SLEEPDEEPS_Msk             (1UL << SCB_SCR_SLEEPDEEPS_Pos)                /*!< SCB 
 486:../Firmware/CMSIS/core_cm23.h **** 
 487:../Firmware/CMSIS/core_cm23.h **** #define SCB_SCR_SLEEPDEEP_Pos               2U                                            /*!< SCB 
 488:../Firmware/CMSIS/core_cm23.h **** #define SCB_SCR_SLEEPDEEP_Msk              (1UL << SCB_SCR_SLEEPDEEP_Pos)                 /*!< SCB 
 489:../Firmware/CMSIS/core_cm23.h **** 
 490:../Firmware/CMSIS/core_cm23.h **** #define SCB_SCR_SLEEPONEXIT_Pos             1U                                            /*!< SCB 
 491:../Firmware/CMSIS/core_cm23.h **** #define SCB_SCR_SLEEPONEXIT_Msk            (1UL << SCB_SCR_SLEEPONEXIT_Pos)               /*!< SCB 
 492:../Firmware/CMSIS/core_cm23.h **** 
 493:../Firmware/CMSIS/core_cm23.h **** /* SCB Configuration Control Register Definitions */
 494:../Firmware/CMSIS/core_cm23.h **** #define SCB_CCR_BP_Pos                     18U                                            /*!< SCB 
 495:../Firmware/CMSIS/core_cm23.h **** #define SCB_CCR_BP_Msk                     (1UL << SCB_CCR_BP_Pos)                        /*!< SCB 
 496:../Firmware/CMSIS/core_cm23.h **** 
 497:../Firmware/CMSIS/core_cm23.h **** #define SCB_CCR_IC_Pos                     17U                                            /*!< SCB 
 498:../Firmware/CMSIS/core_cm23.h **** #define SCB_CCR_IC_Msk                     (1UL << SCB_CCR_IC_Pos)                        /*!< SCB 
 499:../Firmware/CMSIS/core_cm23.h **** 
 500:../Firmware/CMSIS/core_cm23.h **** #define SCB_CCR_DC_Pos                     16U                                            /*!< SCB 
 501:../Firmware/CMSIS/core_cm23.h **** #define SCB_CCR_DC_Msk                     (1UL << SCB_CCR_DC_Pos)                        /*!< SCB 
 502:../Firmware/CMSIS/core_cm23.h **** 
 503:../Firmware/CMSIS/core_cm23.h **** #define SCB_CCR_STKOFHFNMIGN_Pos           10U                                            /*!< SCB 
 504:../Firmware/CMSIS/core_cm23.h **** #define SCB_CCR_STKOFHFNMIGN_Msk           (1UL << SCB_CCR_STKOFHFNMIGN_Pos)              /*!< SCB 
 505:../Firmware/CMSIS/core_cm23.h **** 
 506:../Firmware/CMSIS/core_cm23.h **** #define SCB_CCR_BFHFNMIGN_Pos               8U                                            /*!< SCB 
 507:../Firmware/CMSIS/core_cm23.h **** #define SCB_CCR_BFHFNMIGN_Msk              (1UL << SCB_CCR_BFHFNMIGN_Pos)                 /*!< SCB 
 508:../Firmware/CMSIS/core_cm23.h **** 
 509:../Firmware/CMSIS/core_cm23.h **** #define SCB_CCR_DIV_0_TRP_Pos               4U                                            /*!< SCB 
 510:../Firmware/CMSIS/core_cm23.h **** #define SCB_CCR_DIV_0_TRP_Msk              (1UL << SCB_CCR_DIV_0_TRP_Pos)                 /*!< SCB 
 511:../Firmware/CMSIS/core_cm23.h **** 
 512:../Firmware/CMSIS/core_cm23.h **** #define SCB_CCR_UNALIGN_TRP_Pos             3U                                            /*!< SCB 
 513:../Firmware/CMSIS/core_cm23.h **** #define SCB_CCR_UNALIGN_TRP_Msk            (1UL << SCB_CCR_UNALIGN_TRP_Pos)               /*!< SCB 
 514:../Firmware/CMSIS/core_cm23.h **** 
 515:../Firmware/CMSIS/core_cm23.h **** #define SCB_CCR_USERSETMPEND_Pos            1U                                            /*!< SCB 
 516:../Firmware/CMSIS/core_cm23.h **** #define SCB_CCR_USERSETMPEND_Msk           (1UL << SCB_CCR_USERSETMPEND_Pos)              /*!< SCB 
 517:../Firmware/CMSIS/core_cm23.h **** 
 518:../Firmware/CMSIS/core_cm23.h **** /* SCB System Handler Control and State Register Definitions */
 519:../Firmware/CMSIS/core_cm23.h **** #define SCB_SHCSR_HARDFAULTPENDED_Pos      21U                                            /*!< SCB 
 520:../Firmware/CMSIS/core_cm23.h **** #define SCB_SHCSR_HARDFAULTPENDED_Msk      (1UL << SCB_SHCSR_HARDFAULTPENDED_Pos)         /*!< SCB 
 521:../Firmware/CMSIS/core_cm23.h **** 
 522:../Firmware/CMSIS/core_cm23.h **** #define SCB_SHCSR_SVCALLPENDED_Pos         15U                                            /*!< SCB 
 523:../Firmware/CMSIS/core_cm23.h **** #define SCB_SHCSR_SVCALLPENDED_Msk         (1UL << SCB_SHCSR_SVCALLPENDED_Pos)            /*!< SCB 
 524:../Firmware/CMSIS/core_cm23.h **** 
 525:../Firmware/CMSIS/core_cm23.h **** #define SCB_SHCSR_SYSTICKACT_Pos           11U                                            /*!< SCB 
 526:../Firmware/CMSIS/core_cm23.h **** #define SCB_SHCSR_SYSTICKACT_Msk           (1UL << SCB_SHCSR_SYSTICKACT_Pos)              /*!< SCB 
 527:../Firmware/CMSIS/core_cm23.h **** 
 528:../Firmware/CMSIS/core_cm23.h **** #define SCB_SHCSR_PENDSVACT_Pos            10U                                            /*!< SCB 
 529:../Firmware/CMSIS/core_cm23.h **** #define SCB_SHCSR_PENDSVACT_Msk            (1UL << SCB_SHCSR_PENDSVACT_Pos)               /*!< SCB 
 530:../Firmware/CMSIS/core_cm23.h **** 
 531:../Firmware/CMSIS/core_cm23.h **** #define SCB_SHCSR_SVCALLACT_Pos             7U                                            /*!< SCB 
 532:../Firmware/CMSIS/core_cm23.h **** #define SCB_SHCSR_SVCALLACT_Msk            (1UL << SCB_SHCSR_SVCALLACT_Pos)               /*!< SCB 
 533:../Firmware/CMSIS/core_cm23.h **** 
 534:../Firmware/CMSIS/core_cm23.h **** #define SCB_SHCSR_NMIACT_Pos                5U                                            /*!< SCB 
 535:../Firmware/CMSIS/core_cm23.h **** #define SCB_SHCSR_NMIACT_Msk               (1UL << SCB_SHCSR_NMIACT_Pos)                  /*!< SCB 
 536:../Firmware/CMSIS/core_cm23.h **** 
 537:../Firmware/CMSIS/core_cm23.h **** #define SCB_SHCSR_HARDFAULTACT_Pos          2U                                            /*!< SCB 
 538:../Firmware/CMSIS/core_cm23.h **** #define SCB_SHCSR_HARDFAULTACT_Msk         (1UL << SCB_SHCSR_HARDFAULTACT_Pos)            /*!< SCB 
 539:../Firmware/CMSIS/core_cm23.h **** 
 540:../Firmware/CMSIS/core_cm23.h **** /*@} end of group CMSIS_SCB */
 541:../Firmware/CMSIS/core_cm23.h **** 
 542:../Firmware/CMSIS/core_cm23.h **** 
 543:../Firmware/CMSIS/core_cm23.h **** /**
 544:../Firmware/CMSIS/core_cm23.h ****   \ingroup  CMSIS_core_register
 545:../Firmware/CMSIS/core_cm23.h ****   \defgroup CMSIS_SysTick     System Tick Timer (SysTick)
 546:../Firmware/CMSIS/core_cm23.h ****   \brief    Type definitions for the System Timer Registers.
 547:../Firmware/CMSIS/core_cm23.h ****   @{
 548:../Firmware/CMSIS/core_cm23.h ****  */
 549:../Firmware/CMSIS/core_cm23.h **** 
 550:../Firmware/CMSIS/core_cm23.h **** /**
 551:../Firmware/CMSIS/core_cm23.h ****   \brief  Structure type to access the System Timer (SysTick).
 552:../Firmware/CMSIS/core_cm23.h ****  */
 553:../Firmware/CMSIS/core_cm23.h **** typedef struct
 554:../Firmware/CMSIS/core_cm23.h **** {
 555:../Firmware/CMSIS/core_cm23.h ****   __IOM uint32_t CTRL;                   /*!< Offset: 0x000 (R/W)  SysTick Control and Status Regis
 556:../Firmware/CMSIS/core_cm23.h ****   __IOM uint32_t LOAD;                   /*!< Offset: 0x004 (R/W)  SysTick Reload Value Register */
 557:../Firmware/CMSIS/core_cm23.h ****   __IOM uint32_t VAL;                    /*!< Offset: 0x008 (R/W)  SysTick Current Value Register *
 558:../Firmware/CMSIS/core_cm23.h ****   __IM  uint32_t CALIB;                  /*!< Offset: 0x00C (R/ )  SysTick Calibration Register */
 559:../Firmware/CMSIS/core_cm23.h **** } SysTick_Type;
 560:../Firmware/CMSIS/core_cm23.h **** 
 561:../Firmware/CMSIS/core_cm23.h **** /* SysTick Control / Status Register Definitions */
 562:../Firmware/CMSIS/core_cm23.h **** #define SysTick_CTRL_COUNTFLAG_Pos         16U                                            /*!< SysT
 563:../Firmware/CMSIS/core_cm23.h **** #define SysTick_CTRL_COUNTFLAG_Msk         (1UL << SysTick_CTRL_COUNTFLAG_Pos)            /*!< SysT
 564:../Firmware/CMSIS/core_cm23.h **** 
 565:../Firmware/CMSIS/core_cm23.h **** #define SysTick_CTRL_CLKSOURCE_Pos          2U                                            /*!< SysT
 566:../Firmware/CMSIS/core_cm23.h **** #define SysTick_CTRL_CLKSOURCE_Msk         (1UL << SysTick_CTRL_CLKSOURCE_Pos)            /*!< SysT
 567:../Firmware/CMSIS/core_cm23.h **** 
 568:../Firmware/CMSIS/core_cm23.h **** #define SysTick_CTRL_TICKINT_Pos            1U                                            /*!< SysT
 569:../Firmware/CMSIS/core_cm23.h **** #define SysTick_CTRL_TICKINT_Msk           (1UL << SysTick_CTRL_TICKINT_Pos)              /*!< SysT
 570:../Firmware/CMSIS/core_cm23.h **** 
 571:../Firmware/CMSIS/core_cm23.h **** #define SysTick_CTRL_ENABLE_Pos             0U                                            /*!< SysT
 572:../Firmware/CMSIS/core_cm23.h **** #define SysTick_CTRL_ENABLE_Msk            (1UL /*<< SysTick_CTRL_ENABLE_Pos*/)           /*!< SysT
 573:../Firmware/CMSIS/core_cm23.h **** 
 574:../Firmware/CMSIS/core_cm23.h **** /* SysTick Reload Register Definitions */
 575:../Firmware/CMSIS/core_cm23.h **** #define SysTick_LOAD_RELOAD_Pos             0U                                            /*!< SysT
 576:../Firmware/CMSIS/core_cm23.h **** #define SysTick_LOAD_RELOAD_Msk            (0xFFFFFFUL /*<< SysTick_LOAD_RELOAD_Pos*/)    /*!< SysT
 577:../Firmware/CMSIS/core_cm23.h **** 
 578:../Firmware/CMSIS/core_cm23.h **** /* SysTick Current Register Definitions */
 579:../Firmware/CMSIS/core_cm23.h **** #define SysTick_VAL_CURRENT_Pos             0U                                            /*!< SysT
 580:../Firmware/CMSIS/core_cm23.h **** #define SysTick_VAL_CURRENT_Msk            (0xFFFFFFUL /*<< SysTick_VAL_CURRENT_Pos*/)    /*!< SysT
 581:../Firmware/CMSIS/core_cm23.h **** 
 582:../Firmware/CMSIS/core_cm23.h **** /* SysTick Calibration Register Definitions */
 583:../Firmware/CMSIS/core_cm23.h **** #define SysTick_CALIB_NOREF_Pos            31U                                            /*!< SysT
 584:../Firmware/CMSIS/core_cm23.h **** #define SysTick_CALIB_NOREF_Msk            (1UL << SysTick_CALIB_NOREF_Pos)               /*!< SysT
 585:../Firmware/CMSIS/core_cm23.h **** 
 586:../Firmware/CMSIS/core_cm23.h **** #define SysTick_CALIB_SKEW_Pos             30U                                            /*!< SysT
 587:../Firmware/CMSIS/core_cm23.h **** #define SysTick_CALIB_SKEW_Msk             (1UL << SysTick_CALIB_SKEW_Pos)                /*!< SysT
 588:../Firmware/CMSIS/core_cm23.h **** 
 589:../Firmware/CMSIS/core_cm23.h **** #define SysTick_CALIB_TENMS_Pos             0U                                            /*!< SysT
 590:../Firmware/CMSIS/core_cm23.h **** #define SysTick_CALIB_TENMS_Msk            (0xFFFFFFUL /*<< SysTick_CALIB_TENMS_Pos*/)    /*!< SysT
 591:../Firmware/CMSIS/core_cm23.h **** 
 592:../Firmware/CMSIS/core_cm23.h **** /*@} end of group CMSIS_SysTick */
 593:../Firmware/CMSIS/core_cm23.h **** 
 594:../Firmware/CMSIS/core_cm23.h **** 
 595:../Firmware/CMSIS/core_cm23.h **** /**
 596:../Firmware/CMSIS/core_cm23.h ****   \ingroup  CMSIS_core_register
 597:../Firmware/CMSIS/core_cm23.h ****   \defgroup CMSIS_DWT     Data Watchpoint and Trace (DWT)
 598:../Firmware/CMSIS/core_cm23.h ****   \brief    Type definitions for the Data Watchpoint and Trace (DWT)
 599:../Firmware/CMSIS/core_cm23.h ****   @{
 600:../Firmware/CMSIS/core_cm23.h ****  */
 601:../Firmware/CMSIS/core_cm23.h **** 
 602:../Firmware/CMSIS/core_cm23.h **** /**
 603:../Firmware/CMSIS/core_cm23.h ****   \brief  Structure type to access the Data Watchpoint and Trace Register (DWT).
 604:../Firmware/CMSIS/core_cm23.h ****  */
 605:../Firmware/CMSIS/core_cm23.h **** typedef struct
 606:../Firmware/CMSIS/core_cm23.h **** {
 607:../Firmware/CMSIS/core_cm23.h ****   __IOM uint32_t CTRL;                   /*!< Offset: 0x000 (R/W)  Control Register */
 608:../Firmware/CMSIS/core_cm23.h ****         uint32_t RESERVED0[6U];
 609:../Firmware/CMSIS/core_cm23.h ****   __IM  uint32_t PCSR;                   /*!< Offset: 0x01C (R/ )  Program Counter Sample Register 
 610:../Firmware/CMSIS/core_cm23.h ****   __IOM uint32_t COMP0;                  /*!< Offset: 0x020 (R/W)  Comparator Register 0 */
 611:../Firmware/CMSIS/core_cm23.h ****         uint32_t RESERVED1[1U];
 612:../Firmware/CMSIS/core_cm23.h ****   __IOM uint32_t FUNCTION0;              /*!< Offset: 0x028 (R/W)  Function Register 0 */
 613:../Firmware/CMSIS/core_cm23.h ****         uint32_t RESERVED2[1U];
 614:../Firmware/CMSIS/core_cm23.h ****   __IOM uint32_t COMP1;                  /*!< Offset: 0x030 (R/W)  Comparator Register 1 */
 615:../Firmware/CMSIS/core_cm23.h ****         uint32_t RESERVED3[1U];
 616:../Firmware/CMSIS/core_cm23.h ****   __IOM uint32_t FUNCTION1;              /*!< Offset: 0x038 (R/W)  Function Register 1 */
 617:../Firmware/CMSIS/core_cm23.h ****         uint32_t RESERVED4[1U];
 618:../Firmware/CMSIS/core_cm23.h ****   __IOM uint32_t COMP2;                  /*!< Offset: 0x040 (R/W)  Comparator Register 2 */
 619:../Firmware/CMSIS/core_cm23.h ****         uint32_t RESERVED5[1U];
 620:../Firmware/CMSIS/core_cm23.h ****   __IOM uint32_t FUNCTION2;              /*!< Offset: 0x048 (R/W)  Function Register 2 */
 621:../Firmware/CMSIS/core_cm23.h ****         uint32_t RESERVED6[1U];
 622:../Firmware/CMSIS/core_cm23.h ****   __IOM uint32_t COMP3;                  /*!< Offset: 0x050 (R/W)  Comparator Register 3 */
 623:../Firmware/CMSIS/core_cm23.h ****         uint32_t RESERVED7[1U];
 624:../Firmware/CMSIS/core_cm23.h ****   __IOM uint32_t FUNCTION3;              /*!< Offset: 0x058 (R/W)  Function Register 3 */
 625:../Firmware/CMSIS/core_cm23.h ****         uint32_t RESERVED8[1U];
 626:../Firmware/CMSIS/core_cm23.h ****   __IOM uint32_t COMP4;                  /*!< Offset: 0x060 (R/W)  Comparator Register 4 */
 627:../Firmware/CMSIS/core_cm23.h ****         uint32_t RESERVED9[1U];
 628:../Firmware/CMSIS/core_cm23.h ****   __IOM uint32_t FUNCTION4;              /*!< Offset: 0x068 (R/W)  Function Register 4 */
 629:../Firmware/CMSIS/core_cm23.h ****         uint32_t RESERVED10[1U];
 630:../Firmware/CMSIS/core_cm23.h ****   __IOM uint32_t COMP5;                  /*!< Offset: 0x070 (R/W)  Comparator Register 5 */
 631:../Firmware/CMSIS/core_cm23.h ****         uint32_t RESERVED11[1U];
 632:../Firmware/CMSIS/core_cm23.h ****   __IOM uint32_t FUNCTION5;              /*!< Offset: 0x078 (R/W)  Function Register 5 */
 633:../Firmware/CMSIS/core_cm23.h ****         uint32_t RESERVED12[1U];
 634:../Firmware/CMSIS/core_cm23.h ****   __IOM uint32_t COMP6;                  /*!< Offset: 0x080 (R/W)  Comparator Register 6 */
 635:../Firmware/CMSIS/core_cm23.h ****         uint32_t RESERVED13[1U];
 636:../Firmware/CMSIS/core_cm23.h ****   __IOM uint32_t FUNCTION6;              /*!< Offset: 0x088 (R/W)  Function Register 6 */
 637:../Firmware/CMSIS/core_cm23.h ****         uint32_t RESERVED14[1U];
 638:../Firmware/CMSIS/core_cm23.h ****   __IOM uint32_t COMP7;                  /*!< Offset: 0x090 (R/W)  Comparator Register 7 */
 639:../Firmware/CMSIS/core_cm23.h ****         uint32_t RESERVED15[1U];
 640:../Firmware/CMSIS/core_cm23.h ****   __IOM uint32_t FUNCTION7;              /*!< Offset: 0x098 (R/W)  Function Register 7 */
 641:../Firmware/CMSIS/core_cm23.h ****         uint32_t RESERVED16[1U];
 642:../Firmware/CMSIS/core_cm23.h ****   __IOM uint32_t COMP8;                  /*!< Offset: 0x0A0 (R/W)  Comparator Register 8 */
 643:../Firmware/CMSIS/core_cm23.h ****         uint32_t RESERVED17[1U];
 644:../Firmware/CMSIS/core_cm23.h ****   __IOM uint32_t FUNCTION8;              /*!< Offset: 0x0A8 (R/W)  Function Register 8 */
 645:../Firmware/CMSIS/core_cm23.h ****         uint32_t RESERVED18[1U];
 646:../Firmware/CMSIS/core_cm23.h ****   __IOM uint32_t COMP9;                  /*!< Offset: 0x0B0 (R/W)  Comparator Register 9 */
 647:../Firmware/CMSIS/core_cm23.h ****         uint32_t RESERVED19[1U];
 648:../Firmware/CMSIS/core_cm23.h ****   __IOM uint32_t FUNCTION9;              /*!< Offset: 0x0B8 (R/W)  Function Register 9 */
 649:../Firmware/CMSIS/core_cm23.h ****         uint32_t RESERVED20[1U];
 650:../Firmware/CMSIS/core_cm23.h ****   __IOM uint32_t COMP10;                 /*!< Offset: 0x0C0 (R/W)  Comparator Register 10 */
 651:../Firmware/CMSIS/core_cm23.h ****         uint32_t RESERVED21[1U];
 652:../Firmware/CMSIS/core_cm23.h ****   __IOM uint32_t FUNCTION10;             /*!< Offset: 0x0C8 (R/W)  Function Register 10 */
 653:../Firmware/CMSIS/core_cm23.h ****         uint32_t RESERVED22[1U];
 654:../Firmware/CMSIS/core_cm23.h ****   __IOM uint32_t COMP11;                 /*!< Offset: 0x0D0 (R/W)  Comparator Register 11 */
 655:../Firmware/CMSIS/core_cm23.h ****         uint32_t RESERVED23[1U];
 656:../Firmware/CMSIS/core_cm23.h ****   __IOM uint32_t FUNCTION11;             /*!< Offset: 0x0D8 (R/W)  Function Register 11 */
 657:../Firmware/CMSIS/core_cm23.h ****         uint32_t RESERVED24[1U];
 658:../Firmware/CMSIS/core_cm23.h ****   __IOM uint32_t COMP12;                 /*!< Offset: 0x0E0 (R/W)  Comparator Register 12 */
 659:../Firmware/CMSIS/core_cm23.h ****         uint32_t RESERVED25[1U];
 660:../Firmware/CMSIS/core_cm23.h ****   __IOM uint32_t FUNCTION12;             /*!< Offset: 0x0E8 (R/W)  Function Register 12 */
 661:../Firmware/CMSIS/core_cm23.h ****         uint32_t RESERVED26[1U];
 662:../Firmware/CMSIS/core_cm23.h ****   __IOM uint32_t COMP13;                 /*!< Offset: 0x0F0 (R/W)  Comparator Register 13 */
 663:../Firmware/CMSIS/core_cm23.h ****         uint32_t RESERVED27[1U];
 664:../Firmware/CMSIS/core_cm23.h ****   __IOM uint32_t FUNCTION13;             /*!< Offset: 0x0F8 (R/W)  Function Register 13 */
 665:../Firmware/CMSIS/core_cm23.h ****         uint32_t RESERVED28[1U];
 666:../Firmware/CMSIS/core_cm23.h ****   __IOM uint32_t COMP14;                 /*!< Offset: 0x100 (R/W)  Comparator Register 14 */
 667:../Firmware/CMSIS/core_cm23.h ****         uint32_t RESERVED29[1U];
 668:../Firmware/CMSIS/core_cm23.h ****   __IOM uint32_t FUNCTION14;             /*!< Offset: 0x108 (R/W)  Function Register 14 */
 669:../Firmware/CMSIS/core_cm23.h ****         uint32_t RESERVED30[1U];
 670:../Firmware/CMSIS/core_cm23.h ****   __IOM uint32_t COMP15;                 /*!< Offset: 0x110 (R/W)  Comparator Register 15 */
 671:../Firmware/CMSIS/core_cm23.h ****         uint32_t RESERVED31[1U];
 672:../Firmware/CMSIS/core_cm23.h ****   __IOM uint32_t FUNCTION15;             /*!< Offset: 0x118 (R/W)  Function Register 15 */
 673:../Firmware/CMSIS/core_cm23.h **** } DWT_Type;
 674:../Firmware/CMSIS/core_cm23.h **** 
 675:../Firmware/CMSIS/core_cm23.h **** /* DWT Control Register Definitions */
 676:../Firmware/CMSIS/core_cm23.h **** #define DWT_CTRL_NUMCOMP_Pos               28U                                         /*!< DWT CTR
 677:../Firmware/CMSIS/core_cm23.h **** #define DWT_CTRL_NUMCOMP_Msk               (0xFUL << DWT_CTRL_NUMCOMP_Pos)             /*!< DWT CTR
 678:../Firmware/CMSIS/core_cm23.h **** 
 679:../Firmware/CMSIS/core_cm23.h **** #define DWT_CTRL_NOTRCPKT_Pos              27U                                         /*!< DWT CTR
 680:../Firmware/CMSIS/core_cm23.h **** #define DWT_CTRL_NOTRCPKT_Msk              (0x1UL << DWT_CTRL_NOTRCPKT_Pos)            /*!< DWT CTR
 681:../Firmware/CMSIS/core_cm23.h **** 
 682:../Firmware/CMSIS/core_cm23.h **** #define DWT_CTRL_NOEXTTRIG_Pos             26U                                         /*!< DWT CTR
 683:../Firmware/CMSIS/core_cm23.h **** #define DWT_CTRL_NOEXTTRIG_Msk             (0x1UL << DWT_CTRL_NOEXTTRIG_Pos)           /*!< DWT CTR
 684:../Firmware/CMSIS/core_cm23.h **** 
 685:../Firmware/CMSIS/core_cm23.h **** #define DWT_CTRL_NOCYCCNT_Pos              25U                                         /*!< DWT CTR
 686:../Firmware/CMSIS/core_cm23.h **** #define DWT_CTRL_NOCYCCNT_Msk              (0x1UL << DWT_CTRL_NOCYCCNT_Pos)            /*!< DWT CTR
 687:../Firmware/CMSIS/core_cm23.h **** 
 688:../Firmware/CMSIS/core_cm23.h **** #define DWT_CTRL_NOPRFCNT_Pos              24U                                         /*!< DWT CTR
 689:../Firmware/CMSIS/core_cm23.h **** #define DWT_CTRL_NOPRFCNT_Msk              (0x1UL << DWT_CTRL_NOPRFCNT_Pos)            /*!< DWT CTR
 690:../Firmware/CMSIS/core_cm23.h **** 
 691:../Firmware/CMSIS/core_cm23.h **** /* DWT Comparator Function Register Definitions */
 692:../Firmware/CMSIS/core_cm23.h **** #define DWT_FUNCTION_ID_Pos                27U                                         /*!< DWT FUN
 693:../Firmware/CMSIS/core_cm23.h **** #define DWT_FUNCTION_ID_Msk                (0x1FUL << DWT_FUNCTION_ID_Pos)             /*!< DWT FUN
 694:../Firmware/CMSIS/core_cm23.h **** 
 695:../Firmware/CMSIS/core_cm23.h **** #define DWT_FUNCTION_MATCHED_Pos           24U                                         /*!< DWT FUN
 696:../Firmware/CMSIS/core_cm23.h **** #define DWT_FUNCTION_MATCHED_Msk           (0x1UL << DWT_FUNCTION_MATCHED_Pos)         /*!< DWT FUN
 697:../Firmware/CMSIS/core_cm23.h **** 
 698:../Firmware/CMSIS/core_cm23.h **** #define DWT_FUNCTION_DATAVSIZE_Pos         10U                                         /*!< DWT FUN
 699:../Firmware/CMSIS/core_cm23.h **** #define DWT_FUNCTION_DATAVSIZE_Msk         (0x3UL << DWT_FUNCTION_DATAVSIZE_Pos)       /*!< DWT FUN
 700:../Firmware/CMSIS/core_cm23.h **** 
 701:../Firmware/CMSIS/core_cm23.h **** #define DWT_FUNCTION_ACTION_Pos             4U                                         /*!< DWT FUN
 702:../Firmware/CMSIS/core_cm23.h **** #define DWT_FUNCTION_ACTION_Msk            (0x3UL << DWT_FUNCTION_ACTION_Pos)          /*!< DWT FUN
 703:../Firmware/CMSIS/core_cm23.h **** 
 704:../Firmware/CMSIS/core_cm23.h **** #define DWT_FUNCTION_MATCH_Pos              0U                                         /*!< DWT FUN
 705:../Firmware/CMSIS/core_cm23.h **** #define DWT_FUNCTION_MATCH_Msk             (0xFUL /*<< DWT_FUNCTION_MATCH_Pos*/)       /*!< DWT FUN
 706:../Firmware/CMSIS/core_cm23.h **** 
 707:../Firmware/CMSIS/core_cm23.h **** /*@}*/ /* end of group CMSIS_DWT */
 708:../Firmware/CMSIS/core_cm23.h **** 
 709:../Firmware/CMSIS/core_cm23.h **** 
 710:../Firmware/CMSIS/core_cm23.h **** /**
 711:../Firmware/CMSIS/core_cm23.h ****   \ingroup  CMSIS_core_register
 712:../Firmware/CMSIS/core_cm23.h ****   \defgroup CMSIS_TPI     Trace Port Interface (TPI)
 713:../Firmware/CMSIS/core_cm23.h ****   \brief    Type definitions for the Trace Port Interface (TPI)
 714:../Firmware/CMSIS/core_cm23.h ****   @{
 715:../Firmware/CMSIS/core_cm23.h ****  */
 716:../Firmware/CMSIS/core_cm23.h **** 
 717:../Firmware/CMSIS/core_cm23.h **** /**
 718:../Firmware/CMSIS/core_cm23.h ****   \brief  Structure type to access the Trace Port Interface Register (TPI).
 719:../Firmware/CMSIS/core_cm23.h ****  */
 720:../Firmware/CMSIS/core_cm23.h **** typedef struct
 721:../Firmware/CMSIS/core_cm23.h **** {
 722:../Firmware/CMSIS/core_cm23.h ****   __IOM uint32_t SSPSR;                  /*!< Offset: 0x000 (R/ )  Supported Parallel Port Size Reg
 723:../Firmware/CMSIS/core_cm23.h ****   __IOM uint32_t CSPSR;                  /*!< Offset: 0x004 (R/W)  Current Parallel Port Size Regis
 724:../Firmware/CMSIS/core_cm23.h ****         uint32_t RESERVED0[2U];
 725:../Firmware/CMSIS/core_cm23.h ****   __IOM uint32_t ACPR;                   /*!< Offset: 0x010 (R/W)  Asynchronous Clock Prescaler Reg
 726:../Firmware/CMSIS/core_cm23.h ****         uint32_t RESERVED1[55U];
 727:../Firmware/CMSIS/core_cm23.h ****   __IOM uint32_t SPPR;                   /*!< Offset: 0x0F0 (R/W)  Selected Pin Protocol Register *
 728:../Firmware/CMSIS/core_cm23.h ****         uint32_t RESERVED2[131U];
 729:../Firmware/CMSIS/core_cm23.h ****   __IM  uint32_t FFSR;                   /*!< Offset: 0x300 (R/ )  Formatter and Flush Status Regis
 730:../Firmware/CMSIS/core_cm23.h ****   __IOM uint32_t FFCR;                   /*!< Offset: 0x304 (R/W)  Formatter and Flush Control Regi
 731:../Firmware/CMSIS/core_cm23.h ****   __IM  uint32_t FSCR;                   /*!< Offset: 0x308 (R/ )  Formatter Synchronization Counte
 732:../Firmware/CMSIS/core_cm23.h ****         uint32_t RESERVED3[759U];
 733:../Firmware/CMSIS/core_cm23.h ****   __IM  uint32_t TRIGGER;                /*!< Offset: 0xEE8 (R/ )  TRIGGER */
 734:../Firmware/CMSIS/core_cm23.h ****   __IM  uint32_t FIFO0;                  /*!< Offset: 0xEEC (R/ )  Integration ETM Data */
 735:../Firmware/CMSIS/core_cm23.h ****   __IM  uint32_t ITATBCTR2;              /*!< Offset: 0xEF0 (R/ )  ITATBCTR2 */
 736:../Firmware/CMSIS/core_cm23.h ****         uint32_t RESERVED4[1U];
 737:../Firmware/CMSIS/core_cm23.h ****   __IM  uint32_t ITATBCTR0;              /*!< Offset: 0xEF8 (R/ )  ITATBCTR0 */
 738:../Firmware/CMSIS/core_cm23.h ****   __IM  uint32_t FIFO1;                  /*!< Offset: 0xEFC (R/ )  Integration ITM Data */
 739:../Firmware/CMSIS/core_cm23.h ****   __IOM uint32_t ITCTRL;                 /*!< Offset: 0xF00 (R/W)  Integration Mode Control */
 740:../Firmware/CMSIS/core_cm23.h ****         uint32_t RESERVED5[39U];
 741:../Firmware/CMSIS/core_cm23.h ****   __IOM uint32_t CLAIMSET;               /*!< Offset: 0xFA0 (R/W)  Claim tag set */
 742:../Firmware/CMSIS/core_cm23.h ****   __IOM uint32_t CLAIMCLR;               /*!< Offset: 0xFA4 (R/W)  Claim tag clear */
 743:../Firmware/CMSIS/core_cm23.h ****         uint32_t RESERVED7[8U];
 744:../Firmware/CMSIS/core_cm23.h ****   __IM  uint32_t DEVID;                  /*!< Offset: 0xFC8 (R/ )  TPIU_DEVID */
 745:../Firmware/CMSIS/core_cm23.h ****   __IM  uint32_t DEVTYPE;                /*!< Offset: 0xFCC (R/ )  TPIU_DEVTYPE */
 746:../Firmware/CMSIS/core_cm23.h **** } TPI_Type;
 747:../Firmware/CMSIS/core_cm23.h **** 
 748:../Firmware/CMSIS/core_cm23.h **** /* TPI Asynchronous Clock Prescaler Register Definitions */
 749:../Firmware/CMSIS/core_cm23.h **** #define TPI_ACPR_PRESCALER_Pos              0U                                         /*!< TPI ACP
 750:../Firmware/CMSIS/core_cm23.h **** #define TPI_ACPR_PRESCALER_Msk             (0x1FFFUL /*<< TPI_ACPR_PRESCALER_Pos*/)    /*!< TPI ACP
 751:../Firmware/CMSIS/core_cm23.h **** 
 752:../Firmware/CMSIS/core_cm23.h **** /* TPI Selected Pin Protocol Register Definitions */
 753:../Firmware/CMSIS/core_cm23.h **** #define TPI_SPPR_TXMODE_Pos                 0U                                         /*!< TPI SPP
 754:../Firmware/CMSIS/core_cm23.h **** #define TPI_SPPR_TXMODE_Msk                (0x3UL /*<< TPI_SPPR_TXMODE_Pos*/)          /*!< TPI SPP
 755:../Firmware/CMSIS/core_cm23.h **** 
 756:../Firmware/CMSIS/core_cm23.h **** /* TPI Formatter and Flush Status Register Definitions */
 757:../Firmware/CMSIS/core_cm23.h **** #define TPI_FFSR_FtNonStop_Pos              3U                                         /*!< TPI FFS
 758:../Firmware/CMSIS/core_cm23.h **** #define TPI_FFSR_FtNonStop_Msk             (0x1UL << TPI_FFSR_FtNonStop_Pos)           /*!< TPI FFS
 759:../Firmware/CMSIS/core_cm23.h **** 
 760:../Firmware/CMSIS/core_cm23.h **** #define TPI_FFSR_TCPresent_Pos              2U                                         /*!< TPI FFS
 761:../Firmware/CMSIS/core_cm23.h **** #define TPI_FFSR_TCPresent_Msk             (0x1UL << TPI_FFSR_TCPresent_Pos)           /*!< TPI FFS
 762:../Firmware/CMSIS/core_cm23.h **** 
 763:../Firmware/CMSIS/core_cm23.h **** #define TPI_FFSR_FtStopped_Pos              1U                                         /*!< TPI FFS
 764:../Firmware/CMSIS/core_cm23.h **** #define TPI_FFSR_FtStopped_Msk             (0x1UL << TPI_FFSR_FtStopped_Pos)           /*!< TPI FFS
 765:../Firmware/CMSIS/core_cm23.h **** 
 766:../Firmware/CMSIS/core_cm23.h **** #define TPI_FFSR_FlInProg_Pos               0U                                         /*!< TPI FFS
 767:../Firmware/CMSIS/core_cm23.h **** #define TPI_FFSR_FlInProg_Msk              (0x1UL /*<< TPI_FFSR_FlInProg_Pos*/)        /*!< TPI FFS
 768:../Firmware/CMSIS/core_cm23.h **** 
 769:../Firmware/CMSIS/core_cm23.h **** /* TPI Formatter and Flush Control Register Definitions */
 770:../Firmware/CMSIS/core_cm23.h **** #define TPI_FFCR_TrigIn_Pos                 8U                                         /*!< TPI FFC
 771:../Firmware/CMSIS/core_cm23.h **** #define TPI_FFCR_TrigIn_Msk                (0x1UL << TPI_FFCR_TrigIn_Pos)              /*!< TPI FFC
 772:../Firmware/CMSIS/core_cm23.h **** 
 773:../Firmware/CMSIS/core_cm23.h **** #define TPI_FFCR_EnFCont_Pos                1U                                         /*!< TPI FFC
 774:../Firmware/CMSIS/core_cm23.h **** #define TPI_FFCR_EnFCont_Msk               (0x1UL << TPI_FFCR_EnFCont_Pos)             /*!< TPI FFC
 775:../Firmware/CMSIS/core_cm23.h **** 
 776:../Firmware/CMSIS/core_cm23.h **** /* TPI TRIGGER Register Definitions */
 777:../Firmware/CMSIS/core_cm23.h **** #define TPI_TRIGGER_TRIGGER_Pos             0U                                         /*!< TPI TRI
 778:../Firmware/CMSIS/core_cm23.h **** #define TPI_TRIGGER_TRIGGER_Msk            (0x1UL /*<< TPI_TRIGGER_TRIGGER_Pos*/)      /*!< TPI TRI
 779:../Firmware/CMSIS/core_cm23.h **** 
 780:../Firmware/CMSIS/core_cm23.h **** /* TPI Integration ETM Data Register Definitions (FIFO0) */
 781:../Firmware/CMSIS/core_cm23.h **** #define TPI_FIFO0_ITM_ATVALID_Pos          29U                                         /*!< TPI FIF
 782:../Firmware/CMSIS/core_cm23.h **** #define TPI_FIFO0_ITM_ATVALID_Msk          (0x3UL << TPI_FIFO0_ITM_ATVALID_Pos)        /*!< TPI FIF
 783:../Firmware/CMSIS/core_cm23.h **** 
 784:../Firmware/CMSIS/core_cm23.h **** #define TPI_FIFO0_ITM_bytecount_Pos        27U                                         /*!< TPI FIF
 785:../Firmware/CMSIS/core_cm23.h **** #define TPI_FIFO0_ITM_bytecount_Msk        (0x3UL << TPI_FIFO0_ITM_bytecount_Pos)      /*!< TPI FIF
 786:../Firmware/CMSIS/core_cm23.h **** 
 787:../Firmware/CMSIS/core_cm23.h **** #define TPI_FIFO0_ETM_ATVALID_Pos          26U                                         /*!< TPI FIF
 788:../Firmware/CMSIS/core_cm23.h **** #define TPI_FIFO0_ETM_ATVALID_Msk          (0x3UL << TPI_FIFO0_ETM_ATVALID_Pos)        /*!< TPI FIF
 789:../Firmware/CMSIS/core_cm23.h **** 
 790:../Firmware/CMSIS/core_cm23.h **** #define TPI_FIFO0_ETM_bytecount_Pos        24U                                         /*!< TPI FIF
 791:../Firmware/CMSIS/core_cm23.h **** #define TPI_FIFO0_ETM_bytecount_Msk        (0x3UL << TPI_FIFO0_ETM_bytecount_Pos)      /*!< TPI FIF
 792:../Firmware/CMSIS/core_cm23.h **** 
 793:../Firmware/CMSIS/core_cm23.h **** #define TPI_FIFO0_ETM2_Pos                 16U                                         /*!< TPI FIF
 794:../Firmware/CMSIS/core_cm23.h **** #define TPI_FIFO0_ETM2_Msk                 (0xFFUL << TPI_FIFO0_ETM2_Pos)              /*!< TPI FIF
 795:../Firmware/CMSIS/core_cm23.h **** 
 796:../Firmware/CMSIS/core_cm23.h **** #define TPI_FIFO0_ETM1_Pos                  8U                                         /*!< TPI FIF
 797:../Firmware/CMSIS/core_cm23.h **** #define TPI_FIFO0_ETM1_Msk                 (0xFFUL << TPI_FIFO0_ETM1_Pos)              /*!< TPI FIF
 798:../Firmware/CMSIS/core_cm23.h **** 
 799:../Firmware/CMSIS/core_cm23.h **** #define TPI_FIFO0_ETM0_Pos                  0U                                         /*!< TPI FIF
 800:../Firmware/CMSIS/core_cm23.h **** #define TPI_FIFO0_ETM0_Msk                 (0xFFUL /*<< TPI_FIFO0_ETM0_Pos*/)          /*!< TPI FIF
 801:../Firmware/CMSIS/core_cm23.h **** 
 802:../Firmware/CMSIS/core_cm23.h **** /* TPI ITATBCTR2 Register Definitions */
 803:../Firmware/CMSIS/core_cm23.h **** #define TPI_ITATBCTR2_ATREADY_Pos           0U                                         /*!< TPI ITA
 804:../Firmware/CMSIS/core_cm23.h **** #define TPI_ITATBCTR2_ATREADY_Msk          (0x1UL /*<< TPI_ITATBCTR2_ATREADY_Pos*/)    /*!< TPI ITA
 805:../Firmware/CMSIS/core_cm23.h **** 
 806:../Firmware/CMSIS/core_cm23.h **** /* TPI Integration ITM Data Register Definitions (FIFO1) */
 807:../Firmware/CMSIS/core_cm23.h **** #define TPI_FIFO1_ITM_ATVALID_Pos          29U                                         /*!< TPI FIF
 808:../Firmware/CMSIS/core_cm23.h **** #define TPI_FIFO1_ITM_ATVALID_Msk          (0x3UL << TPI_FIFO1_ITM_ATVALID_Pos)        /*!< TPI FIF
 809:../Firmware/CMSIS/core_cm23.h **** 
 810:../Firmware/CMSIS/core_cm23.h **** #define TPI_FIFO1_ITM_bytecount_Pos        27U                                         /*!< TPI FIF
 811:../Firmware/CMSIS/core_cm23.h **** #define TPI_FIFO1_ITM_bytecount_Msk        (0x3UL << TPI_FIFO1_ITM_bytecount_Pos)      /*!< TPI FIF
 812:../Firmware/CMSIS/core_cm23.h **** 
 813:../Firmware/CMSIS/core_cm23.h **** #define TPI_FIFO1_ETM_ATVALID_Pos          26U                                         /*!< TPI FIF
 814:../Firmware/CMSIS/core_cm23.h **** #define TPI_FIFO1_ETM_ATVALID_Msk          (0x3UL << TPI_FIFO1_ETM_ATVALID_Pos)        /*!< TPI FIF
 815:../Firmware/CMSIS/core_cm23.h **** 
 816:../Firmware/CMSIS/core_cm23.h **** #define TPI_FIFO1_ETM_bytecount_Pos        24U                                         /*!< TPI FIF
 817:../Firmware/CMSIS/core_cm23.h **** #define TPI_FIFO1_ETM_bytecount_Msk        (0x3UL << TPI_FIFO1_ETM_bytecount_Pos)      /*!< TPI FIF
 818:../Firmware/CMSIS/core_cm23.h **** 
 819:../Firmware/CMSIS/core_cm23.h **** #define TPI_FIFO1_ITM2_Pos                 16U                                         /*!< TPI FIF
 820:../Firmware/CMSIS/core_cm23.h **** #define TPI_FIFO1_ITM2_Msk                 (0xFFUL << TPI_FIFO1_ITM2_Pos)              /*!< TPI FIF
 821:../Firmware/CMSIS/core_cm23.h **** 
 822:../Firmware/CMSIS/core_cm23.h **** #define TPI_FIFO1_ITM1_Pos                  8U                                         /*!< TPI FIF
 823:../Firmware/CMSIS/core_cm23.h **** #define TPI_FIFO1_ITM1_Msk                 (0xFFUL << TPI_FIFO1_ITM1_Pos)              /*!< TPI FIF
 824:../Firmware/CMSIS/core_cm23.h **** 
 825:../Firmware/CMSIS/core_cm23.h **** #define TPI_FIFO1_ITM0_Pos                  0U                                         /*!< TPI FIF
 826:../Firmware/CMSIS/core_cm23.h **** #define TPI_FIFO1_ITM0_Msk                 (0xFFUL /*<< TPI_FIFO1_ITM0_Pos*/)          /*!< TPI FIF
 827:../Firmware/CMSIS/core_cm23.h **** 
 828:../Firmware/CMSIS/core_cm23.h **** /* TPI ITATBCTR0 Register Definitions */
 829:../Firmware/CMSIS/core_cm23.h **** #define TPI_ITATBCTR0_ATREADY_Pos           0U                                         /*!< TPI ITA
 830:../Firmware/CMSIS/core_cm23.h **** #define TPI_ITATBCTR0_ATREADY_Msk          (0x1UL /*<< TPI_ITATBCTR0_ATREADY_Pos*/)    /*!< TPI ITA
 831:../Firmware/CMSIS/core_cm23.h **** 
 832:../Firmware/CMSIS/core_cm23.h **** /* TPI Integration Mode Control Register Definitions */
 833:../Firmware/CMSIS/core_cm23.h **** #define TPI_ITCTRL_Mode_Pos                 0U                                         /*!< TPI ITC
 834:../Firmware/CMSIS/core_cm23.h **** #define TPI_ITCTRL_Mode_Msk                (0x1UL /*<< TPI_ITCTRL_Mode_Pos*/)          /*!< TPI ITC
 835:../Firmware/CMSIS/core_cm23.h **** 
 836:../Firmware/CMSIS/core_cm23.h **** /* TPI DEVID Register Definitions */
 837:../Firmware/CMSIS/core_cm23.h **** #define TPI_DEVID_NRZVALID_Pos             11U                                         /*!< TPI DEV
 838:../Firmware/CMSIS/core_cm23.h **** #define TPI_DEVID_NRZVALID_Msk             (0x1UL << TPI_DEVID_NRZVALID_Pos)           /*!< TPI DEV
 839:../Firmware/CMSIS/core_cm23.h **** 
 840:../Firmware/CMSIS/core_cm23.h **** #define TPI_DEVID_MANCVALID_Pos            10U                                         /*!< TPI DEV
 841:../Firmware/CMSIS/core_cm23.h **** #define TPI_DEVID_MANCVALID_Msk            (0x1UL << TPI_DEVID_MANCVALID_Pos)          /*!< TPI DEV
 842:../Firmware/CMSIS/core_cm23.h **** 
 843:../Firmware/CMSIS/core_cm23.h **** #define TPI_DEVID_PTINVALID_Pos             9U                                         /*!< TPI DEV
 844:../Firmware/CMSIS/core_cm23.h **** #define TPI_DEVID_PTINVALID_Msk            (0x1UL << TPI_DEVID_PTINVALID_Pos)          /*!< TPI DEV
 845:../Firmware/CMSIS/core_cm23.h **** 
 846:../Firmware/CMSIS/core_cm23.h **** #define TPI_DEVID_MinBufSz_Pos              6U                                         /*!< TPI DEV
 847:../Firmware/CMSIS/core_cm23.h **** #define TPI_DEVID_MinBufSz_Msk             (0x7UL << TPI_DEVID_MinBufSz_Pos)           /*!< TPI DEV
 848:../Firmware/CMSIS/core_cm23.h **** 
 849:../Firmware/CMSIS/core_cm23.h **** #define TPI_DEVID_AsynClkIn_Pos             5U                                         /*!< TPI DEV
 850:../Firmware/CMSIS/core_cm23.h **** #define TPI_DEVID_AsynClkIn_Msk            (0x1UL << TPI_DEVID_AsynClkIn_Pos)          /*!< TPI DEV
 851:../Firmware/CMSIS/core_cm23.h **** 
 852:../Firmware/CMSIS/core_cm23.h **** #define TPI_DEVID_NrTraceInput_Pos          0U                                         /*!< TPI DEV
 853:../Firmware/CMSIS/core_cm23.h **** #define TPI_DEVID_NrTraceInput_Msk         (0x1FUL /*<< TPI_DEVID_NrTraceInput_Pos*/)  /*!< TPI DEV
 854:../Firmware/CMSIS/core_cm23.h **** 
 855:../Firmware/CMSIS/core_cm23.h **** /* TPI DEVTYPE Register Definitions */
 856:../Firmware/CMSIS/core_cm23.h **** #define TPI_DEVTYPE_MajorType_Pos           4U                                         /*!< TPI DEV
 857:../Firmware/CMSIS/core_cm23.h **** #define TPI_DEVTYPE_MajorType_Msk          (0xFUL << TPI_DEVTYPE_MajorType_Pos)        /*!< TPI DEV
 858:../Firmware/CMSIS/core_cm23.h **** 
 859:../Firmware/CMSIS/core_cm23.h **** #define TPI_DEVTYPE_SubType_Pos             0U                                         /*!< TPI DEV
 860:../Firmware/CMSIS/core_cm23.h **** #define TPI_DEVTYPE_SubType_Msk            (0xFUL /*<< TPI_DEVTYPE_SubType_Pos*/)      /*!< TPI DEV
 861:../Firmware/CMSIS/core_cm23.h **** 
 862:../Firmware/CMSIS/core_cm23.h **** /*@}*/ /* end of group CMSIS_TPI */
 863:../Firmware/CMSIS/core_cm23.h **** 
 864:../Firmware/CMSIS/core_cm23.h **** 
 865:../Firmware/CMSIS/core_cm23.h **** #if defined (__MPU_PRESENT) && (__MPU_PRESENT == 1U)
 866:../Firmware/CMSIS/core_cm23.h **** /**
 867:../Firmware/CMSIS/core_cm23.h ****   \ingroup  CMSIS_core_register
 868:../Firmware/CMSIS/core_cm23.h ****   \defgroup CMSIS_MPU     Memory Protection Unit (MPU)
 869:../Firmware/CMSIS/core_cm23.h ****   \brief    Type definitions for the Memory Protection Unit (MPU)
 870:../Firmware/CMSIS/core_cm23.h ****   @{
 871:../Firmware/CMSIS/core_cm23.h ****  */
 872:../Firmware/CMSIS/core_cm23.h **** 
 873:../Firmware/CMSIS/core_cm23.h **** /**
 874:../Firmware/CMSIS/core_cm23.h ****   \brief  Structure type to access the Memory Protection Unit (MPU).
 875:../Firmware/CMSIS/core_cm23.h ****  */
 876:../Firmware/CMSIS/core_cm23.h **** typedef struct
 877:../Firmware/CMSIS/core_cm23.h **** {
 878:../Firmware/CMSIS/core_cm23.h ****   __IM  uint32_t TYPE;                   /*!< Offset: 0x000 (R/ )  MPU Type Register */
 879:../Firmware/CMSIS/core_cm23.h ****   __IOM uint32_t CTRL;                   /*!< Offset: 0x004 (R/W)  MPU Control Register */
 880:../Firmware/CMSIS/core_cm23.h ****   __IOM uint32_t RNR;                    /*!< Offset: 0x008 (R/W)  MPU Region Number Register */
 881:../Firmware/CMSIS/core_cm23.h ****   __IOM uint32_t RBAR;                   /*!< Offset: 0x00C (R/W)  MPU Region Base Address Register
 882:../Firmware/CMSIS/core_cm23.h ****   __IOM uint32_t RLAR;                   /*!< Offset: 0x010 (R/W)  MPU Region Limit Address Registe
 883:../Firmware/CMSIS/core_cm23.h ****         uint32_t RESERVED0[7U];
 884:../Firmware/CMSIS/core_cm23.h ****   __IOM uint32_t MAIR0;                  /*!< Offset: 0x030 (R/W)  MPU Memory Attribute Indirection
 885:../Firmware/CMSIS/core_cm23.h ****   __IOM uint32_t MAIR1;                  /*!< Offset: 0x034 (R/W)  MPU Memory Attribute Indirection
 886:../Firmware/CMSIS/core_cm23.h **** } MPU_Type;
 887:../Firmware/CMSIS/core_cm23.h **** 
 888:../Firmware/CMSIS/core_cm23.h **** /* MPU Type Register Definitions */
 889:../Firmware/CMSIS/core_cm23.h **** #define MPU_TYPE_IREGION_Pos               16U                                            /*!< MPU 
 890:../Firmware/CMSIS/core_cm23.h **** #define MPU_TYPE_IREGION_Msk               (0xFFUL << MPU_TYPE_IREGION_Pos)               /*!< MPU 
 891:../Firmware/CMSIS/core_cm23.h **** 
 892:../Firmware/CMSIS/core_cm23.h **** #define MPU_TYPE_DREGION_Pos                8U                                            /*!< MPU 
 893:../Firmware/CMSIS/core_cm23.h **** #define MPU_TYPE_DREGION_Msk               (0xFFUL << MPU_TYPE_DREGION_Pos)               /*!< MPU 
 894:../Firmware/CMSIS/core_cm23.h **** 
 895:../Firmware/CMSIS/core_cm23.h **** #define MPU_TYPE_SEPARATE_Pos               0U                                            /*!< MPU 
 896:../Firmware/CMSIS/core_cm23.h **** #define MPU_TYPE_SEPARATE_Msk              (1UL /*<< MPU_TYPE_SEPARATE_Pos*/)             /*!< MPU 
 897:../Firmware/CMSIS/core_cm23.h **** 
 898:../Firmware/CMSIS/core_cm23.h **** /* MPU Control Register Definitions */
 899:../Firmware/CMSIS/core_cm23.h **** #define MPU_CTRL_PRIVDEFENA_Pos             2U                                            /*!< MPU 
 900:../Firmware/CMSIS/core_cm23.h **** #define MPU_CTRL_PRIVDEFENA_Msk            (1UL << MPU_CTRL_PRIVDEFENA_Pos)               /*!< MPU 
 901:../Firmware/CMSIS/core_cm23.h **** 
 902:../Firmware/CMSIS/core_cm23.h **** #define MPU_CTRL_HFNMIENA_Pos               1U                                            /*!< MPU 
 903:../Firmware/CMSIS/core_cm23.h **** #define MPU_CTRL_HFNMIENA_Msk              (1UL << MPU_CTRL_HFNMIENA_Pos)                 /*!< MPU 
 904:../Firmware/CMSIS/core_cm23.h **** 
 905:../Firmware/CMSIS/core_cm23.h **** #define MPU_CTRL_ENABLE_Pos                 0U                                            /*!< MPU 
 906:../Firmware/CMSIS/core_cm23.h **** #define MPU_CTRL_ENABLE_Msk                (1UL /*<< MPU_CTRL_ENABLE_Pos*/)               /*!< MPU 
 907:../Firmware/CMSIS/core_cm23.h **** 
 908:../Firmware/CMSIS/core_cm23.h **** /* MPU Region Number Register Definitions */
 909:../Firmware/CMSIS/core_cm23.h **** #define MPU_RNR_REGION_Pos                  0U                                            /*!< MPU 
 910:../Firmware/CMSIS/core_cm23.h **** #define MPU_RNR_REGION_Msk                 (0xFFUL /*<< MPU_RNR_REGION_Pos*/)             /*!< MPU 
 911:../Firmware/CMSIS/core_cm23.h **** 
 912:../Firmware/CMSIS/core_cm23.h **** /* MPU Region Base Address Register Definitions */
 913:../Firmware/CMSIS/core_cm23.h **** #define MPU_RBAR_BASE_Pos                   5U                                            /*!< MPU 
 914:../Firmware/CMSIS/core_cm23.h **** #define MPU_RBAR_BASE_Msk                  (0x7FFFFFFUL << MPU_RBAR_BASE_Pos)             /*!< MPU 
 915:../Firmware/CMSIS/core_cm23.h **** 
 916:../Firmware/CMSIS/core_cm23.h **** #define MPU_RBAR_SH_Pos                     3U                                            /*!< MPU 
 917:../Firmware/CMSIS/core_cm23.h **** #define MPU_RBAR_SH_Msk                    (0x3UL << MPU_RBAR_SH_Pos)                     /*!< MPU 
 918:../Firmware/CMSIS/core_cm23.h **** 
 919:../Firmware/CMSIS/core_cm23.h **** #define MPU_RBAR_AP_Pos                     1U                                            /*!< MPU 
 920:../Firmware/CMSIS/core_cm23.h **** #define MPU_RBAR_AP_Msk                    (0x3UL << MPU_RBAR_AP_Pos)                     /*!< MPU 
 921:../Firmware/CMSIS/core_cm23.h **** 
 922:../Firmware/CMSIS/core_cm23.h **** #define MPU_RBAR_XN_Pos                     0U                                            /*!< MPU 
 923:../Firmware/CMSIS/core_cm23.h **** #define MPU_RBAR_XN_Msk                    (01UL /*<< MPU_RBAR_XN_Pos*/)                  /*!< MPU 
 924:../Firmware/CMSIS/core_cm23.h **** 
 925:../Firmware/CMSIS/core_cm23.h **** /* MPU Region Limit Address Register Definitions */
 926:../Firmware/CMSIS/core_cm23.h **** #define MPU_RLAR_LIMIT_Pos                  5U                                            /*!< MPU 
 927:../Firmware/CMSIS/core_cm23.h **** #define MPU_RLAR_LIMIT_Msk                 (0x7FFFFFFUL << MPU_RLAR_LIMIT_Pos)            /*!< MPU 
 928:../Firmware/CMSIS/core_cm23.h **** 
 929:../Firmware/CMSIS/core_cm23.h **** #define MPU_RLAR_AttrIndx_Pos               1U                                            /*!< MPU 
 930:../Firmware/CMSIS/core_cm23.h **** #define MPU_RLAR_AttrIndx_Msk              (0x7UL << MPU_RLAR_AttrIndx_Pos)               /*!< MPU 
 931:../Firmware/CMSIS/core_cm23.h **** 
 932:../Firmware/CMSIS/core_cm23.h **** #define MPU_RLAR_EN_Pos                     0U                                            /*!< MPU 
 933:../Firmware/CMSIS/core_cm23.h **** #define MPU_RLAR_EN_Msk                    (1UL /*<< MPU_RLAR_EN_Pos*/)                   /*!< MPU 
 934:../Firmware/CMSIS/core_cm23.h **** 
 935:../Firmware/CMSIS/core_cm23.h **** /* MPU Memory Attribute Indirection Register 0 Definitions */
 936:../Firmware/CMSIS/core_cm23.h **** #define MPU_MAIR0_Attr3_Pos                24U                                            /*!< MPU 
 937:../Firmware/CMSIS/core_cm23.h **** #define MPU_MAIR0_Attr3_Msk                (0xFFUL << MPU_MAIR0_Attr3_Pos)                /*!< MPU 
 938:../Firmware/CMSIS/core_cm23.h **** 
 939:../Firmware/CMSIS/core_cm23.h **** #define MPU_MAIR0_Attr2_Pos                16U                                            /*!< MPU 
 940:../Firmware/CMSIS/core_cm23.h **** #define MPU_MAIR0_Attr2_Msk                (0xFFUL << MPU_MAIR0_Attr2_Pos)                /*!< MPU 
 941:../Firmware/CMSIS/core_cm23.h **** 
 942:../Firmware/CMSIS/core_cm23.h **** #define MPU_MAIR0_Attr1_Pos                 8U                                            /*!< MPU 
 943:../Firmware/CMSIS/core_cm23.h **** #define MPU_MAIR0_Attr1_Msk                (0xFFUL << MPU_MAIR0_Attr1_Pos)                /*!< MPU 
 944:../Firmware/CMSIS/core_cm23.h **** 
 945:../Firmware/CMSIS/core_cm23.h **** #define MPU_MAIR0_Attr0_Pos                 0U                                            /*!< MPU 
 946:../Firmware/CMSIS/core_cm23.h **** #define MPU_MAIR0_Attr0_Msk                (0xFFUL /*<< MPU_MAIR0_Attr0_Pos*/)            /*!< MPU 
 947:../Firmware/CMSIS/core_cm23.h **** 
 948:../Firmware/CMSIS/core_cm23.h **** /* MPU Memory Attribute Indirection Register 1 Definitions */
 949:../Firmware/CMSIS/core_cm23.h **** #define MPU_MAIR1_Attr7_Pos                24U                                            /*!< MPU 
 950:../Firmware/CMSIS/core_cm23.h **** #define MPU_MAIR1_Attr7_Msk                (0xFFUL << MPU_MAIR1_Attr7_Pos)                /*!< MPU 
 951:../Firmware/CMSIS/core_cm23.h **** 
 952:../Firmware/CMSIS/core_cm23.h **** #define MPU_MAIR1_Attr6_Pos                16U                                            /*!< MPU 
 953:../Firmware/CMSIS/core_cm23.h **** #define MPU_MAIR1_Attr6_Msk                (0xFFUL << MPU_MAIR1_Attr6_Pos)                /*!< MPU 
 954:../Firmware/CMSIS/core_cm23.h **** 
 955:../Firmware/CMSIS/core_cm23.h **** #define MPU_MAIR1_Attr5_Pos                 8U                                            /*!< MPU 
 956:../Firmware/CMSIS/core_cm23.h **** #define MPU_MAIR1_Attr5_Msk                (0xFFUL << MPU_MAIR1_Attr5_Pos)                /*!< MPU 
 957:../Firmware/CMSIS/core_cm23.h **** 
 958:../Firmware/CMSIS/core_cm23.h **** #define MPU_MAIR1_Attr4_Pos                 0U                                            /*!< MPU 
 959:../Firmware/CMSIS/core_cm23.h **** #define MPU_MAIR1_Attr4_Msk                (0xFFUL /*<< MPU_MAIR1_Attr4_Pos*/)            /*!< MPU 
 960:../Firmware/CMSIS/core_cm23.h **** 
 961:../Firmware/CMSIS/core_cm23.h **** /*@} end of group CMSIS_MPU */
 962:../Firmware/CMSIS/core_cm23.h **** #endif
 963:../Firmware/CMSIS/core_cm23.h **** 
 964:../Firmware/CMSIS/core_cm23.h **** 
 965:../Firmware/CMSIS/core_cm23.h **** #if defined (__ARM_FEATURE_CMSE) && (__ARM_FEATURE_CMSE == 3U)
 966:../Firmware/CMSIS/core_cm23.h **** /**
 967:../Firmware/CMSIS/core_cm23.h ****   \ingroup  CMSIS_core_register
 968:../Firmware/CMSIS/core_cm23.h ****   \defgroup CMSIS_SAU     Security Attribution Unit (SAU)
 969:../Firmware/CMSIS/core_cm23.h ****   \brief    Type definitions for the Security Attribution Unit (SAU)
 970:../Firmware/CMSIS/core_cm23.h ****   @{
 971:../Firmware/CMSIS/core_cm23.h ****  */
 972:../Firmware/CMSIS/core_cm23.h **** 
 973:../Firmware/CMSIS/core_cm23.h **** /**
 974:../Firmware/CMSIS/core_cm23.h ****   \brief  Structure type to access the Security Attribution Unit (SAU).
 975:../Firmware/CMSIS/core_cm23.h ****  */
 976:../Firmware/CMSIS/core_cm23.h **** typedef struct
 977:../Firmware/CMSIS/core_cm23.h **** {
 978:../Firmware/CMSIS/core_cm23.h ****   __IOM uint32_t CTRL;                   /*!< Offset: 0x000 (R/W)  SAU Control Register */
 979:../Firmware/CMSIS/core_cm23.h ****   __IM  uint32_t TYPE;                   /*!< Offset: 0x004 (R/ )  SAU Type Register */
 980:../Firmware/CMSIS/core_cm23.h **** #if defined (__SAUREGION_PRESENT) && (__SAUREGION_PRESENT == 1U)
 981:../Firmware/CMSIS/core_cm23.h ****   __IOM uint32_t RNR;                    /*!< Offset: 0x008 (R/W)  SAU Region Number Register */
 982:../Firmware/CMSIS/core_cm23.h ****   __IOM uint32_t RBAR;                   /*!< Offset: 0x00C (R/W)  SAU Region Base Address Register
 983:../Firmware/CMSIS/core_cm23.h ****   __IOM uint32_t RLAR;                   /*!< Offset: 0x010 (R/W)  SAU Region Limit Address Registe
 984:../Firmware/CMSIS/core_cm23.h **** #endif
 985:../Firmware/CMSIS/core_cm23.h **** } SAU_Type;
 986:../Firmware/CMSIS/core_cm23.h **** 
 987:../Firmware/CMSIS/core_cm23.h **** /* SAU Control Register Definitions */
 988:../Firmware/CMSIS/core_cm23.h **** #define SAU_CTRL_ALLNS_Pos                  1U                                            /*!< SAU 
 989:../Firmware/CMSIS/core_cm23.h **** #define SAU_CTRL_ALLNS_Msk                 (1UL << SAU_CTRL_ALLNS_Pos)                    /*!< SAU 
 990:../Firmware/CMSIS/core_cm23.h **** 
 991:../Firmware/CMSIS/core_cm23.h **** #define SAU_CTRL_ENABLE_Pos                 0U                                            /*!< SAU 
 992:../Firmware/CMSIS/core_cm23.h **** #define SAU_CTRL_ENABLE_Msk                (1UL /*<< SAU_CTRL_ENABLE_Pos*/)               /*!< SAU 
 993:../Firmware/CMSIS/core_cm23.h **** 
 994:../Firmware/CMSIS/core_cm23.h **** /* SAU Type Register Definitions */
 995:../Firmware/CMSIS/core_cm23.h **** #define SAU_TYPE_SREGION_Pos                0U                                            /*!< SAU 
 996:../Firmware/CMSIS/core_cm23.h **** #define SAU_TYPE_SREGION_Msk               (0xFFUL /*<< SAU_TYPE_SREGION_Pos*/)           /*!< SAU 
 997:../Firmware/CMSIS/core_cm23.h **** 
 998:../Firmware/CMSIS/core_cm23.h **** #if defined (__SAUREGION_PRESENT) && (__SAUREGION_PRESENT == 1U)
 999:../Firmware/CMSIS/core_cm23.h **** /* SAU Region Number Register Definitions */
1000:../Firmware/CMSIS/core_cm23.h **** #define SAU_RNR_REGION_Pos                  0U                                            /*!< SAU 
1001:../Firmware/CMSIS/core_cm23.h **** #define SAU_RNR_REGION_Msk                 (0xFFUL /*<< SAU_RNR_REGION_Pos*/)             /*!< SAU 
1002:../Firmware/CMSIS/core_cm23.h **** 
1003:../Firmware/CMSIS/core_cm23.h **** /* SAU Region Base Address Register Definitions */
1004:../Firmware/CMSIS/core_cm23.h **** #define SAU_RBAR_BADDR_Pos                  5U                                            /*!< SAU 
1005:../Firmware/CMSIS/core_cm23.h **** #define SAU_RBAR_BADDR_Msk                 (0x7FFFFFFUL << SAU_RBAR_BADDR_Pos)            /*!< SAU 
1006:../Firmware/CMSIS/core_cm23.h **** 
1007:../Firmware/CMSIS/core_cm23.h **** /* SAU Region Limit Address Register Definitions */
1008:../Firmware/CMSIS/core_cm23.h **** #define SAU_RLAR_LADDR_Pos                  5U                                            /*!< SAU 
1009:../Firmware/CMSIS/core_cm23.h **** #define SAU_RLAR_LADDR_Msk                 (0x7FFFFFFUL << SAU_RLAR_LADDR_Pos)            /*!< SAU 
1010:../Firmware/CMSIS/core_cm23.h **** 
1011:../Firmware/CMSIS/core_cm23.h **** #define SAU_RLAR_NSC_Pos                    1U                                            /*!< SAU 
1012:../Firmware/CMSIS/core_cm23.h **** #define SAU_RLAR_NSC_Msk                   (1UL << SAU_RLAR_NSC_Pos)                      /*!< SAU 
1013:../Firmware/CMSIS/core_cm23.h **** 
1014:../Firmware/CMSIS/core_cm23.h **** #define SAU_RLAR_ENABLE_Pos                 0U                                            /*!< SAU 
1015:../Firmware/CMSIS/core_cm23.h **** #define SAU_RLAR_ENABLE_Msk                (1UL /*<< SAU_RLAR_ENABLE_Pos*/)               /*!< SAU 
1016:../Firmware/CMSIS/core_cm23.h **** 
1017:../Firmware/CMSIS/core_cm23.h **** #endif /* defined (__SAUREGION_PRESENT) && (__SAUREGION_PRESENT == 1U) */
1018:../Firmware/CMSIS/core_cm23.h **** 
1019:../Firmware/CMSIS/core_cm23.h **** /*@} end of group CMSIS_SAU */
1020:../Firmware/CMSIS/core_cm23.h **** #endif /* defined (__ARM_FEATURE_CMSE) && (__ARM_FEATURE_CMSE == 3U) */
1021:../Firmware/CMSIS/core_cm23.h **** 
1022:../Firmware/CMSIS/core_cm23.h **** 
1023:../Firmware/CMSIS/core_cm23.h **** /**
1024:../Firmware/CMSIS/core_cm23.h ****   \ingroup  CMSIS_core_register
1025:../Firmware/CMSIS/core_cm23.h ****   \defgroup CMSIS_CoreDebug       Core Debug Registers (CoreDebug)
1026:../Firmware/CMSIS/core_cm23.h ****   \brief    Type definitions for the Core Debug Registers
1027:../Firmware/CMSIS/core_cm23.h ****   @{
1028:../Firmware/CMSIS/core_cm23.h ****  */
1029:../Firmware/CMSIS/core_cm23.h **** 
1030:../Firmware/CMSIS/core_cm23.h **** /**
1031:../Firmware/CMSIS/core_cm23.h ****   \brief  Structure type to access the Core Debug Register (CoreDebug).
1032:../Firmware/CMSIS/core_cm23.h ****  */
1033:../Firmware/CMSIS/core_cm23.h **** typedef struct
1034:../Firmware/CMSIS/core_cm23.h **** {
1035:../Firmware/CMSIS/core_cm23.h ****   __IOM uint32_t DHCSR;                  /*!< Offset: 0x000 (R/W)  Debug Halting Control and Status
1036:../Firmware/CMSIS/core_cm23.h ****   __OM  uint32_t DCRSR;                  /*!< Offset: 0x004 ( /W)  Debug Core Register Selector Reg
1037:../Firmware/CMSIS/core_cm23.h ****   __IOM uint32_t DCRDR;                  /*!< Offset: 0x008 (R/W)  Debug Core Register Data Registe
1038:../Firmware/CMSIS/core_cm23.h ****   __IOM uint32_t DEMCR;                  /*!< Offset: 0x00C (R/W)  Debug Exception and Monitor Cont
1039:../Firmware/CMSIS/core_cm23.h ****         uint32_t RESERVED4[1U];
1040:../Firmware/CMSIS/core_cm23.h ****   __IOM uint32_t DAUTHCTRL;              /*!< Offset: 0x014 (R/W)  Debug Authentication Control Reg
1041:../Firmware/CMSIS/core_cm23.h ****   __IOM uint32_t DSCSR;                  /*!< Offset: 0x018 (R/W)  Debug Security Control and Statu
1042:../Firmware/CMSIS/core_cm23.h **** } CoreDebug_Type;
1043:../Firmware/CMSIS/core_cm23.h **** 
1044:../Firmware/CMSIS/core_cm23.h **** /* Debug Halting Control and Status Register Definitions */
1045:../Firmware/CMSIS/core_cm23.h **** #define CoreDebug_DHCSR_DBGKEY_Pos         16U                                            /*!< Core
1046:../Firmware/CMSIS/core_cm23.h **** #define CoreDebug_DHCSR_DBGKEY_Msk         (0xFFFFUL << CoreDebug_DHCSR_DBGKEY_Pos)       /*!< Core
1047:../Firmware/CMSIS/core_cm23.h **** 
1048:../Firmware/CMSIS/core_cm23.h **** #define CoreDebug_DHCSR_S_RESTART_ST_Pos   26U                                            /*!< Core
1049:../Firmware/CMSIS/core_cm23.h **** #define CoreDebug_DHCSR_S_RESTART_ST_Msk   (1UL << CoreDebug_DHCSR_S_RESTART_ST_Pos)      /*!< Core
1050:../Firmware/CMSIS/core_cm23.h **** 
1051:../Firmware/CMSIS/core_cm23.h **** #define CoreDebug_DHCSR_S_RESET_ST_Pos     25U                                            /*!< Core
1052:../Firmware/CMSIS/core_cm23.h **** #define CoreDebug_DHCSR_S_RESET_ST_Msk     (1UL << CoreDebug_DHCSR_S_RESET_ST_Pos)        /*!< Core
1053:../Firmware/CMSIS/core_cm23.h **** 
1054:../Firmware/CMSIS/core_cm23.h **** #define CoreDebug_DHCSR_S_RETIRE_ST_Pos    24U                                            /*!< Core
1055:../Firmware/CMSIS/core_cm23.h **** #define CoreDebug_DHCSR_S_RETIRE_ST_Msk    (1UL << CoreDebug_DHCSR_S_RETIRE_ST_Pos)       /*!< Core
1056:../Firmware/CMSIS/core_cm23.h **** 
1057:../Firmware/CMSIS/core_cm23.h **** #define CoreDebug_DHCSR_S_LOCKUP_Pos       19U                                            /*!< Core
1058:../Firmware/CMSIS/core_cm23.h **** #define CoreDebug_DHCSR_S_LOCKUP_Msk       (1UL << CoreDebug_DHCSR_S_LOCKUP_Pos)          /*!< Core
1059:../Firmware/CMSIS/core_cm23.h **** 
1060:../Firmware/CMSIS/core_cm23.h **** #define CoreDebug_DHCSR_S_SLEEP_Pos        18U                                            /*!< Core
1061:../Firmware/CMSIS/core_cm23.h **** #define CoreDebug_DHCSR_S_SLEEP_Msk        (1UL << CoreDebug_DHCSR_S_SLEEP_Pos)           /*!< Core
1062:../Firmware/CMSIS/core_cm23.h **** 
1063:../Firmware/CMSIS/core_cm23.h **** #define CoreDebug_DHCSR_S_HALT_Pos         17U                                            /*!< Core
1064:../Firmware/CMSIS/core_cm23.h **** #define CoreDebug_DHCSR_S_HALT_Msk         (1UL << CoreDebug_DHCSR_S_HALT_Pos)            /*!< Core
1065:../Firmware/CMSIS/core_cm23.h **** 
1066:../Firmware/CMSIS/core_cm23.h **** #define CoreDebug_DHCSR_S_REGRDY_Pos       16U                                            /*!< Core
1067:../Firmware/CMSIS/core_cm23.h **** #define CoreDebug_DHCSR_S_REGRDY_Msk       (1UL << CoreDebug_DHCSR_S_REGRDY_Pos)          /*!< Core
1068:../Firmware/CMSIS/core_cm23.h **** 
1069:../Firmware/CMSIS/core_cm23.h **** #define CoreDebug_DHCSR_C_MASKINTS_Pos      3U                                            /*!< Core
1070:../Firmware/CMSIS/core_cm23.h **** #define CoreDebug_DHCSR_C_MASKINTS_Msk     (1UL << CoreDebug_DHCSR_C_MASKINTS_Pos)        /*!< Core
1071:../Firmware/CMSIS/core_cm23.h **** 
1072:../Firmware/CMSIS/core_cm23.h **** #define CoreDebug_DHCSR_C_STEP_Pos          2U                                            /*!< Core
1073:../Firmware/CMSIS/core_cm23.h **** #define CoreDebug_DHCSR_C_STEP_Msk         (1UL << CoreDebug_DHCSR_C_STEP_Pos)            /*!< Core
1074:../Firmware/CMSIS/core_cm23.h **** 
1075:../Firmware/CMSIS/core_cm23.h **** #define CoreDebug_DHCSR_C_HALT_Pos          1U                                            /*!< Core
1076:../Firmware/CMSIS/core_cm23.h **** #define CoreDebug_DHCSR_C_HALT_Msk         (1UL << CoreDebug_DHCSR_C_HALT_Pos)            /*!< Core
1077:../Firmware/CMSIS/core_cm23.h **** 
1078:../Firmware/CMSIS/core_cm23.h **** #define CoreDebug_DHCSR_C_DEBUGEN_Pos       0U                                            /*!< Core
1079:../Firmware/CMSIS/core_cm23.h **** #define CoreDebug_DHCSR_C_DEBUGEN_Msk      (1UL /*<< CoreDebug_DHCSR_C_DEBUGEN_Pos*/)     /*!< Core
1080:../Firmware/CMSIS/core_cm23.h **** 
1081:../Firmware/CMSIS/core_cm23.h **** /* Debug Core Register Selector Register Definitions */
1082:../Firmware/CMSIS/core_cm23.h **** #define CoreDebug_DCRSR_REGWnR_Pos         16U                                            /*!< Core
1083:../Firmware/CMSIS/core_cm23.h **** #define CoreDebug_DCRSR_REGWnR_Msk         (1UL << CoreDebug_DCRSR_REGWnR_Pos)            /*!< Core
1084:../Firmware/CMSIS/core_cm23.h **** 
1085:../Firmware/CMSIS/core_cm23.h **** #define CoreDebug_DCRSR_REGSEL_Pos          0U                                            /*!< Core
1086:../Firmware/CMSIS/core_cm23.h **** #define CoreDebug_DCRSR_REGSEL_Msk         (0x1FUL /*<< CoreDebug_DCRSR_REGSEL_Pos*/)     /*!< Core
1087:../Firmware/CMSIS/core_cm23.h **** 
1088:../Firmware/CMSIS/core_cm23.h **** /* Debug Exception and Monitor Control Register */
1089:../Firmware/CMSIS/core_cm23.h **** #define CoreDebug_DEMCR_DWTENA_Pos         24U                                            /*!< Core
1090:../Firmware/CMSIS/core_cm23.h **** #define CoreDebug_DEMCR_DWTENA_Msk         (1UL << CoreDebug_DEMCR_DWTENA_Pos)            /*!< Core
1091:../Firmware/CMSIS/core_cm23.h **** 
1092:../Firmware/CMSIS/core_cm23.h **** #define CoreDebug_DEMCR_VC_HARDERR_Pos     10U                                            /*!< Core
1093:../Firmware/CMSIS/core_cm23.h **** #define CoreDebug_DEMCR_VC_HARDERR_Msk     (1UL << CoreDebug_DEMCR_VC_HARDERR_Pos)        /*!< Core
1094:../Firmware/CMSIS/core_cm23.h **** 
1095:../Firmware/CMSIS/core_cm23.h **** #define CoreDebug_DEMCR_VC_CORERESET_Pos    0U                                            /*!< Core
1096:../Firmware/CMSIS/core_cm23.h **** #define CoreDebug_DEMCR_VC_CORERESET_Msk   (1UL /*<< CoreDebug_DEMCR_VC_CORERESET_Pos*/)  /*!< Core
1097:../Firmware/CMSIS/core_cm23.h **** 
1098:../Firmware/CMSIS/core_cm23.h **** /* Debug Authentication Control Register Definitions */
1099:../Firmware/CMSIS/core_cm23.h **** #define CoreDebug_DAUTHCTRL_INTSPNIDEN_Pos  3U                                            /*!< Core
1100:../Firmware/CMSIS/core_cm23.h **** #define CoreDebug_DAUTHCTRL_INTSPNIDEN_Msk (1UL << CoreDebug_DAUTHCTRL_INTSPNIDEN_Pos)    /*!< Core
1101:../Firmware/CMSIS/core_cm23.h **** 
1102:../Firmware/CMSIS/core_cm23.h **** #define CoreDebug_DAUTHCTRL_SPNIDENSEL_Pos  2U                                            /*!< Core
1103:../Firmware/CMSIS/core_cm23.h **** #define CoreDebug_DAUTHCTRL_SPNIDENSEL_Msk (1UL << CoreDebug_DAUTHCTRL_SPNIDENSEL_Pos)    /*!< Core
1104:../Firmware/CMSIS/core_cm23.h **** 
1105:../Firmware/CMSIS/core_cm23.h **** #define CoreDebug_DAUTHCTRL_INTSPIDEN_Pos   1U                                            /*!< Core
1106:../Firmware/CMSIS/core_cm23.h **** #define CoreDebug_DAUTHCTRL_INTSPIDEN_Msk  (1UL << CoreDebug_DAUTHCTRL_INTSPIDEN_Pos)     /*!< Core
1107:../Firmware/CMSIS/core_cm23.h **** 
1108:../Firmware/CMSIS/core_cm23.h **** #define CoreDebug_DAUTHCTRL_SPIDENSEL_Pos   0U                                            /*!< Core
1109:../Firmware/CMSIS/core_cm23.h **** #define CoreDebug_DAUTHCTRL_SPIDENSEL_Msk  (1UL /*<< CoreDebug_DAUTHCTRL_SPIDENSEL_Pos*/) /*!< Core
1110:../Firmware/CMSIS/core_cm23.h **** 
1111:../Firmware/CMSIS/core_cm23.h **** /* Debug Security Control and Status Register Definitions */
1112:../Firmware/CMSIS/core_cm23.h **** #define CoreDebug_DSCSR_CDS_Pos            16U                                            /*!< Core
1113:../Firmware/CMSIS/core_cm23.h **** #define CoreDebug_DSCSR_CDS_Msk            (1UL << CoreDebug_DSCSR_CDS_Pos)               /*!< Core
1114:../Firmware/CMSIS/core_cm23.h **** 
1115:../Firmware/CMSIS/core_cm23.h **** #define CoreDebug_DSCSR_SBRSEL_Pos          1U                                            /*!< Core
1116:../Firmware/CMSIS/core_cm23.h **** #define CoreDebug_DSCSR_SBRSEL_Msk         (1UL << CoreDebug_DSCSR_SBRSEL_Pos)            /*!< Core
1117:../Firmware/CMSIS/core_cm23.h **** 
1118:../Firmware/CMSIS/core_cm23.h **** #define CoreDebug_DSCSR_SBRSELEN_Pos        0U                                            /*!< Core
1119:../Firmware/CMSIS/core_cm23.h **** #define CoreDebug_DSCSR_SBRSELEN_Msk       (1UL /*<< CoreDebug_DSCSR_SBRSELEN_Pos*/)      /*!< Core
1120:../Firmware/CMSIS/core_cm23.h **** 
1121:../Firmware/CMSIS/core_cm23.h **** /*@} end of group CMSIS_CoreDebug */
1122:../Firmware/CMSIS/core_cm23.h **** 
1123:../Firmware/CMSIS/core_cm23.h **** 
1124:../Firmware/CMSIS/core_cm23.h **** /**
1125:../Firmware/CMSIS/core_cm23.h ****   \ingroup    CMSIS_core_register
1126:../Firmware/CMSIS/core_cm23.h ****   \defgroup   CMSIS_core_bitfield     Core register bit field macros
1127:../Firmware/CMSIS/core_cm23.h ****   \brief      Macros for use with bit field definitions (xxx_Pos, xxx_Msk).
1128:../Firmware/CMSIS/core_cm23.h ****   @{
1129:../Firmware/CMSIS/core_cm23.h ****  */
1130:../Firmware/CMSIS/core_cm23.h **** 
1131:../Firmware/CMSIS/core_cm23.h **** /**
1132:../Firmware/CMSIS/core_cm23.h ****   \brief   Mask and shift a bit field value for use in a register bit range.
1133:../Firmware/CMSIS/core_cm23.h ****   \param[in] field  Name of the register bit field.
1134:../Firmware/CMSIS/core_cm23.h ****   \param[in] value  Value of the bit field. This parameter is interpreted as an uint32_t type.
1135:../Firmware/CMSIS/core_cm23.h ****   \return           Masked and shifted value.
1136:../Firmware/CMSIS/core_cm23.h **** */
1137:../Firmware/CMSIS/core_cm23.h **** #define _VAL2FLD(field, value)    (((uint32_t)(value) << field ## _Pos) & field ## _Msk)
1138:../Firmware/CMSIS/core_cm23.h **** 
1139:../Firmware/CMSIS/core_cm23.h **** /**
1140:../Firmware/CMSIS/core_cm23.h ****   \brief     Mask and shift a register value to extract a bit filed value.
1141:../Firmware/CMSIS/core_cm23.h ****   \param[in] field  Name of the register bit field.
1142:../Firmware/CMSIS/core_cm23.h ****   \param[in] value  Value of register. This parameter is interpreted as an uint32_t type.
1143:../Firmware/CMSIS/core_cm23.h ****   \return           Masked and shifted bit field value.
1144:../Firmware/CMSIS/core_cm23.h **** */
1145:../Firmware/CMSIS/core_cm23.h **** #define _FLD2VAL(field, value)    (((uint32_t)(value) & field ## _Msk) >> field ## _Pos)
1146:../Firmware/CMSIS/core_cm23.h **** 
1147:../Firmware/CMSIS/core_cm23.h **** /*@} end of group CMSIS_core_bitfield */
1148:../Firmware/CMSIS/core_cm23.h **** 
1149:../Firmware/CMSIS/core_cm23.h **** 
1150:../Firmware/CMSIS/core_cm23.h **** /**
1151:../Firmware/CMSIS/core_cm23.h ****   \ingroup    CMSIS_core_register
1152:../Firmware/CMSIS/core_cm23.h ****   \defgroup   CMSIS_core_base     Core Definitions
1153:../Firmware/CMSIS/core_cm23.h ****   \brief      Definitions for base addresses, unions, and structures.
1154:../Firmware/CMSIS/core_cm23.h ****   @{
1155:../Firmware/CMSIS/core_cm23.h ****  */
1156:../Firmware/CMSIS/core_cm23.h **** 
1157:../Firmware/CMSIS/core_cm23.h **** /* Memory mapping of Core Hardware */
1158:../Firmware/CMSIS/core_cm23.h ****   #define SCS_BASE            (0xE000E000UL)                             /*!< System Control Space 
1159:../Firmware/CMSIS/core_cm23.h ****   #define DWT_BASE            (0xE0001000UL)                             /*!< DWT Base Address */
1160:../Firmware/CMSIS/core_cm23.h ****   #define TPI_BASE            (0xE0040000UL)                             /*!< TPI Base Address */
1161:../Firmware/CMSIS/core_cm23.h ****   #define CoreDebug_BASE      (0xE000EDF0UL)                             /*!< Core Debug Base Addre
1162:../Firmware/CMSIS/core_cm23.h ****   #define SysTick_BASE        (SCS_BASE +  0x0010UL)                     /*!< SysTick Base Address 
1163:../Firmware/CMSIS/core_cm23.h ****   #define NVIC_BASE           (SCS_BASE +  0x0100UL)                     /*!< NVIC Base Address */
1164:../Firmware/CMSIS/core_cm23.h ****   #define SCB_BASE            (SCS_BASE +  0x0D00UL)                     /*!< System Control Block 
1165:../Firmware/CMSIS/core_cm23.h **** 
1166:../Firmware/CMSIS/core_cm23.h **** 
1167:../Firmware/CMSIS/core_cm23.h ****   #define SCB                 ((SCB_Type       *)     SCB_BASE         ) /*!< SCB configuration str
1168:../Firmware/CMSIS/core_cm23.h ****   #define SysTick             ((SysTick_Type   *)     SysTick_BASE     ) /*!< SysTick configuration
1169:../Firmware/CMSIS/core_cm23.h ****   #define NVIC                ((NVIC_Type      *)     NVIC_BASE        ) /*!< NVIC configuration st
1170:../Firmware/CMSIS/core_cm23.h ****   #define DWT                 ((DWT_Type       *)     DWT_BASE         ) /*!< DWT configuration str
1171:../Firmware/CMSIS/core_cm23.h ****   #define TPI                 ((TPI_Type       *)     TPI_BASE         ) /*!< TPI configuration str
1172:../Firmware/CMSIS/core_cm23.h ****   #define CoreDebug           ((CoreDebug_Type *)     CoreDebug_BASE   ) /*!< Core Debug configurat
1173:../Firmware/CMSIS/core_cm23.h **** 
1174:../Firmware/CMSIS/core_cm23.h ****   #if defined (__MPU_PRESENT) && (__MPU_PRESENT == 1U)
1175:../Firmware/CMSIS/core_cm23.h ****     #define MPU_BASE          (SCS_BASE +  0x0D90UL)                     /*!< Memory Protection Uni
1176:../Firmware/CMSIS/core_cm23.h ****     #define MPU               ((MPU_Type       *)     MPU_BASE         ) /*!< Memory Protection Uni
1177:../Firmware/CMSIS/core_cm23.h ****   #endif
1178:../Firmware/CMSIS/core_cm23.h **** 
1179:../Firmware/CMSIS/core_cm23.h ****   #if defined (__ARM_FEATURE_CMSE) && (__ARM_FEATURE_CMSE == 3U)
1180:../Firmware/CMSIS/core_cm23.h ****     #define SAU_BASE          (SCS_BASE +  0x0DD0UL)                     /*!< Security Attribution 
1181:../Firmware/CMSIS/core_cm23.h ****     #define SAU               ((SAU_Type       *)     SAU_BASE         ) /*!< Security Attribution 
1182:../Firmware/CMSIS/core_cm23.h ****   #endif
1183:../Firmware/CMSIS/core_cm23.h **** 
1184:../Firmware/CMSIS/core_cm23.h **** #if defined (__ARM_FEATURE_CMSE) && (__ARM_FEATURE_CMSE == 3U)
1185:../Firmware/CMSIS/core_cm23.h ****   #define SCS_BASE_NS         (0xE002E000UL)                             /*!< System Control Space 
1186:../Firmware/CMSIS/core_cm23.h ****   #define CoreDebug_BASE_NS   (0xE002EDF0UL)                             /*!< Core Debug Base Addre
1187:../Firmware/CMSIS/core_cm23.h ****   #define SysTick_BASE_NS     (SCS_BASE_NS +  0x0010UL)                  /*!< SysTick Base Address 
1188:../Firmware/CMSIS/core_cm23.h ****   #define NVIC_BASE_NS        (SCS_BASE_NS +  0x0100UL)                  /*!< NVIC Base Address    
1189:../Firmware/CMSIS/core_cm23.h ****   #define SCB_BASE_NS         (SCS_BASE_NS +  0x0D00UL)                  /*!< System Control Block 
1190:../Firmware/CMSIS/core_cm23.h **** 
1191:../Firmware/CMSIS/core_cm23.h ****   #define SCB_NS              ((SCB_Type       *)     SCB_BASE_NS      ) /*!< SCB configuration str
1192:../Firmware/CMSIS/core_cm23.h ****   #define SysTick_NS          ((SysTick_Type   *)     SysTick_BASE_NS  ) /*!< SysTick configuration
1193:../Firmware/CMSIS/core_cm23.h ****   #define NVIC_NS             ((NVIC_Type      *)     NVIC_BASE_NS     ) /*!< NVIC configuration st
1194:../Firmware/CMSIS/core_cm23.h ****   #define CoreDebug_NS        ((CoreDebug_Type *)     CoreDebug_BASE_NS) /*!< Core Debug configurat
1195:../Firmware/CMSIS/core_cm23.h **** 
1196:../Firmware/CMSIS/core_cm23.h ****   #if defined (__MPU_PRESENT) && (__MPU_PRESENT == 1U)
1197:../Firmware/CMSIS/core_cm23.h ****     #define MPU_BASE_NS       (SCS_BASE_NS +  0x0D90UL)                  /*!< Memory Protection Uni
1198:../Firmware/CMSIS/core_cm23.h ****     #define MPU_NS            ((MPU_Type       *)     MPU_BASE_NS      ) /*!< Memory Protection Uni
1199:../Firmware/CMSIS/core_cm23.h ****   #endif
1200:../Firmware/CMSIS/core_cm23.h **** 
1201:../Firmware/CMSIS/core_cm23.h **** #endif /* defined (__ARM_FEATURE_CMSE) && (__ARM_FEATURE_CMSE == 3U) */
1202:../Firmware/CMSIS/core_cm23.h **** /*@} */
1203:../Firmware/CMSIS/core_cm23.h **** 
1204:../Firmware/CMSIS/core_cm23.h **** 
1205:../Firmware/CMSIS/core_cm23.h **** 
1206:../Firmware/CMSIS/core_cm23.h **** /*******************************************************************************
1207:../Firmware/CMSIS/core_cm23.h ****  *                Hardware Abstraction Layer
1208:../Firmware/CMSIS/core_cm23.h ****   Core Function Interface contains:
1209:../Firmware/CMSIS/core_cm23.h ****   - Core NVIC Functions
1210:../Firmware/CMSIS/core_cm23.h ****   - Core SysTick Functions
1211:../Firmware/CMSIS/core_cm23.h ****   - Core Register Access Functions
1212:../Firmware/CMSIS/core_cm23.h ****  ******************************************************************************/
1213:../Firmware/CMSIS/core_cm23.h **** /**
1214:../Firmware/CMSIS/core_cm23.h ****   \defgroup CMSIS_Core_FunctionInterface Functions and Instructions Reference
1215:../Firmware/CMSIS/core_cm23.h **** */
1216:../Firmware/CMSIS/core_cm23.h **** 
1217:../Firmware/CMSIS/core_cm23.h **** 
1218:../Firmware/CMSIS/core_cm23.h **** 
1219:../Firmware/CMSIS/core_cm23.h **** /* ##########################   NVIC functions  #################################### */
1220:../Firmware/CMSIS/core_cm23.h **** /**
1221:../Firmware/CMSIS/core_cm23.h ****   \ingroup  CMSIS_Core_FunctionInterface
1222:../Firmware/CMSIS/core_cm23.h ****   \defgroup CMSIS_Core_NVICFunctions NVIC Functions
1223:../Firmware/CMSIS/core_cm23.h ****   \brief    Functions that manage interrupts and exceptions via the NVIC.
1224:../Firmware/CMSIS/core_cm23.h ****   @{
1225:../Firmware/CMSIS/core_cm23.h ****  */
1226:../Firmware/CMSIS/core_cm23.h **** 
1227:../Firmware/CMSIS/core_cm23.h **** #ifndef CMSIS_NVIC_VIRTUAL
1228:../Firmware/CMSIS/core_cm23.h **** /*#define NVIC_SetPriorityGrouping    __NVIC_SetPriorityGrouping   not available for Cortex-M23 */
1229:../Firmware/CMSIS/core_cm23.h **** /*#define NVIC_GetPriorityGrouping    __NVIC_GetPriorityGrouping   not available for Cortex-M23 */
1230:../Firmware/CMSIS/core_cm23.h ****   #define NVIC_EnableIRQ              __NVIC_EnableIRQ
1231:../Firmware/CMSIS/core_cm23.h ****   #define NVIC_GetEnableIRQ           __NVIC_GetEnableIRQ
1232:../Firmware/CMSIS/core_cm23.h ****   #define NVIC_DisableIRQ             __NVIC_DisableIRQ
1233:../Firmware/CMSIS/core_cm23.h ****   #define NVIC_GetPendingIRQ          __NVIC_GetPendingIRQ
1234:../Firmware/CMSIS/core_cm23.h ****   #define NVIC_SetPendingIRQ          __NVIC_SetPendingIRQ
1235:../Firmware/CMSIS/core_cm23.h ****   #define NVIC_ClearPendingIRQ        __NVIC_ClearPendingIRQ
1236:../Firmware/CMSIS/core_cm23.h ****   #define NVIC_GetActive              __NVIC_GetActive
1237:../Firmware/CMSIS/core_cm23.h ****   #define NVIC_SetPriority            __NVIC_SetPriority
1238:../Firmware/CMSIS/core_cm23.h ****   #define NVIC_GetPriority            __NVIC_GetPriority
1239:../Firmware/CMSIS/core_cm23.h **** #endif /* CMSIS_NVIC_VIRTUAL */
1240:../Firmware/CMSIS/core_cm23.h **** 
1241:../Firmware/CMSIS/core_cm23.h **** #ifndef CMSIS_VECTAB_VIRTUAL
1242:../Firmware/CMSIS/core_cm23.h ****   #define NVIC_SetVector              __NVIC_SetVector
1243:../Firmware/CMSIS/core_cm23.h ****   #define NVIC_GetVector              __NVIC_GetVector
1244:../Firmware/CMSIS/core_cm23.h **** #endif  /* (CMSIS_VECTAB_VIRTUAL) */
1245:../Firmware/CMSIS/core_cm23.h **** 
1246:../Firmware/CMSIS/core_cm23.h **** #define NVIC_USER_IRQ_OFFSET          16
1247:../Firmware/CMSIS/core_cm23.h **** 
1248:../Firmware/CMSIS/core_cm23.h **** 
1249:../Firmware/CMSIS/core_cm23.h **** /* Interrupt Priorities are WORD accessible only under ARMv6M                   */
1250:../Firmware/CMSIS/core_cm23.h **** /* The following MACROS handle generation of the register offset and byte masks */
1251:../Firmware/CMSIS/core_cm23.h **** #define _BIT_SHIFT(IRQn)         (  ((((uint32_t)(int32_t)(IRQn))         )      &  0x03UL) * 8UL)
1252:../Firmware/CMSIS/core_cm23.h **** #define _SHP_IDX(IRQn)           ( (((((uint32_t)(int32_t)(IRQn)) & 0x0FUL)-8UL) >>    2UL)      )
1253:../Firmware/CMSIS/core_cm23.h **** #define _IP_IDX(IRQn)            (   (((uint32_t)(int32_t)(IRQn))                >>    2UL)      )
1254:../Firmware/CMSIS/core_cm23.h **** 
1255:../Firmware/CMSIS/core_cm23.h **** 
1256:../Firmware/CMSIS/core_cm23.h **** /**
1257:../Firmware/CMSIS/core_cm23.h ****   \brief   Enable Interrupt
1258:../Firmware/CMSIS/core_cm23.h ****   \details Enables a device specific interrupt in the NVIC interrupt controller.
1259:../Firmware/CMSIS/core_cm23.h ****   \param [in]      IRQn  Device specific interrupt number.
1260:../Firmware/CMSIS/core_cm23.h ****   \note    IRQn must not be negative.
1261:../Firmware/CMSIS/core_cm23.h ****  */
1262:../Firmware/CMSIS/core_cm23.h **** __STATIC_INLINE void __NVIC_EnableIRQ(IRQn_Type IRQn)
1263:../Firmware/CMSIS/core_cm23.h **** {
  26              		.loc 1 1263 1
  27              		.cfi_startproc
  28              		@ args = 0, pretend = 0, frame = 8
  29              		@ frame_needed = 1, uses_anonymous_args = 0
  30 0000 80B5     		push	{r7, lr}
  31              		.cfi_def_cfa_offset 8
  32              		.cfi_offset 7, -8
  33              		.cfi_offset 14, -4
  34 0002 82B0     		sub	sp, sp, #8
  35              		.cfi_def_cfa_offset 16
  36 0004 00AF     		add	r7, sp, #0
  37              		.cfi_def_cfa_register 7
  38 0006 0200     		movs	r2, r0
  39 0008 FB1D     		adds	r3, r7, #7
  40 000a 1A70     		strb	r2, [r3]
1264:../Firmware/CMSIS/core_cm23.h ****   if ((int32_t)(IRQn) >= 0)
  41              		.loc 1 1264 6
  42 000c FB1D     		adds	r3, r7, #7
  43 000e 1B78     		ldrb	r3, [r3]
  44 0010 7F2B     		cmp	r3, #127
  45 0012 12D8     		bhi	.L3
1265:../Firmware/CMSIS/core_cm23.h ****   {
1266:../Firmware/CMSIS/core_cm23.h ****     NVIC->ISER[(((uint32_t)(int32_t)IRQn) >> 5UL)] = (uint32_t)(1UL << (((uint32_t)(int32_t)IRQn) &
  46              		.loc 1 1266 99
  47 0014 FB1D     		adds	r3, r7, #7
  48 0016 1B78     		ldrb	r3, [r3]
  49 0018 1A00     		movs	r2, r3
  50 001a 1F23     		movs	r3, #31
  51 001c 1A40     		ands	r2, r3
  52 001e 1100     		movs	r1, r2
  53              		.loc 1 1266 9
  54 0020 4EF20013 		movw	r3, #57600
  55 0024 CEF20003 		movt	r3, 57344
  56              		.loc 1 1266 18
  57 0028 FA1D     		adds	r2, r7, #7
  58 002a 1278     		ldrb	r2, [r2]
  59 002c 52B2     		sxtb	r2, r2
  60              		.loc 1 1266 43
  61 002e 5209     		lsrs	r2, r2, #5
  62              		.loc 1 1266 54
  63 0030 0120     		movs	r0, #1
  64 0032 8840     		lsls	r0, r0, r1
  65 0034 0100     		movs	r1, r0
  66              		.loc 1 1266 52
  67 0036 9200     		lsls	r2, r2, #2
  68 0038 D150     		str	r1, [r2, r3]
  69              	.L3:
1267:../Firmware/CMSIS/core_cm23.h ****   }
1268:../Firmware/CMSIS/core_cm23.h **** }
  70              		.loc 1 1268 1
  71 003a C046     		nop
  72 003c BD46     		mov	sp, r7
  73 003e 02B0     		add	sp, sp, #8
  74              		@ sp needed
  75 0040 80BD     		pop	{r7, pc}
  76              		.cfi_endproc
  77              	.LFE44:
  79              		.section	.text.__NVIC_DisableIRQ,"ax",%progbits
  80              		.align	1
  81              		.syntax unified
  82              		.code	16
  83              		.thumb_func
  84              		.fpu softvfp
  86              	__NVIC_DisableIRQ:
  87              	.LFB46:
1269:../Firmware/CMSIS/core_cm23.h **** 
1270:../Firmware/CMSIS/core_cm23.h **** 
1271:../Firmware/CMSIS/core_cm23.h **** /**
1272:../Firmware/CMSIS/core_cm23.h ****   \brief   Get Interrupt Enable status
1273:../Firmware/CMSIS/core_cm23.h ****   \details Returns a device specific interrupt enable status from the NVIC interrupt controller.
1274:../Firmware/CMSIS/core_cm23.h ****   \param [in]      IRQn  Device specific interrupt number.
1275:../Firmware/CMSIS/core_cm23.h ****   \return             0  Interrupt is not enabled.
1276:../Firmware/CMSIS/core_cm23.h ****   \return             1  Interrupt is enabled.
1277:../Firmware/CMSIS/core_cm23.h ****   \note    IRQn must not be negative.
1278:../Firmware/CMSIS/core_cm23.h ****  */
1279:../Firmware/CMSIS/core_cm23.h **** __STATIC_INLINE uint32_t __NVIC_GetEnableIRQ(IRQn_Type IRQn)
1280:../Firmware/CMSIS/core_cm23.h **** {
1281:../Firmware/CMSIS/core_cm23.h ****   if ((int32_t)(IRQn) >= 0)
1282:../Firmware/CMSIS/core_cm23.h ****   {
1283:../Firmware/CMSIS/core_cm23.h ****     return((uint32_t)(((NVIC->ISER[(((uint32_t)(int32_t)IRQn) >> 5UL)] & (1UL << (((uint32_t)(int32
1284:../Firmware/CMSIS/core_cm23.h ****   }
1285:../Firmware/CMSIS/core_cm23.h ****   else
1286:../Firmware/CMSIS/core_cm23.h ****   {
1287:../Firmware/CMSIS/core_cm23.h ****     return(0U);
1288:../Firmware/CMSIS/core_cm23.h ****   }
1289:../Firmware/CMSIS/core_cm23.h **** }
1290:../Firmware/CMSIS/core_cm23.h **** 
1291:../Firmware/CMSIS/core_cm23.h **** 
1292:../Firmware/CMSIS/core_cm23.h **** /**
1293:../Firmware/CMSIS/core_cm23.h ****   \brief   Disable Interrupt
1294:../Firmware/CMSIS/core_cm23.h ****   \details Disables a device specific interrupt in the NVIC interrupt controller.
1295:../Firmware/CMSIS/core_cm23.h ****   \param [in]      IRQn  Device specific interrupt number.
1296:../Firmware/CMSIS/core_cm23.h ****   \note    IRQn must not be negative.
1297:../Firmware/CMSIS/core_cm23.h ****  */
1298:../Firmware/CMSIS/core_cm23.h **** __STATIC_INLINE void __NVIC_DisableIRQ(IRQn_Type IRQn)
1299:../Firmware/CMSIS/core_cm23.h **** {
  88              		.loc 1 1299 1
  89              		.cfi_startproc
  90              		@ args = 0, pretend = 0, frame = 8
  91              		@ frame_needed = 1, uses_anonymous_args = 0
  92 0000 80B5     		push	{r7, lr}
  93              		.cfi_def_cfa_offset 8
  94              		.cfi_offset 7, -8
  95              		.cfi_offset 14, -4
  96 0002 82B0     		sub	sp, sp, #8
  97              		.cfi_def_cfa_offset 16
  98 0004 00AF     		add	r7, sp, #0
  99              		.cfi_def_cfa_register 7
 100 0006 0200     		movs	r2, r0
 101 0008 FB1D     		adds	r3, r7, #7
 102 000a 1A70     		strb	r2, [r3]
1300:../Firmware/CMSIS/core_cm23.h ****   if ((int32_t)(IRQn) >= 0)
 103              		.loc 1 1300 6
 104 000c FB1D     		adds	r3, r7, #7
 105 000e 1B78     		ldrb	r3, [r3]
 106 0010 7F2B     		cmp	r3, #127
 107 0012 19D8     		bhi	.L6
1301:../Firmware/CMSIS/core_cm23.h ****   {
1302:../Firmware/CMSIS/core_cm23.h ****     NVIC->ICER[(((uint32_t)(int32_t)IRQn) >> 5UL)] = (uint32_t)(1UL << (((uint32_t)(int32_t)IRQn) &
 108              		.loc 1 1302 99
 109 0014 FB1D     		adds	r3, r7, #7
 110 0016 1B78     		ldrb	r3, [r3]
 111 0018 1A00     		movs	r2, r3
 112 001a 1F23     		movs	r3, #31
 113 001c 1A40     		ands	r2, r3
 114 001e 1100     		movs	r1, r2
 115              		.loc 1 1302 9
 116 0020 4EF20013 		movw	r3, #57600
 117 0024 CEF20003 		movt	r3, 57344
 118              		.loc 1 1302 18
 119 0028 FA1D     		adds	r2, r7, #7
 120 002a 1278     		ldrb	r2, [r2]
 121 002c 52B2     		sxtb	r2, r2
 122              		.loc 1 1302 43
 123 002e 5209     		lsrs	r2, r2, #5
 124              		.loc 1 1302 54
 125 0030 0120     		movs	r0, #1
 126 0032 8840     		lsls	r0, r0, r1
 127 0034 0100     		movs	r1, r0
 128              		.loc 1 1302 52
 129 0036 2032     		adds	r2, r2, #32
 130 0038 9200     		lsls	r2, r2, #2
 131 003a D150     		str	r1, [r2, r3]
 132              	.LBB12:
 133              	.LBB13:
 134              		.file 2 "../Firmware/CMSIS/cmsis_gcc.h"
   1:../Firmware/CMSIS/cmsis_gcc.h **** /**************************************************************************//**
   2:../Firmware/CMSIS/cmsis_gcc.h ****  * @file     cmsis_gcc.h
   3:../Firmware/CMSIS/cmsis_gcc.h ****  * @brief    CMSIS compiler GCC header file
   4:../Firmware/CMSIS/cmsis_gcc.h ****  * @version  V5.0.1
   5:../Firmware/CMSIS/cmsis_gcc.h ****  * @date     02. February 2017
   6:../Firmware/CMSIS/cmsis_gcc.h ****  ******************************************************************************/
   7:../Firmware/CMSIS/cmsis_gcc.h **** /*
   8:../Firmware/CMSIS/cmsis_gcc.h ****  * Copyright (c) 2009-2017 ARM Limited. All rights reserved.
   9:../Firmware/CMSIS/cmsis_gcc.h ****  *
  10:../Firmware/CMSIS/cmsis_gcc.h ****  * SPDX-License-Identifier: Apache-2.0
  11:../Firmware/CMSIS/cmsis_gcc.h ****  *
  12:../Firmware/CMSIS/cmsis_gcc.h ****  * Licensed under the Apache License, Version 2.0 (the License); you may
  13:../Firmware/CMSIS/cmsis_gcc.h ****  * not use this file except in compliance with the License.
  14:../Firmware/CMSIS/cmsis_gcc.h ****  * You may obtain a copy of the License at
  15:../Firmware/CMSIS/cmsis_gcc.h ****  *
  16:../Firmware/CMSIS/cmsis_gcc.h ****  * www.apache.org/licenses/LICENSE-2.0
  17:../Firmware/CMSIS/cmsis_gcc.h ****  *
  18:../Firmware/CMSIS/cmsis_gcc.h ****  * Unless required by applicable law or agreed to in writing, software
  19:../Firmware/CMSIS/cmsis_gcc.h ****  * distributed under the License is distributed on an AS IS BASIS, WITHOUT
  20:../Firmware/CMSIS/cmsis_gcc.h ****  * WARRANTIES OR CONDITIONS OF ANY KIND, either express or implied.
  21:../Firmware/CMSIS/cmsis_gcc.h ****  * See the License for the specific language governing permissions and
  22:../Firmware/CMSIS/cmsis_gcc.h ****  * limitations under the License.
  23:../Firmware/CMSIS/cmsis_gcc.h ****  */
  24:../Firmware/CMSIS/cmsis_gcc.h **** 
  25:../Firmware/CMSIS/cmsis_gcc.h **** #ifndef __CMSIS_GCC_H
  26:../Firmware/CMSIS/cmsis_gcc.h **** #define __CMSIS_GCC_H
  27:../Firmware/CMSIS/cmsis_gcc.h **** 
  28:../Firmware/CMSIS/cmsis_gcc.h **** /* ignore some GCC warnings */
  29:../Firmware/CMSIS/cmsis_gcc.h **** #pragma GCC diagnostic push
  30:../Firmware/CMSIS/cmsis_gcc.h **** #pragma GCC diagnostic ignored "-Wsign-conversion"
  31:../Firmware/CMSIS/cmsis_gcc.h **** #pragma GCC diagnostic ignored "-Wconversion"
  32:../Firmware/CMSIS/cmsis_gcc.h **** #pragma GCC diagnostic ignored "-Wunused-parameter"
  33:../Firmware/CMSIS/cmsis_gcc.h **** 
  34:../Firmware/CMSIS/cmsis_gcc.h **** /* CMSIS compiler specific defines */
  35:../Firmware/CMSIS/cmsis_gcc.h **** #ifndef   __ASM
  36:../Firmware/CMSIS/cmsis_gcc.h ****   #define __ASM                     __asm
  37:../Firmware/CMSIS/cmsis_gcc.h **** #endif
  38:../Firmware/CMSIS/cmsis_gcc.h **** #ifndef   __INLINE
  39:../Firmware/CMSIS/cmsis_gcc.h ****   #define __INLINE                  inline
  40:../Firmware/CMSIS/cmsis_gcc.h **** #endif
  41:../Firmware/CMSIS/cmsis_gcc.h **** #ifndef   __STATIC_INLINE
  42:../Firmware/CMSIS/cmsis_gcc.h ****   #define __STATIC_INLINE           static inline
  43:../Firmware/CMSIS/cmsis_gcc.h **** #endif
  44:../Firmware/CMSIS/cmsis_gcc.h **** #ifndef   __NO_RETURN
  45:../Firmware/CMSIS/cmsis_gcc.h ****   #define __NO_RETURN               __attribute__((noreturn))
  46:../Firmware/CMSIS/cmsis_gcc.h **** #endif
  47:../Firmware/CMSIS/cmsis_gcc.h **** #ifndef   __USED
  48:../Firmware/CMSIS/cmsis_gcc.h ****   #define __USED                    __attribute__((used))
  49:../Firmware/CMSIS/cmsis_gcc.h **** #endif
  50:../Firmware/CMSIS/cmsis_gcc.h **** #ifndef   __WEAK
  51:../Firmware/CMSIS/cmsis_gcc.h ****   #define __WEAK                    __attribute__((weak))
  52:../Firmware/CMSIS/cmsis_gcc.h **** #endif
  53:../Firmware/CMSIS/cmsis_gcc.h **** #ifndef   __UNALIGNED_UINT32
  54:../Firmware/CMSIS/cmsis_gcc.h **** #pragma GCC diagnostic push
  55:../Firmware/CMSIS/cmsis_gcc.h **** #pragma GCC diagnostic ignored "-Wpacked"
  56:../Firmware/CMSIS/cmsis_gcc.h **** #pragma GCC diagnostic ignored "-Wattributes"
  57:../Firmware/CMSIS/cmsis_gcc.h ****   struct __attribute__((packed)) T_UINT32 { uint32_t v; };
  58:../Firmware/CMSIS/cmsis_gcc.h **** #pragma GCC diagnostic pop
  59:../Firmware/CMSIS/cmsis_gcc.h ****   #define __UNALIGNED_UINT32(x)     (((struct T_UINT32 *)(x))->v)
  60:../Firmware/CMSIS/cmsis_gcc.h **** #endif
  61:../Firmware/CMSIS/cmsis_gcc.h **** #ifndef   __ALIGNED
  62:../Firmware/CMSIS/cmsis_gcc.h ****   #define __ALIGNED(x)              __attribute__((aligned(x)))
  63:../Firmware/CMSIS/cmsis_gcc.h **** #endif
  64:../Firmware/CMSIS/cmsis_gcc.h **** #ifndef   __PACKED
  65:../Firmware/CMSIS/cmsis_gcc.h ****   #define __PACKED                  __attribute__((packed, aligned(1)))
  66:../Firmware/CMSIS/cmsis_gcc.h **** #endif
  67:../Firmware/CMSIS/cmsis_gcc.h **** #ifndef   __PACKED_STRUCT
  68:../Firmware/CMSIS/cmsis_gcc.h ****   #define __PACKED_STRUCT           struct __attribute__((packed, aligned(1)))
  69:../Firmware/CMSIS/cmsis_gcc.h **** #endif
  70:../Firmware/CMSIS/cmsis_gcc.h **** 
  71:../Firmware/CMSIS/cmsis_gcc.h **** 
  72:../Firmware/CMSIS/cmsis_gcc.h **** /* ###########################  Core Function Access  ########################### */
  73:../Firmware/CMSIS/cmsis_gcc.h **** /** \ingroup  CMSIS_Core_FunctionInterface
  74:../Firmware/CMSIS/cmsis_gcc.h ****     \defgroup CMSIS_Core_RegAccFunctions CMSIS Core Register Access Functions
  75:../Firmware/CMSIS/cmsis_gcc.h ****   @{
  76:../Firmware/CMSIS/cmsis_gcc.h ****  */
  77:../Firmware/CMSIS/cmsis_gcc.h **** 
  78:../Firmware/CMSIS/cmsis_gcc.h **** /**
  79:../Firmware/CMSIS/cmsis_gcc.h ****   \brief   Enable IRQ Interrupts
  80:../Firmware/CMSIS/cmsis_gcc.h ****   \details Enables IRQ interrupts by clearing the I-bit in the CPSR.
  81:../Firmware/CMSIS/cmsis_gcc.h ****            Can only be executed in Privileged modes.
  82:../Firmware/CMSIS/cmsis_gcc.h ****  */
  83:../Firmware/CMSIS/cmsis_gcc.h **** __attribute__((always_inline)) __STATIC_INLINE void __enable_irq(void)
  84:../Firmware/CMSIS/cmsis_gcc.h **** {
  85:../Firmware/CMSIS/cmsis_gcc.h ****   __ASM volatile ("cpsie i" : : : "memory");
  86:../Firmware/CMSIS/cmsis_gcc.h **** }
  87:../Firmware/CMSIS/cmsis_gcc.h **** 
  88:../Firmware/CMSIS/cmsis_gcc.h **** 
  89:../Firmware/CMSIS/cmsis_gcc.h **** /**
  90:../Firmware/CMSIS/cmsis_gcc.h ****   \brief   Disable IRQ Interrupts
  91:../Firmware/CMSIS/cmsis_gcc.h ****   \details Disables IRQ interrupts by setting the I-bit in the CPSR.
  92:../Firmware/CMSIS/cmsis_gcc.h ****            Can only be executed in Privileged modes.
  93:../Firmware/CMSIS/cmsis_gcc.h ****  */
  94:../Firmware/CMSIS/cmsis_gcc.h **** __attribute__((always_inline)) __STATIC_INLINE void __disable_irq(void)
  95:../Firmware/CMSIS/cmsis_gcc.h **** {
  96:../Firmware/CMSIS/cmsis_gcc.h ****   __ASM volatile ("cpsid i" : : : "memory");
  97:../Firmware/CMSIS/cmsis_gcc.h **** }
  98:../Firmware/CMSIS/cmsis_gcc.h **** 
  99:../Firmware/CMSIS/cmsis_gcc.h **** 
 100:../Firmware/CMSIS/cmsis_gcc.h **** /**
 101:../Firmware/CMSIS/cmsis_gcc.h ****   \brief   Get Control Register
 102:../Firmware/CMSIS/cmsis_gcc.h ****   \details Returns the content of the Control Register.
 103:../Firmware/CMSIS/cmsis_gcc.h ****   \return               Control Register value
 104:../Firmware/CMSIS/cmsis_gcc.h ****  */
 105:../Firmware/CMSIS/cmsis_gcc.h **** __attribute__((always_inline)) __STATIC_INLINE uint32_t __get_CONTROL(void)
 106:../Firmware/CMSIS/cmsis_gcc.h **** {
 107:../Firmware/CMSIS/cmsis_gcc.h ****   uint32_t result;
 108:../Firmware/CMSIS/cmsis_gcc.h **** 
 109:../Firmware/CMSIS/cmsis_gcc.h ****   __ASM volatile ("MRS %0, control" : "=r" (result) );
 110:../Firmware/CMSIS/cmsis_gcc.h ****   return(result);
 111:../Firmware/CMSIS/cmsis_gcc.h **** }
 112:../Firmware/CMSIS/cmsis_gcc.h **** 
 113:../Firmware/CMSIS/cmsis_gcc.h **** 
 114:../Firmware/CMSIS/cmsis_gcc.h **** #if (defined (__ARM_FEATURE_CMSE ) && (__ARM_FEATURE_CMSE == 3))
 115:../Firmware/CMSIS/cmsis_gcc.h **** /**
 116:../Firmware/CMSIS/cmsis_gcc.h ****   \brief   Get Control Register (non-secure)
 117:../Firmware/CMSIS/cmsis_gcc.h ****   \details Returns the content of the non-secure Control Register when in secure mode.
 118:../Firmware/CMSIS/cmsis_gcc.h ****   \return               non-secure Control Register value
 119:../Firmware/CMSIS/cmsis_gcc.h ****  */
 120:../Firmware/CMSIS/cmsis_gcc.h **** __attribute__((always_inline)) __STATIC_INLINE uint32_t __TZ_get_CONTROL_NS(void)
 121:../Firmware/CMSIS/cmsis_gcc.h **** {
 122:../Firmware/CMSIS/cmsis_gcc.h ****   uint32_t result;
 123:../Firmware/CMSIS/cmsis_gcc.h **** 
 124:../Firmware/CMSIS/cmsis_gcc.h ****   __ASM volatile ("MRS %0, control_ns" : "=r" (result) );
 125:../Firmware/CMSIS/cmsis_gcc.h ****   return(result);
 126:../Firmware/CMSIS/cmsis_gcc.h **** }
 127:../Firmware/CMSIS/cmsis_gcc.h **** #endif
 128:../Firmware/CMSIS/cmsis_gcc.h **** 
 129:../Firmware/CMSIS/cmsis_gcc.h **** 
 130:../Firmware/CMSIS/cmsis_gcc.h **** /**
 131:../Firmware/CMSIS/cmsis_gcc.h ****   \brief   Set Control Register
 132:../Firmware/CMSIS/cmsis_gcc.h ****   \details Writes the given value to the Control Register.
 133:../Firmware/CMSIS/cmsis_gcc.h ****   \param [in]    control  Control Register value to set
 134:../Firmware/CMSIS/cmsis_gcc.h ****  */
 135:../Firmware/CMSIS/cmsis_gcc.h **** __attribute__((always_inline)) __STATIC_INLINE void __set_CONTROL(uint32_t control)
 136:../Firmware/CMSIS/cmsis_gcc.h **** {
 137:../Firmware/CMSIS/cmsis_gcc.h ****   __ASM volatile ("MSR control, %0" : : "r" (control) : "memory");
 138:../Firmware/CMSIS/cmsis_gcc.h **** }
 139:../Firmware/CMSIS/cmsis_gcc.h **** 
 140:../Firmware/CMSIS/cmsis_gcc.h **** 
 141:../Firmware/CMSIS/cmsis_gcc.h **** #if (defined (__ARM_FEATURE_CMSE ) && (__ARM_FEATURE_CMSE == 3))
 142:../Firmware/CMSIS/cmsis_gcc.h **** /**
 143:../Firmware/CMSIS/cmsis_gcc.h ****   \brief   Set Control Register (non-secure)
 144:../Firmware/CMSIS/cmsis_gcc.h ****   \details Writes the given value to the non-secure Control Register when in secure state.
 145:../Firmware/CMSIS/cmsis_gcc.h ****   \param [in]    control  Control Register value to set
 146:../Firmware/CMSIS/cmsis_gcc.h ****  */
 147:../Firmware/CMSIS/cmsis_gcc.h **** __attribute__((always_inline)) __STATIC_INLINE void __TZ_set_CONTROL_NS(uint32_t control)
 148:../Firmware/CMSIS/cmsis_gcc.h **** {
 149:../Firmware/CMSIS/cmsis_gcc.h ****   __ASM volatile ("MSR control_ns, %0" : : "r" (control) : "memory");
 150:../Firmware/CMSIS/cmsis_gcc.h **** }
 151:../Firmware/CMSIS/cmsis_gcc.h **** #endif
 152:../Firmware/CMSIS/cmsis_gcc.h **** 
 153:../Firmware/CMSIS/cmsis_gcc.h **** 
 154:../Firmware/CMSIS/cmsis_gcc.h **** /**
 155:../Firmware/CMSIS/cmsis_gcc.h ****   \brief   Get IPSR Register
 156:../Firmware/CMSIS/cmsis_gcc.h ****   \details Returns the content of the IPSR Register.
 157:../Firmware/CMSIS/cmsis_gcc.h ****   \return               IPSR Register value
 158:../Firmware/CMSIS/cmsis_gcc.h ****  */
 159:../Firmware/CMSIS/cmsis_gcc.h **** __attribute__((always_inline)) __STATIC_INLINE uint32_t __get_IPSR(void)
 160:../Firmware/CMSIS/cmsis_gcc.h **** {
 161:../Firmware/CMSIS/cmsis_gcc.h ****   uint32_t result;
 162:../Firmware/CMSIS/cmsis_gcc.h **** 
 163:../Firmware/CMSIS/cmsis_gcc.h ****   __ASM volatile ("MRS %0, ipsr" : "=r" (result) );
 164:../Firmware/CMSIS/cmsis_gcc.h ****   return(result);
 165:../Firmware/CMSIS/cmsis_gcc.h **** }
 166:../Firmware/CMSIS/cmsis_gcc.h **** 
 167:../Firmware/CMSIS/cmsis_gcc.h **** 
 168:../Firmware/CMSIS/cmsis_gcc.h **** /**
 169:../Firmware/CMSIS/cmsis_gcc.h ****   \brief   Get APSR Register
 170:../Firmware/CMSIS/cmsis_gcc.h ****   \details Returns the content of the APSR Register.
 171:../Firmware/CMSIS/cmsis_gcc.h ****   \return               APSR Register value
 172:../Firmware/CMSIS/cmsis_gcc.h ****  */
 173:../Firmware/CMSIS/cmsis_gcc.h **** __attribute__((always_inline)) __STATIC_INLINE uint32_t __get_APSR(void)
 174:../Firmware/CMSIS/cmsis_gcc.h **** {
 175:../Firmware/CMSIS/cmsis_gcc.h ****   uint32_t result;
 176:../Firmware/CMSIS/cmsis_gcc.h **** 
 177:../Firmware/CMSIS/cmsis_gcc.h ****   __ASM volatile ("MRS %0, apsr" : "=r" (result) );
 178:../Firmware/CMSIS/cmsis_gcc.h ****   return(result);
 179:../Firmware/CMSIS/cmsis_gcc.h **** }
 180:../Firmware/CMSIS/cmsis_gcc.h **** 
 181:../Firmware/CMSIS/cmsis_gcc.h **** 
 182:../Firmware/CMSIS/cmsis_gcc.h **** /**
 183:../Firmware/CMSIS/cmsis_gcc.h ****   \brief   Get xPSR Register
 184:../Firmware/CMSIS/cmsis_gcc.h ****   \details Returns the content of the xPSR Register.
 185:../Firmware/CMSIS/cmsis_gcc.h ****   \return               xPSR Register value
 186:../Firmware/CMSIS/cmsis_gcc.h ****  */
 187:../Firmware/CMSIS/cmsis_gcc.h **** __attribute__((always_inline)) __STATIC_INLINE uint32_t __get_xPSR(void)
 188:../Firmware/CMSIS/cmsis_gcc.h **** {
 189:../Firmware/CMSIS/cmsis_gcc.h ****   uint32_t result;
 190:../Firmware/CMSIS/cmsis_gcc.h **** 
 191:../Firmware/CMSIS/cmsis_gcc.h ****   __ASM volatile ("MRS %0, xpsr" : "=r" (result) );
 192:../Firmware/CMSIS/cmsis_gcc.h ****   return(result);
 193:../Firmware/CMSIS/cmsis_gcc.h **** }
 194:../Firmware/CMSIS/cmsis_gcc.h **** 
 195:../Firmware/CMSIS/cmsis_gcc.h **** 
 196:../Firmware/CMSIS/cmsis_gcc.h **** /**
 197:../Firmware/CMSIS/cmsis_gcc.h ****   \brief   Get Process Stack Pointer
 198:../Firmware/CMSIS/cmsis_gcc.h ****   \details Returns the current value of the Process Stack Pointer (PSP).
 199:../Firmware/CMSIS/cmsis_gcc.h ****   \return               PSP Register value
 200:../Firmware/CMSIS/cmsis_gcc.h ****  */
 201:../Firmware/CMSIS/cmsis_gcc.h **** __attribute__((always_inline)) __STATIC_INLINE uint32_t __get_PSP(void)
 202:../Firmware/CMSIS/cmsis_gcc.h **** {
 203:../Firmware/CMSIS/cmsis_gcc.h ****   register uint32_t result;
 204:../Firmware/CMSIS/cmsis_gcc.h **** 
 205:../Firmware/CMSIS/cmsis_gcc.h ****   __ASM volatile ("MRS %0, psp"  : "=r" (result) );
 206:../Firmware/CMSIS/cmsis_gcc.h ****   return(result);
 207:../Firmware/CMSIS/cmsis_gcc.h **** }
 208:../Firmware/CMSIS/cmsis_gcc.h **** 
 209:../Firmware/CMSIS/cmsis_gcc.h **** 
 210:../Firmware/CMSIS/cmsis_gcc.h **** #if (defined (__ARM_FEATURE_CMSE ) && (__ARM_FEATURE_CMSE == 3))
 211:../Firmware/CMSIS/cmsis_gcc.h **** /**
 212:../Firmware/CMSIS/cmsis_gcc.h ****   \brief   Get Process Stack Pointer (non-secure)
 213:../Firmware/CMSIS/cmsis_gcc.h ****   \details Returns the current value of the non-secure Process Stack Pointer (PSP) when in secure s
 214:../Firmware/CMSIS/cmsis_gcc.h ****   \return               PSP Register value
 215:../Firmware/CMSIS/cmsis_gcc.h ****  */
 216:../Firmware/CMSIS/cmsis_gcc.h **** __attribute__((always_inline)) __STATIC_INLINE uint32_t __TZ_get_PSP_NS(void)
 217:../Firmware/CMSIS/cmsis_gcc.h **** {
 218:../Firmware/CMSIS/cmsis_gcc.h ****   register uint32_t result;
 219:../Firmware/CMSIS/cmsis_gcc.h **** 
 220:../Firmware/CMSIS/cmsis_gcc.h ****   __ASM volatile ("MRS %0, psp_ns"  : "=r" (result) );
 221:../Firmware/CMSIS/cmsis_gcc.h ****   return(result);
 222:../Firmware/CMSIS/cmsis_gcc.h **** }
 223:../Firmware/CMSIS/cmsis_gcc.h **** #endif
 224:../Firmware/CMSIS/cmsis_gcc.h **** 
 225:../Firmware/CMSIS/cmsis_gcc.h **** 
 226:../Firmware/CMSIS/cmsis_gcc.h **** /**
 227:../Firmware/CMSIS/cmsis_gcc.h ****   \brief   Set Process Stack Pointer
 228:../Firmware/CMSIS/cmsis_gcc.h ****   \details Assigns the given value to the Process Stack Pointer (PSP).
 229:../Firmware/CMSIS/cmsis_gcc.h ****   \param [in]    topOfProcStack  Process Stack Pointer value to set
 230:../Firmware/CMSIS/cmsis_gcc.h ****  */
 231:../Firmware/CMSIS/cmsis_gcc.h **** __attribute__((always_inline)) __STATIC_INLINE void __set_PSP(uint32_t topOfProcStack)
 232:../Firmware/CMSIS/cmsis_gcc.h **** {
 233:../Firmware/CMSIS/cmsis_gcc.h ****   __ASM volatile ("MSR psp, %0" : : "r" (topOfProcStack) : );
 234:../Firmware/CMSIS/cmsis_gcc.h **** }
 235:../Firmware/CMSIS/cmsis_gcc.h **** 
 236:../Firmware/CMSIS/cmsis_gcc.h **** 
 237:../Firmware/CMSIS/cmsis_gcc.h **** #if (defined (__ARM_FEATURE_CMSE ) && (__ARM_FEATURE_CMSE == 3))
 238:../Firmware/CMSIS/cmsis_gcc.h **** /**
 239:../Firmware/CMSIS/cmsis_gcc.h ****   \brief   Set Process Stack Pointer (non-secure)
 240:../Firmware/CMSIS/cmsis_gcc.h ****   \details Assigns the given value to the non-secure Process Stack Pointer (PSP) when in secure sta
 241:../Firmware/CMSIS/cmsis_gcc.h ****   \param [in]    topOfProcStack  Process Stack Pointer value to set
 242:../Firmware/CMSIS/cmsis_gcc.h ****  */
 243:../Firmware/CMSIS/cmsis_gcc.h **** __attribute__((always_inline)) __STATIC_INLINE void __TZ_set_PSP_NS(uint32_t topOfProcStack)
 244:../Firmware/CMSIS/cmsis_gcc.h **** {
 245:../Firmware/CMSIS/cmsis_gcc.h ****   __ASM volatile ("MSR psp_ns, %0" : : "r" (topOfProcStack) : );
 246:../Firmware/CMSIS/cmsis_gcc.h **** }
 247:../Firmware/CMSIS/cmsis_gcc.h **** #endif
 248:../Firmware/CMSIS/cmsis_gcc.h **** 
 249:../Firmware/CMSIS/cmsis_gcc.h **** 
 250:../Firmware/CMSIS/cmsis_gcc.h **** /**
 251:../Firmware/CMSIS/cmsis_gcc.h ****   \brief   Get Main Stack Pointer
 252:../Firmware/CMSIS/cmsis_gcc.h ****   \details Returns the current value of the Main Stack Pointer (MSP).
 253:../Firmware/CMSIS/cmsis_gcc.h ****   \return               MSP Register value
 254:../Firmware/CMSIS/cmsis_gcc.h ****  */
 255:../Firmware/CMSIS/cmsis_gcc.h **** __attribute__((always_inline)) __STATIC_INLINE uint32_t __get_MSP(void)
 256:../Firmware/CMSIS/cmsis_gcc.h **** {
 257:../Firmware/CMSIS/cmsis_gcc.h ****   register uint32_t result;
 258:../Firmware/CMSIS/cmsis_gcc.h **** 
 259:../Firmware/CMSIS/cmsis_gcc.h ****   __ASM volatile ("MRS %0, msp" : "=r" (result) );
 260:../Firmware/CMSIS/cmsis_gcc.h ****   return(result);
 261:../Firmware/CMSIS/cmsis_gcc.h **** }
 262:../Firmware/CMSIS/cmsis_gcc.h **** 
 263:../Firmware/CMSIS/cmsis_gcc.h **** 
 264:../Firmware/CMSIS/cmsis_gcc.h **** #if (defined (__ARM_FEATURE_CMSE ) && (__ARM_FEATURE_CMSE == 3))
 265:../Firmware/CMSIS/cmsis_gcc.h **** /**
 266:../Firmware/CMSIS/cmsis_gcc.h ****   \brief   Get Main Stack Pointer (non-secure)
 267:../Firmware/CMSIS/cmsis_gcc.h ****   \details Returns the current value of the non-secure Main Stack Pointer (MSP) when in secure stat
 268:../Firmware/CMSIS/cmsis_gcc.h ****   \return               MSP Register value
 269:../Firmware/CMSIS/cmsis_gcc.h ****  */
 270:../Firmware/CMSIS/cmsis_gcc.h **** __attribute__((always_inline)) __STATIC_INLINE uint32_t __TZ_get_MSP_NS(void)
 271:../Firmware/CMSIS/cmsis_gcc.h **** {
 272:../Firmware/CMSIS/cmsis_gcc.h ****   register uint32_t result;
 273:../Firmware/CMSIS/cmsis_gcc.h **** 
 274:../Firmware/CMSIS/cmsis_gcc.h ****   __ASM volatile ("MRS %0, msp_ns" : "=r" (result) );
 275:../Firmware/CMSIS/cmsis_gcc.h ****   return(result);
 276:../Firmware/CMSIS/cmsis_gcc.h **** }
 277:../Firmware/CMSIS/cmsis_gcc.h **** #endif
 278:../Firmware/CMSIS/cmsis_gcc.h **** 
 279:../Firmware/CMSIS/cmsis_gcc.h **** 
 280:../Firmware/CMSIS/cmsis_gcc.h **** /**
 281:../Firmware/CMSIS/cmsis_gcc.h ****   \brief   Set Main Stack Pointer
 282:../Firmware/CMSIS/cmsis_gcc.h ****   \details Assigns the given value to the Main Stack Pointer (MSP).
 283:../Firmware/CMSIS/cmsis_gcc.h ****   \param [in]    topOfMainStack  Main Stack Pointer value to set
 284:../Firmware/CMSIS/cmsis_gcc.h ****  */
 285:../Firmware/CMSIS/cmsis_gcc.h **** __attribute__((always_inline)) __STATIC_INLINE void __set_MSP(uint32_t topOfMainStack)
 286:../Firmware/CMSIS/cmsis_gcc.h **** {
 287:../Firmware/CMSIS/cmsis_gcc.h ****   __ASM volatile ("MSR msp, %0" : : "r" (topOfMainStack) : );
 288:../Firmware/CMSIS/cmsis_gcc.h **** }
 289:../Firmware/CMSIS/cmsis_gcc.h **** 
 290:../Firmware/CMSIS/cmsis_gcc.h **** 
 291:../Firmware/CMSIS/cmsis_gcc.h **** #if (defined (__ARM_FEATURE_CMSE ) && (__ARM_FEATURE_CMSE == 3))
 292:../Firmware/CMSIS/cmsis_gcc.h **** /**
 293:../Firmware/CMSIS/cmsis_gcc.h ****   \brief   Set Main Stack Pointer (non-secure)
 294:../Firmware/CMSIS/cmsis_gcc.h ****   \details Assigns the given value to the non-secure Main Stack Pointer (MSP) when in secure state.
 295:../Firmware/CMSIS/cmsis_gcc.h ****   \param [in]    topOfMainStack  Main Stack Pointer value to set
 296:../Firmware/CMSIS/cmsis_gcc.h ****  */
 297:../Firmware/CMSIS/cmsis_gcc.h **** __attribute__((always_inline)) __STATIC_INLINE void __TZ_set_MSP_NS(uint32_t topOfMainStack)
 298:../Firmware/CMSIS/cmsis_gcc.h **** {
 299:../Firmware/CMSIS/cmsis_gcc.h ****   __ASM volatile ("MSR msp_ns, %0" : : "r" (topOfMainStack) : );
 300:../Firmware/CMSIS/cmsis_gcc.h **** }
 301:../Firmware/CMSIS/cmsis_gcc.h **** #endif
 302:../Firmware/CMSIS/cmsis_gcc.h **** 
 303:../Firmware/CMSIS/cmsis_gcc.h **** 
 304:../Firmware/CMSIS/cmsis_gcc.h **** /**
 305:../Firmware/CMSIS/cmsis_gcc.h ****   \brief   Get Priority Mask
 306:../Firmware/CMSIS/cmsis_gcc.h ****   \details Returns the current state of the priority mask bit from the Priority Mask Register.
 307:../Firmware/CMSIS/cmsis_gcc.h ****   \return               Priority Mask value
 308:../Firmware/CMSIS/cmsis_gcc.h ****  */
 309:../Firmware/CMSIS/cmsis_gcc.h **** __attribute__((always_inline)) __STATIC_INLINE uint32_t __get_PRIMASK(void)
 310:../Firmware/CMSIS/cmsis_gcc.h **** {
 311:../Firmware/CMSIS/cmsis_gcc.h ****   uint32_t result;
 312:../Firmware/CMSIS/cmsis_gcc.h **** 
 313:../Firmware/CMSIS/cmsis_gcc.h ****   __ASM volatile ("MRS %0, primask" : "=r" (result) );
 314:../Firmware/CMSIS/cmsis_gcc.h ****   return(result);
 315:../Firmware/CMSIS/cmsis_gcc.h **** }
 316:../Firmware/CMSIS/cmsis_gcc.h **** 
 317:../Firmware/CMSIS/cmsis_gcc.h **** 
 318:../Firmware/CMSIS/cmsis_gcc.h **** #if (defined (__ARM_FEATURE_CMSE ) && (__ARM_FEATURE_CMSE == 3))
 319:../Firmware/CMSIS/cmsis_gcc.h **** /**
 320:../Firmware/CMSIS/cmsis_gcc.h ****   \brief   Get Priority Mask (non-secure)
 321:../Firmware/CMSIS/cmsis_gcc.h ****   \details Returns the current state of the non-secure priority mask bit from the Priority Mask Reg
 322:../Firmware/CMSIS/cmsis_gcc.h ****   \return               Priority Mask value
 323:../Firmware/CMSIS/cmsis_gcc.h ****  */
 324:../Firmware/CMSIS/cmsis_gcc.h **** __attribute__((always_inline)) __STATIC_INLINE uint32_t __TZ_get_PRIMASK_NS(void)
 325:../Firmware/CMSIS/cmsis_gcc.h **** {
 326:../Firmware/CMSIS/cmsis_gcc.h ****   uint32_t result;
 327:../Firmware/CMSIS/cmsis_gcc.h **** 
 328:../Firmware/CMSIS/cmsis_gcc.h ****   __ASM volatile ("MRS %0, primask_ns" : "=r" (result) );
 329:../Firmware/CMSIS/cmsis_gcc.h ****   return(result);
 330:../Firmware/CMSIS/cmsis_gcc.h **** }
 331:../Firmware/CMSIS/cmsis_gcc.h **** #endif
 332:../Firmware/CMSIS/cmsis_gcc.h **** 
 333:../Firmware/CMSIS/cmsis_gcc.h **** 
 334:../Firmware/CMSIS/cmsis_gcc.h **** /**
 335:../Firmware/CMSIS/cmsis_gcc.h ****   \brief   Set Priority Mask
 336:../Firmware/CMSIS/cmsis_gcc.h ****   \details Assigns the given value to the Priority Mask Register.
 337:../Firmware/CMSIS/cmsis_gcc.h ****   \param [in]    priMask  Priority Mask
 338:../Firmware/CMSIS/cmsis_gcc.h ****  */
 339:../Firmware/CMSIS/cmsis_gcc.h **** __attribute__((always_inline)) __STATIC_INLINE void __set_PRIMASK(uint32_t priMask)
 340:../Firmware/CMSIS/cmsis_gcc.h **** {
 341:../Firmware/CMSIS/cmsis_gcc.h ****   __ASM volatile ("MSR primask, %0" : : "r" (priMask) : "memory");
 342:../Firmware/CMSIS/cmsis_gcc.h **** }
 343:../Firmware/CMSIS/cmsis_gcc.h **** 
 344:../Firmware/CMSIS/cmsis_gcc.h **** 
 345:../Firmware/CMSIS/cmsis_gcc.h **** #if (defined (__ARM_FEATURE_CMSE ) && (__ARM_FEATURE_CMSE == 3))
 346:../Firmware/CMSIS/cmsis_gcc.h **** /**
 347:../Firmware/CMSIS/cmsis_gcc.h ****   \brief   Set Priority Mask (non-secure)
 348:../Firmware/CMSIS/cmsis_gcc.h ****   \details Assigns the given value to the non-secure Priority Mask Register when in secure state.
 349:../Firmware/CMSIS/cmsis_gcc.h ****   \param [in]    priMask  Priority Mask
 350:../Firmware/CMSIS/cmsis_gcc.h ****  */
 351:../Firmware/CMSIS/cmsis_gcc.h **** __attribute__((always_inline)) __STATIC_INLINE void __TZ_set_PRIMASK_NS(uint32_t priMask)
 352:../Firmware/CMSIS/cmsis_gcc.h **** {
 353:../Firmware/CMSIS/cmsis_gcc.h ****   __ASM volatile ("MSR primask_ns, %0" : : "r" (priMask) : "memory");
 354:../Firmware/CMSIS/cmsis_gcc.h **** }
 355:../Firmware/CMSIS/cmsis_gcc.h **** #endif
 356:../Firmware/CMSIS/cmsis_gcc.h **** 
 357:../Firmware/CMSIS/cmsis_gcc.h **** 
 358:../Firmware/CMSIS/cmsis_gcc.h **** #if ((defined (__ARM_ARCH_7M__      ) && (__ARM_ARCH_7M__      == 1)) || \
 359:../Firmware/CMSIS/cmsis_gcc.h ****      (defined (__ARM_ARCH_7EM__     ) && (__ARM_ARCH_7EM__     == 1)) || \
 360:../Firmware/CMSIS/cmsis_gcc.h ****      (defined (__ARM_ARCH_8M_MAIN__ ) && (__ARM_ARCH_8M_MAIN__ == 1))    )
 361:../Firmware/CMSIS/cmsis_gcc.h **** /**
 362:../Firmware/CMSIS/cmsis_gcc.h ****   \brief   Enable FIQ
 363:../Firmware/CMSIS/cmsis_gcc.h ****   \details Enables FIQ interrupts by clearing the F-bit in the CPSR.
 364:../Firmware/CMSIS/cmsis_gcc.h ****            Can only be executed in Privileged modes.
 365:../Firmware/CMSIS/cmsis_gcc.h ****  */
 366:../Firmware/CMSIS/cmsis_gcc.h **** __attribute__((always_inline)) __STATIC_INLINE void __enable_fault_irq(void)
 367:../Firmware/CMSIS/cmsis_gcc.h **** {
 368:../Firmware/CMSIS/cmsis_gcc.h ****   __ASM volatile ("cpsie f" : : : "memory");
 369:../Firmware/CMSIS/cmsis_gcc.h **** }
 370:../Firmware/CMSIS/cmsis_gcc.h **** 
 371:../Firmware/CMSIS/cmsis_gcc.h **** 
 372:../Firmware/CMSIS/cmsis_gcc.h **** /**
 373:../Firmware/CMSIS/cmsis_gcc.h ****   \brief   Disable FIQ
 374:../Firmware/CMSIS/cmsis_gcc.h ****   \details Disables FIQ interrupts by setting the F-bit in the CPSR.
 375:../Firmware/CMSIS/cmsis_gcc.h ****            Can only be executed in Privileged modes.
 376:../Firmware/CMSIS/cmsis_gcc.h ****  */
 377:../Firmware/CMSIS/cmsis_gcc.h **** __attribute__((always_inline)) __STATIC_INLINE void __disable_fault_irq(void)
 378:../Firmware/CMSIS/cmsis_gcc.h **** {
 379:../Firmware/CMSIS/cmsis_gcc.h ****   __ASM volatile ("cpsid f" : : : "memory");
 380:../Firmware/CMSIS/cmsis_gcc.h **** }
 381:../Firmware/CMSIS/cmsis_gcc.h **** 
 382:../Firmware/CMSIS/cmsis_gcc.h **** 
 383:../Firmware/CMSIS/cmsis_gcc.h **** /**
 384:../Firmware/CMSIS/cmsis_gcc.h ****   \brief   Get Base Priority
 385:../Firmware/CMSIS/cmsis_gcc.h ****   \details Returns the current value of the Base Priority register.
 386:../Firmware/CMSIS/cmsis_gcc.h ****   \return               Base Priority register value
 387:../Firmware/CMSIS/cmsis_gcc.h ****  */
 388:../Firmware/CMSIS/cmsis_gcc.h **** __attribute__((always_inline)) __STATIC_INLINE uint32_t __get_BASEPRI(void)
 389:../Firmware/CMSIS/cmsis_gcc.h **** {
 390:../Firmware/CMSIS/cmsis_gcc.h ****   uint32_t result;
 391:../Firmware/CMSIS/cmsis_gcc.h **** 
 392:../Firmware/CMSIS/cmsis_gcc.h ****   __ASM volatile ("MRS %0, basepri" : "=r" (result) );
 393:../Firmware/CMSIS/cmsis_gcc.h ****   return(result);
 394:../Firmware/CMSIS/cmsis_gcc.h **** }
 395:../Firmware/CMSIS/cmsis_gcc.h **** 
 396:../Firmware/CMSIS/cmsis_gcc.h **** 
 397:../Firmware/CMSIS/cmsis_gcc.h **** #if (defined (__ARM_FEATURE_CMSE ) && (__ARM_FEATURE_CMSE == 3))
 398:../Firmware/CMSIS/cmsis_gcc.h **** /**
 399:../Firmware/CMSIS/cmsis_gcc.h ****   \brief   Get Base Priority (non-secure)
 400:../Firmware/CMSIS/cmsis_gcc.h ****   \details Returns the current value of the non-secure Base Priority register when in secure state.
 401:../Firmware/CMSIS/cmsis_gcc.h ****   \return               Base Priority register value
 402:../Firmware/CMSIS/cmsis_gcc.h ****  */
 403:../Firmware/CMSIS/cmsis_gcc.h **** __attribute__((always_inline)) __STATIC_INLINE uint32_t __TZ_get_BASEPRI_NS(void)
 404:../Firmware/CMSIS/cmsis_gcc.h **** {
 405:../Firmware/CMSIS/cmsis_gcc.h ****   uint32_t result;
 406:../Firmware/CMSIS/cmsis_gcc.h **** 
 407:../Firmware/CMSIS/cmsis_gcc.h ****   __ASM volatile ("MRS %0, basepri_ns" : "=r" (result) );
 408:../Firmware/CMSIS/cmsis_gcc.h ****   return(result);
 409:../Firmware/CMSIS/cmsis_gcc.h **** }
 410:../Firmware/CMSIS/cmsis_gcc.h **** #endif
 411:../Firmware/CMSIS/cmsis_gcc.h **** 
 412:../Firmware/CMSIS/cmsis_gcc.h **** 
 413:../Firmware/CMSIS/cmsis_gcc.h **** /**
 414:../Firmware/CMSIS/cmsis_gcc.h ****   \brief   Set Base Priority
 415:../Firmware/CMSIS/cmsis_gcc.h ****   \details Assigns the given value to the Base Priority register.
 416:../Firmware/CMSIS/cmsis_gcc.h ****   \param [in]    basePri  Base Priority value to set
 417:../Firmware/CMSIS/cmsis_gcc.h ****  */
 418:../Firmware/CMSIS/cmsis_gcc.h **** __attribute__((always_inline)) __STATIC_INLINE void __set_BASEPRI(uint32_t basePri)
 419:../Firmware/CMSIS/cmsis_gcc.h **** {
 420:../Firmware/CMSIS/cmsis_gcc.h ****   __ASM volatile ("MSR basepri, %0" : : "r" (basePri) : "memory");
 421:../Firmware/CMSIS/cmsis_gcc.h **** }
 422:../Firmware/CMSIS/cmsis_gcc.h **** 
 423:../Firmware/CMSIS/cmsis_gcc.h **** 
 424:../Firmware/CMSIS/cmsis_gcc.h **** #if (defined (__ARM_FEATURE_CMSE ) && (__ARM_FEATURE_CMSE == 3))
 425:../Firmware/CMSIS/cmsis_gcc.h **** /**
 426:../Firmware/CMSIS/cmsis_gcc.h ****   \brief   Set Base Priority (non-secure)
 427:../Firmware/CMSIS/cmsis_gcc.h ****   \details Assigns the given value to the non-secure Base Priority register when in secure state.
 428:../Firmware/CMSIS/cmsis_gcc.h ****   \param [in]    basePri  Base Priority value to set
 429:../Firmware/CMSIS/cmsis_gcc.h ****  */
 430:../Firmware/CMSIS/cmsis_gcc.h **** __attribute__((always_inline)) __STATIC_INLINE void __TZ_set_BASEPRI_NS(uint32_t basePri)
 431:../Firmware/CMSIS/cmsis_gcc.h **** {
 432:../Firmware/CMSIS/cmsis_gcc.h ****   __ASM volatile ("MSR basepri_ns, %0" : : "r" (basePri) : "memory");
 433:../Firmware/CMSIS/cmsis_gcc.h **** }
 434:../Firmware/CMSIS/cmsis_gcc.h **** #endif
 435:../Firmware/CMSIS/cmsis_gcc.h **** 
 436:../Firmware/CMSIS/cmsis_gcc.h **** 
 437:../Firmware/CMSIS/cmsis_gcc.h **** /**
 438:../Firmware/CMSIS/cmsis_gcc.h ****   \brief   Set Base Priority with condition
 439:../Firmware/CMSIS/cmsis_gcc.h ****   \details Assigns the given value to the Base Priority register only if BASEPRI masking is disable
 440:../Firmware/CMSIS/cmsis_gcc.h ****            or the new value increases the BASEPRI priority level.
 441:../Firmware/CMSIS/cmsis_gcc.h ****   \param [in]    basePri  Base Priority value to set
 442:../Firmware/CMSIS/cmsis_gcc.h ****  */
 443:../Firmware/CMSIS/cmsis_gcc.h **** __attribute__((always_inline)) __STATIC_INLINE void __set_BASEPRI_MAX(uint32_t basePri)
 444:../Firmware/CMSIS/cmsis_gcc.h **** {
 445:../Firmware/CMSIS/cmsis_gcc.h ****   __ASM volatile ("MSR basepri_max, %0" : : "r" (basePri) : "memory");
 446:../Firmware/CMSIS/cmsis_gcc.h **** }
 447:../Firmware/CMSIS/cmsis_gcc.h **** 
 448:../Firmware/CMSIS/cmsis_gcc.h **** 
 449:../Firmware/CMSIS/cmsis_gcc.h **** /**
 450:../Firmware/CMSIS/cmsis_gcc.h ****   \brief   Get Fault Mask
 451:../Firmware/CMSIS/cmsis_gcc.h ****   \details Returns the current value of the Fault Mask register.
 452:../Firmware/CMSIS/cmsis_gcc.h ****   \return               Fault Mask register value
 453:../Firmware/CMSIS/cmsis_gcc.h ****  */
 454:../Firmware/CMSIS/cmsis_gcc.h **** __attribute__((always_inline)) __STATIC_INLINE uint32_t __get_FAULTMASK(void)
 455:../Firmware/CMSIS/cmsis_gcc.h **** {
 456:../Firmware/CMSIS/cmsis_gcc.h ****   uint32_t result;
 457:../Firmware/CMSIS/cmsis_gcc.h **** 
 458:../Firmware/CMSIS/cmsis_gcc.h ****   __ASM volatile ("MRS %0, faultmask" : "=r" (result) );
 459:../Firmware/CMSIS/cmsis_gcc.h ****   return(result);
 460:../Firmware/CMSIS/cmsis_gcc.h **** }
 461:../Firmware/CMSIS/cmsis_gcc.h **** 
 462:../Firmware/CMSIS/cmsis_gcc.h **** 
 463:../Firmware/CMSIS/cmsis_gcc.h **** #if (defined (__ARM_FEATURE_CMSE ) && (__ARM_FEATURE_CMSE == 3))
 464:../Firmware/CMSIS/cmsis_gcc.h **** /**
 465:../Firmware/CMSIS/cmsis_gcc.h ****   \brief   Get Fault Mask (non-secure)
 466:../Firmware/CMSIS/cmsis_gcc.h ****   \details Returns the current value of the non-secure Fault Mask register when in secure state.
 467:../Firmware/CMSIS/cmsis_gcc.h ****   \return               Fault Mask register value
 468:../Firmware/CMSIS/cmsis_gcc.h ****  */
 469:../Firmware/CMSIS/cmsis_gcc.h **** __attribute__((always_inline)) __STATIC_INLINE uint32_t __TZ_get_FAULTMASK_NS(void)
 470:../Firmware/CMSIS/cmsis_gcc.h **** {
 471:../Firmware/CMSIS/cmsis_gcc.h ****   uint32_t result;
 472:../Firmware/CMSIS/cmsis_gcc.h **** 
 473:../Firmware/CMSIS/cmsis_gcc.h ****   __ASM volatile ("MRS %0, faultmask_ns" : "=r" (result) );
 474:../Firmware/CMSIS/cmsis_gcc.h ****   return(result);
 475:../Firmware/CMSIS/cmsis_gcc.h **** }
 476:../Firmware/CMSIS/cmsis_gcc.h **** #endif
 477:../Firmware/CMSIS/cmsis_gcc.h **** 
 478:../Firmware/CMSIS/cmsis_gcc.h **** 
 479:../Firmware/CMSIS/cmsis_gcc.h **** /**
 480:../Firmware/CMSIS/cmsis_gcc.h ****   \brief   Set Fault Mask
 481:../Firmware/CMSIS/cmsis_gcc.h ****   \details Assigns the given value to the Fault Mask register.
 482:../Firmware/CMSIS/cmsis_gcc.h ****   \param [in]    faultMask  Fault Mask value to set
 483:../Firmware/CMSIS/cmsis_gcc.h ****  */
 484:../Firmware/CMSIS/cmsis_gcc.h **** __attribute__((always_inline)) __STATIC_INLINE void __set_FAULTMASK(uint32_t faultMask)
 485:../Firmware/CMSIS/cmsis_gcc.h **** {
 486:../Firmware/CMSIS/cmsis_gcc.h ****   __ASM volatile ("MSR faultmask, %0" : : "r" (faultMask) : "memory");
 487:../Firmware/CMSIS/cmsis_gcc.h **** }
 488:../Firmware/CMSIS/cmsis_gcc.h **** 
 489:../Firmware/CMSIS/cmsis_gcc.h **** 
 490:../Firmware/CMSIS/cmsis_gcc.h **** #if (defined (__ARM_FEATURE_CMSE ) && (__ARM_FEATURE_CMSE == 3))
 491:../Firmware/CMSIS/cmsis_gcc.h **** /**
 492:../Firmware/CMSIS/cmsis_gcc.h ****   \brief   Set Fault Mask (non-secure)
 493:../Firmware/CMSIS/cmsis_gcc.h ****   \details Assigns the given value to the non-secure Fault Mask register when in secure state.
 494:../Firmware/CMSIS/cmsis_gcc.h ****   \param [in]    faultMask  Fault Mask value to set
 495:../Firmware/CMSIS/cmsis_gcc.h ****  */
 496:../Firmware/CMSIS/cmsis_gcc.h **** __attribute__((always_inline)) __STATIC_INLINE void __TZ_set_FAULTMASK_NS(uint32_t faultMask)
 497:../Firmware/CMSIS/cmsis_gcc.h **** {
 498:../Firmware/CMSIS/cmsis_gcc.h ****   __ASM volatile ("MSR faultmask_ns, %0" : : "r" (faultMask) : "memory");
 499:../Firmware/CMSIS/cmsis_gcc.h **** }
 500:../Firmware/CMSIS/cmsis_gcc.h **** #endif
 501:../Firmware/CMSIS/cmsis_gcc.h **** 
 502:../Firmware/CMSIS/cmsis_gcc.h **** #endif /* ((defined (__ARM_ARCH_7M__      ) && (__ARM_ARCH_7M__      == 1)) || \
 503:../Firmware/CMSIS/cmsis_gcc.h ****            (defined (__ARM_ARCH_7EM__     ) && (__ARM_ARCH_7EM__     == 1)) || \
 504:../Firmware/CMSIS/cmsis_gcc.h ****            (defined (__ARM_ARCH_8M_MAIN__ ) && (__ARM_ARCH_8M_MAIN__ == 1))    ) */
 505:../Firmware/CMSIS/cmsis_gcc.h **** 
 506:../Firmware/CMSIS/cmsis_gcc.h **** 
 507:../Firmware/CMSIS/cmsis_gcc.h **** #if ((defined (__ARM_ARCH_8M_MAIN__ ) && (__ARM_ARCH_8M_MAIN__ == 1)) || \
 508:../Firmware/CMSIS/cmsis_gcc.h ****      (defined (__ARM_ARCH_8M_BASE__ ) && (__ARM_ARCH_8M_BASE__ == 1))    )
 509:../Firmware/CMSIS/cmsis_gcc.h **** 
 510:../Firmware/CMSIS/cmsis_gcc.h **** /**
 511:../Firmware/CMSIS/cmsis_gcc.h ****   \brief   Get Process Stack Pointer Limit
 512:../Firmware/CMSIS/cmsis_gcc.h ****   \details Returns the current value of the Process Stack Pointer Limit (PSPLIM).
 513:../Firmware/CMSIS/cmsis_gcc.h ****   \return               PSPLIM Register value
 514:../Firmware/CMSIS/cmsis_gcc.h ****  */
 515:../Firmware/CMSIS/cmsis_gcc.h **** __attribute__((always_inline)) __STATIC_INLINE uint32_t __get_PSPLIM(void)
 516:../Firmware/CMSIS/cmsis_gcc.h **** {
 517:../Firmware/CMSIS/cmsis_gcc.h ****   register uint32_t result;
 518:../Firmware/CMSIS/cmsis_gcc.h **** 
 519:../Firmware/CMSIS/cmsis_gcc.h ****   __ASM volatile ("MRS %0, psplim"  : "=r" (result) );
 520:../Firmware/CMSIS/cmsis_gcc.h ****   return(result);
 521:../Firmware/CMSIS/cmsis_gcc.h **** }
 522:../Firmware/CMSIS/cmsis_gcc.h **** 
 523:../Firmware/CMSIS/cmsis_gcc.h **** 
 524:../Firmware/CMSIS/cmsis_gcc.h **** #if ((defined (__ARM_FEATURE_CMSE  ) && (__ARM_FEATURE_CMSE   == 3)) && \
 525:../Firmware/CMSIS/cmsis_gcc.h ****      (defined (__ARM_ARCH_8M_MAIN__) && (__ARM_ARCH_8M_MAIN__ == 1))    )
 526:../Firmware/CMSIS/cmsis_gcc.h **** /**
 527:../Firmware/CMSIS/cmsis_gcc.h ****   \brief   Get Process Stack Pointer Limit (non-secure)
 528:../Firmware/CMSIS/cmsis_gcc.h ****   \details Returns the current value of the non-secure Process Stack Pointer Limit (PSPLIM) when in
 529:../Firmware/CMSIS/cmsis_gcc.h ****   \return               PSPLIM Register value
 530:../Firmware/CMSIS/cmsis_gcc.h ****  */
 531:../Firmware/CMSIS/cmsis_gcc.h **** __attribute__((always_inline)) __STATIC_INLINE uint32_t __TZ_get_PSPLIM_NS(void)
 532:../Firmware/CMSIS/cmsis_gcc.h **** {
 533:../Firmware/CMSIS/cmsis_gcc.h ****   register uint32_t result;
 534:../Firmware/CMSIS/cmsis_gcc.h **** 
 535:../Firmware/CMSIS/cmsis_gcc.h ****   __ASM volatile ("MRS %0, psplim_ns"  : "=r" (result) );
 536:../Firmware/CMSIS/cmsis_gcc.h ****   return(result);
 537:../Firmware/CMSIS/cmsis_gcc.h **** }
 538:../Firmware/CMSIS/cmsis_gcc.h **** #endif
 539:../Firmware/CMSIS/cmsis_gcc.h **** 
 540:../Firmware/CMSIS/cmsis_gcc.h **** 
 541:../Firmware/CMSIS/cmsis_gcc.h **** /**
 542:../Firmware/CMSIS/cmsis_gcc.h ****   \brief   Set Process Stack Pointer Limit
 543:../Firmware/CMSIS/cmsis_gcc.h ****   \details Assigns the given value to the Process Stack Pointer Limit (PSPLIM).
 544:../Firmware/CMSIS/cmsis_gcc.h ****   \param [in]    ProcStackPtrLimit  Process Stack Pointer Limit value to set
 545:../Firmware/CMSIS/cmsis_gcc.h ****  */
 546:../Firmware/CMSIS/cmsis_gcc.h **** __attribute__((always_inline)) __STATIC_INLINE void __set_PSPLIM(uint32_t ProcStackPtrLimit)
 547:../Firmware/CMSIS/cmsis_gcc.h **** {
 548:../Firmware/CMSIS/cmsis_gcc.h ****   __ASM volatile ("MSR psplim, %0" : : "r" (ProcStackPtrLimit));
 549:../Firmware/CMSIS/cmsis_gcc.h **** }
 550:../Firmware/CMSIS/cmsis_gcc.h **** 
 551:../Firmware/CMSIS/cmsis_gcc.h **** 
 552:../Firmware/CMSIS/cmsis_gcc.h **** #if ((defined (__ARM_FEATURE_CMSE  ) && (__ARM_FEATURE_CMSE   == 3)) && \
 553:../Firmware/CMSIS/cmsis_gcc.h ****      (defined (__ARM_ARCH_8M_MAIN__) && (__ARM_ARCH_8M_MAIN__ == 1))    )
 554:../Firmware/CMSIS/cmsis_gcc.h **** /**
 555:../Firmware/CMSIS/cmsis_gcc.h ****   \brief   Set Process Stack Pointer (non-secure)
 556:../Firmware/CMSIS/cmsis_gcc.h ****   \details Assigns the given value to the non-secure Process Stack Pointer Limit (PSPLIM) when in s
 557:../Firmware/CMSIS/cmsis_gcc.h ****   \param [in]    ProcStackPtrLimit  Process Stack Pointer Limit value to set
 558:../Firmware/CMSIS/cmsis_gcc.h ****  */
 559:../Firmware/CMSIS/cmsis_gcc.h **** __attribute__((always_inline)) __STATIC_INLINE void __TZ_set_PSPLIM_NS(uint32_t ProcStackPtrLimit)
 560:../Firmware/CMSIS/cmsis_gcc.h **** {
 561:../Firmware/CMSIS/cmsis_gcc.h ****   __ASM volatile ("MSR psplim_ns, %0\n" : : "r" (ProcStackPtrLimit));
 562:../Firmware/CMSIS/cmsis_gcc.h **** }
 563:../Firmware/CMSIS/cmsis_gcc.h **** #endif
 564:../Firmware/CMSIS/cmsis_gcc.h **** 
 565:../Firmware/CMSIS/cmsis_gcc.h **** 
 566:../Firmware/CMSIS/cmsis_gcc.h **** /**
 567:../Firmware/CMSIS/cmsis_gcc.h ****   \brief   Get Main Stack Pointer Limit
 568:../Firmware/CMSIS/cmsis_gcc.h ****   \details Returns the current value of the Main Stack Pointer Limit (MSPLIM).
 569:../Firmware/CMSIS/cmsis_gcc.h ****   \return               MSPLIM Register value
 570:../Firmware/CMSIS/cmsis_gcc.h ****  */
 571:../Firmware/CMSIS/cmsis_gcc.h **** __attribute__((always_inline)) __STATIC_INLINE uint32_t __get_MSPLIM(void)
 572:../Firmware/CMSIS/cmsis_gcc.h **** {
 573:../Firmware/CMSIS/cmsis_gcc.h ****   register uint32_t result;
 574:../Firmware/CMSIS/cmsis_gcc.h **** 
 575:../Firmware/CMSIS/cmsis_gcc.h ****   __ASM volatile ("MRS %0, msplim" : "=r" (result) );
 576:../Firmware/CMSIS/cmsis_gcc.h **** 
 577:../Firmware/CMSIS/cmsis_gcc.h ****   return(result);
 578:../Firmware/CMSIS/cmsis_gcc.h **** }
 579:../Firmware/CMSIS/cmsis_gcc.h **** 
 580:../Firmware/CMSIS/cmsis_gcc.h **** 
 581:../Firmware/CMSIS/cmsis_gcc.h **** #if ((defined (__ARM_FEATURE_CMSE  ) && (__ARM_FEATURE_CMSE   == 3)) && \
 582:../Firmware/CMSIS/cmsis_gcc.h ****      (defined (__ARM_ARCH_8M_MAIN__) && (__ARM_ARCH_8M_MAIN__ == 1))    )
 583:../Firmware/CMSIS/cmsis_gcc.h **** /**
 584:../Firmware/CMSIS/cmsis_gcc.h ****   \brief   Get Main Stack Pointer Limit (non-secure)
 585:../Firmware/CMSIS/cmsis_gcc.h ****   \details Returns the current value of the non-secure Main Stack Pointer Limit(MSPLIM) when in sec
 586:../Firmware/CMSIS/cmsis_gcc.h ****   \return               MSPLIM Register value
 587:../Firmware/CMSIS/cmsis_gcc.h ****  */
 588:../Firmware/CMSIS/cmsis_gcc.h **** __attribute__((always_inline)) __STATIC_INLINE uint32_t __TZ_get_MSPLIM_NS(void)
 589:../Firmware/CMSIS/cmsis_gcc.h **** {
 590:../Firmware/CMSIS/cmsis_gcc.h ****   register uint32_t result;
 591:../Firmware/CMSIS/cmsis_gcc.h **** 
 592:../Firmware/CMSIS/cmsis_gcc.h ****   __ASM volatile ("MRS %0, msplim_ns" : "=r" (result) );
 593:../Firmware/CMSIS/cmsis_gcc.h ****   return(result);
 594:../Firmware/CMSIS/cmsis_gcc.h **** }
 595:../Firmware/CMSIS/cmsis_gcc.h **** #endif
 596:../Firmware/CMSIS/cmsis_gcc.h **** 
 597:../Firmware/CMSIS/cmsis_gcc.h **** 
 598:../Firmware/CMSIS/cmsis_gcc.h **** /**
 599:../Firmware/CMSIS/cmsis_gcc.h ****   \brief   Set Main Stack Pointer Limit
 600:../Firmware/CMSIS/cmsis_gcc.h ****   \details Assigns the given value to the Main Stack Pointer Limit (MSPLIM).
 601:../Firmware/CMSIS/cmsis_gcc.h ****   \param [in]    MainStackPtrLimit  Main Stack Pointer Limit value to set
 602:../Firmware/CMSIS/cmsis_gcc.h ****  */
 603:../Firmware/CMSIS/cmsis_gcc.h **** __attribute__((always_inline)) __STATIC_INLINE void __set_MSPLIM(uint32_t MainStackPtrLimit)
 604:../Firmware/CMSIS/cmsis_gcc.h **** {
 605:../Firmware/CMSIS/cmsis_gcc.h ****   __ASM volatile ("MSR msplim, %0" : : "r" (MainStackPtrLimit));
 606:../Firmware/CMSIS/cmsis_gcc.h **** }
 607:../Firmware/CMSIS/cmsis_gcc.h **** 
 608:../Firmware/CMSIS/cmsis_gcc.h **** 
 609:../Firmware/CMSIS/cmsis_gcc.h **** #if ((defined (__ARM_FEATURE_CMSE  ) && (__ARM_FEATURE_CMSE   == 3)) && \
 610:../Firmware/CMSIS/cmsis_gcc.h ****      (defined (__ARM_ARCH_8M_MAIN__) && (__ARM_ARCH_8M_MAIN__ == 1))    )
 611:../Firmware/CMSIS/cmsis_gcc.h **** /**
 612:../Firmware/CMSIS/cmsis_gcc.h ****   \brief   Set Main Stack Pointer Limit (non-secure)
 613:../Firmware/CMSIS/cmsis_gcc.h ****   \details Assigns the given value to the non-secure Main Stack Pointer Limit (MSPLIM) when in secu
 614:../Firmware/CMSIS/cmsis_gcc.h ****   \param [in]    MainStackPtrLimit  Main Stack Pointer value to set
 615:../Firmware/CMSIS/cmsis_gcc.h ****  */
 616:../Firmware/CMSIS/cmsis_gcc.h **** __attribute__((always_inline)) __STATIC_INLINE void __TZ_set_MSPLIM_NS(uint32_t MainStackPtrLimit)
 617:../Firmware/CMSIS/cmsis_gcc.h **** {
 618:../Firmware/CMSIS/cmsis_gcc.h ****   __ASM volatile ("MSR msplim_ns, %0" : : "r" (MainStackPtrLimit));
 619:../Firmware/CMSIS/cmsis_gcc.h **** }
 620:../Firmware/CMSIS/cmsis_gcc.h **** #endif
 621:../Firmware/CMSIS/cmsis_gcc.h **** 
 622:../Firmware/CMSIS/cmsis_gcc.h **** #endif /* ((defined (__ARM_ARCH_8M_MAIN__ ) && (__ARM_ARCH_8M_MAIN__ == 1)) || \
 623:../Firmware/CMSIS/cmsis_gcc.h ****            (defined (__ARM_ARCH_8M_BASE__ ) && (__ARM_ARCH_8M_BASE__ == 1))    ) */
 624:../Firmware/CMSIS/cmsis_gcc.h **** 
 625:../Firmware/CMSIS/cmsis_gcc.h **** 
 626:../Firmware/CMSIS/cmsis_gcc.h **** #if ((defined (__ARM_ARCH_7EM__     ) && (__ARM_ARCH_7EM__     == 1)) || \
 627:../Firmware/CMSIS/cmsis_gcc.h ****      (defined (__ARM_ARCH_8M_MAIN__ ) && (__ARM_ARCH_8M_MAIN__ == 1))    )
 628:../Firmware/CMSIS/cmsis_gcc.h **** 
 629:../Firmware/CMSIS/cmsis_gcc.h **** /**
 630:../Firmware/CMSIS/cmsis_gcc.h ****   \brief   Get FPSCR
 631:../Firmware/CMSIS/cmsis_gcc.h ****   \details Returns the current value of the Floating Point Status/Control register.
 632:../Firmware/CMSIS/cmsis_gcc.h ****   \return               Floating Point Status/Control register value
 633:../Firmware/CMSIS/cmsis_gcc.h ****  */
 634:../Firmware/CMSIS/cmsis_gcc.h **** __attribute__((always_inline)) __STATIC_INLINE uint32_t __get_FPSCR(void)
 635:../Firmware/CMSIS/cmsis_gcc.h **** {
 636:../Firmware/CMSIS/cmsis_gcc.h **** #if ((defined (__FPU_PRESENT) && (__FPU_PRESENT == 1U)) && \
 637:../Firmware/CMSIS/cmsis_gcc.h ****      (defined (__FPU_USED   ) && (__FPU_USED    == 1U))     )
 638:../Firmware/CMSIS/cmsis_gcc.h ****   uint32_t result;
 639:../Firmware/CMSIS/cmsis_gcc.h **** 
 640:../Firmware/CMSIS/cmsis_gcc.h ****   __ASM volatile ("VMRS %0, fpscr" : "=r" (result) );
 641:../Firmware/CMSIS/cmsis_gcc.h ****   return(result);
 642:../Firmware/CMSIS/cmsis_gcc.h **** #else
 643:../Firmware/CMSIS/cmsis_gcc.h ****    return(0U);
 644:../Firmware/CMSIS/cmsis_gcc.h **** #endif
 645:../Firmware/CMSIS/cmsis_gcc.h **** }
 646:../Firmware/CMSIS/cmsis_gcc.h **** 
 647:../Firmware/CMSIS/cmsis_gcc.h **** 
 648:../Firmware/CMSIS/cmsis_gcc.h **** /**
 649:../Firmware/CMSIS/cmsis_gcc.h ****   \brief   Set FPSCR
 650:../Firmware/CMSIS/cmsis_gcc.h ****   \details Assigns the given value to the Floating Point Status/Control register.
 651:../Firmware/CMSIS/cmsis_gcc.h ****   \param [in]    fpscr  Floating Point Status/Control value to set
 652:../Firmware/CMSIS/cmsis_gcc.h ****  */
 653:../Firmware/CMSIS/cmsis_gcc.h **** __attribute__((always_inline)) __STATIC_INLINE void __set_FPSCR(uint32_t fpscr)
 654:../Firmware/CMSIS/cmsis_gcc.h **** {
 655:../Firmware/CMSIS/cmsis_gcc.h **** #if ((defined (__FPU_PRESENT) && (__FPU_PRESENT == 1U)) && \
 656:../Firmware/CMSIS/cmsis_gcc.h ****      (defined (__FPU_USED   ) && (__FPU_USED    == 1U))     )
 657:../Firmware/CMSIS/cmsis_gcc.h ****   __ASM volatile ("VMSR fpscr, %0" : : "r" (fpscr) : "vfpcc", "memory");
 658:../Firmware/CMSIS/cmsis_gcc.h **** #else
 659:../Firmware/CMSIS/cmsis_gcc.h ****   (void)fpscr;
 660:../Firmware/CMSIS/cmsis_gcc.h **** #endif
 661:../Firmware/CMSIS/cmsis_gcc.h **** }
 662:../Firmware/CMSIS/cmsis_gcc.h **** 
 663:../Firmware/CMSIS/cmsis_gcc.h **** #endif /* ((defined (__ARM_ARCH_7EM__     ) && (__ARM_ARCH_7EM__     == 1)) || \
 664:../Firmware/CMSIS/cmsis_gcc.h ****            (defined (__ARM_ARCH_8M_MAIN__ ) && (__ARM_ARCH_8M_MAIN__ == 1))    ) */
 665:../Firmware/CMSIS/cmsis_gcc.h **** 
 666:../Firmware/CMSIS/cmsis_gcc.h **** 
 667:../Firmware/CMSIS/cmsis_gcc.h **** 
 668:../Firmware/CMSIS/cmsis_gcc.h **** /*@} end of CMSIS_Core_RegAccFunctions */
 669:../Firmware/CMSIS/cmsis_gcc.h **** 
 670:../Firmware/CMSIS/cmsis_gcc.h **** 
 671:../Firmware/CMSIS/cmsis_gcc.h **** /* ##########################  Core Instruction Access  ######################### */
 672:../Firmware/CMSIS/cmsis_gcc.h **** /** \defgroup CMSIS_Core_InstructionInterface CMSIS Core Instruction Interface
 673:../Firmware/CMSIS/cmsis_gcc.h ****   Access to dedicated instructions
 674:../Firmware/CMSIS/cmsis_gcc.h ****   @{
 675:../Firmware/CMSIS/cmsis_gcc.h **** */
 676:../Firmware/CMSIS/cmsis_gcc.h **** 
 677:../Firmware/CMSIS/cmsis_gcc.h **** /* Define macros for porting to both thumb1 and thumb2.
 678:../Firmware/CMSIS/cmsis_gcc.h ****  * For thumb1, use low register (r0-r7), specified by constraint "l"
 679:../Firmware/CMSIS/cmsis_gcc.h ****  * Otherwise, use general registers, specified by constraint "r" */
 680:../Firmware/CMSIS/cmsis_gcc.h **** #if defined (__thumb__) && !defined (__thumb2__)
 681:../Firmware/CMSIS/cmsis_gcc.h **** #define __CMSIS_GCC_OUT_REG(r) "=l" (r)
 682:../Firmware/CMSIS/cmsis_gcc.h **** #define __CMSIS_GCC_RW_REG(r) "+l" (r)
 683:../Firmware/CMSIS/cmsis_gcc.h **** #define __CMSIS_GCC_USE_REG(r) "l" (r)
 684:../Firmware/CMSIS/cmsis_gcc.h **** #else
 685:../Firmware/CMSIS/cmsis_gcc.h **** #define __CMSIS_GCC_OUT_REG(r) "=r" (r)
 686:../Firmware/CMSIS/cmsis_gcc.h **** #define __CMSIS_GCC_RW_REG(r) "+r" (r)
 687:../Firmware/CMSIS/cmsis_gcc.h **** #define __CMSIS_GCC_USE_REG(r) "r" (r)
 688:../Firmware/CMSIS/cmsis_gcc.h **** #endif
 689:../Firmware/CMSIS/cmsis_gcc.h **** 
 690:../Firmware/CMSIS/cmsis_gcc.h **** /**
 691:../Firmware/CMSIS/cmsis_gcc.h ****   \brief   No Operation
 692:../Firmware/CMSIS/cmsis_gcc.h ****   \details No Operation does nothing. This instruction can be used for code alignment purposes.
 693:../Firmware/CMSIS/cmsis_gcc.h ****  */
 694:../Firmware/CMSIS/cmsis_gcc.h **** //__attribute__((always_inline)) __STATIC_INLINE void __NOP(void)
 695:../Firmware/CMSIS/cmsis_gcc.h **** //{
 696:../Firmware/CMSIS/cmsis_gcc.h **** //  __ASM volatile ("nop");
 697:../Firmware/CMSIS/cmsis_gcc.h **** //}
 698:../Firmware/CMSIS/cmsis_gcc.h **** #define __NOP()                             __ASM volatile ("nop")       /* This implementation gen
 699:../Firmware/CMSIS/cmsis_gcc.h **** 
 700:../Firmware/CMSIS/cmsis_gcc.h **** /**
 701:../Firmware/CMSIS/cmsis_gcc.h ****   \brief   Wait For Interrupt
 702:../Firmware/CMSIS/cmsis_gcc.h ****   \details Wait For Interrupt is a hint instruction that suspends execution until one of a number o
 703:../Firmware/CMSIS/cmsis_gcc.h ****  */
 704:../Firmware/CMSIS/cmsis_gcc.h **** //__attribute__((always_inline)) __STATIC_INLINE void __WFI(void)
 705:../Firmware/CMSIS/cmsis_gcc.h **** //{
 706:../Firmware/CMSIS/cmsis_gcc.h **** //  __ASM volatile ("wfi");
 707:../Firmware/CMSIS/cmsis_gcc.h **** //}
 708:../Firmware/CMSIS/cmsis_gcc.h **** #define __WFI()                             __ASM volatile ("wfi")       /* This implementation gen
 709:../Firmware/CMSIS/cmsis_gcc.h **** 
 710:../Firmware/CMSIS/cmsis_gcc.h **** 
 711:../Firmware/CMSIS/cmsis_gcc.h **** /**
 712:../Firmware/CMSIS/cmsis_gcc.h ****   \brief   Wait For Event
 713:../Firmware/CMSIS/cmsis_gcc.h ****   \details Wait For Event is a hint instruction that permits the processor to enter
 714:../Firmware/CMSIS/cmsis_gcc.h ****            a low-power state until one of a number of events occurs.
 715:../Firmware/CMSIS/cmsis_gcc.h ****  */
 716:../Firmware/CMSIS/cmsis_gcc.h **** //__attribute__((always_inline)) __STATIC_INLINE void __WFE(void)
 717:../Firmware/CMSIS/cmsis_gcc.h **** //{
 718:../Firmware/CMSIS/cmsis_gcc.h **** //  __ASM volatile ("wfe");
 719:../Firmware/CMSIS/cmsis_gcc.h **** //}
 720:../Firmware/CMSIS/cmsis_gcc.h **** #define __WFE()                             __ASM volatile ("wfe")       /* This implementation gen
 721:../Firmware/CMSIS/cmsis_gcc.h **** 
 722:../Firmware/CMSIS/cmsis_gcc.h **** 
 723:../Firmware/CMSIS/cmsis_gcc.h **** /**
 724:../Firmware/CMSIS/cmsis_gcc.h ****   \brief   Send Event
 725:../Firmware/CMSIS/cmsis_gcc.h ****   \details Send Event is a hint instruction. It causes an event to be signaled to the CPU.
 726:../Firmware/CMSIS/cmsis_gcc.h ****  */
 727:../Firmware/CMSIS/cmsis_gcc.h **** //__attribute__((always_inline)) __STATIC_INLINE void __SEV(void)
 728:../Firmware/CMSIS/cmsis_gcc.h **** //{
 729:../Firmware/CMSIS/cmsis_gcc.h **** //  __ASM volatile ("sev");
 730:../Firmware/CMSIS/cmsis_gcc.h **** //}
 731:../Firmware/CMSIS/cmsis_gcc.h **** #define __SEV()                             __ASM volatile ("sev")       /* This implementation gen
 732:../Firmware/CMSIS/cmsis_gcc.h **** 
 733:../Firmware/CMSIS/cmsis_gcc.h **** 
 734:../Firmware/CMSIS/cmsis_gcc.h **** /**
 735:../Firmware/CMSIS/cmsis_gcc.h ****   \brief   Instruction Synchronization Barrier
 736:../Firmware/CMSIS/cmsis_gcc.h ****   \details Instruction Synchronization Barrier flushes the pipeline in the processor,
 737:../Firmware/CMSIS/cmsis_gcc.h ****            so that all instructions following the ISB are fetched from cache or memory,
 738:../Firmware/CMSIS/cmsis_gcc.h ****            after the instruction has been completed.
 739:../Firmware/CMSIS/cmsis_gcc.h ****  */
 740:../Firmware/CMSIS/cmsis_gcc.h **** __attribute__((always_inline)) __STATIC_INLINE void __ISB(void)
 741:../Firmware/CMSIS/cmsis_gcc.h **** {
 742:../Firmware/CMSIS/cmsis_gcc.h ****   __ASM volatile ("isb 0xF":::"memory");
 743:../Firmware/CMSIS/cmsis_gcc.h **** }
 744:../Firmware/CMSIS/cmsis_gcc.h **** 
 745:../Firmware/CMSIS/cmsis_gcc.h **** 
 746:../Firmware/CMSIS/cmsis_gcc.h **** /**
 747:../Firmware/CMSIS/cmsis_gcc.h ****   \brief   Data Synchronization Barrier
 748:../Firmware/CMSIS/cmsis_gcc.h ****   \details Acts as a special kind of Data Memory Barrier.
 749:../Firmware/CMSIS/cmsis_gcc.h ****            It completes when all explicit memory accesses before this instruction complete.
 750:../Firmware/CMSIS/cmsis_gcc.h ****  */
 751:../Firmware/CMSIS/cmsis_gcc.h **** __attribute__((always_inline)) __STATIC_INLINE void __DSB(void)
 752:../Firmware/CMSIS/cmsis_gcc.h **** {
 753:../Firmware/CMSIS/cmsis_gcc.h ****   __ASM volatile ("dsb 0xF":::"memory");
 135              		.loc 2 753 3
 136              		.syntax divided
 137              	@ 753 "../Firmware/CMSIS/cmsis_gcc.h" 1
 138 003c BFF34F8F 		dsb 0xF
 139              	@ 0 "" 2
 754:../Firmware/CMSIS/cmsis_gcc.h **** }
 140              		.loc 2 754 1
 141              		.thumb
 142              		.syntax unified
 143 0040 C046     		nop
 144              	.LBE13:
 145              	.LBE12:
 146              	.LBB14:
 147              	.LBB15:
 742:../Firmware/CMSIS/cmsis_gcc.h **** }
 148              		.loc 2 742 3
 149              		.syntax divided
 150              	@ 742 "../Firmware/CMSIS/cmsis_gcc.h" 1
 151 0042 BFF36F8F 		isb 0xF
 152              	@ 0 "" 2
 743:../Firmware/CMSIS/cmsis_gcc.h **** 
 153              		.loc 2 743 1
 154              		.thumb
 155              		.syntax unified
 156 0046 C046     		nop
 157              	.L6:
 158              	.LBE15:
 159              	.LBE14:
1303:../Firmware/CMSIS/core_cm23.h ****     __DSB();
1304:../Firmware/CMSIS/core_cm23.h ****     __ISB();
1305:../Firmware/CMSIS/core_cm23.h ****   }
1306:../Firmware/CMSIS/core_cm23.h **** }
 160              		.loc 1 1306 1
 161 0048 C046     		nop
 162 004a BD46     		mov	sp, r7
 163 004c 02B0     		add	sp, sp, #8
 164              		@ sp needed
 165 004e 80BD     		pop	{r7, pc}
 166              		.cfi_endproc
 167              	.LFE46:
 169              		.section	.text.__NVIC_SetPriority,"ax",%progbits
 170              		.align	1
 171              		.syntax unified
 172              		.code	16
 173              		.thumb_func
 174              		.fpu softvfp
 176              	__NVIC_SetPriority:
 177              	.LFB51:
1307:../Firmware/CMSIS/core_cm23.h **** 
1308:../Firmware/CMSIS/core_cm23.h **** 
1309:../Firmware/CMSIS/core_cm23.h **** /**
1310:../Firmware/CMSIS/core_cm23.h ****   \brief   Get Pending Interrupt
1311:../Firmware/CMSIS/core_cm23.h ****   \details Reads the NVIC pending register and returns the pending bit for the specified device spe
1312:../Firmware/CMSIS/core_cm23.h ****   \param [in]      IRQn  Device specific interrupt number.
1313:../Firmware/CMSIS/core_cm23.h ****   \return             0  Interrupt status is not pending.
1314:../Firmware/CMSIS/core_cm23.h ****   \return             1  Interrupt status is pending.
1315:../Firmware/CMSIS/core_cm23.h ****   \note    IRQn must not be negative.
1316:../Firmware/CMSIS/core_cm23.h ****  */
1317:../Firmware/CMSIS/core_cm23.h **** __STATIC_INLINE uint32_t __NVIC_GetPendingIRQ(IRQn_Type IRQn)
1318:../Firmware/CMSIS/core_cm23.h **** {
1319:../Firmware/CMSIS/core_cm23.h ****   if ((int32_t)(IRQn) >= 0)
1320:../Firmware/CMSIS/core_cm23.h ****   {
1321:../Firmware/CMSIS/core_cm23.h ****     return((uint32_t)(((NVIC->ISPR[(((uint32_t)(int32_t)IRQn) >> 5UL)] & (1UL << (((uint32_t)(int32
1322:../Firmware/CMSIS/core_cm23.h ****   }
1323:../Firmware/CMSIS/core_cm23.h ****   else
1324:../Firmware/CMSIS/core_cm23.h ****   {
1325:../Firmware/CMSIS/core_cm23.h ****     return(0U);
1326:../Firmware/CMSIS/core_cm23.h ****   }
1327:../Firmware/CMSIS/core_cm23.h **** }
1328:../Firmware/CMSIS/core_cm23.h **** 
1329:../Firmware/CMSIS/core_cm23.h **** 
1330:../Firmware/CMSIS/core_cm23.h **** /**
1331:../Firmware/CMSIS/core_cm23.h ****   \brief   Set Pending Interrupt
1332:../Firmware/CMSIS/core_cm23.h ****   \details Sets the pending bit of a device specific interrupt in the NVIC pending register.
1333:../Firmware/CMSIS/core_cm23.h ****   \param [in]      IRQn  Device specific interrupt number.
1334:../Firmware/CMSIS/core_cm23.h ****   \note    IRQn must not be negative.
1335:../Firmware/CMSIS/core_cm23.h ****  */
1336:../Firmware/CMSIS/core_cm23.h **** __STATIC_INLINE void __NVIC_SetPendingIRQ(IRQn_Type IRQn)
1337:../Firmware/CMSIS/core_cm23.h **** {
1338:../Firmware/CMSIS/core_cm23.h ****   if ((int32_t)(IRQn) >= 0)
1339:../Firmware/CMSIS/core_cm23.h ****   {
1340:../Firmware/CMSIS/core_cm23.h ****     NVIC->ISPR[(((uint32_t)(int32_t)IRQn) >> 5UL)] = (uint32_t)(1UL << (((uint32_t)(int32_t)IRQn) &
1341:../Firmware/CMSIS/core_cm23.h ****   }
1342:../Firmware/CMSIS/core_cm23.h **** }
1343:../Firmware/CMSIS/core_cm23.h **** 
1344:../Firmware/CMSIS/core_cm23.h **** 
1345:../Firmware/CMSIS/core_cm23.h **** /**
1346:../Firmware/CMSIS/core_cm23.h ****   \brief   Clear Pending Interrupt
1347:../Firmware/CMSIS/core_cm23.h ****   \details Clears the pending bit of a device specific interrupt in the NVIC pending register.
1348:../Firmware/CMSIS/core_cm23.h ****   \param [in]      IRQn  Device specific interrupt number.
1349:../Firmware/CMSIS/core_cm23.h ****   \note    IRQn must not be negative.
1350:../Firmware/CMSIS/core_cm23.h ****  */
1351:../Firmware/CMSIS/core_cm23.h **** __STATIC_INLINE void __NVIC_ClearPendingIRQ(IRQn_Type IRQn)
1352:../Firmware/CMSIS/core_cm23.h **** {
1353:../Firmware/CMSIS/core_cm23.h ****   if ((int32_t)(IRQn) >= 0)
1354:../Firmware/CMSIS/core_cm23.h ****   {
1355:../Firmware/CMSIS/core_cm23.h ****     NVIC->ICPR[(((uint32_t)(int32_t)IRQn) >> 5UL)] = (uint32_t)(1UL << (((uint32_t)(int32_t)IRQn) &
1356:../Firmware/CMSIS/core_cm23.h ****   }
1357:../Firmware/CMSIS/core_cm23.h **** }
1358:../Firmware/CMSIS/core_cm23.h **** 
1359:../Firmware/CMSIS/core_cm23.h **** 
1360:../Firmware/CMSIS/core_cm23.h **** /**
1361:../Firmware/CMSIS/core_cm23.h ****   \brief   Get Active Interrupt
1362:../Firmware/CMSIS/core_cm23.h ****   \details Reads the active register in the NVIC and returns the active bit for the device specific
1363:../Firmware/CMSIS/core_cm23.h ****   \param [in]      IRQn  Device specific interrupt number.
1364:../Firmware/CMSIS/core_cm23.h ****   \return             0  Interrupt status is not active.
1365:../Firmware/CMSIS/core_cm23.h ****   \return             1  Interrupt status is active.
1366:../Firmware/CMSIS/core_cm23.h ****   \note    IRQn must not be negative.
1367:../Firmware/CMSIS/core_cm23.h ****  */
1368:../Firmware/CMSIS/core_cm23.h **** __STATIC_INLINE uint32_t __NVIC_GetActive(IRQn_Type IRQn)
1369:../Firmware/CMSIS/core_cm23.h **** {
1370:../Firmware/CMSIS/core_cm23.h ****   if ((int32_t)(IRQn) >= 0)
1371:../Firmware/CMSIS/core_cm23.h ****   {
1372:../Firmware/CMSIS/core_cm23.h ****     return((uint32_t)(((NVIC->IABR[(((uint32_t)(int32_t)IRQn) >> 5UL)] & (1UL << (((uint32_t)(int32
1373:../Firmware/CMSIS/core_cm23.h ****   }
1374:../Firmware/CMSIS/core_cm23.h ****   else
1375:../Firmware/CMSIS/core_cm23.h ****   {
1376:../Firmware/CMSIS/core_cm23.h ****     return(0U);
1377:../Firmware/CMSIS/core_cm23.h ****   }
1378:../Firmware/CMSIS/core_cm23.h **** }
1379:../Firmware/CMSIS/core_cm23.h **** 
1380:../Firmware/CMSIS/core_cm23.h **** 
1381:../Firmware/CMSIS/core_cm23.h **** #if defined (__ARM_FEATURE_CMSE) && (__ARM_FEATURE_CMSE == 3U)
1382:../Firmware/CMSIS/core_cm23.h **** /**
1383:../Firmware/CMSIS/core_cm23.h ****   \brief   Get Interrupt Target State
1384:../Firmware/CMSIS/core_cm23.h ****   \details Reads the interrupt target field in the NVIC and returns the interrupt target bit for th
1385:../Firmware/CMSIS/core_cm23.h ****   \param [in]      IRQn  Device specific interrupt number.
1386:../Firmware/CMSIS/core_cm23.h ****   \return             0  if interrupt is assigned to Secure
1387:../Firmware/CMSIS/core_cm23.h ****   \return             1  if interrupt is assigned to Non Secure
1388:../Firmware/CMSIS/core_cm23.h ****   \note    IRQn must not be negative.
1389:../Firmware/CMSIS/core_cm23.h ****  */
1390:../Firmware/CMSIS/core_cm23.h **** __STATIC_INLINE uint32_t NVIC_GetTargetState(IRQn_Type IRQn)
1391:../Firmware/CMSIS/core_cm23.h **** {
1392:../Firmware/CMSIS/core_cm23.h ****   if ((int32_t)(IRQn) >= 0)
1393:../Firmware/CMSIS/core_cm23.h ****   {
1394:../Firmware/CMSIS/core_cm23.h ****     return((uint32_t)(((NVIC->ITNS[(((uint32_t)(int32_t)IRQn) >> 5UL)] & (1UL << (((uint32_t)(int32
1395:../Firmware/CMSIS/core_cm23.h ****   }
1396:../Firmware/CMSIS/core_cm23.h ****   else
1397:../Firmware/CMSIS/core_cm23.h ****   {
1398:../Firmware/CMSIS/core_cm23.h ****     return(0U);
1399:../Firmware/CMSIS/core_cm23.h ****   }
1400:../Firmware/CMSIS/core_cm23.h **** }
1401:../Firmware/CMSIS/core_cm23.h **** 
1402:../Firmware/CMSIS/core_cm23.h **** 
1403:../Firmware/CMSIS/core_cm23.h **** /**
1404:../Firmware/CMSIS/core_cm23.h ****   \brief   Set Interrupt Target State
1405:../Firmware/CMSIS/core_cm23.h ****   \details Sets the interrupt target field in the NVIC and returns the interrupt target bit for the
1406:../Firmware/CMSIS/core_cm23.h ****   \param [in]      IRQn  Device specific interrupt number.
1407:../Firmware/CMSIS/core_cm23.h ****   \return             0  if interrupt is assigned to Secure
1408:../Firmware/CMSIS/core_cm23.h ****                       1  if interrupt is assigned to Non Secure
1409:../Firmware/CMSIS/core_cm23.h ****   \note    IRQn must not be negative.
1410:../Firmware/CMSIS/core_cm23.h ****  */
1411:../Firmware/CMSIS/core_cm23.h **** __STATIC_INLINE uint32_t NVIC_SetTargetState(IRQn_Type IRQn)
1412:../Firmware/CMSIS/core_cm23.h **** {
1413:../Firmware/CMSIS/core_cm23.h ****   if ((int32_t)(IRQn) >= 0)
1414:../Firmware/CMSIS/core_cm23.h ****   {
1415:../Firmware/CMSIS/core_cm23.h ****     NVIC->ITNS[(((uint32_t)(int32_t)IRQn) >> 5UL)] |=  ((uint32_t)(1UL << (((uint32_t)(int32_t)IRQn
1416:../Firmware/CMSIS/core_cm23.h ****     return((uint32_t)(((NVIC->ITNS[(((uint32_t)(int32_t)IRQn) >> 5UL)] & (1UL << (((uint32_t)(int32
1417:../Firmware/CMSIS/core_cm23.h ****   }
1418:../Firmware/CMSIS/core_cm23.h ****   else
1419:../Firmware/CMSIS/core_cm23.h ****   {
1420:../Firmware/CMSIS/core_cm23.h ****     return(0U);
1421:../Firmware/CMSIS/core_cm23.h ****   }
1422:../Firmware/CMSIS/core_cm23.h **** }
1423:../Firmware/CMSIS/core_cm23.h **** 
1424:../Firmware/CMSIS/core_cm23.h **** 
1425:../Firmware/CMSIS/core_cm23.h **** /**
1426:../Firmware/CMSIS/core_cm23.h ****   \brief   Clear Interrupt Target State
1427:../Firmware/CMSIS/core_cm23.h ****   \details Clears the interrupt target field in the NVIC and returns the interrupt target bit for t
1428:../Firmware/CMSIS/core_cm23.h ****   \param [in]      IRQn  Device specific interrupt number.
1429:../Firmware/CMSIS/core_cm23.h ****   \return             0  if interrupt is assigned to Secure
1430:../Firmware/CMSIS/core_cm23.h ****                       1  if interrupt is assigned to Non Secure
1431:../Firmware/CMSIS/core_cm23.h ****   \note    IRQn must not be negative.
1432:../Firmware/CMSIS/core_cm23.h ****  */
1433:../Firmware/CMSIS/core_cm23.h **** __STATIC_INLINE uint32_t NVIC_ClearTargetState(IRQn_Type IRQn)
1434:../Firmware/CMSIS/core_cm23.h **** {
1435:../Firmware/CMSIS/core_cm23.h ****   if ((int32_t)(IRQn) >= 0)
1436:../Firmware/CMSIS/core_cm23.h ****   {
1437:../Firmware/CMSIS/core_cm23.h ****     NVIC->ITNS[(((uint32_t)(int32_t)IRQn) >> 5UL)] &= ~((uint32_t)(1UL << (((uint32_t)(int32_t)IRQn
1438:../Firmware/CMSIS/core_cm23.h ****     return((uint32_t)(((NVIC->ITNS[(((uint32_t)(int32_t)IRQn) >> 5UL)] & (1UL << (((uint32_t)(int32
1439:../Firmware/CMSIS/core_cm23.h ****   }
1440:../Firmware/CMSIS/core_cm23.h ****   else
1441:../Firmware/CMSIS/core_cm23.h ****   {
1442:../Firmware/CMSIS/core_cm23.h ****     return(0U);
1443:../Firmware/CMSIS/core_cm23.h ****   }
1444:../Firmware/CMSIS/core_cm23.h **** }
1445:../Firmware/CMSIS/core_cm23.h **** #endif /* defined (__ARM_FEATURE_CMSE) && (__ARM_FEATURE_CMSE == 3U) */
1446:../Firmware/CMSIS/core_cm23.h **** 
1447:../Firmware/CMSIS/core_cm23.h **** 
1448:../Firmware/CMSIS/core_cm23.h **** /**
1449:../Firmware/CMSIS/core_cm23.h ****   \brief   Set Interrupt Priority
1450:../Firmware/CMSIS/core_cm23.h ****   \details Sets the priority of a device specific interrupt or a processor exception.
1451:../Firmware/CMSIS/core_cm23.h ****            The interrupt number can be positive to specify a device specific interrupt,
1452:../Firmware/CMSIS/core_cm23.h ****            or negative to specify a processor exception.
1453:../Firmware/CMSIS/core_cm23.h ****   \param [in]      IRQn  Interrupt number.
1454:../Firmware/CMSIS/core_cm23.h ****   \param [in]  priority  Priority to set.
1455:../Firmware/CMSIS/core_cm23.h ****   \note    The priority cannot be set for every processor exception.
1456:../Firmware/CMSIS/core_cm23.h ****  */
1457:../Firmware/CMSIS/core_cm23.h **** __STATIC_INLINE void __NVIC_SetPriority(IRQn_Type IRQn, uint32_t priority)
1458:../Firmware/CMSIS/core_cm23.h **** {
 178              		.loc 1 1458 1
 179              		.cfi_startproc
 180              		@ args = 0, pretend = 0, frame = 8
 181              		@ frame_needed = 1, uses_anonymous_args = 0
 182 0000 90B5     		push	{r4, r7, lr}
 183              		.cfi_def_cfa_offset 12
 184              		.cfi_offset 4, -12
 185              		.cfi_offset 7, -8
 186              		.cfi_offset 14, -4
 187 0002 83B0     		sub	sp, sp, #12
 188              		.cfi_def_cfa_offset 24
 189 0004 00AF     		add	r7, sp, #0
 190              		.cfi_def_cfa_register 7
 191 0006 0200     		movs	r2, r0
 192 0008 3960     		str	r1, [r7]
 193 000a FB1D     		adds	r3, r7, #7
 194 000c 1A70     		strb	r2, [r3]
1459:../Firmware/CMSIS/core_cm23.h ****   if ((int32_t)(IRQn) >= 0)
 195              		.loc 1 1459 6
 196 000e FB1D     		adds	r3, r7, #7
 197 0010 1B78     		ldrb	r3, [r3]
 198 0012 7F2B     		cmp	r3, #127
 199 0014 2FD8     		bhi	.L8
1460:../Firmware/CMSIS/core_cm23.h ****   {
1461:../Firmware/CMSIS/core_cm23.h ****     NVIC->IPR[_IP_IDX(IRQn)]  = ((uint32_t)(NVIC->IPR[_IP_IDX(IRQn)]  & ~(0xFFUL << _BIT_SHIFT(IRQn
 200              		.loc 1 1461 49
 201 0016 4EF20013 		movw	r3, #57600
 202 001a CEF20003 		movt	r3, 57344
 203              		.loc 1 1461 55
 204 001e FA1D     		adds	r2, r7, #7
 205 0020 1278     		ldrb	r2, [r2]
 206 0022 52B2     		sxtb	r2, r2
 207 0024 9208     		lsrs	r2, r2, #2
 208              		.loc 1 1461 54
 209 0026 C032     		adds	r2, r2, #192
 210 0028 9200     		lsls	r2, r2, #2
 211 002a D358     		ldr	r3, [r2, r3]
 212              		.loc 1 1461 85
 213 002c FA1D     		adds	r2, r7, #7
 214 002e 1278     		ldrb	r2, [r2]
 215 0030 1100     		movs	r1, r2
 216 0032 0322     		movs	r2, #3
 217 0034 0A40     		ands	r2, r1
 218 0036 D200     		lsls	r2, r2, #3
 219              		.loc 1 1461 82
 220 0038 FF21     		movs	r1, #255
 221 003a 9140     		lsls	r1, r1, r2
 222 003c 0A00     		movs	r2, r1
 223              		.loc 1 1461 73
 224 003e D243     		mvns	r2, r2
 225              		.loc 1 1461 34
 226 0040 1A40     		ands	r2, r3
 227 0042 1000     		movs	r0, r2
1462:../Firmware/CMSIS/core_cm23.h ****        (((priority << (8U - __NVIC_PRIO_BITS)) & (uint32_t)0xFFUL) << _BIT_SHIFT(IRQn)));
 228              		.loc 1 1462 20
 229 0044 3B68     		ldr	r3, [r7]
 230 0046 9B01     		lsls	r3, r3, #6
 231              		.loc 1 1462 48
 232 0048 FF22     		movs	r2, #255
 233 004a 1A40     		ands	r2, r3
 234              		.loc 1 1462 71
 235 004c FB1D     		adds	r3, r7, #7
 236 004e 1B78     		ldrb	r3, [r3]
 237 0050 1900     		movs	r1, r3
 238 0052 0323     		movs	r3, #3
 239 0054 0B40     		ands	r3, r1
 240 0056 DB00     		lsls	r3, r3, #3
 241              		.loc 1 1462 68
 242 0058 9A40     		lsls	r2, r2, r3
 243 005a 1100     		movs	r1, r2
1461:../Firmware/CMSIS/core_cm23.h ****        (((priority << (8U - __NVIC_PRIO_BITS)) & (uint32_t)0xFFUL) << _BIT_SHIFT(IRQn)));
 244              		.loc 1 1461 9
 245 005c 4EF20013 		movw	r3, #57600
 246 0060 CEF20003 		movt	r3, 57344
1461:../Firmware/CMSIS/core_cm23.h ****        (((priority << (8U - __NVIC_PRIO_BITS)) & (uint32_t)0xFFUL) << _BIT_SHIFT(IRQn)));
 247              		.loc 1 1461 15
 248 0064 FA1D     		adds	r2, r7, #7
 249 0066 1278     		ldrb	r2, [r2]
 250 0068 52B2     		sxtb	r2, r2
 251 006a 9208     		lsrs	r2, r2, #2
1461:../Firmware/CMSIS/core_cm23.h ****        (((priority << (8U - __NVIC_PRIO_BITS)) & (uint32_t)0xFFUL) << _BIT_SHIFT(IRQn)));
 252              		.loc 1 1461 104
 253 006c 0143     		orrs	r1, r0
1461:../Firmware/CMSIS/core_cm23.h ****        (((priority << (8U - __NVIC_PRIO_BITS)) & (uint32_t)0xFFUL) << _BIT_SHIFT(IRQn)));
 254              		.loc 1 1461 31
 255 006e C032     		adds	r2, r2, #192
 256 0070 9200     		lsls	r2, r2, #2
 257 0072 D150     		str	r1, [r2, r3]
1463:../Firmware/CMSIS/core_cm23.h ****   }
1464:../Firmware/CMSIS/core_cm23.h ****   else
1465:../Firmware/CMSIS/core_cm23.h ****   {
1466:../Firmware/CMSIS/core_cm23.h ****     SCB->SHPR[_SHP_IDX(IRQn)] = ((uint32_t)(SCB->SHPR[_SHP_IDX(IRQn)] & ~(0xFFUL << _BIT_SHIFT(IRQn
1467:../Firmware/CMSIS/core_cm23.h ****        (((priority << (8U - __NVIC_PRIO_BITS)) & (uint32_t)0xFFUL) << _BIT_SHIFT(IRQn)));
1468:../Firmware/CMSIS/core_cm23.h ****   }
1469:../Firmware/CMSIS/core_cm23.h **** }
 258              		.loc 1 1469 1
 259 0074 37E0     		b	.L10
 260              	.L8:
1466:../Firmware/CMSIS/core_cm23.h ****        (((priority << (8U - __NVIC_PRIO_BITS)) & (uint32_t)0xFFUL) << _BIT_SHIFT(IRQn)));
 261              		.loc 1 1466 48
 262 0076 4EF60053 		movw	r3, #60672
 263 007a CEF20003 		movt	r3, 57344
1466:../Firmware/CMSIS/core_cm23.h ****        (((priority << (8U - __NVIC_PRIO_BITS)) & (uint32_t)0xFFUL) << _BIT_SHIFT(IRQn)));
 264              		.loc 1 1466 55
 265 007e FA1D     		adds	r2, r7, #7
 266 0080 1278     		ldrb	r2, [r2]
 267 0082 1100     		movs	r1, r2
 268 0084 0F22     		movs	r2, #15
 269 0086 0A40     		ands	r2, r1
 270 0088 083A     		subs	r2, r2, #8
 271 008a 9208     		lsrs	r2, r2, #2
1466:../Firmware/CMSIS/core_cm23.h ****        (((priority << (8U - __NVIC_PRIO_BITS)) & (uint32_t)0xFFUL) << _BIT_SHIFT(IRQn)));
 272              		.loc 1 1466 54
 273 008c 0632     		adds	r2, r2, #6
 274 008e 9200     		lsls	r2, r2, #2
 275 0090 9B18     		adds	r3, r3, r2
 276 0092 0433     		adds	r3, r3, #4
 277 0094 1B68     		ldr	r3, [r3]
1466:../Firmware/CMSIS/core_cm23.h ****        (((priority << (8U - __NVIC_PRIO_BITS)) & (uint32_t)0xFFUL) << _BIT_SHIFT(IRQn)));
 278              		.loc 1 1466 85
 279 0096 FA1D     		adds	r2, r7, #7
 280 0098 1278     		ldrb	r2, [r2]
 281 009a 1100     		movs	r1, r2
 282 009c 0322     		movs	r2, #3
 283 009e 0A40     		ands	r2, r1
 284 00a0 D200     		lsls	r2, r2, #3
1466:../Firmware/CMSIS/core_cm23.h ****        (((priority << (8U - __NVIC_PRIO_BITS)) & (uint32_t)0xFFUL) << _BIT_SHIFT(IRQn)));
 285              		.loc 1 1466 82
 286 00a2 FF21     		movs	r1, #255
 287 00a4 9140     		lsls	r1, r1, r2
 288 00a6 0A00     		movs	r2, r1
1466:../Firmware/CMSIS/core_cm23.h ****        (((priority << (8U - __NVIC_PRIO_BITS)) & (uint32_t)0xFFUL) << _BIT_SHIFT(IRQn)));
 289              		.loc 1 1466 73
 290 00a8 D243     		mvns	r2, r2
1466:../Firmware/CMSIS/core_cm23.h ****        (((priority << (8U - __NVIC_PRIO_BITS)) & (uint32_t)0xFFUL) << _BIT_SHIFT(IRQn)));
 291              		.loc 1 1466 34
 292 00aa 1A40     		ands	r2, r3
 293 00ac 1000     		movs	r0, r2
1467:../Firmware/CMSIS/core_cm23.h ****   }
 294              		.loc 1 1467 20
 295 00ae 3B68     		ldr	r3, [r7]
 296 00b0 9B01     		lsls	r3, r3, #6
1467:../Firmware/CMSIS/core_cm23.h ****   }
 297              		.loc 1 1467 48
 298 00b2 FF22     		movs	r2, #255
 299 00b4 1A40     		ands	r2, r3
1467:../Firmware/CMSIS/core_cm23.h ****   }
 300              		.loc 1 1467 71
 301 00b6 FB1D     		adds	r3, r7, #7
 302 00b8 1B78     		ldrb	r3, [r3]
 303 00ba 1900     		movs	r1, r3
 304 00bc 0323     		movs	r3, #3
 305 00be 0B40     		ands	r3, r1
 306 00c0 DB00     		lsls	r3, r3, #3
1467:../Firmware/CMSIS/core_cm23.h ****   }
 307              		.loc 1 1467 68
 308 00c2 9A40     		lsls	r2, r2, r3
1466:../Firmware/CMSIS/core_cm23.h ****        (((priority << (8U - __NVIC_PRIO_BITS)) & (uint32_t)0xFFUL) << _BIT_SHIFT(IRQn)));
 309              		.loc 1 1466 8
 310 00c4 4EF60053 		movw	r3, #60672
 311 00c8 CEF20003 		movt	r3, 57344
1466:../Firmware/CMSIS/core_cm23.h ****        (((priority << (8U - __NVIC_PRIO_BITS)) & (uint32_t)0xFFUL) << _BIT_SHIFT(IRQn)));
 312              		.loc 1 1466 15
 313 00cc F91D     		adds	r1, r7, #7
 314 00ce 0978     		ldrb	r1, [r1]
 315 00d0 0C00     		movs	r4, r1
 316 00d2 0F21     		movs	r1, #15
 317 00d4 2140     		ands	r1, r4
 318 00d6 0839     		subs	r1, r1, #8
 319 00d8 8908     		lsrs	r1, r1, #2
1466:../Firmware/CMSIS/core_cm23.h ****        (((priority << (8U - __NVIC_PRIO_BITS)) & (uint32_t)0xFFUL) << _BIT_SHIFT(IRQn)));
 320              		.loc 1 1466 104
 321 00da 0243     		orrs	r2, r0
1466:../Firmware/CMSIS/core_cm23.h ****        (((priority << (8U - __NVIC_PRIO_BITS)) & (uint32_t)0xFFUL) << _BIT_SHIFT(IRQn)));
 322              		.loc 1 1466 31
 323 00dc 0631     		adds	r1, r1, #6
 324 00de 8900     		lsls	r1, r1, #2
 325 00e0 5B18     		adds	r3, r3, r1
 326 00e2 0433     		adds	r3, r3, #4
 327 00e4 1A60     		str	r2, [r3]
 328              	.L10:
 329              		.loc 1 1469 1
 330 00e6 C046     		nop
 331 00e8 BD46     		mov	sp, r7
 332 00ea 03B0     		add	sp, sp, #12
 333              		@ sp needed
 334 00ec 90BD     		pop	{r4, r7, pc}
 335              		.cfi_endproc
 336              	.LFE51:
 338              		.section	.text.NVIC_SystemReset,"ax",%progbits
 339              		.align	1
 340              		.syntax unified
 341              		.code	16
 342              		.thumb_func
 343              		.fpu softvfp
 345              	NVIC_SystemReset:
 346              	.LFB55:
1470:../Firmware/CMSIS/core_cm23.h **** 
1471:../Firmware/CMSIS/core_cm23.h **** 
1472:../Firmware/CMSIS/core_cm23.h **** /**
1473:../Firmware/CMSIS/core_cm23.h ****   \brief   Get Interrupt Priority
1474:../Firmware/CMSIS/core_cm23.h ****   \details Reads the priority of a device specific interrupt or a processor exception.
1475:../Firmware/CMSIS/core_cm23.h ****            The interrupt number can be positive to specify a device specific interrupt,
1476:../Firmware/CMSIS/core_cm23.h ****            or negative to specify a processor exception.
1477:../Firmware/CMSIS/core_cm23.h ****   \param [in]   IRQn  Interrupt number.
1478:../Firmware/CMSIS/core_cm23.h ****   \return             Interrupt Priority.
1479:../Firmware/CMSIS/core_cm23.h ****                       Value is aligned automatically to the implemented priority bits of the microc
1480:../Firmware/CMSIS/core_cm23.h ****  */
1481:../Firmware/CMSIS/core_cm23.h **** __STATIC_INLINE uint32_t __NVIC_GetPriority(IRQn_Type IRQn)
1482:../Firmware/CMSIS/core_cm23.h **** {
1483:../Firmware/CMSIS/core_cm23.h **** 
1484:../Firmware/CMSIS/core_cm23.h ****   if ((int32_t)(IRQn) >= 0)
1485:../Firmware/CMSIS/core_cm23.h ****   {
1486:../Firmware/CMSIS/core_cm23.h ****     return((uint32_t)(((NVIC->IPR[ _IP_IDX(IRQn)] >> _BIT_SHIFT(IRQn) ) & (uint32_t)0xFFUL) >> (8U 
1487:../Firmware/CMSIS/core_cm23.h ****   }
1488:../Firmware/CMSIS/core_cm23.h ****   else
1489:../Firmware/CMSIS/core_cm23.h ****   {
1490:../Firmware/CMSIS/core_cm23.h ****     return((uint32_t)(((SCB->SHPR[_SHP_IDX(IRQn)] >> _BIT_SHIFT(IRQn) ) & (uint32_t)0xFFUL) >> (8U 
1491:../Firmware/CMSIS/core_cm23.h ****   }
1492:../Firmware/CMSIS/core_cm23.h **** }
1493:../Firmware/CMSIS/core_cm23.h **** 
1494:../Firmware/CMSIS/core_cm23.h **** 
1495:../Firmware/CMSIS/core_cm23.h **** /**
1496:../Firmware/CMSIS/core_cm23.h ****   \brief   Set Interrupt Vector
1497:../Firmware/CMSIS/core_cm23.h ****   \details Sets an interrupt vector in SRAM based interrupt vector table.
1498:../Firmware/CMSIS/core_cm23.h ****            The interrupt number can be positive to specify a device specific interrupt,
1499:../Firmware/CMSIS/core_cm23.h ****            or negative to specify a processor exception.
1500:../Firmware/CMSIS/core_cm23.h ****            VTOR must been relocated to SRAM before.
1501:../Firmware/CMSIS/core_cm23.h ****            If VTOR is not present address 0 must be mapped to SRAM.
1502:../Firmware/CMSIS/core_cm23.h ****   \param [in]   IRQn      Interrupt number
1503:../Firmware/CMSIS/core_cm23.h ****   \param [in]   vector    Address of interrupt handler function
1504:../Firmware/CMSIS/core_cm23.h ****  */
1505:../Firmware/CMSIS/core_cm23.h **** __STATIC_INLINE void __NVIC_SetVector(IRQn_Type IRQn, uint32_t vector)
1506:../Firmware/CMSIS/core_cm23.h **** {
1507:../Firmware/CMSIS/core_cm23.h **** #if defined (__VTOR_PRESENT) && (__VTOR_PRESENT == 1U)
1508:../Firmware/CMSIS/core_cm23.h ****   uint32_t *vectors = (uint32_t *)SCB->VTOR;
1509:../Firmware/CMSIS/core_cm23.h **** #else
1510:../Firmware/CMSIS/core_cm23.h ****   uint32_t *vectors = (uint32_t *)0x0U;
1511:../Firmware/CMSIS/core_cm23.h **** #endif
1512:../Firmware/CMSIS/core_cm23.h ****   vectors[(int32_t)IRQn + NVIC_USER_IRQ_OFFSET] = vector;
1513:../Firmware/CMSIS/core_cm23.h **** }
1514:../Firmware/CMSIS/core_cm23.h **** 
1515:../Firmware/CMSIS/core_cm23.h **** 
1516:../Firmware/CMSIS/core_cm23.h **** /**
1517:../Firmware/CMSIS/core_cm23.h ****   \brief   Get Interrupt Vector
1518:../Firmware/CMSIS/core_cm23.h ****   \details Reads an interrupt vector from interrupt vector table.
1519:../Firmware/CMSIS/core_cm23.h ****            The interrupt number can be positive to specify a device specific interrupt,
1520:../Firmware/CMSIS/core_cm23.h ****            or negative to specify a processor exception.
1521:../Firmware/CMSIS/core_cm23.h ****   \param [in]   IRQn      Interrupt number.
1522:../Firmware/CMSIS/core_cm23.h ****   \return                 Address of interrupt handler function
1523:../Firmware/CMSIS/core_cm23.h ****  */
1524:../Firmware/CMSIS/core_cm23.h **** __STATIC_INLINE uint32_t __NVIC_GetVector(IRQn_Type IRQn)
1525:../Firmware/CMSIS/core_cm23.h **** {
1526:../Firmware/CMSIS/core_cm23.h **** #if defined (__VTOR_PRESENT) && (__VTOR_PRESENT == 1U)
1527:../Firmware/CMSIS/core_cm23.h ****   uint32_t *vectors = (uint32_t *)SCB->VTOR;
1528:../Firmware/CMSIS/core_cm23.h **** #else
1529:../Firmware/CMSIS/core_cm23.h ****   uint32_t *vectors = (uint32_t *)0x0U;
1530:../Firmware/CMSIS/core_cm23.h **** #endif
1531:../Firmware/CMSIS/core_cm23.h ****   return vectors[(int32_t)IRQn + NVIC_USER_IRQ_OFFSET];
1532:../Firmware/CMSIS/core_cm23.h **** }
1533:../Firmware/CMSIS/core_cm23.h **** 
1534:../Firmware/CMSIS/core_cm23.h **** 
1535:../Firmware/CMSIS/core_cm23.h **** /**
1536:../Firmware/CMSIS/core_cm23.h ****   \brief   System Reset
1537:../Firmware/CMSIS/core_cm23.h ****   \details Initiates a system reset request to reset the MCU.
1538:../Firmware/CMSIS/core_cm23.h ****  */
1539:../Firmware/CMSIS/core_cm23.h **** __STATIC_INLINE void NVIC_SystemReset(void)
1540:../Firmware/CMSIS/core_cm23.h **** {
 347              		.loc 1 1540 1
 348              		.cfi_startproc
 349              		@ args = 0, pretend = 0, frame = 0
 350              		@ frame_needed = 1, uses_anonymous_args = 0
 351 0000 80B5     		push	{r7, lr}
 352              		.cfi_def_cfa_offset 8
 353              		.cfi_offset 7, -8
 354              		.cfi_offset 14, -4
 355 0002 00AF     		add	r7, sp, #0
 356              		.cfi_def_cfa_register 7
 357              	.LBB16:
 358              	.LBB17:
 753:../Firmware/CMSIS/cmsis_gcc.h **** }
 359              		.loc 2 753 3
 360              		.syntax divided
 361              	@ 753 "../Firmware/CMSIS/cmsis_gcc.h" 1
 362 0004 BFF34F8F 		dsb 0xF
 363              	@ 0 "" 2
 364              		.loc 2 754 1
 365              		.thumb
 366              		.syntax unified
 367 0008 C046     		nop
 368              	.LBE17:
 369              	.LBE16:
1541:../Firmware/CMSIS/core_cm23.h ****   __DSB();                                                          /* Ensure all outstanding memor
1542:../Firmware/CMSIS/core_cm23.h ****                                                                        buffered write are completed
1543:../Firmware/CMSIS/core_cm23.h ****   SCB->AIRCR  = ((0x5FAUL << SCB_AIRCR_VECTKEY_Pos) |
 370              		.loc 1 1543 6
 371 000a 4EF60053 		movw	r3, #60672
 372 000e CEF20003 		movt	r3, 57344
 373              		.loc 1 1543 15
 374 0012 0422     		movs	r2, #4
 375 0014 C0F2FA52 		movt	r2, 1530
 376 0018 DA60     		str	r2, [r3, #12]
 377              	.LBB18:
 378              	.LBB19:
 753:../Firmware/CMSIS/cmsis_gcc.h **** }
 379              		.loc 2 753 3
 380              		.syntax divided
 381              	@ 753 "../Firmware/CMSIS/cmsis_gcc.h" 1
 382 001a BFF34F8F 		dsb 0xF
 383              	@ 0 "" 2
 384              		.loc 2 754 1
 385              		.thumb
 386              		.syntax unified
 387 001e C046     		nop
 388              	.L12:
 389              	.LBE19:
 390              	.LBE18:
1544:../Firmware/CMSIS/core_cm23.h ****                  SCB_AIRCR_SYSRESETREQ_Msk);
1545:../Firmware/CMSIS/core_cm23.h ****   __DSB();                                                          /* Ensure completion of memory 
1546:../Firmware/CMSIS/core_cm23.h **** 
1547:../Firmware/CMSIS/core_cm23.h ****   for(;;)                                                           /* wait until reset */
1548:../Firmware/CMSIS/core_cm23.h ****   {
1549:../Firmware/CMSIS/core_cm23.h ****     __NOP();
 391              		.loc 1 1549 5 discriminator 1
 392              		.syntax divided
 393              	@ 1549 "../Firmware/CMSIS/core_cm23.h" 1
 394 0020 C046     		nop
 395              	@ 0 "" 2
 396              		.thumb
 397              		.syntax unified
 398 0022 FDE7     		b	.L12
 399              		.cfi_endproc
 400              	.LFE55:
 402              		.section	.text.nvic_irq_enable,"ax",%progbits
 403              		.align	1
 404              		.global	nvic_irq_enable
 405              		.syntax unified
 406              		.code	16
 407              		.thumb_func
 408              		.fpu softvfp
 410              	nvic_irq_enable:
 411              	.LFB58:
 412              		.file 3 "../Firmware/GD32E23x_standard_peripheral/Source/gd32e23x_misc.c"
   1:../Firmware/GD32E23x_standard_peripheral/Source/gd32e23x_misc.c **** /*!
   2:../Firmware/GD32E23x_standard_peripheral/Source/gd32e23x_misc.c ****     \file    gd32e23x_misc.c
   3:../Firmware/GD32E23x_standard_peripheral/Source/gd32e23x_misc.c ****     \brief   MISC driver
   4:../Firmware/GD32E23x_standard_peripheral/Source/gd32e23x_misc.c **** 
   5:../Firmware/GD32E23x_standard_peripheral/Source/gd32e23x_misc.c ****     \version 2025-08-08, V2.4.0, firmware for GD32E23x
   6:../Firmware/GD32E23x_standard_peripheral/Source/gd32e23x_misc.c **** */
   7:../Firmware/GD32E23x_standard_peripheral/Source/gd32e23x_misc.c **** 
   8:../Firmware/GD32E23x_standard_peripheral/Source/gd32e23x_misc.c **** /*
   9:../Firmware/GD32E23x_standard_peripheral/Source/gd32e23x_misc.c ****     Copyright (c) 2025, GigaDevice Semiconductor Inc.
  10:../Firmware/GD32E23x_standard_peripheral/Source/gd32e23x_misc.c **** 
  11:../Firmware/GD32E23x_standard_peripheral/Source/gd32e23x_misc.c ****     Redistribution and use in source and binary forms, with or without modification,
  12:../Firmware/GD32E23x_standard_peripheral/Source/gd32e23x_misc.c **** are permitted provided that the following conditions are met:
  13:../Firmware/GD32E23x_standard_peripheral/Source/gd32e23x_misc.c **** 
  14:../Firmware/GD32E23x_standard_peripheral/Source/gd32e23x_misc.c ****     1. Redistributions of source code must retain the above copyright notice, this
  15:../Firmware/GD32E23x_standard_peripheral/Source/gd32e23x_misc.c ****        list of conditions and the following disclaimer.
  16:../Firmware/GD32E23x_standard_peripheral/Source/gd32e23x_misc.c ****     2. Redistributions in binary form must reproduce the above copyright notice,
  17:../Firmware/GD32E23x_standard_peripheral/Source/gd32e23x_misc.c ****        this list of conditions and the following disclaimer in the documentation
  18:../Firmware/GD32E23x_standard_peripheral/Source/gd32e23x_misc.c ****        and/or other materials provided with the distribution.
  19:../Firmware/GD32E23x_standard_peripheral/Source/gd32e23x_misc.c ****     3. Neither the name of the copyright holder nor the names of its contributors
  20:../Firmware/GD32E23x_standard_peripheral/Source/gd32e23x_misc.c ****        may be used to endorse or promote products derived from this software without
  21:../Firmware/GD32E23x_standard_peripheral/Source/gd32e23x_misc.c ****        specific prior written permission.
  22:../Firmware/GD32E23x_standard_peripheral/Source/gd32e23x_misc.c **** 
  23:../Firmware/GD32E23x_standard_peripheral/Source/gd32e23x_misc.c ****     THIS SOFTWARE IS PROVIDED BY THE COPYRIGHT HOLDERS AND CONTRIBUTORS "AS IS"
  24:../Firmware/GD32E23x_standard_peripheral/Source/gd32e23x_misc.c **** AND ANY EXPRESS OR IMPLIED WARRANTIES, INCLUDING, BUT NOT LIMITED TO, THE IMPLIED
  25:../Firmware/GD32E23x_standard_peripheral/Source/gd32e23x_misc.c **** WARRANTIES OF MERCHANTABILITY AND FITNESS FOR A PARTICULAR PURPOSE ARE DISCLAIMED.
  26:../Firmware/GD32E23x_standard_peripheral/Source/gd32e23x_misc.c **** IN NO EVENT SHALL THE COPYRIGHT HOLDER OR CONTRIBUTORS BE LIABLE FOR ANY DIRECT,
  27:../Firmware/GD32E23x_standard_peripheral/Source/gd32e23x_misc.c **** INDIRECT, INCIDENTAL, SPECIAL, EXEMPLARY, OR CONSEQUENTIAL DAMAGES (INCLUDING, BUT
  28:../Firmware/GD32E23x_standard_peripheral/Source/gd32e23x_misc.c **** NOT LIMITED TO, PROCUREMENT OF SUBSTITUTE GOODS OR SERVICES; LOSS OF USE, DATA, OR
  29:../Firmware/GD32E23x_standard_peripheral/Source/gd32e23x_misc.c **** PROFITS; OR BUSINESS INTERRUPTION) HOWEVER CAUSED AND ON ANY THEORY OF LIABILITY,
  30:../Firmware/GD32E23x_standard_peripheral/Source/gd32e23x_misc.c **** WHETHER IN CONTRACT, STRICT LIABILITY, OR TORT (INCLUDING NEGLIGENCE OR OTHERWISE)
  31:../Firmware/GD32E23x_standard_peripheral/Source/gd32e23x_misc.c **** ARISING IN ANY WAY OUT OF THE USE OF THIS SOFTWARE, EVEN IF ADVISED OF THE POSSIBILITY
  32:../Firmware/GD32E23x_standard_peripheral/Source/gd32e23x_misc.c **** OF SUCH DAMAGE.
  33:../Firmware/GD32E23x_standard_peripheral/Source/gd32e23x_misc.c **** */
  34:../Firmware/GD32E23x_standard_peripheral/Source/gd32e23x_misc.c **** 
  35:../Firmware/GD32E23x_standard_peripheral/Source/gd32e23x_misc.c **** #include "gd32e23x_misc.h"
  36:../Firmware/GD32E23x_standard_peripheral/Source/gd32e23x_misc.c **** 
  37:../Firmware/GD32E23x_standard_peripheral/Source/gd32e23x_misc.c **** /*!
  38:../Firmware/GD32E23x_standard_peripheral/Source/gd32e23x_misc.c ****     \brief      enable NVIC request
  39:../Firmware/GD32E23x_standard_peripheral/Source/gd32e23x_misc.c ****     \param[in]  nvic_irq: the NVIC interrupt request, detailed in IRQn_Type
  40:../Firmware/GD32E23x_standard_peripheral/Source/gd32e23x_misc.c ****     \param[in]  nvic_irq_priority: the priority needed to set (0-3)
  41:../Firmware/GD32E23x_standard_peripheral/Source/gd32e23x_misc.c ****     \param[out] none
  42:../Firmware/GD32E23x_standard_peripheral/Source/gd32e23x_misc.c ****     \retval     none
  43:../Firmware/GD32E23x_standard_peripheral/Source/gd32e23x_misc.c **** */
  44:../Firmware/GD32E23x_standard_peripheral/Source/gd32e23x_misc.c **** void nvic_irq_enable(IRQn_Type nvic_irq,
  45:../Firmware/GD32E23x_standard_peripheral/Source/gd32e23x_misc.c ****                      uint8_t nvic_irq_priority)
  46:../Firmware/GD32E23x_standard_peripheral/Source/gd32e23x_misc.c **** {
 413              		.loc 3 46 1
 414              		.cfi_startproc
 415              		@ args = 0, pretend = 0, frame = 8
 416              		@ frame_needed = 1, uses_anonymous_args = 0
 417 0000 80B5     		push	{r7, lr}
 418              		.cfi_def_cfa_offset 8
 419              		.cfi_offset 7, -8
 420              		.cfi_offset 14, -4
 421 0002 82B0     		sub	sp, sp, #8
 422              		.cfi_def_cfa_offset 16
 423 0004 00AF     		add	r7, sp, #0
 424              		.cfi_def_cfa_register 7
 425 0006 0200     		movs	r2, r0
 426 0008 FB1D     		adds	r3, r7, #7
 427 000a 1A70     		strb	r2, [r3]
 428 000c BB1D     		adds	r3, r7, #6
 429 000e 0A1C     		adds	r2, r1, #0
 430 0010 1A70     		strb	r2, [r3]
  47:../Firmware/GD32E23x_standard_peripheral/Source/gd32e23x_misc.c ****     /* set the priority and enable the selected IRQ */
  48:../Firmware/GD32E23x_standard_peripheral/Source/gd32e23x_misc.c ****     NVIC_SetPriority((IRQn_Type)nvic_irq, (uint32_t)nvic_irq_priority);
 431              		.loc 3 48 5
 432 0012 BB1D     		adds	r3, r7, #6
 433 0014 1A78     		ldrb	r2, [r3]
 434 0016 FB1D     		adds	r3, r7, #7
 435 0018 1B78     		ldrb	r3, [r3]
 436 001a 5BB2     		sxtb	r3, r3
 437 001c 1100     		movs	r1, r2
 438 001e 1800     		movs	r0, r3
 439 0020 FFF7FEFF 		bl	__NVIC_SetPriority
  49:../Firmware/GD32E23x_standard_peripheral/Source/gd32e23x_misc.c ****     NVIC_EnableIRQ((IRQn_Type)nvic_irq);
 440              		.loc 3 49 5
 441 0024 FB1D     		adds	r3, r7, #7
 442 0026 1B78     		ldrb	r3, [r3]
 443 0028 5BB2     		sxtb	r3, r3
 444 002a 1800     		movs	r0, r3
 445 002c FFF7FEFF 		bl	__NVIC_EnableIRQ
  50:../Firmware/GD32E23x_standard_peripheral/Source/gd32e23x_misc.c **** }
 446              		.loc 3 50 1
 447 0030 C046     		nop
 448 0032 BD46     		mov	sp, r7
 449 0034 02B0     		add	sp, sp, #8
 450              		@ sp needed
 451 0036 80BD     		pop	{r7, pc}
 452              		.cfi_endproc
 453              	.LFE58:
 455              		.section	.text.nvic_irq_disable,"ax",%progbits
 456              		.align	1
 457              		.global	nvic_irq_disable
 458              		.syntax unified
 459              		.code	16
 460              		.thumb_func
 461              		.fpu softvfp
 463              	nvic_irq_disable:
 464              	.LFB59:
  51:../Firmware/GD32E23x_standard_peripheral/Source/gd32e23x_misc.c **** 
  52:../Firmware/GD32E23x_standard_peripheral/Source/gd32e23x_misc.c **** /*!
  53:../Firmware/GD32E23x_standard_peripheral/Source/gd32e23x_misc.c ****     \brief      disable NVIC request
  54:../Firmware/GD32E23x_standard_peripheral/Source/gd32e23x_misc.c ****     \param[in]  nvic_irq: the NVIC interrupt request, detailed in IRQn_Type
  55:../Firmware/GD32E23x_standard_peripheral/Source/gd32e23x_misc.c ****     \param[out] none
  56:../Firmware/GD32E23x_standard_peripheral/Source/gd32e23x_misc.c ****     \retval     none
  57:../Firmware/GD32E23x_standard_peripheral/Source/gd32e23x_misc.c **** */
  58:../Firmware/GD32E23x_standard_peripheral/Source/gd32e23x_misc.c **** void nvic_irq_disable(IRQn_Type nvic_irq)
  59:../Firmware/GD32E23x_standard_peripheral/Source/gd32e23x_misc.c **** {
 465              		.loc 3 59 1
 466              		.cfi_startproc
 467              		@ args = 0, pretend = 0, frame = 8
 468              		@ frame_needed = 1, uses_anonymous_args = 0
 469 0000 80B5     		push	{r7, lr}
 470              		.cfi_def_cfa_offset 8
 471              		.cfi_offset 7, -8
 472              		.cfi_offset 14, -4
 473 0002 82B0     		sub	sp, sp, #8
 474              		.cfi_def_cfa_offset 16
 475 0004 00AF     		add	r7, sp, #0
 476              		.cfi_def_cfa_register 7
 477 0006 0200     		movs	r2, r0
 478 0008 FB1D     		adds	r3, r7, #7
 479 000a 1A70     		strb	r2, [r3]
  60:../Firmware/GD32E23x_standard_peripheral/Source/gd32e23x_misc.c ****     /* disable the selected IRQ.*/
  61:../Firmware/GD32E23x_standard_peripheral/Source/gd32e23x_misc.c ****     NVIC_DisableIRQ((IRQn_Type)nvic_irq);
 480              		.loc 3 61 5
 481 000c FB1D     		adds	r3, r7, #7
 482 000e 1B78     		ldrb	r3, [r3]
 483 0010 5BB2     		sxtb	r3, r3
 484 0012 1800     		movs	r0, r3
 485 0014 FFF7FEFF 		bl	__NVIC_DisableIRQ
  62:../Firmware/GD32E23x_standard_peripheral/Source/gd32e23x_misc.c **** }
 486              		.loc 3 62 1
 487 0018 C046     		nop
 488 001a BD46     		mov	sp, r7
 489 001c 02B0     		add	sp, sp, #8
 490              		@ sp needed
 491 001e 80BD     		pop	{r7, pc}
 492              		.cfi_endproc
 493              	.LFE59:
 495              		.section	.text.nvic_system_reset,"ax",%progbits
 496              		.align	1
 497              		.global	nvic_system_reset
 498              		.syntax unified
 499              		.code	16
 500              		.thumb_func
 501              		.fpu softvfp
 503              	nvic_system_reset:
 504              	.LFB60:
  63:../Firmware/GD32E23x_standard_peripheral/Source/gd32e23x_misc.c **** 
  64:../Firmware/GD32E23x_standard_peripheral/Source/gd32e23x_misc.c **** /*  */
  65:../Firmware/GD32E23x_standard_peripheral/Source/gd32e23x_misc.c **** /*!
  66:../Firmware/GD32E23x_standard_peripheral/Source/gd32e23x_misc.c ****     \brief      initiates a system reset request to reset the MCU
  67:../Firmware/GD32E23x_standard_peripheral/Source/gd32e23x_misc.c ****     \param[in]  none
  68:../Firmware/GD32E23x_standard_peripheral/Source/gd32e23x_misc.c ****     \param[out] none
  69:../Firmware/GD32E23x_standard_peripheral/Source/gd32e23x_misc.c ****     \retval     none
  70:../Firmware/GD32E23x_standard_peripheral/Source/gd32e23x_misc.c **** */
  71:../Firmware/GD32E23x_standard_peripheral/Source/gd32e23x_misc.c **** void nvic_system_reset(void)
  72:../Firmware/GD32E23x_standard_peripheral/Source/gd32e23x_misc.c **** {
 505              		.loc 3 72 1
 506              		.cfi_startproc
 507              		@ args = 0, pretend = 0, frame = 0
 508              		@ frame_needed = 1, uses_anonymous_args = 0
 509 0000 80B5     		push	{r7, lr}
 510              		.cfi_def_cfa_offset 8
 511              		.cfi_offset 7, -8
 512              		.cfi_offset 14, -4
 513 0002 00AF     		add	r7, sp, #0
 514              		.cfi_def_cfa_register 7
  73:../Firmware/GD32E23x_standard_peripheral/Source/gd32e23x_misc.c ****     NVIC_SystemReset();
 515              		.loc 3 73 5
 516 0004 FFF7FEFF 		bl	NVIC_SystemReset
  74:../Firmware/GD32E23x_standard_peripheral/Source/gd32e23x_misc.c **** }
 517              		.loc 3 74 1
 518 0008 C046     		nop
 519 000a BD46     		mov	sp, r7
 520              		@ sp needed
 521 000c 80BD     		pop	{r7, pc}
 522              		.cfi_endproc
 523              	.LFE60:
 525              		.section	.text.nvic_vector_table_set,"ax",%progbits
 526              		.align	1
 527              		.global	nvic_vector_table_set
 528              		.syntax unified
 529              		.code	16
 530              		.thumb_func
 531              		.fpu softvfp
 533              	nvic_vector_table_set:
 534              	.LFB61:
  75:../Firmware/GD32E23x_standard_peripheral/Source/gd32e23x_misc.c **** 
  76:../Firmware/GD32E23x_standard_peripheral/Source/gd32e23x_misc.c **** /*!
  77:../Firmware/GD32E23x_standard_peripheral/Source/gd32e23x_misc.c ****     \brief      set the NVIC vector table base address
  78:../Firmware/GD32E23x_standard_peripheral/Source/gd32e23x_misc.c ****     \param[in]  nvic_vict_tab: the RAM or FLASH base address
  79:../Firmware/GD32E23x_standard_peripheral/Source/gd32e23x_misc.c ****       \arg        NVIC_VECTTAB_RAM: RAM base address
  80:../Firmware/GD32E23x_standard_peripheral/Source/gd32e23x_misc.c ****       \arg        NVIC_VECTTAB_FLASH: Flash base address
  81:../Firmware/GD32E23x_standard_peripheral/Source/gd32e23x_misc.c ****     \param[in]  offset: Vector Table offset
  82:../Firmware/GD32E23x_standard_peripheral/Source/gd32e23x_misc.c ****     \param[out] none
  83:../Firmware/GD32E23x_standard_peripheral/Source/gd32e23x_misc.c ****     \retval     none
  84:../Firmware/GD32E23x_standard_peripheral/Source/gd32e23x_misc.c **** */
  85:../Firmware/GD32E23x_standard_peripheral/Source/gd32e23x_misc.c **** void nvic_vector_table_set(uint32_t nvic_vict_tab, uint32_t offset)
  86:../Firmware/GD32E23x_standard_peripheral/Source/gd32e23x_misc.c **** {
 535              		.loc 3 86 1
 536              		.cfi_startproc
 537              		@ args = 0, pretend = 0, frame = 8
 538              		@ frame_needed = 1, uses_anonymous_args = 0
 539 0000 80B5     		push	{r7, lr}
 540              		.cfi_def_cfa_offset 8
 541              		.cfi_offset 7, -8
 542              		.cfi_offset 14, -4
 543 0002 82B0     		sub	sp, sp, #8
 544              		.cfi_def_cfa_offset 16
 545 0004 00AF     		add	r7, sp, #0
 546              		.cfi_def_cfa_register 7
 547 0006 7860     		str	r0, [r7, #4]
 548 0008 3960     		str	r1, [r7]
  87:../Firmware/GD32E23x_standard_peripheral/Source/gd32e23x_misc.c ****     SCB->VTOR = nvic_vict_tab | (offset & NVIC_VECTTAB_OFFSET_MASK);
 549              		.loc 3 87 41
 550 000a 3A68     		ldr	r2, [r7]
 551 000c 4FF68073 		movw	r3, #65408
 552 0010 C1F6FF73 		movt	r3, 8191
 553 0014 1A40     		ands	r2, r3
 554 0016 1100     		movs	r1, r2
 555              		.loc 3 87 8
 556 0018 4EF60053 		movw	r3, #60672
 557 001c CEF20003 		movt	r3, 57344
 558              		.loc 3 87 31
 559 0020 7A68     		ldr	r2, [r7, #4]
 560 0022 0A43     		orrs	r2, r1
 561              		.loc 3 87 15
 562 0024 9A60     		str	r2, [r3, #8]
 563              	.LBB20:
 564              	.LBB21:
 753:../Firmware/CMSIS/cmsis_gcc.h **** }
 565              		.loc 2 753 3
 566              		.syntax divided
 567              	@ 753 "../Firmware/CMSIS/cmsis_gcc.h" 1
 568 0026 BFF34F8F 		dsb 0xF
 569              	@ 0 "" 2
 570              		.loc 2 754 1
 571              		.thumb
 572              		.syntax unified
 573 002a C046     		nop
 574              	.LBE21:
 575              	.LBE20:
  88:../Firmware/GD32E23x_standard_peripheral/Source/gd32e23x_misc.c ****     __DSB();
  89:../Firmware/GD32E23x_standard_peripheral/Source/gd32e23x_misc.c **** }
 576              		.loc 3 89 1
 577 002c C046     		nop
 578 002e BD46     		mov	sp, r7
 579 0030 02B0     		add	sp, sp, #8
 580              		@ sp needed
 581 0032 80BD     		pop	{r7, pc}
 582              		.cfi_endproc
 583              	.LFE61:
 585              		.section	.text.system_lowpower_set,"ax",%progbits
 586              		.align	1
 587              		.global	system_lowpower_set
 588              		.syntax unified
 589              		.code	16
 590              		.thumb_func
 591              		.fpu softvfp
 593              	system_lowpower_set:
 594              	.LFB62:
  90:../Firmware/GD32E23x_standard_peripheral/Source/gd32e23x_misc.c **** 
  91:../Firmware/GD32E23x_standard_peripheral/Source/gd32e23x_misc.c **** /*!
  92:../Firmware/GD32E23x_standard_peripheral/Source/gd32e23x_misc.c ****     \brief      set the state of the low power mode
  93:../Firmware/GD32E23x_standard_peripheral/Source/gd32e23x_misc.c ****     \param[in]  lowpower_mode: the low power mode state
  94:../Firmware/GD32E23x_standard_peripheral/Source/gd32e23x_misc.c ****       \arg        SCB_LPM_SLEEP_EXIT_ISR: if chose this para, the system always enter low power
  95:../Firmware/GD32E23x_standard_peripheral/Source/gd32e23x_misc.c ****                     mode by exiting from ISR
  96:../Firmware/GD32E23x_standard_peripheral/Source/gd32e23x_misc.c ****       \arg        SCB_LPM_DEEPSLEEP: if chose this para, the system will enter the DEEPSLEEP mode
  97:../Firmware/GD32E23x_standard_peripheral/Source/gd32e23x_misc.c ****       \arg        SCB_LPM_WAKE_BY_ALL_INT: if chose this para, the lowpower mode can be woke up
  98:../Firmware/GD32E23x_standard_peripheral/Source/gd32e23x_misc.c ****                     by all the enable and disable interrupts
  99:../Firmware/GD32E23x_standard_peripheral/Source/gd32e23x_misc.c ****     \param[out] none
 100:../Firmware/GD32E23x_standard_peripheral/Source/gd32e23x_misc.c ****     \retval     none
 101:../Firmware/GD32E23x_standard_peripheral/Source/gd32e23x_misc.c **** */
 102:../Firmware/GD32E23x_standard_peripheral/Source/gd32e23x_misc.c **** void system_lowpower_set(uint8_t lowpower_mode)
 103:../Firmware/GD32E23x_standard_peripheral/Source/gd32e23x_misc.c **** {
 595              		.loc 3 103 1
 596              		.cfi_startproc
 597              		@ args = 0, pretend = 0, frame = 8
 598              		@ frame_needed = 1, uses_anonymous_args = 0
 599 0000 80B5     		push	{r7, lr}
 600              		.cfi_def_cfa_offset 8
 601              		.cfi_offset 7, -8
 602              		.cfi_offset 14, -4
 603 0002 82B0     		sub	sp, sp, #8
 604              		.cfi_def_cfa_offset 16
 605 0004 00AF     		add	r7, sp, #0
 606              		.cfi_def_cfa_register 7
 607 0006 0200     		movs	r2, r0
 608 0008 FB1D     		adds	r3, r7, #7
 609 000a 1A70     		strb	r2, [r3]
 104:../Firmware/GD32E23x_standard_peripheral/Source/gd32e23x_misc.c ****     SCB->SCR |= (uint32_t)lowpower_mode;
 610              		.loc 3 104 14
 611 000c 4EF60053 		movw	r3, #60672
 612 0010 CEF20003 		movt	r3, 57344
 613 0014 1969     		ldr	r1, [r3, #16]
 614              		.loc 3 104 17
 615 0016 FB1D     		adds	r3, r7, #7
 616 0018 1A78     		ldrb	r2, [r3]
 617              		.loc 3 104 14
 618 001a 4EF60053 		movw	r3, #60672
 619 001e CEF20003 		movt	r3, 57344
 620 0022 0A43     		orrs	r2, r1
 621 0024 1A61     		str	r2, [r3, #16]
 105:../Firmware/GD32E23x_standard_peripheral/Source/gd32e23x_misc.c **** }
 622              		.loc 3 105 1
 623 0026 C046     		nop
 624 0028 BD46     		mov	sp, r7
 625 002a 02B0     		add	sp, sp, #8
 626              		@ sp needed
 627 002c 80BD     		pop	{r7, pc}
 628              		.cfi_endproc
 629              	.LFE62:
 631              		.section	.text.system_lowpower_reset,"ax",%progbits
 632              		.align	1
 633              		.global	system_lowpower_reset
 634              		.syntax unified
 635              		.code	16
 636              		.thumb_func
 637              		.fpu softvfp
 639              	system_lowpower_reset:
 640              	.LFB63:
 106:../Firmware/GD32E23x_standard_peripheral/Source/gd32e23x_misc.c **** 
 107:../Firmware/GD32E23x_standard_peripheral/Source/gd32e23x_misc.c **** /*!
 108:../Firmware/GD32E23x_standard_peripheral/Source/gd32e23x_misc.c ****     \brief      reset the state of the low power mode
 109:../Firmware/GD32E23x_standard_peripheral/Source/gd32e23x_misc.c ****     \param[in]  lowpower_mode: the low power mode state
 110:../Firmware/GD32E23x_standard_peripheral/Source/gd32e23x_misc.c ****       \arg        SCB_LPM_SLEEP_EXIT_ISR: if chose this para, the system will exit low power
 111:../Firmware/GD32E23x_standard_peripheral/Source/gd32e23x_misc.c ****                     mode by exiting from ISR
 112:../Firmware/GD32E23x_standard_peripheral/Source/gd32e23x_misc.c ****       \arg        SCB_LPM_DEEPSLEEP: if chose this para, the system will enter the SLEEP mode
 113:../Firmware/GD32E23x_standard_peripheral/Source/gd32e23x_misc.c ****       \arg        SCB_LPM_WAKE_BY_ALL_INT: if chose this para, the lowpower mode only can be
 114:../Firmware/GD32E23x_standard_peripheral/Source/gd32e23x_misc.c ****                     woke up by the enable interrupts
 115:../Firmware/GD32E23x_standard_peripheral/Source/gd32e23x_misc.c ****     \param[out] none
 116:../Firmware/GD32E23x_standard_peripheral/Source/gd32e23x_misc.c ****     \retval     none
 117:../Firmware/GD32E23x_standard_peripheral/Source/gd32e23x_misc.c **** */
 118:../Firmware/GD32E23x_standard_peripheral/Source/gd32e23x_misc.c **** void system_lowpower_reset(uint8_t lowpower_mode)
 119:../Firmware/GD32E23x_standard_peripheral/Source/gd32e23x_misc.c **** {
 641              		.loc 3 119 1
 642              		.cfi_startproc
 643              		@ args = 0, pretend = 0, frame = 8
 644              		@ frame_needed = 1, uses_anonymous_args = 0
 645 0000 80B5     		push	{r7, lr}
 646              		.cfi_def_cfa_offset 8
 647              		.cfi_offset 7, -8
 648              		.cfi_offset 14, -4
 649 0002 82B0     		sub	sp, sp, #8
 650              		.cfi_def_cfa_offset 16
 651 0004 00AF     		add	r7, sp, #0
 652              		.cfi_def_cfa_register 7
 653 0006 0200     		movs	r2, r0
 654 0008 FB1D     		adds	r3, r7, #7
 655 000a 1A70     		strb	r2, [r3]
 120:../Firmware/GD32E23x_standard_peripheral/Source/gd32e23x_misc.c ****     SCB->SCR &= (~(uint32_t)lowpower_mode);
 656              		.loc 3 120 14
 657 000c 4EF60053 		movw	r3, #60672
 658 0010 CEF20003 		movt	r3, 57344
 659 0014 1A69     		ldr	r2, [r3, #16]
 660              		.loc 3 120 19
 661 0016 FB1D     		adds	r3, r7, #7
 662 0018 1B78     		ldrb	r3, [r3]
 663              		.loc 3 120 18
 664 001a D943     		mvns	r1, r3
 665              		.loc 3 120 14
 666 001c 4EF60053 		movw	r3, #60672
 667 0020 CEF20003 		movt	r3, 57344
 668 0024 0A40     		ands	r2, r1
 669 0026 1A61     		str	r2, [r3, #16]
 121:../Firmware/GD32E23x_standard_peripheral/Source/gd32e23x_misc.c **** }
 670              		.loc 3 121 1
 671 0028 C046     		nop
 672 002a BD46     		mov	sp, r7
 673 002c 02B0     		add	sp, sp, #8
 674              		@ sp needed
 675 002e 80BD     		pop	{r7, pc}
 676              		.cfi_endproc
 677              	.LFE63:
 679              		.section	.text.systick_clksource_set,"ax",%progbits
 680              		.align	1
 681              		.global	systick_clksource_set
 682              		.syntax unified
 683              		.code	16
 684              		.thumb_func
 685              		.fpu softvfp
 687              	systick_clksource_set:
 688              	.LFB64:
 122:../Firmware/GD32E23x_standard_peripheral/Source/gd32e23x_misc.c **** 
 123:../Firmware/GD32E23x_standard_peripheral/Source/gd32e23x_misc.c **** /*!
 124:../Firmware/GD32E23x_standard_peripheral/Source/gd32e23x_misc.c ****     \brief      set the systick clock source
 125:../Firmware/GD32E23x_standard_peripheral/Source/gd32e23x_misc.c ****     \param[in]  systick_clksource: the systick clock source needed to choose
 126:../Firmware/GD32E23x_standard_peripheral/Source/gd32e23x_misc.c ****       \arg        SYSTICK_CLKSOURCE_HCLK: systick clock source is from HCLK
 127:../Firmware/GD32E23x_standard_peripheral/Source/gd32e23x_misc.c ****       \arg        SYSTICK_CLKSOURCE_HCLK_DIV8: systick clock source is from HCLK/8
 128:../Firmware/GD32E23x_standard_peripheral/Source/gd32e23x_misc.c ****     \param[out] none
 129:../Firmware/GD32E23x_standard_peripheral/Source/gd32e23x_misc.c ****     \retval     none
 130:../Firmware/GD32E23x_standard_peripheral/Source/gd32e23x_misc.c **** */
 131:../Firmware/GD32E23x_standard_peripheral/Source/gd32e23x_misc.c **** 
 132:../Firmware/GD32E23x_standard_peripheral/Source/gd32e23x_misc.c **** void systick_clksource_set(uint32_t systick_clksource)
 133:../Firmware/GD32E23x_standard_peripheral/Source/gd32e23x_misc.c **** {
 689              		.loc 3 133 1
 690              		.cfi_startproc
 691              		@ args = 0, pretend = 0, frame = 8
 692              		@ frame_needed = 1, uses_anonymous_args = 0
 693 0000 80B5     		push	{r7, lr}
 694              		.cfi_def_cfa_offset 8
 695              		.cfi_offset 7, -8
 696              		.cfi_offset 14, -4
 697 0002 82B0     		sub	sp, sp, #8
 698              		.cfi_def_cfa_offset 16
 699 0004 00AF     		add	r7, sp, #0
 700              		.cfi_def_cfa_register 7
 701 0006 7860     		str	r0, [r7, #4]
 134:../Firmware/GD32E23x_standard_peripheral/Source/gd32e23x_misc.c ****     if(SYSTICK_CLKSOURCE_HCLK == systick_clksource) {
 702              		.loc 3 134 7
 703 0008 7B68     		ldr	r3, [r7, #4]
 704 000a 042B     		cmp	r3, #4
 705 000c 0CD1     		bne	.L20
 135:../Firmware/GD32E23x_standard_peripheral/Source/gd32e23x_misc.c ****         /* set the systick clock source from HCLK */
 136:../Firmware/GD32E23x_standard_peripheral/Source/gd32e23x_misc.c ****         SysTick->CTRL |= SYSTICK_CLKSOURCE_HCLK;
 706              		.loc 3 136 23
 707 000e 4EF21003 		movw	r3, #57360
 708 0012 CEF20003 		movt	r3, 57344
 709 0016 1A68     		ldr	r2, [r3]
 710 0018 4EF21003 		movw	r3, #57360
 711 001c CEF20003 		movt	r3, 57344
 712 0020 0421     		movs	r1, #4
 713 0022 0A43     		orrs	r2, r1
 714 0024 1A60     		str	r2, [r3]
 137:../Firmware/GD32E23x_standard_peripheral/Source/gd32e23x_misc.c ****     } else {
 138:../Firmware/GD32E23x_standard_peripheral/Source/gd32e23x_misc.c ****         /* set the systick clock source from HCLK/8 */
 139:../Firmware/GD32E23x_standard_peripheral/Source/gd32e23x_misc.c ****         SysTick->CTRL &= SYSTICK_CLKSOURCE_HCLK_DIV8;
 140:../Firmware/GD32E23x_standard_peripheral/Source/gd32e23x_misc.c ****     }
 141:../Firmware/GD32E23x_standard_peripheral/Source/gd32e23x_misc.c **** }
 715              		.loc 3 141 1
 716 0026 0BE0     		b	.L22
 717              	.L20:
 139:../Firmware/GD32E23x_standard_peripheral/Source/gd32e23x_misc.c ****     }
 718              		.loc 3 139 23
 719 0028 4EF21003 		movw	r3, #57360
 720 002c CEF20003 		movt	r3, 57344
 721 0030 1A68     		ldr	r2, [r3]
 722 0032 4EF21003 		movw	r3, #57360
 723 0036 CEF20003 		movt	r3, 57344
 724 003a 0421     		movs	r1, #4
 725 003c 8A43     		bics	r2, r1
 726 003e 1A60     		str	r2, [r3]
 727              	.L22:
 728              		.loc 3 141 1
 729 0040 C046     		nop
 730 0042 BD46     		mov	sp, r7
 731 0044 02B0     		add	sp, sp, #8
 732              		@ sp needed
 733 0046 80BD     		pop	{r7, pc}
 734              		.cfi_endproc
 735              	.LFE64:
 737              		.text
 738              	.Letext0:
 739              		.file 4 "../Firmware/CMSIS/GD/GD32E23x/Include/gd32e23x.h"
 740              		.file 5 "d:\\software\\gd32embeddedbuilder_v1.5.6_rel\\tools\\gnu tools arm embedded\\xpack-arm-no
 741              		.file 6 "d:\\software\\gd32embeddedbuilder_v1.5.6_rel\\tools\\gnu tools arm embedded\\xpack-arm-no
 742              		.file 7 "../Firmware/CMSIS/GD/GD32E23x/Include/system_gd32e23x.h"
DEFINED SYMBOLS
                            *ABS*:00000000 gd32e23x_misc.c
C:\Users\sen.he\AppData\Local\Temp\ccu1sjgc.s:16     .text.__NVIC_EnableIRQ:00000000 $t
C:\Users\sen.he\AppData\Local\Temp\ccu1sjgc.s:23     .text.__NVIC_EnableIRQ:00000000 __NVIC_EnableIRQ
C:\Users\sen.he\AppData\Local\Temp\ccu1sjgc.s:80     .text.__NVIC_DisableIRQ:00000000 $t
C:\Users\sen.he\AppData\Local\Temp\ccu1sjgc.s:86     .text.__NVIC_DisableIRQ:00000000 __NVIC_DisableIRQ
C:\Users\sen.he\AppData\Local\Temp\ccu1sjgc.s:170    .text.__NVIC_SetPriority:00000000 $t
C:\Users\sen.he\AppData\Local\Temp\ccu1sjgc.s:176    .text.__NVIC_SetPriority:00000000 __NVIC_SetPriority
C:\Users\sen.he\AppData\Local\Temp\ccu1sjgc.s:339    .text.NVIC_SystemReset:00000000 $t
C:\Users\sen.he\AppData\Local\Temp\ccu1sjgc.s:345    .text.NVIC_SystemReset:00000000 NVIC_SystemReset
C:\Users\sen.he\AppData\Local\Temp\ccu1sjgc.s:403    .text.nvic_irq_enable:00000000 $t
C:\Users\sen.he\AppData\Local\Temp\ccu1sjgc.s:410    .text.nvic_irq_enable:00000000 nvic_irq_enable
C:\Users\sen.he\AppData\Local\Temp\ccu1sjgc.s:456    .text.nvic_irq_disable:00000000 $t
C:\Users\sen.he\AppData\Local\Temp\ccu1sjgc.s:463    .text.nvic_irq_disable:00000000 nvic_irq_disable
C:\Users\sen.he\AppData\Local\Temp\ccu1sjgc.s:496    .text.nvic_system_reset:00000000 $t
C:\Users\sen.he\AppData\Local\Temp\ccu1sjgc.s:503    .text.nvic_system_reset:00000000 nvic_system_reset
C:\Users\sen.he\AppData\Local\Temp\ccu1sjgc.s:526    .text.nvic_vector_table_set:00000000 $t
C:\Users\sen.he\AppData\Local\Temp\ccu1sjgc.s:533    .text.nvic_vector_table_set:00000000 nvic_vector_table_set
C:\Users\sen.he\AppData\Local\Temp\ccu1sjgc.s:586    .text.system_lowpower_set:00000000 $t
C:\Users\sen.he\AppData\Local\Temp\ccu1sjgc.s:593    .text.system_lowpower_set:00000000 system_lowpower_set
C:\Users\sen.he\AppData\Local\Temp\ccu1sjgc.s:632    .text.system_lowpower_reset:00000000 $t
C:\Users\sen.he\AppData\Local\Temp\ccu1sjgc.s:639    .text.system_lowpower_reset:00000000 system_lowpower_reset
C:\Users\sen.he\AppData\Local\Temp\ccu1sjgc.s:680    .text.systick_clksource_set:00000000 $t
C:\Users\sen.he\AppData\Local\Temp\ccu1sjgc.s:687    .text.systick_clksource_set:00000000 systick_clksource_set
                           .group:00000000 wm4.0.590463c46bf1d553a4d8081ecba6952e
                           .group:00000000 wm4.gd32e23x.h.39.0bf85d194b71a50de4fcad938c637dda
                           .group:00000000 wm4._newlib_version.h.4.9ba035841e762c3308916a0ce96032e7
                           .group:00000000 wm4.features.h.33.318b64d71e0957639cfb30f1db1f7ec8
                           .group:00000000 wm4._default_types.h.15.247e5cd201eca3442cbf5404108c4935
                           .group:00000000 wm4._intsup.h.10.cce27fed8484c08a33f522034c30d2b5
                           .group:00000000 wm4._stdint.h.10.c24fa3af3bc1706662bb5593a907e841
                           .group:00000000 wm4.stdint.h.23.d53047a68f4a85177f80b422d52785ed
                           .group:00000000 wm4.core_cm23.h.64.de3bc139a6604757cb96382033d22ea4
                           .group:00000000 wm4.cmsis_gcc.h.26.41038879cf168e2c536d47f29b7e8dd8
                           .group:00000000 wm4.core_cm23.h.125.de61c9c922e4fe53a01469e1afefe964
                           .group:00000000 wm4.system_gd32e23x.h.38.7a884860f7764c0ab5165a93f03201bb
                           .group:00000000 wm4.gd32e23x.h.163.9acf0d7337f9fe4e45533e128df527f9
                           .group:00000000 wm4.gd32e23x_adc.h.41.e37db1574230c817b545e8965349e4d7
                           .group:00000000 wm4.gd32e23x_crc.h.36.279adb768307700338e007c7ed677511
                           .group:00000000 wm4.gd32e23x_dbg.h.36.d33e52eaa928f5287aa06af215016669
                           .group:00000000 wm4.gd32e23x_dma.h.36.526a5bad10d356aae73db43b8b6c8ac1
                           .group:00000000 wm4.gd32e23x_exti.h.36.af0d6df8c0ce7b2677a9f89a98c409ce
                           .group:00000000 wm4.gd32e23x_fmc.h.36.75bde762cab332c240661c238a094712
                           .group:00000000 wm4.gd32e23x_gpio.h.36.795887d0586769fb622efbe77d569cda
                           .group:00000000 wm4.gd32e23x_syscfg.h.36.01ade19f7155772b744fa54349aa8666
                           .group:00000000 wm4.gd32e23x_i2c.h.36.e6cffa765f1652866ccb69e12f59470e
                           .group:00000000 wm4.gd32e23x_fwdgt.h.36.2fcc8574db554a4bd9e84c5cd0b7ab23
                           .group:00000000 wm4.gd32e23x_pmu.h.36.eca9453dd7794477bf31deebb1c6dd71
                           .group:00000000 wm4.gd32e23x_rcu.h.36.5275b85972d8917a1d7fb8903e56792a
                           .group:00000000 wm4.gd32e23x_rtc.h.36.83ced1869b0634048aca709e2e07b91d
                           .group:00000000 wm4.gd32e23x_spi.h.36.3f2a16ec9ce43b99360e154caa44fc36
                           .group:00000000 wm4.gd32e23x_timer.h.36.1a402a135f3e05d89798e4281e3b9d83
                           .group:00000000 wm4.gd32e23x_usart.h.36.c2b993b4a3fc79395d2c6452b270c65c
                           .group:00000000 wm4.gd32e23x_wwdgt.h.36.067f8fa16250ddb8196a2d3d5347a8d1
                           .group:00000000 wm4.gd32e23x_cmp.h.36.0a60ec830a2d39bbe01854c1093a76e2
                           .group:00000000 wm4.gd32e23x_misc.h.42.a0922790a16e9d8f91cd327f06dd98e5

NO UNDEFINED SYMBOLS
