   1              		.cpu cortex-m23
   2              		.eabi_attribute 20, 1
   3              		.eabi_attribute 21, 1
   4              		.eabi_attribute 23, 3
   5              		.eabi_attribute 24, 1
   6              		.eabi_attribute 25, 1
   7              		.eabi_attribute 26, 1
   8              		.eabi_attribute 30, 6
   9              		.eabi_attribute 34, 0
  10              		.eabi_attribute 18, 4
  11              		.file	"gd32e23x_adc.c"
  12              		.text
  13              	.Ltext0:
  14              		.cfi_sections	.debug_frame
  15              		.section	.text.adc_deinit,"ax",%progbits
  16              		.align	1
  17              		.global	adc_deinit
  18              		.arch armv8-m.base
  19              		.syntax unified
  20              		.code	16
  21              		.thumb_func
  22              		.fpu softvfp
  24              	adc_deinit:
  25              	.LFB58:
  26              		.file 1 "../Firmware/GD32E23x_standard_peripheral/Source/gd32e23x_adc.c"
   1:../Firmware/GD32E23x_standard_peripheral/Source/gd32e23x_adc.c **** /*!
   2:../Firmware/GD32E23x_standard_peripheral/Source/gd32e23x_adc.c ****     \file    gd32e23x_adc.c
   3:../Firmware/GD32E23x_standard_peripheral/Source/gd32e23x_adc.c ****     \brief   ADC driver
   4:../Firmware/GD32E23x_standard_peripheral/Source/gd32e23x_adc.c **** 
   5:../Firmware/GD32E23x_standard_peripheral/Source/gd32e23x_adc.c ****     \version 2025-08-08, V2.4.0, firmware for GD32E23x
   6:../Firmware/GD32E23x_standard_peripheral/Source/gd32e23x_adc.c **** */
   7:../Firmware/GD32E23x_standard_peripheral/Source/gd32e23x_adc.c **** 
   8:../Firmware/GD32E23x_standard_peripheral/Source/gd32e23x_adc.c **** /*
   9:../Firmware/GD32E23x_standard_peripheral/Source/gd32e23x_adc.c ****     Copyright (c) 2025, GigaDevice Semiconductor Inc.
  10:../Firmware/GD32E23x_standard_peripheral/Source/gd32e23x_adc.c **** 
  11:../Firmware/GD32E23x_standard_peripheral/Source/gd32e23x_adc.c ****     Redistribution and use in source and binary forms, with or without modification,
  12:../Firmware/GD32E23x_standard_peripheral/Source/gd32e23x_adc.c **** are permitted provided that the following conditions are met:
  13:../Firmware/GD32E23x_standard_peripheral/Source/gd32e23x_adc.c **** 
  14:../Firmware/GD32E23x_standard_peripheral/Source/gd32e23x_adc.c ****     1. Redistributions of source code must retain the above copyright notice, this
  15:../Firmware/GD32E23x_standard_peripheral/Source/gd32e23x_adc.c ****        list of conditions and the following disclaimer.
  16:../Firmware/GD32E23x_standard_peripheral/Source/gd32e23x_adc.c ****     2. Redistributions in binary form must reproduce the above copyright notice,
  17:../Firmware/GD32E23x_standard_peripheral/Source/gd32e23x_adc.c ****        this list of conditions and the following disclaimer in the documentation
  18:../Firmware/GD32E23x_standard_peripheral/Source/gd32e23x_adc.c ****        and/or other materials provided with the distribution.
  19:../Firmware/GD32E23x_standard_peripheral/Source/gd32e23x_adc.c ****     3. Neither the name of the copyright holder nor the names of its contributors
  20:../Firmware/GD32E23x_standard_peripheral/Source/gd32e23x_adc.c ****        may be used to endorse or promote products derived from this software without
  21:../Firmware/GD32E23x_standard_peripheral/Source/gd32e23x_adc.c ****        specific prior written permission.
  22:../Firmware/GD32E23x_standard_peripheral/Source/gd32e23x_adc.c **** 
  23:../Firmware/GD32E23x_standard_peripheral/Source/gd32e23x_adc.c ****     THIS SOFTWARE IS PROVIDED BY THE COPYRIGHT HOLDERS AND CONTRIBUTORS "AS IS"
  24:../Firmware/GD32E23x_standard_peripheral/Source/gd32e23x_adc.c **** AND ANY EXPRESS OR IMPLIED WARRANTIES, INCLUDING, BUT NOT LIMITED TO, THE IMPLIED
  25:../Firmware/GD32E23x_standard_peripheral/Source/gd32e23x_adc.c **** WARRANTIES OF MERCHANTABILITY AND FITNESS FOR A PARTICULAR PURPOSE ARE DISCLAIMED.
  26:../Firmware/GD32E23x_standard_peripheral/Source/gd32e23x_adc.c **** IN NO EVENT SHALL THE COPYRIGHT HOLDER OR CONTRIBUTORS BE LIABLE FOR ANY DIRECT,
  27:../Firmware/GD32E23x_standard_peripheral/Source/gd32e23x_adc.c **** INDIRECT, INCIDENTAL, SPECIAL, EXEMPLARY, OR CONSEQUENTIAL DAMAGES (INCLUDING, BUT
  28:../Firmware/GD32E23x_standard_peripheral/Source/gd32e23x_adc.c **** NOT LIMITED TO, PROCUREMENT OF SUBSTITUTE GOODS OR SERVICES; LOSS OF USE, DATA, OR
  29:../Firmware/GD32E23x_standard_peripheral/Source/gd32e23x_adc.c **** PROFITS; OR BUSINESS INTERRUPTION) HOWEVER CAUSED AND ON ANY THEORY OF LIABILITY,
  30:../Firmware/GD32E23x_standard_peripheral/Source/gd32e23x_adc.c **** WHETHER IN CONTRACT, STRICT LIABILITY, OR TORT (INCLUDING NEGLIGENCE OR OTHERWISE)
  31:../Firmware/GD32E23x_standard_peripheral/Source/gd32e23x_adc.c **** ARISING IN ANY WAY OUT OF THE USE OF THIS SOFTWARE, EVEN IF ADVISED OF THE POSSIBILITY
  32:../Firmware/GD32E23x_standard_peripheral/Source/gd32e23x_adc.c **** OF SUCH DAMAGE.
  33:../Firmware/GD32E23x_standard_peripheral/Source/gd32e23x_adc.c **** */
  34:../Firmware/GD32E23x_standard_peripheral/Source/gd32e23x_adc.c **** 
  35:../Firmware/GD32E23x_standard_peripheral/Source/gd32e23x_adc.c **** #include "gd32e23x_adc.h"
  36:../Firmware/GD32E23x_standard_peripheral/Source/gd32e23x_adc.c **** 
  37:../Firmware/GD32E23x_standard_peripheral/Source/gd32e23x_adc.c **** /*!
  38:../Firmware/GD32E23x_standard_peripheral/Source/gd32e23x_adc.c ****     \brief      reset ADC
  39:../Firmware/GD32E23x_standard_peripheral/Source/gd32e23x_adc.c ****     \param[in]  none
  40:../Firmware/GD32E23x_standard_peripheral/Source/gd32e23x_adc.c ****     \param[out] none
  41:../Firmware/GD32E23x_standard_peripheral/Source/gd32e23x_adc.c ****     \retval     none
  42:../Firmware/GD32E23x_standard_peripheral/Source/gd32e23x_adc.c **** */
  43:../Firmware/GD32E23x_standard_peripheral/Source/gd32e23x_adc.c **** void adc_deinit(void)
  44:../Firmware/GD32E23x_standard_peripheral/Source/gd32e23x_adc.c **** {
  27              		.loc 1 44 1
  28              		.cfi_startproc
  29              		@ args = 0, pretend = 0, frame = 0
  30              		@ frame_needed = 1, uses_anonymous_args = 0
  31 0000 80B5     		push	{r7, lr}
  32              		.cfi_def_cfa_offset 8
  33              		.cfi_offset 7, -8
  34              		.cfi_offset 14, -4
  35 0002 00AF     		add	r7, sp, #0
  36              		.cfi_def_cfa_register 7
  45:../Firmware/GD32E23x_standard_peripheral/Source/gd32e23x_adc.c ****     rcu_periph_reset_enable(RCU_ADCRST);
  37              		.loc 1 45 5
  38 0004 40F20930 		movw	r0, #777
  39 0008 FFF7FEFF 		bl	rcu_periph_reset_enable
  46:../Firmware/GD32E23x_standard_peripheral/Source/gd32e23x_adc.c ****     rcu_periph_reset_disable(RCU_ADCRST);
  40              		.loc 1 46 5
  41 000c 40F20930 		movw	r0, #777
  42 0010 FFF7FEFF 		bl	rcu_periph_reset_disable
  47:../Firmware/GD32E23x_standard_peripheral/Source/gd32e23x_adc.c **** }
  43              		.loc 1 47 1
  44 0014 C046     		nop
  45 0016 BD46     		mov	sp, r7
  46              		@ sp needed
  47 0018 80BD     		pop	{r7, pc}
  48              		.cfi_endproc
  49              	.LFE58:
  51              		.section	.text.adc_enable,"ax",%progbits
  52              		.align	1
  53              		.global	adc_enable
  54              		.syntax unified
  55              		.code	16
  56              		.thumb_func
  57              		.fpu softvfp
  59              	adc_enable:
  60              	.LFB59:
  48:../Firmware/GD32E23x_standard_peripheral/Source/gd32e23x_adc.c **** 
  49:../Firmware/GD32E23x_standard_peripheral/Source/gd32e23x_adc.c **** /*!
  50:../Firmware/GD32E23x_standard_peripheral/Source/gd32e23x_adc.c ****     \brief      enable ADC interface
  51:../Firmware/GD32E23x_standard_peripheral/Source/gd32e23x_adc.c ****     \param[in]  none
  52:../Firmware/GD32E23x_standard_peripheral/Source/gd32e23x_adc.c ****     \param[out] none
  53:../Firmware/GD32E23x_standard_peripheral/Source/gd32e23x_adc.c ****     \retval     none
  54:../Firmware/GD32E23x_standard_peripheral/Source/gd32e23x_adc.c **** */
  55:../Firmware/GD32E23x_standard_peripheral/Source/gd32e23x_adc.c **** void adc_enable(void)
  56:../Firmware/GD32E23x_standard_peripheral/Source/gd32e23x_adc.c **** {
  61              		.loc 1 56 1
  62              		.cfi_startproc
  63              		@ args = 0, pretend = 0, frame = 0
  64              		@ frame_needed = 1, uses_anonymous_args = 0
  65 0000 80B5     		push	{r7, lr}
  66              		.cfi_def_cfa_offset 8
  67              		.cfi_offset 7, -8
  68              		.cfi_offset 14, -4
  69 0002 00AF     		add	r7, sp, #0
  70              		.cfi_def_cfa_register 7
  57:../Firmware/GD32E23x_standard_peripheral/Source/gd32e23x_adc.c ****     if(RESET == (ADC_CTL1 & ADC_CTL1_ADCON)) {
  71              		.loc 1 57 18
  72 0004 42F20843 		movw	r3, #9224
  73 0008 C4F20103 		movt	r3, 16385
  74 000c 1B68     		ldr	r3, [r3]
  75              		.loc 1 57 27
  76 000e 0122     		movs	r2, #1
  77 0010 1340     		ands	r3, r2
  78              		.loc 1 57 7
  79 0012 5BB9     		cbnz	r3, .L4
  58:../Firmware/GD32E23x_standard_peripheral/Source/gd32e23x_adc.c ****         ADC_CTL1 |= (uint32_t)ADC_CTL1_ADCON;
  80              		.loc 1 58 18
  81 0014 42F20843 		movw	r3, #9224
  82 0018 C4F20103 		movt	r3, 16385
  83 001c 1A68     		ldr	r2, [r3]
  84 001e 42F20843 		movw	r3, #9224
  85 0022 C4F20103 		movt	r3, 16385
  86 0026 0121     		movs	r1, #1
  87 0028 0A43     		orrs	r2, r1
  88 002a 1A60     		str	r2, [r3]
  89              	.L4:
  59:../Firmware/GD32E23x_standard_peripheral/Source/gd32e23x_adc.c ****     }
  60:../Firmware/GD32E23x_standard_peripheral/Source/gd32e23x_adc.c **** }
  90              		.loc 1 60 1
  91 002c C046     		nop
  92 002e BD46     		mov	sp, r7
  93              		@ sp needed
  94 0030 80BD     		pop	{r7, pc}
  95              		.cfi_endproc
  96              	.LFE59:
  98              		.section	.text.adc_disable,"ax",%progbits
  99              		.align	1
 100              		.global	adc_disable
 101              		.syntax unified
 102              		.code	16
 103              		.thumb_func
 104              		.fpu softvfp
 106              	adc_disable:
 107              	.LFB60:
  61:../Firmware/GD32E23x_standard_peripheral/Source/gd32e23x_adc.c **** 
  62:../Firmware/GD32E23x_standard_peripheral/Source/gd32e23x_adc.c **** /*!
  63:../Firmware/GD32E23x_standard_peripheral/Source/gd32e23x_adc.c ****     \brief      disable ADC interface
  64:../Firmware/GD32E23x_standard_peripheral/Source/gd32e23x_adc.c ****     \param[in]  none
  65:../Firmware/GD32E23x_standard_peripheral/Source/gd32e23x_adc.c ****     \param[out] none
  66:../Firmware/GD32E23x_standard_peripheral/Source/gd32e23x_adc.c ****     \retval     none
  67:../Firmware/GD32E23x_standard_peripheral/Source/gd32e23x_adc.c **** */
  68:../Firmware/GD32E23x_standard_peripheral/Source/gd32e23x_adc.c **** void adc_disable(void)
  69:../Firmware/GD32E23x_standard_peripheral/Source/gd32e23x_adc.c **** {
 108              		.loc 1 69 1
 109              		.cfi_startproc
 110              		@ args = 0, pretend = 0, frame = 0
 111              		@ frame_needed = 1, uses_anonymous_args = 0
 112 0000 80B5     		push	{r7, lr}
 113              		.cfi_def_cfa_offset 8
 114              		.cfi_offset 7, -8
 115              		.cfi_offset 14, -4
 116 0002 00AF     		add	r7, sp, #0
 117              		.cfi_def_cfa_register 7
  70:../Firmware/GD32E23x_standard_peripheral/Source/gd32e23x_adc.c ****     ADC_CTL1 &= ~((uint32_t)ADC_CTL1_ADCON);
 118              		.loc 1 70 14
 119 0004 42F20843 		movw	r3, #9224
 120 0008 C4F20103 		movt	r3, 16385
 121 000c 1A68     		ldr	r2, [r3]
 122 000e 42F20843 		movw	r3, #9224
 123 0012 C4F20103 		movt	r3, 16385
 124 0016 0121     		movs	r1, #1
 125 0018 8A43     		bics	r2, r1
 126 001a 1A60     		str	r2, [r3]
  71:../Firmware/GD32E23x_standard_peripheral/Source/gd32e23x_adc.c **** }
 127              		.loc 1 71 1
 128 001c C046     		nop
 129 001e BD46     		mov	sp, r7
 130              		@ sp needed
 131 0020 80BD     		pop	{r7, pc}
 132              		.cfi_endproc
 133              	.LFE60:
 135              		.section	.text.adc_calibration_enable,"ax",%progbits
 136              		.align	1
 137              		.global	adc_calibration_enable
 138              		.syntax unified
 139              		.code	16
 140              		.thumb_func
 141              		.fpu softvfp
 143              	adc_calibration_enable:
 144              	.LFB61:
  72:../Firmware/GD32E23x_standard_peripheral/Source/gd32e23x_adc.c **** 
  73:../Firmware/GD32E23x_standard_peripheral/Source/gd32e23x_adc.c **** /*!
  74:../Firmware/GD32E23x_standard_peripheral/Source/gd32e23x_adc.c ****     \brief      ADC calibration and reset calibration
  75:../Firmware/GD32E23x_standard_peripheral/Source/gd32e23x_adc.c ****     \param[in]  none
  76:../Firmware/GD32E23x_standard_peripheral/Source/gd32e23x_adc.c ****     \param[out] none
  77:../Firmware/GD32E23x_standard_peripheral/Source/gd32e23x_adc.c ****     \retval     none
  78:../Firmware/GD32E23x_standard_peripheral/Source/gd32e23x_adc.c ****     \note       This function contains scenarios leading to an infinite loop.
  79:../Firmware/GD32E23x_standard_peripheral/Source/gd32e23x_adc.c ****                 Modify according to the user's actual usage scenarios.
  80:../Firmware/GD32E23x_standard_peripheral/Source/gd32e23x_adc.c **** */
  81:../Firmware/GD32E23x_standard_peripheral/Source/gd32e23x_adc.c **** void adc_calibration_enable(void)
  82:../Firmware/GD32E23x_standard_peripheral/Source/gd32e23x_adc.c **** {
 145              		.loc 1 82 1
 146              		.cfi_startproc
 147              		@ args = 0, pretend = 0, frame = 0
 148              		@ frame_needed = 1, uses_anonymous_args = 0
 149 0000 80B5     		push	{r7, lr}
 150              		.cfi_def_cfa_offset 8
 151              		.cfi_offset 7, -8
 152              		.cfi_offset 14, -4
 153 0002 00AF     		add	r7, sp, #0
 154              		.cfi_def_cfa_register 7
  83:../Firmware/GD32E23x_standard_peripheral/Source/gd32e23x_adc.c ****     /* reset the selected ADC calibration register */
  84:../Firmware/GD32E23x_standard_peripheral/Source/gd32e23x_adc.c ****     ADC_CTL1 |= (uint32_t) ADC_CTL1_RSTCLB;
 155              		.loc 1 84 14
 156 0004 42F20843 		movw	r3, #9224
 157 0008 C4F20103 		movt	r3, 16385
 158 000c 1A68     		ldr	r2, [r3]
 159 000e 42F20843 		movw	r3, #9224
 160 0012 C4F20103 		movt	r3, 16385
 161 0016 0821     		movs	r1, #8
 162 0018 0A43     		orrs	r2, r1
 163 001a 1A60     		str	r2, [r3]
  85:../Firmware/GD32E23x_standard_peripheral/Source/gd32e23x_adc.c ****     /* check the RSTCLB bit state */
  86:../Firmware/GD32E23x_standard_peripheral/Source/gd32e23x_adc.c ****     while((ADC_CTL1 & ADC_CTL1_RSTCLB)) {
 164              		.loc 1 86 10
 165 001c C046     		nop
 166              	.L7:
 167              		.loc 1 86 12 discriminator 1
 168 001e 42F20843 		movw	r3, #9224
 169 0022 C4F20103 		movt	r3, 16385
 170 0026 1B68     		ldr	r3, [r3]
 171              		.loc 1 86 21 discriminator 1
 172 0028 0822     		movs	r2, #8
 173 002a 1340     		ands	r3, r2
 174              		.loc 1 86 10 discriminator 1
 175 002c 002B     		cmp	r3, #0
 176 002e F6D1     		bne	.L7
  87:../Firmware/GD32E23x_standard_peripheral/Source/gd32e23x_adc.c ****     }
  88:../Firmware/GD32E23x_standard_peripheral/Source/gd32e23x_adc.c **** 
  89:../Firmware/GD32E23x_standard_peripheral/Source/gd32e23x_adc.c ****     /* enable ADC calibration process */
  90:../Firmware/GD32E23x_standard_peripheral/Source/gd32e23x_adc.c ****     ADC_CTL1 |= ADC_CTL1_CLB;
 177              		.loc 1 90 14
 178 0030 42F20843 		movw	r3, #9224
 179 0034 C4F20103 		movt	r3, 16385
 180 0038 1A68     		ldr	r2, [r3]
 181 003a 42F20843 		movw	r3, #9224
 182 003e C4F20103 		movt	r3, 16385
 183 0042 0421     		movs	r1, #4
 184 0044 0A43     		orrs	r2, r1
 185 0046 1A60     		str	r2, [r3]
  91:../Firmware/GD32E23x_standard_peripheral/Source/gd32e23x_adc.c ****     /* check the CLB bit state */
  92:../Firmware/GD32E23x_standard_peripheral/Source/gd32e23x_adc.c ****     while((ADC_CTL1 & ADC_CTL1_CLB)) {
 186              		.loc 1 92 10
 187 0048 C046     		nop
 188              	.L8:
 189              		.loc 1 92 12 discriminator 1
 190 004a 42F20843 		movw	r3, #9224
 191 004e C4F20103 		movt	r3, 16385
 192 0052 1B68     		ldr	r3, [r3]
 193              		.loc 1 92 21 discriminator 1
 194 0054 0422     		movs	r2, #4
 195 0056 1340     		ands	r3, r2
 196              		.loc 1 92 10 discriminator 1
 197 0058 002B     		cmp	r3, #0
 198 005a F6D1     		bne	.L8
  93:../Firmware/GD32E23x_standard_peripheral/Source/gd32e23x_adc.c ****     }
  94:../Firmware/GD32E23x_standard_peripheral/Source/gd32e23x_adc.c **** }
 199              		.loc 1 94 1
 200 005c C046     		nop
 201 005e C046     		nop
 202 0060 BD46     		mov	sp, r7
 203              		@ sp needed
 204 0062 80BD     		pop	{r7, pc}
 205              		.cfi_endproc
 206              	.LFE61:
 208              		.section	.text.adc_dma_mode_enable,"ax",%progbits
 209              		.align	1
 210              		.global	adc_dma_mode_enable
 211              		.syntax unified
 212              		.code	16
 213              		.thumb_func
 214              		.fpu softvfp
 216              	adc_dma_mode_enable:
 217              	.LFB62:
  95:../Firmware/GD32E23x_standard_peripheral/Source/gd32e23x_adc.c **** 
  96:../Firmware/GD32E23x_standard_peripheral/Source/gd32e23x_adc.c **** /*!
  97:../Firmware/GD32E23x_standard_peripheral/Source/gd32e23x_adc.c ****     \brief      enable DMA request
  98:../Firmware/GD32E23x_standard_peripheral/Source/gd32e23x_adc.c ****     \param[in]  none
  99:../Firmware/GD32E23x_standard_peripheral/Source/gd32e23x_adc.c ****     \param[out] none
 100:../Firmware/GD32E23x_standard_peripheral/Source/gd32e23x_adc.c ****     \retval     none
 101:../Firmware/GD32E23x_standard_peripheral/Source/gd32e23x_adc.c **** */
 102:../Firmware/GD32E23x_standard_peripheral/Source/gd32e23x_adc.c **** void adc_dma_mode_enable(void)
 103:../Firmware/GD32E23x_standard_peripheral/Source/gd32e23x_adc.c **** {
 218              		.loc 1 103 1
 219              		.cfi_startproc
 220              		@ args = 0, pretend = 0, frame = 0
 221              		@ frame_needed = 1, uses_anonymous_args = 0
 222 0000 80B5     		push	{r7, lr}
 223              		.cfi_def_cfa_offset 8
 224              		.cfi_offset 7, -8
 225              		.cfi_offset 14, -4
 226 0002 00AF     		add	r7, sp, #0
 227              		.cfi_def_cfa_register 7
 104:../Firmware/GD32E23x_standard_peripheral/Source/gd32e23x_adc.c ****     ADC_CTL1 |= (uint32_t)(ADC_CTL1_DMA);
 228              		.loc 1 104 14
 229 0004 42F20843 		movw	r3, #9224
 230 0008 C4F20103 		movt	r3, 16385
 231 000c 1A68     		ldr	r2, [r3]
 232 000e 42F20843 		movw	r3, #9224
 233 0012 C4F20103 		movt	r3, 16385
 234 0016 40F20011 		movw	r1, #256
 235 001a 0A43     		orrs	r2, r1
 236 001c 1A60     		str	r2, [r3]
 105:../Firmware/GD32E23x_standard_peripheral/Source/gd32e23x_adc.c **** }
 237              		.loc 1 105 1
 238 001e C046     		nop
 239 0020 BD46     		mov	sp, r7
 240              		@ sp needed
 241 0022 80BD     		pop	{r7, pc}
 242              		.cfi_endproc
 243              	.LFE62:
 245              		.section	.text.adc_dma_mode_disable,"ax",%progbits
 246              		.align	1
 247              		.global	adc_dma_mode_disable
 248              		.syntax unified
 249              		.code	16
 250              		.thumb_func
 251              		.fpu softvfp
 253              	adc_dma_mode_disable:
 254              	.LFB63:
 106:../Firmware/GD32E23x_standard_peripheral/Source/gd32e23x_adc.c **** 
 107:../Firmware/GD32E23x_standard_peripheral/Source/gd32e23x_adc.c **** /*!
 108:../Firmware/GD32E23x_standard_peripheral/Source/gd32e23x_adc.c ****     \brief      disable DMA request
 109:../Firmware/GD32E23x_standard_peripheral/Source/gd32e23x_adc.c ****     \param[in]  none
 110:../Firmware/GD32E23x_standard_peripheral/Source/gd32e23x_adc.c ****     \param[out] none
 111:../Firmware/GD32E23x_standard_peripheral/Source/gd32e23x_adc.c ****     \retval     none
 112:../Firmware/GD32E23x_standard_peripheral/Source/gd32e23x_adc.c **** */
 113:../Firmware/GD32E23x_standard_peripheral/Source/gd32e23x_adc.c **** void adc_dma_mode_disable(void)
 114:../Firmware/GD32E23x_standard_peripheral/Source/gd32e23x_adc.c **** {
 255              		.loc 1 114 1
 256              		.cfi_startproc
 257              		@ args = 0, pretend = 0, frame = 0
 258              		@ frame_needed = 1, uses_anonymous_args = 0
 259 0000 80B5     		push	{r7, lr}
 260              		.cfi_def_cfa_offset 8
 261              		.cfi_offset 7, -8
 262              		.cfi_offset 14, -4
 263 0002 00AF     		add	r7, sp, #0
 264              		.cfi_def_cfa_register 7
 115:../Firmware/GD32E23x_standard_peripheral/Source/gd32e23x_adc.c ****     ADC_CTL1 &= ~((uint32_t)ADC_CTL1_DMA);
 265              		.loc 1 115 14
 266 0004 42F20843 		movw	r3, #9224
 267 0008 C4F20103 		movt	r3, 16385
 268 000c 1A68     		ldr	r2, [r3]
 269 000e 42F20843 		movw	r3, #9224
 270 0012 C4F20103 		movt	r3, 16385
 271 0016 0349     		ldr	r1, .L11
 272 0018 0A40     		ands	r2, r1
 273 001a 1A60     		str	r2, [r3]
 116:../Firmware/GD32E23x_standard_peripheral/Source/gd32e23x_adc.c **** }
 274              		.loc 1 116 1
 275 001c C046     		nop
 276 001e BD46     		mov	sp, r7
 277              		@ sp needed
 278 0020 80BD     		pop	{r7, pc}
 279              	.L12:
 280 0022 C046     		.align	2
 281              	.L11:
 282 0024 FFFEFFFF 		.word	-257
 283              		.cfi_endproc
 284              	.LFE63:
 286              		.section	.text.adc_tempsensor_vrefint_enable,"ax",%progbits
 287              		.align	1
 288              		.global	adc_tempsensor_vrefint_enable
 289              		.syntax unified
 290              		.code	16
 291              		.thumb_func
 292              		.fpu softvfp
 294              	adc_tempsensor_vrefint_enable:
 295              	.LFB64:
 117:../Firmware/GD32E23x_standard_peripheral/Source/gd32e23x_adc.c **** 
 118:../Firmware/GD32E23x_standard_peripheral/Source/gd32e23x_adc.c **** /*!
 119:../Firmware/GD32E23x_standard_peripheral/Source/gd32e23x_adc.c ****     \brief      enable the temperature sensor and Vrefint channel
 120:../Firmware/GD32E23x_standard_peripheral/Source/gd32e23x_adc.c ****     \param[in]  none
 121:../Firmware/GD32E23x_standard_peripheral/Source/gd32e23x_adc.c ****     \param[out] none
 122:../Firmware/GD32E23x_standard_peripheral/Source/gd32e23x_adc.c ****     \retval     none
 123:../Firmware/GD32E23x_standard_peripheral/Source/gd32e23x_adc.c **** */
 124:../Firmware/GD32E23x_standard_peripheral/Source/gd32e23x_adc.c **** void adc_tempsensor_vrefint_enable(void)
 125:../Firmware/GD32E23x_standard_peripheral/Source/gd32e23x_adc.c **** {
 296              		.loc 1 125 1
 297              		.cfi_startproc
 298              		@ args = 0, pretend = 0, frame = 0
 299              		@ frame_needed = 1, uses_anonymous_args = 0
 300 0000 80B5     		push	{r7, lr}
 301              		.cfi_def_cfa_offset 8
 302              		.cfi_offset 7, -8
 303              		.cfi_offset 14, -4
 304 0002 00AF     		add	r7, sp, #0
 305              		.cfi_def_cfa_register 7
 126:../Firmware/GD32E23x_standard_peripheral/Source/gd32e23x_adc.c ****     /* enable the temperature sensor and Vrefint channel */
 127:../Firmware/GD32E23x_standard_peripheral/Source/gd32e23x_adc.c ****     ADC_CTL1 |= ADC_CTL1_TSVREN;
 306              		.loc 1 127 14
 307 0004 42F20843 		movw	r3, #9224
 308 0008 C4F20103 		movt	r3, 16385
 309 000c 1A68     		ldr	r2, [r3]
 310 000e 42F20843 		movw	r3, #9224
 311 0012 C4F20103 		movt	r3, 16385
 312 0016 8021     		movs	r1, #128
 313 0018 0904     		lsls	r1, r1, #16
 314 001a 0A43     		orrs	r2, r1
 315 001c 1A60     		str	r2, [r3]
 128:../Firmware/GD32E23x_standard_peripheral/Source/gd32e23x_adc.c **** }
 316              		.loc 1 128 1
 317 001e C046     		nop
 318 0020 BD46     		mov	sp, r7
 319              		@ sp needed
 320 0022 80BD     		pop	{r7, pc}
 321              		.cfi_endproc
 322              	.LFE64:
 324              		.section	.text.adc_tempsensor_vrefint_disable,"ax",%progbits
 325              		.align	1
 326              		.global	adc_tempsensor_vrefint_disable
 327              		.syntax unified
 328              		.code	16
 329              		.thumb_func
 330              		.fpu softvfp
 332              	adc_tempsensor_vrefint_disable:
 333              	.LFB65:
 129:../Firmware/GD32E23x_standard_peripheral/Source/gd32e23x_adc.c **** 
 130:../Firmware/GD32E23x_standard_peripheral/Source/gd32e23x_adc.c **** /*!
 131:../Firmware/GD32E23x_standard_peripheral/Source/gd32e23x_adc.c ****     \brief      disable the temperature sensor and Vrefint channel
 132:../Firmware/GD32E23x_standard_peripheral/Source/gd32e23x_adc.c ****     \param[in]  none
 133:../Firmware/GD32E23x_standard_peripheral/Source/gd32e23x_adc.c ****     \param[out] none
 134:../Firmware/GD32E23x_standard_peripheral/Source/gd32e23x_adc.c ****     \retval     none
 135:../Firmware/GD32E23x_standard_peripheral/Source/gd32e23x_adc.c **** */
 136:../Firmware/GD32E23x_standard_peripheral/Source/gd32e23x_adc.c **** void adc_tempsensor_vrefint_disable(void)
 137:../Firmware/GD32E23x_standard_peripheral/Source/gd32e23x_adc.c **** {
 334              		.loc 1 137 1
 335              		.cfi_startproc
 336              		@ args = 0, pretend = 0, frame = 0
 337              		@ frame_needed = 1, uses_anonymous_args = 0
 338 0000 80B5     		push	{r7, lr}
 339              		.cfi_def_cfa_offset 8
 340              		.cfi_offset 7, -8
 341              		.cfi_offset 14, -4
 342 0002 00AF     		add	r7, sp, #0
 343              		.cfi_def_cfa_register 7
 138:../Firmware/GD32E23x_standard_peripheral/Source/gd32e23x_adc.c ****     /* disable the temperature sensor and Vrefint channel */
 139:../Firmware/GD32E23x_standard_peripheral/Source/gd32e23x_adc.c ****     ADC_CTL1 &= ~ADC_CTL1_TSVREN;
 344              		.loc 1 139 14
 345 0004 42F20843 		movw	r3, #9224
 346 0008 C4F20103 		movt	r3, 16385
 347 000c 1A68     		ldr	r2, [r3]
 348 000e 42F20843 		movw	r3, #9224
 349 0012 C4F20103 		movt	r3, 16385
 350 0016 0349     		ldr	r1, .L15
 351 0018 0A40     		ands	r2, r1
 352 001a 1A60     		str	r2, [r3]
 140:../Firmware/GD32E23x_standard_peripheral/Source/gd32e23x_adc.c **** }
 353              		.loc 1 140 1
 354 001c C046     		nop
 355 001e BD46     		mov	sp, r7
 356              		@ sp needed
 357 0020 80BD     		pop	{r7, pc}
 358              	.L16:
 359 0022 C046     		.align	2
 360              	.L15:
 361 0024 FFFF7FFF 		.word	-8388609
 362              		.cfi_endproc
 363              	.LFE65:
 365              		.section	.text.adc_discontinuous_mode_config,"ax",%progbits
 366              		.align	1
 367              		.global	adc_discontinuous_mode_config
 368              		.syntax unified
 369              		.code	16
 370              		.thumb_func
 371              		.fpu softvfp
 373              	adc_discontinuous_mode_config:
 374              	.LFB66:
 141:../Firmware/GD32E23x_standard_peripheral/Source/gd32e23x_adc.c **** 
 142:../Firmware/GD32E23x_standard_peripheral/Source/gd32e23x_adc.c **** /*!
 143:../Firmware/GD32E23x_standard_peripheral/Source/gd32e23x_adc.c ****     \brief      configure ADC discontinuous mode
 144:../Firmware/GD32E23x_standard_peripheral/Source/gd32e23x_adc.c ****     \param[in]  channel_group: select the channel group
 145:../Firmware/GD32E23x_standard_peripheral/Source/gd32e23x_adc.c ****                 only one parameter can be selected which is shown as below:
 146:../Firmware/GD32E23x_standard_peripheral/Source/gd32e23x_adc.c ****       \arg        ADC_REGULAR_CHANNEL: regular channel group
 147:../Firmware/GD32E23x_standard_peripheral/Source/gd32e23x_adc.c ****       \arg        ADC_INSERTED_CHANNEL: inserted channel group
 148:../Firmware/GD32E23x_standard_peripheral/Source/gd32e23x_adc.c ****       \arg        ADC_CHANNEL_DISCON_DISABLE: disable discontinuous mode of regular and inserted ch
 149:../Firmware/GD32E23x_standard_peripheral/Source/gd32e23x_adc.c ****     \param[in]  length: number of conversions in discontinuous mode, the number can be 1..8
 150:../Firmware/GD32E23x_standard_peripheral/Source/gd32e23x_adc.c ****                         for regular channel, the number has no effect for inserted channel
 151:../Firmware/GD32E23x_standard_peripheral/Source/gd32e23x_adc.c ****     \param[out] none
 152:../Firmware/GD32E23x_standard_peripheral/Source/gd32e23x_adc.c ****     \retval     none
 153:../Firmware/GD32E23x_standard_peripheral/Source/gd32e23x_adc.c **** */
 154:../Firmware/GD32E23x_standard_peripheral/Source/gd32e23x_adc.c **** void adc_discontinuous_mode_config(uint8_t channel_group, uint8_t length)
 155:../Firmware/GD32E23x_standard_peripheral/Source/gd32e23x_adc.c **** {
 375              		.loc 1 155 1
 376              		.cfi_startproc
 377              		@ args = 0, pretend = 0, frame = 8
 378              		@ frame_needed = 1, uses_anonymous_args = 0
 379 0000 80B5     		push	{r7, lr}
 380              		.cfi_def_cfa_offset 8
 381              		.cfi_offset 7, -8
 382              		.cfi_offset 14, -4
 383 0002 82B0     		sub	sp, sp, #8
 384              		.cfi_def_cfa_offset 16
 385 0004 00AF     		add	r7, sp, #0
 386              		.cfi_def_cfa_register 7
 387 0006 0200     		movs	r2, r0
 388 0008 FB1D     		adds	r3, r7, #7
 389 000a 1A70     		strb	r2, [r3]
 390 000c BB1D     		adds	r3, r7, #6
 391 000e 0A1C     		adds	r2, r1, #0
 392 0010 1A70     		strb	r2, [r3]
 156:../Firmware/GD32E23x_standard_peripheral/Source/gd32e23x_adc.c ****     ADC_CTL0 &= ~((uint32_t)(ADC_CTL0_DISRC | ADC_CTL0_DISIC));
 393              		.loc 1 156 14
 394 0012 42F20443 		movw	r3, #9220
 395 0016 C4F20103 		movt	r3, 16385
 396 001a 1A68     		ldr	r2, [r3]
 397 001c 42F20443 		movw	r3, #9220
 398 0020 C4F20103 		movt	r3, 16385
 399 0024 2349     		ldr	r1, .L22
 400 0026 0A40     		ands	r2, r1
 401 0028 1A60     		str	r2, [r3]
 157:../Firmware/GD32E23x_standard_peripheral/Source/gd32e23x_adc.c **** 
 158:../Firmware/GD32E23x_standard_peripheral/Source/gd32e23x_adc.c ****     switch(channel_group) {
 402              		.loc 1 158 5
 403 002a FB1D     		adds	r3, r7, #7
 404 002c 1B78     		ldrb	r3, [r3]
 405 002e 012B     		cmp	r3, #1
 406 0030 02D0     		beq	.L18
 407 0032 022B     		cmp	r3, #2
 408 0034 2BD0     		beq	.L19
 159:../Firmware/GD32E23x_standard_peripheral/Source/gd32e23x_adc.c ****     case ADC_REGULAR_CHANNEL:
 160:../Firmware/GD32E23x_standard_peripheral/Source/gd32e23x_adc.c ****         /* configure the number of conversions in discontinuous mode */
 161:../Firmware/GD32E23x_standard_peripheral/Source/gd32e23x_adc.c ****         ADC_CTL0 &= ~((uint32_t)ADC_CTL0_DISNUM);
 162:../Firmware/GD32E23x_standard_peripheral/Source/gd32e23x_adc.c ****         ADC_CTL0 |= CTL0_DISNUM(((uint32_t)length - 1U));
 163:../Firmware/GD32E23x_standard_peripheral/Source/gd32e23x_adc.c ****         ADC_CTL0 |= (uint32_t)ADC_CTL0_DISRC;
 164:../Firmware/GD32E23x_standard_peripheral/Source/gd32e23x_adc.c ****         break;
 165:../Firmware/GD32E23x_standard_peripheral/Source/gd32e23x_adc.c ****     case ADC_INSERTED_CHANNEL:
 166:../Firmware/GD32E23x_standard_peripheral/Source/gd32e23x_adc.c ****         ADC_CTL0 |= (uint32_t)ADC_CTL0_DISIC;
 167:../Firmware/GD32E23x_standard_peripheral/Source/gd32e23x_adc.c ****         break;
 168:../Firmware/GD32E23x_standard_peripheral/Source/gd32e23x_adc.c ****     case ADC_CHANNEL_DISCON_DISABLE:
 169:../Firmware/GD32E23x_standard_peripheral/Source/gd32e23x_adc.c ****     default:
 170:../Firmware/GD32E23x_standard_peripheral/Source/gd32e23x_adc.c ****         break;
 409              		.loc 1 170 9
 410 0036 38E0     		b	.L21
 411              	.L18:
 161:../Firmware/GD32E23x_standard_peripheral/Source/gd32e23x_adc.c ****         ADC_CTL0 |= CTL0_DISNUM(((uint32_t)length - 1U));
 412              		.loc 1 161 18
 413 0038 42F20443 		movw	r3, #9220
 414 003c C4F20103 		movt	r3, 16385
 415 0040 1A68     		ldr	r2, [r3]
 416 0042 42F20443 		movw	r3, #9220
 417 0046 C4F20103 		movt	r3, 16385
 418 004a 1B49     		ldr	r1, .L22+4
 419 004c 0A40     		ands	r2, r1
 420 004e 1A60     		str	r2, [r3]
 162:../Firmware/GD32E23x_standard_peripheral/Source/gd32e23x_adc.c ****         ADC_CTL0 |= (uint32_t)ADC_CTL0_DISRC;
 421              		.loc 1 162 18
 422 0050 42F20443 		movw	r3, #9220
 423 0054 C4F20103 		movt	r3, 16385
 424 0058 1968     		ldr	r1, [r3]
 162:../Firmware/GD32E23x_standard_peripheral/Source/gd32e23x_adc.c ****         ADC_CTL0 |= (uint32_t)ADC_CTL0_DISRC;
 425              		.loc 1 162 21
 426 005a BB1D     		adds	r3, r7, #6
 427 005c 1B78     		ldrb	r3, [r3]
 428 005e 013B     		subs	r3, r3, #1
 429 0060 5B03     		lsls	r3, r3, #13
 430 0062 1B04     		lsls	r3, r3, #16
 431 0064 1A0C     		lsrs	r2, r3, #16
 162:../Firmware/GD32E23x_standard_peripheral/Source/gd32e23x_adc.c ****         ADC_CTL0 |= (uint32_t)ADC_CTL0_DISRC;
 432              		.loc 1 162 18
 433 0066 42F20443 		movw	r3, #9220
 434 006a C4F20103 		movt	r3, 16385
 435 006e 0A43     		orrs	r2, r1
 436 0070 1A60     		str	r2, [r3]
 163:../Firmware/GD32E23x_standard_peripheral/Source/gd32e23x_adc.c ****         break;
 437              		.loc 1 163 18
 438 0072 42F20443 		movw	r3, #9220
 439 0076 C4F20103 		movt	r3, 16385
 440 007a 1A68     		ldr	r2, [r3]
 441 007c 42F20443 		movw	r3, #9220
 442 0080 C4F20103 		movt	r3, 16385
 443 0084 40F60001 		movw	r1, #2048
 444 0088 0A43     		orrs	r2, r1
 445 008a 1A60     		str	r2, [r3]
 164:../Firmware/GD32E23x_standard_peripheral/Source/gd32e23x_adc.c ****     case ADC_INSERTED_CHANNEL:
 446              		.loc 1 164 9
 447 008c 0DE0     		b	.L21
 448              	.L19:
 166:../Firmware/GD32E23x_standard_peripheral/Source/gd32e23x_adc.c ****         break;
 449              		.loc 1 166 18
 450 008e 42F20443 		movw	r3, #9220
 451 0092 C4F20103 		movt	r3, 16385
 452 0096 1A68     		ldr	r2, [r3]
 453 0098 42F20443 		movw	r3, #9220
 454 009c C4F20103 		movt	r3, 16385
 455 00a0 41F20001 		movw	r1, #4096
 456 00a4 0A43     		orrs	r2, r1
 457 00a6 1A60     		str	r2, [r3]
 167:../Firmware/GD32E23x_standard_peripheral/Source/gd32e23x_adc.c ****     case ADC_CHANNEL_DISCON_DISABLE:
 458              		.loc 1 167 9
 459 00a8 C046     		nop
 460              	.L21:
 171:../Firmware/GD32E23x_standard_peripheral/Source/gd32e23x_adc.c ****     }
 172:../Firmware/GD32E23x_standard_peripheral/Source/gd32e23x_adc.c **** }
 461              		.loc 1 172 1
 462 00aa C046     		nop
 463 00ac BD46     		mov	sp, r7
 464 00ae 02B0     		add	sp, sp, #8
 465              		@ sp needed
 466 00b0 80BD     		pop	{r7, pc}
 467              	.L23:
 468 00b2 C046     		.align	2
 469              	.L22:
 470 00b4 FFE7FFFF 		.word	-6145
 471 00b8 FF1FFFFF 		.word	-57345
 472              		.cfi_endproc
 473              	.LFE66:
 475              		.section	.text.adc_special_function_config,"ax",%progbits
 476              		.align	1
 477              		.global	adc_special_function_config
 478              		.syntax unified
 479              		.code	16
 480              		.thumb_func
 481              		.fpu softvfp
 483              	adc_special_function_config:
 484              	.LFB67:
 173:../Firmware/GD32E23x_standard_peripheral/Source/gd32e23x_adc.c **** 
 174:../Firmware/GD32E23x_standard_peripheral/Source/gd32e23x_adc.c **** /*!
 175:../Firmware/GD32E23x_standard_peripheral/Source/gd32e23x_adc.c ****     \brief      configure ADC special function
 176:../Firmware/GD32E23x_standard_peripheral/Source/gd32e23x_adc.c ****     \param[in]  function: the function to configure
 177:../Firmware/GD32E23x_standard_peripheral/Source/gd32e23x_adc.c ****                 one or more parameters can be selected which is shown as below:
 178:../Firmware/GD32E23x_standard_peripheral/Source/gd32e23x_adc.c ****       \arg        ADC_SCAN_MODE: scan mode select
 179:../Firmware/GD32E23x_standard_peripheral/Source/gd32e23x_adc.c ****       \arg        ADC_INSERTED_CHANNEL_AUTO: inserted channel group convert automatically
 180:../Firmware/GD32E23x_standard_peripheral/Source/gd32e23x_adc.c ****       \arg        ADC_CONTINUOUS_MODE: continuous mode select
 181:../Firmware/GD32E23x_standard_peripheral/Source/gd32e23x_adc.c ****     \param[in]  newvalue: ENABLE or DISABLE
 182:../Firmware/GD32E23x_standard_peripheral/Source/gd32e23x_adc.c ****     \param[out] none
 183:../Firmware/GD32E23x_standard_peripheral/Source/gd32e23x_adc.c ****     \retval     none
 184:../Firmware/GD32E23x_standard_peripheral/Source/gd32e23x_adc.c **** */
 185:../Firmware/GD32E23x_standard_peripheral/Source/gd32e23x_adc.c **** void adc_special_function_config(uint32_t function, ControlStatus newvalue)
 186:../Firmware/GD32E23x_standard_peripheral/Source/gd32e23x_adc.c **** {
 485              		.loc 1 186 1
 486              		.cfi_startproc
 487              		@ args = 0, pretend = 0, frame = 8
 488              		@ frame_needed = 1, uses_anonymous_args = 0
 489 0000 80B5     		push	{r7, lr}
 490              		.cfi_def_cfa_offset 8
 491              		.cfi_offset 7, -8
 492              		.cfi_offset 14, -4
 493 0002 82B0     		sub	sp, sp, #8
 494              		.cfi_def_cfa_offset 16
 495 0004 00AF     		add	r7, sp, #0
 496              		.cfi_def_cfa_register 7
 497 0006 7860     		str	r0, [r7, #4]
 498 0008 0A00     		movs	r2, r1
 499 000a FB1C     		adds	r3, r7, #3
 500 000c 1A70     		strb	r2, [r3]
 187:../Firmware/GD32E23x_standard_peripheral/Source/gd32e23x_adc.c ****     if(newvalue) {
 501              		.loc 1 187 7
 502 000e FB1C     		adds	r3, r7, #3
 503 0010 1B78     		ldrb	r3, [r3]
 504 0012 ABB3     		cbz	r3, .L25
 188:../Firmware/GD32E23x_standard_peripheral/Source/gd32e23x_adc.c ****         /* enable ADC scan mode */
 189:../Firmware/GD32E23x_standard_peripheral/Source/gd32e23x_adc.c ****         if(RESET != (function & ADC_SCAN_MODE)) {
 505              		.loc 1 189 31
 506 0014 7B68     		ldr	r3, [r7, #4]
 507 0016 40F20012 		movw	r2, #256
 508 001a 1340     		ands	r3, r2
 509              		.loc 1 189 11
 510 001c 63B1     		cbz	r3, .L26
 190:../Firmware/GD32E23x_standard_peripheral/Source/gd32e23x_adc.c ****             ADC_CTL0 |= ADC_SCAN_MODE;
 511              		.loc 1 190 22
 512 001e 42F20443 		movw	r3, #9220
 513 0022 C4F20103 		movt	r3, 16385
 514 0026 1A68     		ldr	r2, [r3]
 515 0028 42F20443 		movw	r3, #9220
 516 002c C4F20103 		movt	r3, 16385
 517 0030 40F20011 		movw	r1, #256
 518 0034 0A43     		orrs	r2, r1
 519 0036 1A60     		str	r2, [r3]
 520              	.L26:
 191:../Firmware/GD32E23x_standard_peripheral/Source/gd32e23x_adc.c ****         }
 192:../Firmware/GD32E23x_standard_peripheral/Source/gd32e23x_adc.c ****         /* enable ADC inserted channel group convert automatically */
 193:../Firmware/GD32E23x_standard_peripheral/Source/gd32e23x_adc.c ****         if(RESET != (function & ADC_INSERTED_CHANNEL_AUTO)) {
 521              		.loc 1 193 31
 522 0038 7B68     		ldr	r3, [r7, #4]
 523 003a 40F20042 		movw	r2, #1024
 524 003e 1340     		ands	r3, r2
 525              		.loc 1 193 11
 526 0040 63B1     		cbz	r3, .L27
 194:../Firmware/GD32E23x_standard_peripheral/Source/gd32e23x_adc.c ****             ADC_CTL0 |= ADC_INSERTED_CHANNEL_AUTO;
 527              		.loc 1 194 22
 528 0042 42F20443 		movw	r3, #9220
 529 0046 C4F20103 		movt	r3, 16385
 530 004a 1A68     		ldr	r2, [r3]
 531 004c 42F20443 		movw	r3, #9220
 532 0050 C4F20103 		movt	r3, 16385
 533 0054 40F20041 		movw	r1, #1024
 534 0058 0A43     		orrs	r2, r1
 535 005a 1A60     		str	r2, [r3]
 536              	.L27:
 195:../Firmware/GD32E23x_standard_peripheral/Source/gd32e23x_adc.c ****         }
 196:../Firmware/GD32E23x_standard_peripheral/Source/gd32e23x_adc.c ****         /* enable ADC continuous mode */
 197:../Firmware/GD32E23x_standard_peripheral/Source/gd32e23x_adc.c ****         if(RESET != (function & ADC_CONTINUOUS_MODE)) {
 537              		.loc 1 197 31
 538 005c 7B68     		ldr	r3, [r7, #4]
 539 005e 0222     		movs	r2, #2
 540 0060 1340     		ands	r3, r2
 541              		.loc 1 197 11
 542 0062 002B     		cmp	r3, #0
 543 0064 3ED0     		beq	.L31
 198:../Firmware/GD32E23x_standard_peripheral/Source/gd32e23x_adc.c ****             ADC_CTL1 |= ADC_CONTINUOUS_MODE;
 544              		.loc 1 198 22
 545 0066 42F20843 		movw	r3, #9224
 546 006a C4F20103 		movt	r3, 16385
 547 006e 1A68     		ldr	r2, [r3]
 548 0070 42F20843 		movw	r3, #9224
 549 0074 C4F20103 		movt	r3, 16385
 550 0078 0221     		movs	r1, #2
 551 007a 0A43     		orrs	r2, r1
 552 007c 1A60     		str	r2, [r3]
 199:../Firmware/GD32E23x_standard_peripheral/Source/gd32e23x_adc.c ****         }
 200:../Firmware/GD32E23x_standard_peripheral/Source/gd32e23x_adc.c ****     } else {
 201:../Firmware/GD32E23x_standard_peripheral/Source/gd32e23x_adc.c ****         /* disable ADC scan mode */
 202:../Firmware/GD32E23x_standard_peripheral/Source/gd32e23x_adc.c ****         if(RESET != (function & ADC_SCAN_MODE)) {
 203:../Firmware/GD32E23x_standard_peripheral/Source/gd32e23x_adc.c ****             ADC_CTL0 &= ~ADC_SCAN_MODE;
 204:../Firmware/GD32E23x_standard_peripheral/Source/gd32e23x_adc.c ****         }
 205:../Firmware/GD32E23x_standard_peripheral/Source/gd32e23x_adc.c ****         /* disable ADC inserted channel group convert automatically */
 206:../Firmware/GD32E23x_standard_peripheral/Source/gd32e23x_adc.c ****         if(RESET != (function & ADC_INSERTED_CHANNEL_AUTO)) {
 207:../Firmware/GD32E23x_standard_peripheral/Source/gd32e23x_adc.c ****             ADC_CTL0 &= ~ADC_INSERTED_CHANNEL_AUTO;
 208:../Firmware/GD32E23x_standard_peripheral/Source/gd32e23x_adc.c ****         }
 209:../Firmware/GD32E23x_standard_peripheral/Source/gd32e23x_adc.c ****         /* disable ADC continuous mode */
 210:../Firmware/GD32E23x_standard_peripheral/Source/gd32e23x_adc.c ****         if(RESET != (function & ADC_CONTINUOUS_MODE)) {
 211:../Firmware/GD32E23x_standard_peripheral/Source/gd32e23x_adc.c ****             ADC_CTL1 &= ~ADC_CONTINUOUS_MODE;
 212:../Firmware/GD32E23x_standard_peripheral/Source/gd32e23x_adc.c ****         }
 213:../Firmware/GD32E23x_standard_peripheral/Source/gd32e23x_adc.c ****     }
 214:../Firmware/GD32E23x_standard_peripheral/Source/gd32e23x_adc.c **** }
 553              		.loc 1 214 1
 554 007e 31E0     		b	.L31
 555              	.L25:
 202:../Firmware/GD32E23x_standard_peripheral/Source/gd32e23x_adc.c ****             ADC_CTL0 &= ~ADC_SCAN_MODE;
 556              		.loc 1 202 31
 557 0080 7B68     		ldr	r3, [r7, #4]
 558 0082 40F20012 		movw	r2, #256
 559 0086 1340     		ands	r3, r2
 202:../Firmware/GD32E23x_standard_peripheral/Source/gd32e23x_adc.c ****             ADC_CTL0 &= ~ADC_SCAN_MODE;
 560              		.loc 1 202 11
 561 0088 5BB1     		cbz	r3, .L29
 203:../Firmware/GD32E23x_standard_peripheral/Source/gd32e23x_adc.c ****         }
 562              		.loc 1 203 22
 563 008a 42F20443 		movw	r3, #9220
 564 008e C4F20103 		movt	r3, 16385
 565 0092 1A68     		ldr	r2, [r3]
 566 0094 42F20443 		movw	r3, #9220
 567 0098 C4F20103 		movt	r3, 16385
 568 009c 1349     		ldr	r1, .L32
 569 009e 0A40     		ands	r2, r1
 570 00a0 1A60     		str	r2, [r3]
 571              	.L29:
 206:../Firmware/GD32E23x_standard_peripheral/Source/gd32e23x_adc.c ****             ADC_CTL0 &= ~ADC_INSERTED_CHANNEL_AUTO;
 572              		.loc 1 206 31
 573 00a2 7B68     		ldr	r3, [r7, #4]
 574 00a4 40F20042 		movw	r2, #1024
 575 00a8 1340     		ands	r3, r2
 206:../Firmware/GD32E23x_standard_peripheral/Source/gd32e23x_adc.c ****             ADC_CTL0 &= ~ADC_INSERTED_CHANNEL_AUTO;
 576              		.loc 1 206 11
 577 00aa 5BB1     		cbz	r3, .L30
 207:../Firmware/GD32E23x_standard_peripheral/Source/gd32e23x_adc.c ****         }
 578              		.loc 1 207 22
 579 00ac 42F20443 		movw	r3, #9220
 580 00b0 C4F20103 		movt	r3, 16385
 581 00b4 1A68     		ldr	r2, [r3]
 582 00b6 42F20443 		movw	r3, #9220
 583 00ba C4F20103 		movt	r3, 16385
 584 00be 0C49     		ldr	r1, .L32+4
 585 00c0 0A40     		ands	r2, r1
 586 00c2 1A60     		str	r2, [r3]
 587              	.L30:
 210:../Firmware/GD32E23x_standard_peripheral/Source/gd32e23x_adc.c ****             ADC_CTL1 &= ~ADC_CONTINUOUS_MODE;
 588              		.loc 1 210 31
 589 00c4 7B68     		ldr	r3, [r7, #4]
 590 00c6 0222     		movs	r2, #2
 591 00c8 1340     		ands	r3, r2
 210:../Firmware/GD32E23x_standard_peripheral/Source/gd32e23x_adc.c ****             ADC_CTL1 &= ~ADC_CONTINUOUS_MODE;
 592              		.loc 1 210 11
 593 00ca 5BB1     		cbz	r3, .L31
 211:../Firmware/GD32E23x_standard_peripheral/Source/gd32e23x_adc.c ****         }
 594              		.loc 1 211 22
 595 00cc 42F20843 		movw	r3, #9224
 596 00d0 C4F20103 		movt	r3, 16385
 597 00d4 1A68     		ldr	r2, [r3]
 598 00d6 42F20843 		movw	r3, #9224
 599 00da C4F20103 		movt	r3, 16385
 600 00de 0221     		movs	r1, #2
 601 00e0 8A43     		bics	r2, r1
 602 00e2 1A60     		str	r2, [r3]
 603              	.L31:
 604              		.loc 1 214 1
 605 00e4 C046     		nop
 606 00e6 BD46     		mov	sp, r7
 607 00e8 02B0     		add	sp, sp, #8
 608              		@ sp needed
 609 00ea 80BD     		pop	{r7, pc}
 610              	.L33:
 611              		.align	2
 612              	.L32:
 613 00ec FFFEFFFF 		.word	-257
 614 00f0 FFFBFFFF 		.word	-1025
 615              		.cfi_endproc
 616              	.LFE67:
 618              		.section	.text.adc_data_alignment_config,"ax",%progbits
 619              		.align	1
 620              		.global	adc_data_alignment_config
 621              		.syntax unified
 622              		.code	16
 623              		.thumb_func
 624              		.fpu softvfp
 626              	adc_data_alignment_config:
 627              	.LFB68:
 215:../Firmware/GD32E23x_standard_peripheral/Source/gd32e23x_adc.c **** 
 216:../Firmware/GD32E23x_standard_peripheral/Source/gd32e23x_adc.c **** /*!
 217:../Firmware/GD32E23x_standard_peripheral/Source/gd32e23x_adc.c ****     \brief      configure ADC data alignment
 218:../Firmware/GD32E23x_standard_peripheral/Source/gd32e23x_adc.c ****     \param[in]  data_alignment: data alignment select
 219:../Firmware/GD32E23x_standard_peripheral/Source/gd32e23x_adc.c ****                 only one parameter can be selected which is shown as below:
 220:../Firmware/GD32E23x_standard_peripheral/Source/gd32e23x_adc.c ****       \arg        ADC_DATAALIGN_RIGHT: right alignment
 221:../Firmware/GD32E23x_standard_peripheral/Source/gd32e23x_adc.c ****       \arg        ADC_DATAALIGN_LEFT: left alignment
 222:../Firmware/GD32E23x_standard_peripheral/Source/gd32e23x_adc.c ****     \param[out] none
 223:../Firmware/GD32E23x_standard_peripheral/Source/gd32e23x_adc.c ****     \retval     none
 224:../Firmware/GD32E23x_standard_peripheral/Source/gd32e23x_adc.c **** */
 225:../Firmware/GD32E23x_standard_peripheral/Source/gd32e23x_adc.c **** void adc_data_alignment_config(uint32_t data_alignment)
 226:../Firmware/GD32E23x_standard_peripheral/Source/gd32e23x_adc.c **** {
 628              		.loc 1 226 1
 629              		.cfi_startproc
 630              		@ args = 0, pretend = 0, frame = 8
 631              		@ frame_needed = 1, uses_anonymous_args = 0
 632 0000 80B5     		push	{r7, lr}
 633              		.cfi_def_cfa_offset 8
 634              		.cfi_offset 7, -8
 635              		.cfi_offset 14, -4
 636 0002 82B0     		sub	sp, sp, #8
 637              		.cfi_def_cfa_offset 16
 638 0004 00AF     		add	r7, sp, #0
 639              		.cfi_def_cfa_register 7
 640 0006 7860     		str	r0, [r7, #4]
 227:../Firmware/GD32E23x_standard_peripheral/Source/gd32e23x_adc.c ****     if(ADC_DATAALIGN_RIGHT != data_alignment) {
 641              		.loc 1 227 7
 642 0008 7B68     		ldr	r3, [r7, #4]
 643 000a 6BB1     		cbz	r3, .L35
 228:../Firmware/GD32E23x_standard_peripheral/Source/gd32e23x_adc.c ****         ADC_CTL1 |= ADC_CTL1_DAL;
 644              		.loc 1 228 18
 645 000c 42F20843 		movw	r3, #9224
 646 0010 C4F20103 		movt	r3, 16385
 647 0014 1A68     		ldr	r2, [r3]
 648 0016 42F20843 		movw	r3, #9224
 649 001a C4F20103 		movt	r3, 16385
 650 001e 40F60001 		movw	r1, #2048
 651 0022 0A43     		orrs	r2, r1
 652 0024 1A60     		str	r2, [r3]
 229:../Firmware/GD32E23x_standard_peripheral/Source/gd32e23x_adc.c ****     } else {
 230:../Firmware/GD32E23x_standard_peripheral/Source/gd32e23x_adc.c ****         ADC_CTL1 &= ~((uint32_t)ADC_CTL1_DAL);
 231:../Firmware/GD32E23x_standard_peripheral/Source/gd32e23x_adc.c ****     }
 232:../Firmware/GD32E23x_standard_peripheral/Source/gd32e23x_adc.c **** }
 653              		.loc 1 232 1
 654 0026 0BE0     		b	.L37
 655              	.L35:
 230:../Firmware/GD32E23x_standard_peripheral/Source/gd32e23x_adc.c ****     }
 656              		.loc 1 230 18
 657 0028 42F20843 		movw	r3, #9224
 658 002c C4F20103 		movt	r3, 16385
 659 0030 1A68     		ldr	r2, [r3]
 660 0032 42F20843 		movw	r3, #9224
 661 0036 C4F20103 		movt	r3, 16385
 662 003a 0349     		ldr	r1, .L38
 663 003c 0A40     		ands	r2, r1
 664 003e 1A60     		str	r2, [r3]
 665              	.L37:
 666              		.loc 1 232 1
 667 0040 C046     		nop
 668 0042 BD46     		mov	sp, r7
 669 0044 02B0     		add	sp, sp, #8
 670              		@ sp needed
 671 0046 80BD     		pop	{r7, pc}
 672              	.L39:
 673              		.align	2
 674              	.L38:
 675 0048 FFF7FFFF 		.word	-2049
 676              		.cfi_endproc
 677              	.LFE68:
 679              		.section	.text.adc_channel_length_config,"ax",%progbits
 680              		.align	1
 681              		.global	adc_channel_length_config
 682              		.syntax unified
 683              		.code	16
 684              		.thumb_func
 685              		.fpu softvfp
 687              	adc_channel_length_config:
 688              	.LFB69:
 233:../Firmware/GD32E23x_standard_peripheral/Source/gd32e23x_adc.c **** 
 234:../Firmware/GD32E23x_standard_peripheral/Source/gd32e23x_adc.c **** /*!
 235:../Firmware/GD32E23x_standard_peripheral/Source/gd32e23x_adc.c ****     \brief      configure the length of regular channel group or inserted channel group
 236:../Firmware/GD32E23x_standard_peripheral/Source/gd32e23x_adc.c ****     \param[in]  channel_group: select the channel group
 237:../Firmware/GD32E23x_standard_peripheral/Source/gd32e23x_adc.c ****                 only one parameter can be selected which is shown as below:
 238:../Firmware/GD32E23x_standard_peripheral/Source/gd32e23x_adc.c ****       \arg        ADC_REGULAR_CHANNEL: regular channel group
 239:../Firmware/GD32E23x_standard_peripheral/Source/gd32e23x_adc.c ****       \arg        ADC_INSERTED_CHANNEL: inserted channel group
 240:../Firmware/GD32E23x_standard_peripheral/Source/gd32e23x_adc.c ****     \param[in]  length: the length of the channel
 241:../Firmware/GD32E23x_standard_peripheral/Source/gd32e23x_adc.c ****                         regular channel 1-16
 242:../Firmware/GD32E23x_standard_peripheral/Source/gd32e23x_adc.c ****                         inserted channel 1-4
 243:../Firmware/GD32E23x_standard_peripheral/Source/gd32e23x_adc.c ****     \param[out] none
 244:../Firmware/GD32E23x_standard_peripheral/Source/gd32e23x_adc.c ****     \retval     none
 245:../Firmware/GD32E23x_standard_peripheral/Source/gd32e23x_adc.c **** */
 246:../Firmware/GD32E23x_standard_peripheral/Source/gd32e23x_adc.c **** void adc_channel_length_config(uint8_t channel_group, uint32_t length)
 247:../Firmware/GD32E23x_standard_peripheral/Source/gd32e23x_adc.c **** {
 689              		.loc 1 247 1
 690              		.cfi_startproc
 691              		@ args = 0, pretend = 0, frame = 8
 692              		@ frame_needed = 1, uses_anonymous_args = 0
 693 0000 80B5     		push	{r7, lr}
 694              		.cfi_def_cfa_offset 8
 695              		.cfi_offset 7, -8
 696              		.cfi_offset 14, -4
 697 0002 82B0     		sub	sp, sp, #8
 698              		.cfi_def_cfa_offset 16
 699 0004 00AF     		add	r7, sp, #0
 700              		.cfi_def_cfa_register 7
 701 0006 0200     		movs	r2, r0
 702 0008 3960     		str	r1, [r7]
 703 000a FB1D     		adds	r3, r7, #7
 704 000c 1A70     		strb	r2, [r3]
 248:../Firmware/GD32E23x_standard_peripheral/Source/gd32e23x_adc.c ****     switch(channel_group) {
 705              		.loc 1 248 5
 706 000e FB1D     		adds	r3, r7, #7
 707 0010 1B78     		ldrb	r3, [r3]
 708 0012 012B     		cmp	r3, #1
 709 0014 02D0     		beq	.L41
 710 0016 022B     		cmp	r3, #2
 711 0018 1ED0     		beq	.L42
 249:../Firmware/GD32E23x_standard_peripheral/Source/gd32e23x_adc.c ****     case ADC_REGULAR_CHANNEL:
 250:../Firmware/GD32E23x_standard_peripheral/Source/gd32e23x_adc.c ****         /* configure the length of regular channel group */
 251:../Firmware/GD32E23x_standard_peripheral/Source/gd32e23x_adc.c ****         ADC_RSQ0 &= ~((uint32_t)ADC_RSQ0_RL);
 252:../Firmware/GD32E23x_standard_peripheral/Source/gd32e23x_adc.c ****         ADC_RSQ0 |= RSQ0_RL((uint32_t)(length - 1U));
 253:../Firmware/GD32E23x_standard_peripheral/Source/gd32e23x_adc.c ****         break;
 254:../Firmware/GD32E23x_standard_peripheral/Source/gd32e23x_adc.c ****     case ADC_INSERTED_CHANNEL:
 255:../Firmware/GD32E23x_standard_peripheral/Source/gd32e23x_adc.c ****         /* configure the length of inserted channel group */
 256:../Firmware/GD32E23x_standard_peripheral/Source/gd32e23x_adc.c ****         ADC_ISQ &= ~((uint32_t)ADC_ISQ_IL);
 257:../Firmware/GD32E23x_standard_peripheral/Source/gd32e23x_adc.c ****         ADC_ISQ |= ISQ_IL((uint32_t)(length - 1U));
 258:../Firmware/GD32E23x_standard_peripheral/Source/gd32e23x_adc.c ****         break;
 259:../Firmware/GD32E23x_standard_peripheral/Source/gd32e23x_adc.c ****     default:
 260:../Firmware/GD32E23x_standard_peripheral/Source/gd32e23x_adc.c ****         break;
 712              		.loc 1 260 9
 713 001a 3BE0     		b	.L44
 714              	.L41:
 251:../Firmware/GD32E23x_standard_peripheral/Source/gd32e23x_adc.c ****         ADC_RSQ0 |= RSQ0_RL((uint32_t)(length - 1U));
 715              		.loc 1 251 18
 716 001c 42F22C43 		movw	r3, #9260
 717 0020 C4F20103 		movt	r3, 16385
 718 0024 1A68     		ldr	r2, [r3]
 719 0026 42F22C43 		movw	r3, #9260
 720 002a C4F20103 		movt	r3, 16385
 721 002e 1B49     		ldr	r1, .L45
 722 0030 0A40     		ands	r2, r1
 723 0032 1A60     		str	r2, [r3]
 252:../Firmware/GD32E23x_standard_peripheral/Source/gd32e23x_adc.c ****         break;
 724              		.loc 1 252 18
 725 0034 42F22C43 		movw	r3, #9260
 726 0038 C4F20103 		movt	r3, 16385
 727 003c 1968     		ldr	r1, [r3]
 252:../Firmware/GD32E23x_standard_peripheral/Source/gd32e23x_adc.c ****         break;
 728              		.loc 1 252 21
 729 003e 3B68     		ldr	r3, [r7]
 730 0040 013B     		subs	r3, r3, #1
 731 0042 1A05     		lsls	r2, r3, #20
 732 0044 F023     		movs	r3, #240
 733 0046 1B04     		lsls	r3, r3, #16
 734 0048 1A40     		ands	r2, r3
 252:../Firmware/GD32E23x_standard_peripheral/Source/gd32e23x_adc.c ****         break;
 735              		.loc 1 252 18
 736 004a 42F22C43 		movw	r3, #9260
 737 004e C4F20103 		movt	r3, 16385
 738 0052 0A43     		orrs	r2, r1
 739 0054 1A60     		str	r2, [r3]
 253:../Firmware/GD32E23x_standard_peripheral/Source/gd32e23x_adc.c ****     case ADC_INSERTED_CHANNEL:
 740              		.loc 1 253 9
 741 0056 1DE0     		b	.L44
 742              	.L42:
 256:../Firmware/GD32E23x_standard_peripheral/Source/gd32e23x_adc.c ****         ADC_ISQ |= ISQ_IL((uint32_t)(length - 1U));
 743              		.loc 1 256 17
 744 0058 42F23843 		movw	r3, #9272
 745 005c C4F20103 		movt	r3, 16385
 746 0060 1A68     		ldr	r2, [r3]
 747 0062 42F23843 		movw	r3, #9272
 748 0066 C4F20103 		movt	r3, 16385
 749 006a 0D49     		ldr	r1, .L45+4
 750 006c 0A40     		ands	r2, r1
 751 006e 1A60     		str	r2, [r3]
 257:../Firmware/GD32E23x_standard_peripheral/Source/gd32e23x_adc.c ****         break;
 752              		.loc 1 257 17
 753 0070 42F23843 		movw	r3, #9272
 754 0074 C4F20103 		movt	r3, 16385
 755 0078 1968     		ldr	r1, [r3]
 257:../Firmware/GD32E23x_standard_peripheral/Source/gd32e23x_adc.c ****         break;
 756              		.loc 1 257 20
 757 007a 3B68     		ldr	r3, [r7]
 758 007c 013B     		subs	r3, r3, #1
 759 007e 1A05     		lsls	r2, r3, #20
 760 0080 C023     		movs	r3, #192
 761 0082 9B03     		lsls	r3, r3, #14
 762 0084 1A40     		ands	r2, r3
 257:../Firmware/GD32E23x_standard_peripheral/Source/gd32e23x_adc.c ****         break;
 763              		.loc 1 257 17
 764 0086 42F23843 		movw	r3, #9272
 765 008a C4F20103 		movt	r3, 16385
 766 008e 0A43     		orrs	r2, r1
 767 0090 1A60     		str	r2, [r3]
 258:../Firmware/GD32E23x_standard_peripheral/Source/gd32e23x_adc.c ****     default:
 768              		.loc 1 258 9
 769 0092 C046     		nop
 770              	.L44:
 261:../Firmware/GD32E23x_standard_peripheral/Source/gd32e23x_adc.c ****     }
 262:../Firmware/GD32E23x_standard_peripheral/Source/gd32e23x_adc.c **** }
 771              		.loc 1 262 1
 772 0094 C046     		nop
 773 0096 BD46     		mov	sp, r7
 774 0098 02B0     		add	sp, sp, #8
 775              		@ sp needed
 776 009a 80BD     		pop	{r7, pc}
 777              	.L46:
 778              		.align	2
 779              	.L45:
 780 009c FFFF0FFF 		.word	-15728641
 781 00a0 FFFFCFFF 		.word	-3145729
 782              		.cfi_endproc
 783              	.LFE69:
 785              		.section	.text.adc_regular_channel_config,"ax",%progbits
 786              		.align	1
 787              		.global	adc_regular_channel_config
 788              		.syntax unified
 789              		.code	16
 790              		.thumb_func
 791              		.fpu softvfp
 793              	adc_regular_channel_config:
 794              	.LFB70:
 263:../Firmware/GD32E23x_standard_peripheral/Source/gd32e23x_adc.c **** 
 264:../Firmware/GD32E23x_standard_peripheral/Source/gd32e23x_adc.c **** /*!
 265:../Firmware/GD32E23x_standard_peripheral/Source/gd32e23x_adc.c ****     \brief      configure ADC regular channel
 266:../Firmware/GD32E23x_standard_peripheral/Source/gd32e23x_adc.c ****     \param[in]  rank: the regular group sequence rank, this parameter must be between 0 to 15
 267:../Firmware/GD32E23x_standard_peripheral/Source/gd32e23x_adc.c ****     \param[in]  channel: the selected ADC channel
 268:../Firmware/GD32E23x_standard_peripheral/Source/gd32e23x_adc.c ****                 only one parameter can be selected which is shown as below:
 269:../Firmware/GD32E23x_standard_peripheral/Source/gd32e23x_adc.c ****       \arg        ADC_CHANNEL_x(x=0..9,16,17): ADC Channelx
 270:../Firmware/GD32E23x_standard_peripheral/Source/gd32e23x_adc.c ****     \param[in]  sample_time: the sample time value
 271:../Firmware/GD32E23x_standard_peripheral/Source/gd32e23x_adc.c ****                 only one parameter can be selected which is shown as below:
 272:../Firmware/GD32E23x_standard_peripheral/Source/gd32e23x_adc.c ****       \arg        ADC_SAMPLETIME_1POINT5: 1.5 cycles
 273:../Firmware/GD32E23x_standard_peripheral/Source/gd32e23x_adc.c ****       \arg        ADC_SAMPLETIME_7POINT5: 7.5 cycles
 274:../Firmware/GD32E23x_standard_peripheral/Source/gd32e23x_adc.c ****       \arg        ADC_SAMPLETIME_13POINT5: 13.5 cycles
 275:../Firmware/GD32E23x_standard_peripheral/Source/gd32e23x_adc.c ****       \arg        ADC_SAMPLETIME_28POINT5: 28.5 cycles
 276:../Firmware/GD32E23x_standard_peripheral/Source/gd32e23x_adc.c ****       \arg        ADC_SAMPLETIME_41POINT5: 41.5 cycles
 277:../Firmware/GD32E23x_standard_peripheral/Source/gd32e23x_adc.c ****       \arg        ADC_SAMPLETIME_55POINT5: 55.5 cycles
 278:../Firmware/GD32E23x_standard_peripheral/Source/gd32e23x_adc.c ****       \arg        ADC_SAMPLETIME_71POINT5: 71.5 cycles
 279:../Firmware/GD32E23x_standard_peripheral/Source/gd32e23x_adc.c ****       \arg        ADC_SAMPLETIME_239POINT5: 239.5 cycles
 280:../Firmware/GD32E23x_standard_peripheral/Source/gd32e23x_adc.c ****     \param[out] none
 281:../Firmware/GD32E23x_standard_peripheral/Source/gd32e23x_adc.c ****     \retval     none
 282:../Firmware/GD32E23x_standard_peripheral/Source/gd32e23x_adc.c **** */
 283:../Firmware/GD32E23x_standard_peripheral/Source/gd32e23x_adc.c **** void adc_regular_channel_config(uint8_t rank, uint8_t channel, uint32_t sample_time)
 284:../Firmware/GD32E23x_standard_peripheral/Source/gd32e23x_adc.c **** {
 795              		.loc 1 284 1
 796              		.cfi_startproc
 797              		@ args = 0, pretend = 0, frame = 16
 798              		@ frame_needed = 1, uses_anonymous_args = 0
 799 0000 80B5     		push	{r7, lr}
 800              		.cfi_def_cfa_offset 8
 801              		.cfi_offset 7, -8
 802              		.cfi_offset 14, -4
 803 0002 84B0     		sub	sp, sp, #16
 804              		.cfi_def_cfa_offset 24
 805 0004 00AF     		add	r7, sp, #0
 806              		.cfi_def_cfa_register 7
 807 0006 3A60     		str	r2, [r7]
 808 0008 FB1D     		adds	r3, r7, #7
 809 000a 021C     		adds	r2, r0, #0
 810 000c 1A70     		strb	r2, [r3]
 811 000e BB1D     		adds	r3, r7, #6
 812 0010 0A1C     		adds	r2, r1, #0
 813 0012 1A70     		strb	r2, [r3]
 285:../Firmware/GD32E23x_standard_peripheral/Source/gd32e23x_adc.c ****     uint32_t rsq, sampt;
 286:../Firmware/GD32E23x_standard_peripheral/Source/gd32e23x_adc.c **** 
 287:../Firmware/GD32E23x_standard_peripheral/Source/gd32e23x_adc.c ****     /* configure ADC regular sequence */
 288:../Firmware/GD32E23x_standard_peripheral/Source/gd32e23x_adc.c ****     if(rank < 6U) {
 814              		.loc 1 288 7
 815 0014 FB1D     		adds	r3, r7, #7
 816 0016 1B78     		ldrb	r3, [r3]
 817 0018 052B     		cmp	r3, #5
 818 001a 24D8     		bhi	.L48
 289:../Firmware/GD32E23x_standard_peripheral/Source/gd32e23x_adc.c ****         rsq = ADC_RSQ2;
 819              		.loc 1 289 15
 820 001c 42F23443 		movw	r3, #9268
 821 0020 C4F20103 		movt	r3, 16385
 822              		.loc 1 289 13
 823 0024 1B68     		ldr	r3, [r3]
 824 0026 FB60     		str	r3, [r7, #12]
 290:../Firmware/GD32E23x_standard_peripheral/Source/gd32e23x_adc.c ****         rsq &=  ~((uint32_t)(ADC_RSQX_RSQN << (5U * rank)));
 825              		.loc 1 290 51
 826 0028 FB1D     		adds	r3, r7, #7
 827 002a 1A78     		ldrb	r2, [r3]
 828 002c 1300     		movs	r3, r2
 829 002e 9B00     		lsls	r3, r3, #2
 830 0030 9B18     		adds	r3, r3, r2
 831              		.loc 1 290 19
 832 0032 1F22     		movs	r2, #31
 833 0034 9A40     		lsls	r2, r2, r3
 834 0036 1300     		movs	r3, r2
 835              		.loc 1 290 17
 836 0038 DA43     		mvns	r2, r3
 837              		.loc 1 290 13
 838 003a FB68     		ldr	r3, [r7, #12]
 839 003c 1340     		ands	r3, r2
 840 003e FB60     		str	r3, [r7, #12]
 291:../Firmware/GD32E23x_standard_peripheral/Source/gd32e23x_adc.c ****         rsq |= ((uint32_t)channel << (5U * rank));
 841              		.loc 1 291 17
 842 0040 BB1D     		adds	r3, r7, #6
 843 0042 1978     		ldrb	r1, [r3]
 844              		.loc 1 291 42
 845 0044 FB1D     		adds	r3, r7, #7
 846 0046 1A78     		ldrb	r2, [r3]
 847 0048 1300     		movs	r3, r2
 848 004a 9B00     		lsls	r3, r3, #2
 849 004c 9B18     		adds	r3, r3, r2
 850              		.loc 1 291 35
 851 004e 9940     		lsls	r1, r1, r3
 852 0050 0B00     		movs	r3, r1
 853              		.loc 1 291 13
 854 0052 FA68     		ldr	r2, [r7, #12]
 855 0054 1343     		orrs	r3, r2
 856 0056 FB60     		str	r3, [r7, #12]
 292:../Firmware/GD32E23x_standard_peripheral/Source/gd32e23x_adc.c ****         ADC_RSQ2 = rsq;
 857              		.loc 1 292 9
 858 0058 42F23443 		movw	r3, #9268
 859 005c C4F20103 		movt	r3, 16385
 860              		.loc 1 292 18
 861 0060 FA68     		ldr	r2, [r7, #12]
 862 0062 1A60     		str	r2, [r3]
 863 0064 54E0     		b	.L49
 864              	.L48:
 293:../Firmware/GD32E23x_standard_peripheral/Source/gd32e23x_adc.c ****     } else if(rank < 12U) {
 865              		.loc 1 293 14
 866 0066 FB1D     		adds	r3, r7, #7
 867 0068 1B78     		ldrb	r3, [r3]
 868 006a 0B2B     		cmp	r3, #11
 869 006c 26D8     		bhi	.L50
 294:../Firmware/GD32E23x_standard_peripheral/Source/gd32e23x_adc.c ****         rsq = ADC_RSQ1;
 870              		.loc 1 294 15
 871 006e 42F23043 		movw	r3, #9264
 872 0072 C4F20103 		movt	r3, 16385
 873              		.loc 1 294 13
 874 0076 1B68     		ldr	r3, [r3]
 875 0078 FB60     		str	r3, [r7, #12]
 295:../Firmware/GD32E23x_standard_peripheral/Source/gd32e23x_adc.c ****         rsq &= ~((uint32_t)(ADC_RSQX_RSQN << (5U * (rank - 6U))));
 876              		.loc 1 295 50
 877 007a FB1D     		adds	r3, r7, #7
 878 007c 1A78     		ldrb	r2, [r3]
 879 007e 1300     		movs	r3, r2
 880 0080 9B00     		lsls	r3, r3, #2
 881 0082 9B18     		adds	r3, r3, r2
 882 0084 1E3B     		subs	r3, r3, #30
 883              		.loc 1 295 18
 884 0086 1F22     		movs	r2, #31
 885 0088 9A40     		lsls	r2, r2, r3
 886 008a 1300     		movs	r3, r2
 887              		.loc 1 295 16
 888 008c DA43     		mvns	r2, r3
 889              		.loc 1 295 13
 890 008e FB68     		ldr	r3, [r7, #12]
 891 0090 1340     		ands	r3, r2
 892 0092 FB60     		str	r3, [r7, #12]
 296:../Firmware/GD32E23x_standard_peripheral/Source/gd32e23x_adc.c ****         rsq |= ((uint32_t)channel << (5U * (rank - 6U)));
 893              		.loc 1 296 17
 894 0094 BB1D     		adds	r3, r7, #6
 895 0096 1978     		ldrb	r1, [r3]
 896              		.loc 1 296 42
 897 0098 FB1D     		adds	r3, r7, #7
 898 009a 1A78     		ldrb	r2, [r3]
 899 009c 1300     		movs	r3, r2
 900 009e 9B00     		lsls	r3, r3, #2
 901 00a0 9B18     		adds	r3, r3, r2
 902 00a2 1E3B     		subs	r3, r3, #30
 903              		.loc 1 296 35
 904 00a4 9940     		lsls	r1, r1, r3
 905 00a6 0B00     		movs	r3, r1
 906              		.loc 1 296 13
 907 00a8 FA68     		ldr	r2, [r7, #12]
 908 00aa 1343     		orrs	r3, r2
 909 00ac FB60     		str	r3, [r7, #12]
 297:../Firmware/GD32E23x_standard_peripheral/Source/gd32e23x_adc.c ****         ADC_RSQ1 = rsq;
 910              		.loc 1 297 9
 911 00ae 42F23043 		movw	r3, #9264
 912 00b2 C4F20103 		movt	r3, 16385
 913              		.loc 1 297 18
 914 00b6 FA68     		ldr	r2, [r7, #12]
 915 00b8 1A60     		str	r2, [r3]
 916 00ba 29E0     		b	.L49
 917              	.L50:
 298:../Firmware/GD32E23x_standard_peripheral/Source/gd32e23x_adc.c ****     } else if(rank < 16U) {
 918              		.loc 1 298 14
 919 00bc FB1D     		adds	r3, r7, #7
 920 00be 1B78     		ldrb	r3, [r3]
 921 00c0 0F2B     		cmp	r3, #15
 922 00c2 25D8     		bhi	.L49
 299:../Firmware/GD32E23x_standard_peripheral/Source/gd32e23x_adc.c ****         rsq = ADC_RSQ0;
 923              		.loc 1 299 15
 924 00c4 42F22C43 		movw	r3, #9260
 925 00c8 C4F20103 		movt	r3, 16385
 926              		.loc 1 299 13
 927 00cc 1B68     		ldr	r3, [r3]
 928 00ce FB60     		str	r3, [r7, #12]
 300:../Firmware/GD32E23x_standard_peripheral/Source/gd32e23x_adc.c ****         rsq &= ~((uint32_t)(ADC_RSQX_RSQN << (5U * (rank - 12U))));
 929              		.loc 1 300 50
 930 00d0 FB1D     		adds	r3, r7, #7
 931 00d2 1A78     		ldrb	r2, [r3]
 932 00d4 1300     		movs	r3, r2
 933 00d6 9B00     		lsls	r3, r3, #2
 934 00d8 9B18     		adds	r3, r3, r2
 935 00da 3C3B     		subs	r3, r3, #60
 936              		.loc 1 300 18
 937 00dc 1F22     		movs	r2, #31
 938 00de 9A40     		lsls	r2, r2, r3
 939 00e0 1300     		movs	r3, r2
 940              		.loc 1 300 16
 941 00e2 DA43     		mvns	r2, r3
 942              		.loc 1 300 13
 943 00e4 FB68     		ldr	r3, [r7, #12]
 944 00e6 1340     		ands	r3, r2
 945 00e8 FB60     		str	r3, [r7, #12]
 301:../Firmware/GD32E23x_standard_peripheral/Source/gd32e23x_adc.c ****         rsq |= ((uint32_t)channel << (5U * (rank - 12U)));
 946              		.loc 1 301 17
 947 00ea BB1D     		adds	r3, r7, #6
 948 00ec 1978     		ldrb	r1, [r3]
 949              		.loc 1 301 42
 950 00ee FB1D     		adds	r3, r7, #7
 951 00f0 1A78     		ldrb	r2, [r3]
 952 00f2 1300     		movs	r3, r2
 953 00f4 9B00     		lsls	r3, r3, #2
 954 00f6 9B18     		adds	r3, r3, r2
 955 00f8 3C3B     		subs	r3, r3, #60
 956              		.loc 1 301 35
 957 00fa 9940     		lsls	r1, r1, r3
 958 00fc 0B00     		movs	r3, r1
 959              		.loc 1 301 13
 960 00fe FA68     		ldr	r2, [r7, #12]
 961 0100 1343     		orrs	r3, r2
 962 0102 FB60     		str	r3, [r7, #12]
 302:../Firmware/GD32E23x_standard_peripheral/Source/gd32e23x_adc.c ****         ADC_RSQ0 = rsq;
 963              		.loc 1 302 9
 964 0104 42F22C43 		movw	r3, #9260
 965 0108 C4F20103 		movt	r3, 16385
 966              		.loc 1 302 18
 967 010c FA68     		ldr	r2, [r7, #12]
 968 010e 1A60     		str	r2, [r3]
 969              	.L49:
 303:../Firmware/GD32E23x_standard_peripheral/Source/gd32e23x_adc.c ****     } else {
 304:../Firmware/GD32E23x_standard_peripheral/Source/gd32e23x_adc.c ****     }
 305:../Firmware/GD32E23x_standard_peripheral/Source/gd32e23x_adc.c **** 
 306:../Firmware/GD32E23x_standard_peripheral/Source/gd32e23x_adc.c ****     /* configure ADC sampling time */
 307:../Firmware/GD32E23x_standard_peripheral/Source/gd32e23x_adc.c ****     if(channel < 10U) {
 970              		.loc 1 307 7
 971 0110 BB1D     		adds	r3, r7, #6
 972 0112 1B78     		ldrb	r3, [r3]
 973 0114 092B     		cmp	r3, #9
 974 0116 23D8     		bhi	.L51
 308:../Firmware/GD32E23x_standard_peripheral/Source/gd32e23x_adc.c ****         sampt = ADC_SAMPT1;
 975              		.loc 1 308 17
 976 0118 42F21043 		movw	r3, #9232
 977 011c C4F20103 		movt	r3, 16385
 978              		.loc 1 308 15
 979 0120 1B68     		ldr	r3, [r3]
 980 0122 BB60     		str	r3, [r7, #8]
 309:../Firmware/GD32E23x_standard_peripheral/Source/gd32e23x_adc.c ****         sampt &= ~((uint32_t)(ADC_SAMPTX_SPTN << (3U * channel)));
 981              		.loc 1 309 54
 982 0124 BB1D     		adds	r3, r7, #6
 983 0126 1A78     		ldrb	r2, [r3]
 984 0128 1300     		movs	r3, r2
 985 012a 5B00     		lsls	r3, r3, #1
 986 012c 9B18     		adds	r3, r3, r2
 987              		.loc 1 309 20
 988 012e 0722     		movs	r2, #7
 989 0130 9A40     		lsls	r2, r2, r3
 990 0132 1300     		movs	r3, r2
 991              		.loc 1 309 18
 992 0134 DA43     		mvns	r2, r3
 993              		.loc 1 309 15
 994 0136 BB68     		ldr	r3, [r7, #8]
 995 0138 1340     		ands	r3, r2
 996 013a BB60     		str	r3, [r7, #8]
 310:../Firmware/GD32E23x_standard_peripheral/Source/gd32e23x_adc.c ****         sampt |= (uint32_t)(sample_time << (3U * channel));
 997              		.loc 1 310 48
 998 013c BB1D     		adds	r3, r7, #6
 999 013e 1A78     		ldrb	r2, [r3]
 1000 0140 1300     		movs	r3, r2
 1001 0142 5B00     		lsls	r3, r3, #1
 1002 0144 9B18     		adds	r3, r3, r2
 1003              		.loc 1 310 41
 1004 0146 3A68     		ldr	r2, [r7]
 1005 0148 9A40     		lsls	r2, r2, r3
 1006 014a 1300     		movs	r3, r2
 1007              		.loc 1 310 15
 1008 014c BA68     		ldr	r2, [r7, #8]
 1009 014e 1343     		orrs	r3, r2
 1010 0150 BB60     		str	r3, [r7, #8]
 311:../Firmware/GD32E23x_standard_peripheral/Source/gd32e23x_adc.c ****         ADC_SAMPT1 = sampt;
 1011              		.loc 1 311 9
 1012 0152 42F21043 		movw	r3, #9232
 1013 0156 C4F20103 		movt	r3, 16385
 1014              		.loc 1 311 20
 1015 015a BA68     		ldr	r2, [r7, #8]
 1016 015c 1A60     		str	r2, [r3]
 312:../Firmware/GD32E23x_standard_peripheral/Source/gd32e23x_adc.c ****     } else if(channel < 19U) {
 313:../Firmware/GD32E23x_standard_peripheral/Source/gd32e23x_adc.c ****         sampt = ADC_SAMPT0;
 314:../Firmware/GD32E23x_standard_peripheral/Source/gd32e23x_adc.c ****         sampt &= ~((uint32_t)(ADC_SAMPTX_SPTN << (3U * (channel - 10U))));
 315:../Firmware/GD32E23x_standard_peripheral/Source/gd32e23x_adc.c ****         sampt |= (uint32_t)(sample_time << (3U * (channel - 10U)));
 316:../Firmware/GD32E23x_standard_peripheral/Source/gd32e23x_adc.c ****         ADC_SAMPT0 = sampt;
 317:../Firmware/GD32E23x_standard_peripheral/Source/gd32e23x_adc.c ****     } else {
 318:../Firmware/GD32E23x_standard_peripheral/Source/gd32e23x_adc.c ****         /* illegal parameters */
 319:../Firmware/GD32E23x_standard_peripheral/Source/gd32e23x_adc.c ****     }
 320:../Firmware/GD32E23x_standard_peripheral/Source/gd32e23x_adc.c **** }
 1017              		.loc 1 320 1
 1018 015e 28E0     		b	.L53
 1019              	.L51:
 312:../Firmware/GD32E23x_standard_peripheral/Source/gd32e23x_adc.c ****     } else if(channel < 19U) {
 1020              		.loc 1 312 14
 1021 0160 BB1D     		adds	r3, r7, #6
 1022 0162 1B78     		ldrb	r3, [r3]
 1023 0164 122B     		cmp	r3, #18
 1024 0166 24D8     		bhi	.L53
 313:../Firmware/GD32E23x_standard_peripheral/Source/gd32e23x_adc.c ****         sampt &= ~((uint32_t)(ADC_SAMPTX_SPTN << (3U * (channel - 10U))));
 1025              		.loc 1 313 17
 1026 0168 42F20C43 		movw	r3, #9228
 1027 016c C4F20103 		movt	r3, 16385
 313:../Firmware/GD32E23x_standard_peripheral/Source/gd32e23x_adc.c ****         sampt &= ~((uint32_t)(ADC_SAMPTX_SPTN << (3U * (channel - 10U))));
 1028              		.loc 1 313 15
 1029 0170 1B68     		ldr	r3, [r3]
 1030 0172 BB60     		str	r3, [r7, #8]
 314:../Firmware/GD32E23x_standard_peripheral/Source/gd32e23x_adc.c ****         sampt |= (uint32_t)(sample_time << (3U * (channel - 10U)));
 1031              		.loc 1 314 54
 1032 0174 BB1D     		adds	r3, r7, #6
 1033 0176 1A78     		ldrb	r2, [r3]
 1034 0178 1300     		movs	r3, r2
 1035 017a 5B00     		lsls	r3, r3, #1
 1036 017c 9B18     		adds	r3, r3, r2
 1037 017e 1E3B     		subs	r3, r3, #30
 314:../Firmware/GD32E23x_standard_peripheral/Source/gd32e23x_adc.c ****         sampt |= (uint32_t)(sample_time << (3U * (channel - 10U)));
 1038              		.loc 1 314 20
 1039 0180 0722     		movs	r2, #7
 1040 0182 9A40     		lsls	r2, r2, r3
 1041 0184 1300     		movs	r3, r2
 314:../Firmware/GD32E23x_standard_peripheral/Source/gd32e23x_adc.c ****         sampt |= (uint32_t)(sample_time << (3U * (channel - 10U)));
 1042              		.loc 1 314 18
 1043 0186 DA43     		mvns	r2, r3
 314:../Firmware/GD32E23x_standard_peripheral/Source/gd32e23x_adc.c ****         sampt |= (uint32_t)(sample_time << (3U * (channel - 10U)));
 1044              		.loc 1 314 15
 1045 0188 BB68     		ldr	r3, [r7, #8]
 1046 018a 1340     		ands	r3, r2
 1047 018c BB60     		str	r3, [r7, #8]
 315:../Firmware/GD32E23x_standard_peripheral/Source/gd32e23x_adc.c ****         ADC_SAMPT0 = sampt;
 1048              		.loc 1 315 48
 1049 018e BB1D     		adds	r3, r7, #6
 1050 0190 1A78     		ldrb	r2, [r3]
 1051 0192 1300     		movs	r3, r2
 1052 0194 5B00     		lsls	r3, r3, #1
 1053 0196 9B18     		adds	r3, r3, r2
 1054 0198 1E3B     		subs	r3, r3, #30
 315:../Firmware/GD32E23x_standard_peripheral/Source/gd32e23x_adc.c ****         ADC_SAMPT0 = sampt;
 1055              		.loc 1 315 41
 1056 019a 3A68     		ldr	r2, [r7]
 1057 019c 9A40     		lsls	r2, r2, r3
 1058 019e 1300     		movs	r3, r2
 315:../Firmware/GD32E23x_standard_peripheral/Source/gd32e23x_adc.c ****         ADC_SAMPT0 = sampt;
 1059              		.loc 1 315 15
 1060 01a0 BA68     		ldr	r2, [r7, #8]
 1061 01a2 1343     		orrs	r3, r2
 1062 01a4 BB60     		str	r3, [r7, #8]
 316:../Firmware/GD32E23x_standard_peripheral/Source/gd32e23x_adc.c ****     } else {
 1063              		.loc 1 316 9
 1064 01a6 42F20C43 		movw	r3, #9228
 1065 01aa C4F20103 		movt	r3, 16385
 316:../Firmware/GD32E23x_standard_peripheral/Source/gd32e23x_adc.c ****     } else {
 1066              		.loc 1 316 20
 1067 01ae BA68     		ldr	r2, [r7, #8]
 1068 01b0 1A60     		str	r2, [r3]
 1069              	.L53:
 1070              		.loc 1 320 1
 1071 01b2 C046     		nop
 1072 01b4 BD46     		mov	sp, r7
 1073 01b6 04B0     		add	sp, sp, #16
 1074              		@ sp needed
 1075 01b8 80BD     		pop	{r7, pc}
 1076              		.cfi_endproc
 1077              	.LFE70:
 1079              		.section	.text.adc_inserted_channel_config,"ax",%progbits
 1080              		.align	1
 1081              		.global	adc_inserted_channel_config
 1082              		.syntax unified
 1083              		.code	16
 1084              		.thumb_func
 1085              		.fpu softvfp
 1087              	adc_inserted_channel_config:
 1088              	.LFB71:
 321:../Firmware/GD32E23x_standard_peripheral/Source/gd32e23x_adc.c **** 
 322:../Firmware/GD32E23x_standard_peripheral/Source/gd32e23x_adc.c **** /*!
 323:../Firmware/GD32E23x_standard_peripheral/Source/gd32e23x_adc.c ****     \brief      configure ADC inserted channel
 324:../Firmware/GD32E23x_standard_peripheral/Source/gd32e23x_adc.c ****     \param[in]  rank: the inserted group sequencer rank,this parameter must be between 0 to 3
 325:../Firmware/GD32E23x_standard_peripheral/Source/gd32e23x_adc.c ****     \param[in]  channel: the selected ADC channel
 326:../Firmware/GD32E23x_standard_peripheral/Source/gd32e23x_adc.c ****                 only one parameter can be selected which is shown as below:
 327:../Firmware/GD32E23x_standard_peripheral/Source/gd32e23x_adc.c ****       \arg        ADC_CHANNEL_x(x=0..9,16,17): ADC Channelx
 328:../Firmware/GD32E23x_standard_peripheral/Source/gd32e23x_adc.c ****     \param[in]  sample_time: The sample time value
 329:../Firmware/GD32E23x_standard_peripheral/Source/gd32e23x_adc.c ****                 only one parameter can be selected which is shown as below:
 330:../Firmware/GD32E23x_standard_peripheral/Source/gd32e23x_adc.c ****       \arg        ADC_SAMPLETIME_1POINT5: 1.5 cycles
 331:../Firmware/GD32E23x_standard_peripheral/Source/gd32e23x_adc.c ****       \arg        ADC_SAMPLETIME_7POINT5: 7.5 cycles
 332:../Firmware/GD32E23x_standard_peripheral/Source/gd32e23x_adc.c ****       \arg        ADC_SAMPLETIME_13POINT5: 13.5 cycles
 333:../Firmware/GD32E23x_standard_peripheral/Source/gd32e23x_adc.c ****       \arg        ADC_SAMPLETIME_28POINT5: 28.5 cycles
 334:../Firmware/GD32E23x_standard_peripheral/Source/gd32e23x_adc.c ****       \arg        ADC_SAMPLETIME_41POINT5: 41.5 cycles
 335:../Firmware/GD32E23x_standard_peripheral/Source/gd32e23x_adc.c ****       \arg        ADC_SAMPLETIME_55POINT5: 55.5 cycles
 336:../Firmware/GD32E23x_standard_peripheral/Source/gd32e23x_adc.c ****       \arg        ADC_SAMPLETIME_71POINT5: 71.5 cycles
 337:../Firmware/GD32E23x_standard_peripheral/Source/gd32e23x_adc.c ****       \arg        ADC_SAMPLETIME_239POINT5: 239.5 cycles
 338:../Firmware/GD32E23x_standard_peripheral/Source/gd32e23x_adc.c ****     \param[out] none
 339:../Firmware/GD32E23x_standard_peripheral/Source/gd32e23x_adc.c ****     \retval     none
 340:../Firmware/GD32E23x_standard_peripheral/Source/gd32e23x_adc.c **** */
 341:../Firmware/GD32E23x_standard_peripheral/Source/gd32e23x_adc.c **** void adc_inserted_channel_config(uint8_t rank, uint8_t channel, uint32_t sample_time)
 342:../Firmware/GD32E23x_standard_peripheral/Source/gd32e23x_adc.c **** {
 1089              		.loc 1 342 1
 1090              		.cfi_startproc
 1091              		@ args = 0, pretend = 0, frame = 24
 1092              		@ frame_needed = 1, uses_anonymous_args = 0
 1093 0000 80B5     		push	{r7, lr}
 1094              		.cfi_def_cfa_offset 8
 1095              		.cfi_offset 7, -8
 1096              		.cfi_offset 14, -4
 1097 0002 86B0     		sub	sp, sp, #24
 1098              		.cfi_def_cfa_offset 32
 1099 0004 00AF     		add	r7, sp, #0
 1100              		.cfi_def_cfa_register 7
 1101 0006 3A60     		str	r2, [r7]
 1102 0008 FB1D     		adds	r3, r7, #7
 1103 000a 021C     		adds	r2, r0, #0
 1104 000c 1A70     		strb	r2, [r3]
 1105 000e BB1D     		adds	r3, r7, #6
 1106 0010 0A1C     		adds	r2, r1, #0
 1107 0012 1A70     		strb	r2, [r3]
 343:../Firmware/GD32E23x_standard_peripheral/Source/gd32e23x_adc.c ****     uint8_t inserted_length;
 344:../Firmware/GD32E23x_standard_peripheral/Source/gd32e23x_adc.c ****     uint32_t isq, sampt;
 345:../Firmware/GD32E23x_standard_peripheral/Source/gd32e23x_adc.c **** 
 346:../Firmware/GD32E23x_standard_peripheral/Source/gd32e23x_adc.c ****     inserted_length = (uint8_t)GET_BITS(ADC_ISQ, 20U, 21U);
 1108              		.loc 1 346 32
 1109 0014 42F23843 		movw	r3, #9272
 1110 0018 C4F20103 		movt	r3, 16385
 1111 001c 1B68     		ldr	r3, [r3]
 1112 001e 1B0D     		lsrs	r3, r3, #20
 1113              		.loc 1 346 23
 1114 0020 DAB2     		uxtb	r2, r3
 1115              		.loc 1 346 21
 1116 0022 1720     		movs	r0, #23
 1117 0024 3B18     		adds	r3, r7, r0
 1118 0026 0321     		movs	r1, #3
 1119 0028 0A40     		ands	r2, r1
 1120 002a 1A70     		strb	r2, [r3]
 347:../Firmware/GD32E23x_standard_peripheral/Source/gd32e23x_adc.c **** 
 348:../Firmware/GD32E23x_standard_peripheral/Source/gd32e23x_adc.c ****     isq = ADC_ISQ;
 1121              		.loc 1 348 11
 1122 002c 42F23843 		movw	r3, #9272
 1123 0030 C4F20103 		movt	r3, 16385
 1124              		.loc 1 348 9
 1125 0034 1B68     		ldr	r3, [r3]
 1126 0036 3B61     		str	r3, [r7, #16]
 349:../Firmware/GD32E23x_standard_peripheral/Source/gd32e23x_adc.c ****     isq &= ~((uint32_t)(ADC_ISQ_ISQN << (15U - (inserted_length - rank) * 5U)));
 1127              		.loc 1 349 65
 1128 0038 0100     		movs	r1, r0
 1129 003a 7B18     		adds	r3, r7, r1
 1130 003c 1A78     		ldrb	r2, [r3]
 1131 003e FB1D     		adds	r3, r7, #7
 1132 0040 1B78     		ldrb	r3, [r3]
 1133 0042 D31A     		subs	r3, r2, r3
 1134 0044 1A00     		movs	r2, r3
 1135              		.loc 1 349 73
 1136 0046 1300     		movs	r3, r2
 1137 0048 9B00     		lsls	r3, r3, #2
 1138 004a 9B18     		adds	r3, r3, r2
 1139              		.loc 1 349 46
 1140 004c 0F22     		movs	r2, #15
 1141 004e D31A     		subs	r3, r2, r3
 1142              		.loc 1 349 14
 1143 0050 1F22     		movs	r2, #31
 1144 0052 9A40     		lsls	r2, r2, r3
 1145 0054 1300     		movs	r3, r2
 1146              		.loc 1 349 12
 1147 0056 DA43     		mvns	r2, r3
 1148              		.loc 1 349 9
 1149 0058 3B69     		ldr	r3, [r7, #16]
 1150 005a 1340     		ands	r3, r2
 1151 005c 3B61     		str	r3, [r7, #16]
 350:../Firmware/GD32E23x_standard_peripheral/Source/gd32e23x_adc.c ****     isq |= ((uint32_t)channel << (15U - (inserted_length - rank) * 5U));
 1152              		.loc 1 350 13
 1153 005e BB1D     		adds	r3, r7, #6
 1154 0060 1A78     		ldrb	r2, [r3]
 1155              		.loc 1 350 58
 1156 0062 7B18     		adds	r3, r7, r1
 1157 0064 1978     		ldrb	r1, [r3]
 1158 0066 FB1D     		adds	r3, r7, #7
 1159 0068 1B78     		ldrb	r3, [r3]
 1160 006a CB1A     		subs	r3, r1, r3
 1161 006c 1900     		movs	r1, r3
 1162              		.loc 1 350 66
 1163 006e 0B00     		movs	r3, r1
 1164 0070 9B00     		lsls	r3, r3, #2
 1165 0072 5B18     		adds	r3, r3, r1
 1166              		.loc 1 350 39
 1167 0074 0F21     		movs	r1, #15
 1168 0076 CB1A     		subs	r3, r1, r3
 1169              		.loc 1 350 31
 1170 0078 9A40     		lsls	r2, r2, r3
 1171 007a 1300     		movs	r3, r2
 1172              		.loc 1 350 9
 1173 007c 3A69     		ldr	r2, [r7, #16]
 1174 007e 1343     		orrs	r3, r2
 1175 0080 3B61     		str	r3, [r7, #16]
 351:../Firmware/GD32E23x_standard_peripheral/Source/gd32e23x_adc.c ****     ADC_ISQ = isq;
 1176              		.loc 1 351 5
 1177 0082 42F23843 		movw	r3, #9272
 1178 0086 C4F20103 		movt	r3, 16385
 1179              		.loc 1 351 13
 1180 008a 3A69     		ldr	r2, [r7, #16]
 1181 008c 1A60     		str	r2, [r3]
 352:../Firmware/GD32E23x_standard_peripheral/Source/gd32e23x_adc.c **** 
 353:../Firmware/GD32E23x_standard_peripheral/Source/gd32e23x_adc.c ****     /* configure ADC sampling time */
 354:../Firmware/GD32E23x_standard_peripheral/Source/gd32e23x_adc.c ****     if(channel < 10U) {
 1182              		.loc 1 354 7
 1183 008e BB1D     		adds	r3, r7, #6
 1184 0090 1B78     		ldrb	r3, [r3]
 1185 0092 092B     		cmp	r3, #9
 1186 0094 23D8     		bhi	.L55
 355:../Firmware/GD32E23x_standard_peripheral/Source/gd32e23x_adc.c ****         sampt = ADC_SAMPT1;
 1187              		.loc 1 355 17
 1188 0096 42F21043 		movw	r3, #9232
 1189 009a C4F20103 		movt	r3, 16385
 1190              		.loc 1 355 15
 1191 009e 1B68     		ldr	r3, [r3]
 1192 00a0 FB60     		str	r3, [r7, #12]
 356:../Firmware/GD32E23x_standard_peripheral/Source/gd32e23x_adc.c ****         sampt &= ~((uint32_t)(ADC_SAMPTX_SPTN << (3U * channel)));
 1193              		.loc 1 356 54
 1194 00a2 BB1D     		adds	r3, r7, #6
 1195 00a4 1A78     		ldrb	r2, [r3]
 1196 00a6 1300     		movs	r3, r2
 1197 00a8 5B00     		lsls	r3, r3, #1
 1198 00aa 9B18     		adds	r3, r3, r2
 1199              		.loc 1 356 20
 1200 00ac 0722     		movs	r2, #7
 1201 00ae 9A40     		lsls	r2, r2, r3
 1202 00b0 1300     		movs	r3, r2
 1203              		.loc 1 356 18
 1204 00b2 DA43     		mvns	r2, r3
 1205              		.loc 1 356 15
 1206 00b4 FB68     		ldr	r3, [r7, #12]
 1207 00b6 1340     		ands	r3, r2
 1208 00b8 FB60     		str	r3, [r7, #12]
 357:../Firmware/GD32E23x_standard_peripheral/Source/gd32e23x_adc.c ****         sampt |= (uint32_t) sample_time << (3U * channel);
 1209              		.loc 1 357 48
 1210 00ba BB1D     		adds	r3, r7, #6
 1211 00bc 1A78     		ldrb	r2, [r3]
 1212 00be 1300     		movs	r3, r2
 1213 00c0 5B00     		lsls	r3, r3, #1
 1214 00c2 9B18     		adds	r3, r3, r2
 1215              		.loc 1 357 41
 1216 00c4 3A68     		ldr	r2, [r7]
 1217 00c6 9A40     		lsls	r2, r2, r3
 1218 00c8 1300     		movs	r3, r2
 1219              		.loc 1 357 15
 1220 00ca FA68     		ldr	r2, [r7, #12]
 1221 00cc 1343     		orrs	r3, r2
 1222 00ce FB60     		str	r3, [r7, #12]
 358:../Firmware/GD32E23x_standard_peripheral/Source/gd32e23x_adc.c ****         ADC_SAMPT1 = sampt;
 1223              		.loc 1 358 9
 1224 00d0 42F21043 		movw	r3, #9232
 1225 00d4 C4F20103 		movt	r3, 16385
 1226              		.loc 1 358 20
 1227 00d8 FA68     		ldr	r2, [r7, #12]
 1228 00da 1A60     		str	r2, [r3]
 359:../Firmware/GD32E23x_standard_peripheral/Source/gd32e23x_adc.c ****     } else if(channel < 19U) {
 360:../Firmware/GD32E23x_standard_peripheral/Source/gd32e23x_adc.c ****         sampt = ADC_SAMPT0;
 361:../Firmware/GD32E23x_standard_peripheral/Source/gd32e23x_adc.c ****         sampt &= ~((uint32_t)(ADC_SAMPTX_SPTN << (3U * (channel - 10U))));
 362:../Firmware/GD32E23x_standard_peripheral/Source/gd32e23x_adc.c ****         sampt |= ((uint32_t)sample_time << (3U * (channel - 10U)));
 363:../Firmware/GD32E23x_standard_peripheral/Source/gd32e23x_adc.c ****         ADC_SAMPT0 = sampt;
 364:../Firmware/GD32E23x_standard_peripheral/Source/gd32e23x_adc.c ****     } else {
 365:../Firmware/GD32E23x_standard_peripheral/Source/gd32e23x_adc.c ****         /* illegal parameters */
 366:../Firmware/GD32E23x_standard_peripheral/Source/gd32e23x_adc.c ****     }
 367:../Firmware/GD32E23x_standard_peripheral/Source/gd32e23x_adc.c **** }
 1229              		.loc 1 367 1
 1230 00dc 28E0     		b	.L57
 1231              	.L55:
 359:../Firmware/GD32E23x_standard_peripheral/Source/gd32e23x_adc.c ****     } else if(channel < 19U) {
 1232              		.loc 1 359 14
 1233 00de BB1D     		adds	r3, r7, #6
 1234 00e0 1B78     		ldrb	r3, [r3]
 1235 00e2 122B     		cmp	r3, #18
 1236 00e4 24D8     		bhi	.L57
 360:../Firmware/GD32E23x_standard_peripheral/Source/gd32e23x_adc.c ****         sampt &= ~((uint32_t)(ADC_SAMPTX_SPTN << (3U * (channel - 10U))));
 1237              		.loc 1 360 17
 1238 00e6 42F20C43 		movw	r3, #9228
 1239 00ea C4F20103 		movt	r3, 16385
 360:../Firmware/GD32E23x_standard_peripheral/Source/gd32e23x_adc.c ****         sampt &= ~((uint32_t)(ADC_SAMPTX_SPTN << (3U * (channel - 10U))));
 1240              		.loc 1 360 15
 1241 00ee 1B68     		ldr	r3, [r3]
 1242 00f0 FB60     		str	r3, [r7, #12]
 361:../Firmware/GD32E23x_standard_peripheral/Source/gd32e23x_adc.c ****         sampt |= ((uint32_t)sample_time << (3U * (channel - 10U)));
 1243              		.loc 1 361 54
 1244 00f2 BB1D     		adds	r3, r7, #6
 1245 00f4 1A78     		ldrb	r2, [r3]
 1246 00f6 1300     		movs	r3, r2
 1247 00f8 5B00     		lsls	r3, r3, #1
 1248 00fa 9B18     		adds	r3, r3, r2
 1249 00fc 1E3B     		subs	r3, r3, #30
 361:../Firmware/GD32E23x_standard_peripheral/Source/gd32e23x_adc.c ****         sampt |= ((uint32_t)sample_time << (3U * (channel - 10U)));
 1250              		.loc 1 361 20
 1251 00fe 0722     		movs	r2, #7
 1252 0100 9A40     		lsls	r2, r2, r3
 1253 0102 1300     		movs	r3, r2
 361:../Firmware/GD32E23x_standard_peripheral/Source/gd32e23x_adc.c ****         sampt |= ((uint32_t)sample_time << (3U * (channel - 10U)));
 1254              		.loc 1 361 18
 1255 0104 DA43     		mvns	r2, r3
 361:../Firmware/GD32E23x_standard_peripheral/Source/gd32e23x_adc.c ****         sampt |= ((uint32_t)sample_time << (3U * (channel - 10U)));
 1256              		.loc 1 361 15
 1257 0106 FB68     		ldr	r3, [r7, #12]
 1258 0108 1340     		ands	r3, r2
 1259 010a FB60     		str	r3, [r7, #12]
 362:../Firmware/GD32E23x_standard_peripheral/Source/gd32e23x_adc.c ****         ADC_SAMPT0 = sampt;
 1260              		.loc 1 362 48
 1261 010c BB1D     		adds	r3, r7, #6
 1262 010e 1A78     		ldrb	r2, [r3]
 1263 0110 1300     		movs	r3, r2
 1264 0112 5B00     		lsls	r3, r3, #1
 1265 0114 9B18     		adds	r3, r3, r2
 1266 0116 1E3B     		subs	r3, r3, #30
 362:../Firmware/GD32E23x_standard_peripheral/Source/gd32e23x_adc.c ****         ADC_SAMPT0 = sampt;
 1267              		.loc 1 362 41
 1268 0118 3A68     		ldr	r2, [r7]
 1269 011a 9A40     		lsls	r2, r2, r3
 1270 011c 1300     		movs	r3, r2
 362:../Firmware/GD32E23x_standard_peripheral/Source/gd32e23x_adc.c ****         ADC_SAMPT0 = sampt;
 1271              		.loc 1 362 15
 1272 011e FA68     		ldr	r2, [r7, #12]
 1273 0120 1343     		orrs	r3, r2
 1274 0122 FB60     		str	r3, [r7, #12]
 363:../Firmware/GD32E23x_standard_peripheral/Source/gd32e23x_adc.c ****     } else {
 1275              		.loc 1 363 9
 1276 0124 42F20C43 		movw	r3, #9228
 1277 0128 C4F20103 		movt	r3, 16385
 363:../Firmware/GD32E23x_standard_peripheral/Source/gd32e23x_adc.c ****     } else {
 1278              		.loc 1 363 20
 1279 012c FA68     		ldr	r2, [r7, #12]
 1280 012e 1A60     		str	r2, [r3]
 1281              	.L57:
 1282              		.loc 1 367 1
 1283 0130 C046     		nop
 1284 0132 BD46     		mov	sp, r7
 1285 0134 06B0     		add	sp, sp, #24
 1286              		@ sp needed
 1287 0136 80BD     		pop	{r7, pc}
 1288              		.cfi_endproc
 1289              	.LFE71:
 1291              		.section	.text.adc_inserted_channel_offset_config,"ax",%progbits
 1292              		.align	1
 1293              		.global	adc_inserted_channel_offset_config
 1294              		.syntax unified
 1295              		.code	16
 1296              		.thumb_func
 1297              		.fpu softvfp
 1299              	adc_inserted_channel_offset_config:
 1300              	.LFB72:
 368:../Firmware/GD32E23x_standard_peripheral/Source/gd32e23x_adc.c **** 
 369:../Firmware/GD32E23x_standard_peripheral/Source/gd32e23x_adc.c **** /*!
 370:../Firmware/GD32E23x_standard_peripheral/Source/gd32e23x_adc.c ****     \brief      configure ADC inserted channel offset
 371:../Firmware/GD32E23x_standard_peripheral/Source/gd32e23x_adc.c ****     \param[in]  inserted_channel: insert channel select
 372:../Firmware/GD32E23x_standard_peripheral/Source/gd32e23x_adc.c ****                 only one parameter can be selected which is shown as below:
 373:../Firmware/GD32E23x_standard_peripheral/Source/gd32e23x_adc.c ****       \arg        ADC_INSERTED_CHANNEL_0: ADC inserted channel 0
 374:../Firmware/GD32E23x_standard_peripheral/Source/gd32e23x_adc.c ****       \arg        ADC_INSERTED_CHANNEL_1: ADC inserted channel 1
 375:../Firmware/GD32E23x_standard_peripheral/Source/gd32e23x_adc.c ****       \arg        ADC_INSERTED_CHANNEL_2: ADC inserted channel 2
 376:../Firmware/GD32E23x_standard_peripheral/Source/gd32e23x_adc.c ****       \arg        ADC_INSERTED_CHANNEL_3: ADC inserted channel 3
 377:../Firmware/GD32E23x_standard_peripheral/Source/gd32e23x_adc.c ****     \param[in]  offset: the offset data
 378:../Firmware/GD32E23x_standard_peripheral/Source/gd32e23x_adc.c ****     \param[out] none
 379:../Firmware/GD32E23x_standard_peripheral/Source/gd32e23x_adc.c ****     \retval     none
 380:../Firmware/GD32E23x_standard_peripheral/Source/gd32e23x_adc.c **** */
 381:../Firmware/GD32E23x_standard_peripheral/Source/gd32e23x_adc.c **** void adc_inserted_channel_offset_config(uint8_t inserted_channel, uint16_t offset)
 382:../Firmware/GD32E23x_standard_peripheral/Source/gd32e23x_adc.c **** {
 1301              		.loc 1 382 1
 1302              		.cfi_startproc
 1303              		@ args = 0, pretend = 0, frame = 16
 1304              		@ frame_needed = 1, uses_anonymous_args = 0
 1305 0000 80B5     		push	{r7, lr}
 1306              		.cfi_def_cfa_offset 8
 1307              		.cfi_offset 7, -8
 1308              		.cfi_offset 14, -4
 1309 0002 84B0     		sub	sp, sp, #16
 1310              		.cfi_def_cfa_offset 24
 1311 0004 00AF     		add	r7, sp, #0
 1312              		.cfi_def_cfa_register 7
 1313 0006 0200     		movs	r2, r0
 1314 0008 FB1D     		adds	r3, r7, #7
 1315 000a 1A70     		strb	r2, [r3]
 1316 000c 3B1D     		adds	r3, r7, #4
 1317 000e 0A1C     		adds	r2, r1, #0
 1318 0010 1A80     		strh	r2, [r3]
 383:../Firmware/GD32E23x_standard_peripheral/Source/gd32e23x_adc.c ****     uint8_t inserted_length;
 384:../Firmware/GD32E23x_standard_peripheral/Source/gd32e23x_adc.c ****     uint32_t num = 0U;
 1319              		.loc 1 384 14
 1320 0012 0023     		movs	r3, #0
 1321 0014 FB60     		str	r3, [r7, #12]
 385:../Firmware/GD32E23x_standard_peripheral/Source/gd32e23x_adc.c **** 
 386:../Firmware/GD32E23x_standard_peripheral/Source/gd32e23x_adc.c ****     inserted_length = (uint8_t)GET_BITS(ADC_ISQ, 20U, 21U);
 1322              		.loc 1 386 32
 1323 0016 42F23843 		movw	r3, #9272
 1324 001a C4F20103 		movt	r3, 16385
 1325 001e 1B68     		ldr	r3, [r3]
 1326 0020 1B0D     		lsrs	r3, r3, #20
 1327              		.loc 1 386 23
 1328 0022 DAB2     		uxtb	r2, r3
 1329              		.loc 1 386 21
 1330 0024 0B20     		movs	r0, #11
 1331 0026 3B18     		adds	r3, r7, r0
 1332 0028 0321     		movs	r1, #3
 1333 002a 0A40     		ands	r2, r1
 1334 002c 1A70     		strb	r2, [r3]
 387:../Firmware/GD32E23x_standard_peripheral/Source/gd32e23x_adc.c ****     num = 3U - (inserted_length - inserted_channel);
 1335              		.loc 1 387 33
 1336 002e 3B18     		adds	r3, r7, r0
 1337 0030 1A78     		ldrb	r2, [r3]
 1338 0032 FB1D     		adds	r3, r7, #7
 1339 0034 1B78     		ldrb	r3, [r3]
 1340 0036 D31A     		subs	r3, r2, r3
 1341 0038 1A00     		movs	r2, r3
 1342              		.loc 1 387 9
 1343 003a 0323     		movs	r3, #3
 1344 003c 9B1A     		subs	r3, r3, r2
 1345 003e FB60     		str	r3, [r7, #12]
 388:../Firmware/GD32E23x_standard_peripheral/Source/gd32e23x_adc.c **** 
 389:../Firmware/GD32E23x_standard_peripheral/Source/gd32e23x_adc.c ****     if(num <= 3U) {
 1346              		.loc 1 389 7
 1347 0040 FB68     		ldr	r3, [r7, #12]
 1348 0042 032B     		cmp	r3, #3
 1349 0044 0DD8     		bhi	.L60
 390:../Firmware/GD32E23x_standard_peripheral/Source/gd32e23x_adc.c ****         /* calculate the offset of the register */
 391:../Firmware/GD32E23x_standard_peripheral/Source/gd32e23x_adc.c ****         num = num * 4U;
 1350              		.loc 1 391 13
 1351 0046 FB68     		ldr	r3, [r7, #12]
 1352 0048 9B00     		lsls	r3, r3, #2
 1353 004a FB60     		str	r3, [r7, #12]
 392:../Firmware/GD32E23x_standard_peripheral/Source/gd32e23x_adc.c ****         /* configure the offset of the selected channels */
 393:../Firmware/GD32E23x_standard_peripheral/Source/gd32e23x_adc.c ****         REG32((ADC) + 0x14U + num) = IOFFX_IOFF((uint32_t)offset);
 1354              		.loc 1 393 38
 1355 004c 3B1D     		adds	r3, r7, #4
 1356 004e 1A88     		ldrh	r2, [r3]
 1357              		.loc 1 393 9
 1358 0050 FB68     		ldr	r3, [r7, #12]
 1359 0052 42F2144C 		movw	ip, #9236
 1360 0056 C4F2010C 		movt	ip, 16385
 1361 005a 6344     		add	r3, r3, ip
 1362              		.loc 1 393 38
 1363 005c 1205     		lsls	r2, r2, #20
 1364 005e 120D     		lsrs	r2, r2, #20
 1365              		.loc 1 393 36
 1366 0060 1A60     		str	r2, [r3]
 1367              	.L60:
 394:../Firmware/GD32E23x_standard_peripheral/Source/gd32e23x_adc.c ****     }
 395:../Firmware/GD32E23x_standard_peripheral/Source/gd32e23x_adc.c **** }
 1368              		.loc 1 395 1
 1369 0062 C046     		nop
 1370 0064 BD46     		mov	sp, r7
 1371 0066 04B0     		add	sp, sp, #16
 1372              		@ sp needed
 1373 0068 80BD     		pop	{r7, pc}
 1374              		.cfi_endproc
 1375              	.LFE72:
 1377              		.section	.text.adc_external_trigger_config,"ax",%progbits
 1378              		.align	1
 1379              		.global	adc_external_trigger_config
 1380              		.syntax unified
 1381              		.code	16
 1382              		.thumb_func
 1383              		.fpu softvfp
 1385              	adc_external_trigger_config:
 1386              	.LFB73:
 396:../Firmware/GD32E23x_standard_peripheral/Source/gd32e23x_adc.c **** 
 397:../Firmware/GD32E23x_standard_peripheral/Source/gd32e23x_adc.c **** /*!
 398:../Firmware/GD32E23x_standard_peripheral/Source/gd32e23x_adc.c ****     \brief      enable or disable ADC external trigger
 399:../Firmware/GD32E23x_standard_peripheral/Source/gd32e23x_adc.c ****     \param[in]  channel_group: select the channel group
 400:../Firmware/GD32E23x_standard_peripheral/Source/gd32e23x_adc.c ****                 one or more parameters can be selected which is shown as below:
 401:../Firmware/GD32E23x_standard_peripheral/Source/gd32e23x_adc.c ****       \arg        ADC_REGULAR_CHANNEL: regular channel group
 402:../Firmware/GD32E23x_standard_peripheral/Source/gd32e23x_adc.c ****       \arg        ADC_INSERTED_CHANNEL: inserted channel group
 403:../Firmware/GD32E23x_standard_peripheral/Source/gd32e23x_adc.c ****     \param[in]  newvalue: ENABLE or DISABLE
 404:../Firmware/GD32E23x_standard_peripheral/Source/gd32e23x_adc.c ****     \param[out] none
 405:../Firmware/GD32E23x_standard_peripheral/Source/gd32e23x_adc.c ****     \retval     none
 406:../Firmware/GD32E23x_standard_peripheral/Source/gd32e23x_adc.c **** */
 407:../Firmware/GD32E23x_standard_peripheral/Source/gd32e23x_adc.c **** void adc_external_trigger_config(uint8_t channel_group, ControlStatus newvalue)
 408:../Firmware/GD32E23x_standard_peripheral/Source/gd32e23x_adc.c **** {
 1387              		.loc 1 408 1
 1388              		.cfi_startproc
 1389              		@ args = 0, pretend = 0, frame = 8
 1390              		@ frame_needed = 1, uses_anonymous_args = 0
 1391 0000 80B5     		push	{r7, lr}
 1392              		.cfi_def_cfa_offset 8
 1393              		.cfi_offset 7, -8
 1394              		.cfi_offset 14, -4
 1395 0002 82B0     		sub	sp, sp, #8
 1396              		.cfi_def_cfa_offset 16
 1397 0004 00AF     		add	r7, sp, #0
 1398              		.cfi_def_cfa_register 7
 1399 0006 0200     		movs	r2, r0
 1400 0008 FB1D     		adds	r3, r7, #7
 1401 000a 1A70     		strb	r2, [r3]
 1402 000c BB1D     		adds	r3, r7, #6
 1403 000e 0A1C     		adds	r2, r1, #0
 1404 0010 1A70     		strb	r2, [r3]
 409:../Firmware/GD32E23x_standard_peripheral/Source/gd32e23x_adc.c ****     if(newvalue) {
 1405              		.loc 1 409 7
 1406 0012 BB1D     		adds	r3, r7, #6
 1407 0014 1B78     		ldrb	r3, [r3]
 1408 0016 23B3     		cbz	r3, .L62
 410:../Firmware/GD32E23x_standard_peripheral/Source/gd32e23x_adc.c ****         /* external trigger enable for regular channel */
 411:../Firmware/GD32E23x_standard_peripheral/Source/gd32e23x_adc.c ****         if(RESET != (channel_group & ADC_REGULAR_CHANNEL)) {
 1409              		.loc 1 411 36
 1410 0018 FB1D     		adds	r3, r7, #7
 1411 001a 1B78     		ldrb	r3, [r3]
 1412 001c 0122     		movs	r2, #1
 1413 001e 1340     		ands	r3, r2
 1414              		.loc 1 411 11
 1415 0020 63B1     		cbz	r3, .L63
 412:../Firmware/GD32E23x_standard_peripheral/Source/gd32e23x_adc.c ****             ADC_CTL1 |= ADC_CTL1_ETERC;
 1416              		.loc 1 412 22
 1417 0022 42F20843 		movw	r3, #9224
 1418 0026 C4F20103 		movt	r3, 16385
 1419 002a 1A68     		ldr	r2, [r3]
 1420 002c 42F20843 		movw	r3, #9224
 1421 0030 C4F20103 		movt	r3, 16385
 1422 0034 8021     		movs	r1, #128
 1423 0036 4903     		lsls	r1, r1, #13
 1424 0038 0A43     		orrs	r2, r1
 1425 003a 1A60     		str	r2, [r3]
 1426              	.L63:
 413:../Firmware/GD32E23x_standard_peripheral/Source/gd32e23x_adc.c ****         }
 414:../Firmware/GD32E23x_standard_peripheral/Source/gd32e23x_adc.c ****         /* external trigger enable for inserted channel */
 415:../Firmware/GD32E23x_standard_peripheral/Source/gd32e23x_adc.c ****         if(RESET != (channel_group & ADC_INSERTED_CHANNEL)) {
 1427              		.loc 1 415 36
 1428 003c FB1D     		adds	r3, r7, #7
 1429 003e 1B78     		ldrb	r3, [r3]
 1430 0040 0222     		movs	r2, #2
 1431 0042 1340     		ands	r3, r2
 1432              		.loc 1 415 11
 1433 0044 7BB3     		cbz	r3, .L66
 416:../Firmware/GD32E23x_standard_peripheral/Source/gd32e23x_adc.c ****             ADC_CTL1 |= ADC_CTL1_ETEIC;
 1434              		.loc 1 416 22
 1435 0046 42F20843 		movw	r3, #9224
 1436 004a C4F20103 		movt	r3, 16385
 1437 004e 1A68     		ldr	r2, [r3]
 1438 0050 42F20843 		movw	r3, #9224
 1439 0054 C4F20103 		movt	r3, 16385
 1440 0058 48F20001 		movw	r1, #32768
 1441 005c 0A43     		orrs	r2, r1
 1442 005e 1A60     		str	r2, [r3]
 417:../Firmware/GD32E23x_standard_peripheral/Source/gd32e23x_adc.c ****         }
 418:../Firmware/GD32E23x_standard_peripheral/Source/gd32e23x_adc.c ****     } else {
 419:../Firmware/GD32E23x_standard_peripheral/Source/gd32e23x_adc.c ****         /* external trigger disable for regular channel */
 420:../Firmware/GD32E23x_standard_peripheral/Source/gd32e23x_adc.c ****         if(RESET != (channel_group & ADC_REGULAR_CHANNEL)) {
 421:../Firmware/GD32E23x_standard_peripheral/Source/gd32e23x_adc.c ****             ADC_CTL1 &= ~ADC_CTL1_ETERC;
 422:../Firmware/GD32E23x_standard_peripheral/Source/gd32e23x_adc.c ****         }
 423:../Firmware/GD32E23x_standard_peripheral/Source/gd32e23x_adc.c ****         /* external trigger disable for inserted channel */
 424:../Firmware/GD32E23x_standard_peripheral/Source/gd32e23x_adc.c ****         if(RESET != (channel_group & ADC_INSERTED_CHANNEL)) {
 425:../Firmware/GD32E23x_standard_peripheral/Source/gd32e23x_adc.c ****             ADC_CTL1 &= ~ADC_CTL1_ETEIC;
 426:../Firmware/GD32E23x_standard_peripheral/Source/gd32e23x_adc.c ****         }
 427:../Firmware/GD32E23x_standard_peripheral/Source/gd32e23x_adc.c ****     }
 428:../Firmware/GD32E23x_standard_peripheral/Source/gd32e23x_adc.c **** }
 1443              		.loc 1 428 1
 1444 0060 21E0     		b	.L66
 1445              	.L62:
 420:../Firmware/GD32E23x_standard_peripheral/Source/gd32e23x_adc.c ****             ADC_CTL1 &= ~ADC_CTL1_ETERC;
 1446              		.loc 1 420 36
 1447 0062 FB1D     		adds	r3, r7, #7
 1448 0064 1B78     		ldrb	r3, [r3]
 1449 0066 0122     		movs	r2, #1
 1450 0068 1340     		ands	r3, r2
 420:../Firmware/GD32E23x_standard_peripheral/Source/gd32e23x_adc.c ****             ADC_CTL1 &= ~ADC_CTL1_ETERC;
 1451              		.loc 1 420 11
 1452 006a 5BB1     		cbz	r3, .L65
 421:../Firmware/GD32E23x_standard_peripheral/Source/gd32e23x_adc.c ****         }
 1453              		.loc 1 421 22
 1454 006c 42F20843 		movw	r3, #9224
 1455 0070 C4F20103 		movt	r3, 16385
 1456 0074 1A68     		ldr	r2, [r3]
 1457 0076 42F20843 		movw	r3, #9224
 1458 007a C4F20103 		movt	r3, 16385
 1459 007e 0C49     		ldr	r1, .L67
 1460 0080 0A40     		ands	r2, r1
 1461 0082 1A60     		str	r2, [r3]
 1462              	.L65:
 424:../Firmware/GD32E23x_standard_peripheral/Source/gd32e23x_adc.c ****             ADC_CTL1 &= ~ADC_CTL1_ETEIC;
 1463              		.loc 1 424 36
 1464 0084 FB1D     		adds	r3, r7, #7
 1465 0086 1B78     		ldrb	r3, [r3]
 1466 0088 0222     		movs	r2, #2
 1467 008a 1340     		ands	r3, r2
 424:../Firmware/GD32E23x_standard_peripheral/Source/gd32e23x_adc.c ****             ADC_CTL1 &= ~ADC_CTL1_ETEIC;
 1468              		.loc 1 424 11
 1469 008c 5BB1     		cbz	r3, .L66
 425:../Firmware/GD32E23x_standard_peripheral/Source/gd32e23x_adc.c ****         }
 1470              		.loc 1 425 22
 1471 008e 42F20843 		movw	r3, #9224
 1472 0092 C4F20103 		movt	r3, 16385
 1473 0096 1A68     		ldr	r2, [r3]
 1474 0098 42F20843 		movw	r3, #9224
 1475 009c C4F20103 		movt	r3, 16385
 1476 00a0 0449     		ldr	r1, .L67+4
 1477 00a2 0A40     		ands	r2, r1
 1478 00a4 1A60     		str	r2, [r3]
 1479              	.L66:
 1480              		.loc 1 428 1
 1481 00a6 C046     		nop
 1482 00a8 BD46     		mov	sp, r7
 1483 00aa 02B0     		add	sp, sp, #8
 1484              		@ sp needed
 1485 00ac 80BD     		pop	{r7, pc}
 1486              	.L68:
 1487 00ae C046     		.align	2
 1488              	.L67:
 1489 00b0 FFFFEFFF 		.word	-1048577
 1490 00b4 FF7FFFFF 		.word	-32769
 1491              		.cfi_endproc
 1492              	.LFE73:
 1494              		.section	.text.adc_external_trigger_source_config,"ax",%progbits
 1495              		.align	1
 1496              		.global	adc_external_trigger_source_config
 1497              		.syntax unified
 1498              		.code	16
 1499              		.thumb_func
 1500              		.fpu softvfp
 1502              	adc_external_trigger_source_config:
 1503              	.LFB74:
 429:../Firmware/GD32E23x_standard_peripheral/Source/gd32e23x_adc.c **** 
 430:../Firmware/GD32E23x_standard_peripheral/Source/gd32e23x_adc.c **** /*!
 431:../Firmware/GD32E23x_standard_peripheral/Source/gd32e23x_adc.c ****     \brief      configure ADC external trigger source
 432:../Firmware/GD32E23x_standard_peripheral/Source/gd32e23x_adc.c ****     \param[in]  channel_group: select the channel group
 433:../Firmware/GD32E23x_standard_peripheral/Source/gd32e23x_adc.c ****                 only one parameter can be selected which is shown as below:
 434:../Firmware/GD32E23x_standard_peripheral/Source/gd32e23x_adc.c ****       \arg        ADC_REGULAR_CHANNEL: regular channel group
 435:../Firmware/GD32E23x_standard_peripheral/Source/gd32e23x_adc.c ****       \arg        ADC_INSERTED_CHANNEL: inserted channel group
 436:../Firmware/GD32E23x_standard_peripheral/Source/gd32e23x_adc.c ****     \param[in]  external_trigger_source: regular or inserted group trigger source
 437:../Firmware/GD32E23x_standard_peripheral/Source/gd32e23x_adc.c ****                 only one parameter can be selected which is shown as below:
 438:../Firmware/GD32E23x_standard_peripheral/Source/gd32e23x_adc.c ****                 for regular channel:
 439:../Firmware/GD32E23x_standard_peripheral/Source/gd32e23x_adc.c ****       \arg        ADC_EXTTRIG_REGULAR_T0_CH0: TIMER0 CH0 event select
 440:../Firmware/GD32E23x_standard_peripheral/Source/gd32e23x_adc.c ****       \arg        ADC_EXTTRIG_REGULAR_T0_CH1: TIMER0 CH1 event select
 441:../Firmware/GD32E23x_standard_peripheral/Source/gd32e23x_adc.c ****       \arg        ADC_EXTTRIG_REGULAR_T0_CH2: TIMER0 CH2 event select
 442:../Firmware/GD32E23x_standard_peripheral/Source/gd32e23x_adc.c ****       \arg        ADC_EXTTRIG_REGULAR_T2_TRGO: TIMER2 TRGO event select
 443:../Firmware/GD32E23x_standard_peripheral/Source/gd32e23x_adc.c ****       \arg        ADC_EXTTRIG_REGULAR_T14_CH0:  TIMER14 CH0 event select
 444:../Firmware/GD32E23x_standard_peripheral/Source/gd32e23x_adc.c ****       \arg        ADC_EXTTRIG_REGULAR_EXTI_11: external interrupt line 11
 445:../Firmware/GD32E23x_standard_peripheral/Source/gd32e23x_adc.c ****       \arg        ADC_EXTTRIG_REGULAR_NONE: software trigger
 446:../Firmware/GD32E23x_standard_peripheral/Source/gd32e23x_adc.c ****                 for inserted channel:
 447:../Firmware/GD32E23x_standard_peripheral/Source/gd32e23x_adc.c ****       \arg        ADC_EXTTRIG_INSERTED_T0_TRGO: TIMER0 TRGO event select
 448:../Firmware/GD32E23x_standard_peripheral/Source/gd32e23x_adc.c ****       \arg        ADC_EXTTRIG_INSERTED_T0_CH3: TIMER0 CH3 event select
 449:../Firmware/GD32E23x_standard_peripheral/Source/gd32e23x_adc.c ****       \arg        ADC_EXTTRIG_INSERTED_T2_CH3: TIMER2 CH3 event select
 450:../Firmware/GD32E23x_standard_peripheral/Source/gd32e23x_adc.c ****       \arg        ADC_EXTTRIG_INSERTED_T14_TRGO: TIMER14 TRGO event select
 451:../Firmware/GD32E23x_standard_peripheral/Source/gd32e23x_adc.c ****       \arg        ADC_EXTTRIG_INSERTED_EXTI_15: external interrupt line 15
 452:../Firmware/GD32E23x_standard_peripheral/Source/gd32e23x_adc.c ****       \arg        ADC_EXTTRIG_INSERTED_NONE: software trigger
 453:../Firmware/GD32E23x_standard_peripheral/Source/gd32e23x_adc.c ****     \param[out] none
 454:../Firmware/GD32E23x_standard_peripheral/Source/gd32e23x_adc.c ****     \retval     none
 455:../Firmware/GD32E23x_standard_peripheral/Source/gd32e23x_adc.c **** */
 456:../Firmware/GD32E23x_standard_peripheral/Source/gd32e23x_adc.c **** void adc_external_trigger_source_config(uint8_t channel_group, uint32_t external_trigger_source)
 457:../Firmware/GD32E23x_standard_peripheral/Source/gd32e23x_adc.c **** {
 1504              		.loc 1 457 1
 1505              		.cfi_startproc
 1506              		@ args = 0, pretend = 0, frame = 8
 1507              		@ frame_needed = 1, uses_anonymous_args = 0
 1508 0000 80B5     		push	{r7, lr}
 1509              		.cfi_def_cfa_offset 8
 1510              		.cfi_offset 7, -8
 1511              		.cfi_offset 14, -4
 1512 0002 82B0     		sub	sp, sp, #8
 1513              		.cfi_def_cfa_offset 16
 1514 0004 00AF     		add	r7, sp, #0
 1515              		.cfi_def_cfa_register 7
 1516 0006 0200     		movs	r2, r0
 1517 0008 3960     		str	r1, [r7]
 1518 000a FB1D     		adds	r3, r7, #7
 1519 000c 1A70     		strb	r2, [r3]
 458:../Firmware/GD32E23x_standard_peripheral/Source/gd32e23x_adc.c ****     switch(channel_group) {
 1520              		.loc 1 458 5
 1521 000e FB1D     		adds	r3, r7, #7
 1522 0010 1B78     		ldrb	r3, [r3]
 1523 0012 012B     		cmp	r3, #1
 1524 0014 02D0     		beq	.L70
 1525 0016 022B     		cmp	r3, #2
 1526 0018 19D0     		beq	.L71
 459:../Firmware/GD32E23x_standard_peripheral/Source/gd32e23x_adc.c ****     case ADC_REGULAR_CHANNEL:
 460:../Firmware/GD32E23x_standard_peripheral/Source/gd32e23x_adc.c ****         /* external trigger select for regular channel */
 461:../Firmware/GD32E23x_standard_peripheral/Source/gd32e23x_adc.c ****         ADC_CTL1 &= ~((uint32_t)ADC_CTL1_ETSRC);
 462:../Firmware/GD32E23x_standard_peripheral/Source/gd32e23x_adc.c ****         ADC_CTL1 |= (uint32_t)external_trigger_source;
 463:../Firmware/GD32E23x_standard_peripheral/Source/gd32e23x_adc.c ****         break;
 464:../Firmware/GD32E23x_standard_peripheral/Source/gd32e23x_adc.c ****     case ADC_INSERTED_CHANNEL:
 465:../Firmware/GD32E23x_standard_peripheral/Source/gd32e23x_adc.c ****         /* external trigger select for inserted channel */
 466:../Firmware/GD32E23x_standard_peripheral/Source/gd32e23x_adc.c ****         ADC_CTL1 &= ~((uint32_t)ADC_CTL1_ETSIC);
 467:../Firmware/GD32E23x_standard_peripheral/Source/gd32e23x_adc.c ****         ADC_CTL1 |= (uint32_t)external_trigger_source;
 468:../Firmware/GD32E23x_standard_peripheral/Source/gd32e23x_adc.c ****         break;
 469:../Firmware/GD32E23x_standard_peripheral/Source/gd32e23x_adc.c ****     default:
 470:../Firmware/GD32E23x_standard_peripheral/Source/gd32e23x_adc.c ****         break;
 1527              		.loc 1 470 9
 1528 001a 31E0     		b	.L73
 1529              	.L70:
 461:../Firmware/GD32E23x_standard_peripheral/Source/gd32e23x_adc.c ****         ADC_CTL1 |= (uint32_t)external_trigger_source;
 1530              		.loc 1 461 18
 1531 001c 42F20843 		movw	r3, #9224
 1532 0020 C4F20103 		movt	r3, 16385
 1533 0024 1A68     		ldr	r2, [r3]
 1534 0026 42F20843 		movw	r3, #9224
 1535 002a C4F20103 		movt	r3, 16385
 1536 002e 1649     		ldr	r1, .L74
 1537 0030 0A40     		ands	r2, r1
 1538 0032 1A60     		str	r2, [r3]
 462:../Firmware/GD32E23x_standard_peripheral/Source/gd32e23x_adc.c ****         break;
 1539              		.loc 1 462 18
 1540 0034 42F20843 		movw	r3, #9224
 1541 0038 C4F20103 		movt	r3, 16385
 1542 003c 1968     		ldr	r1, [r3]
 1543 003e 42F20843 		movw	r3, #9224
 1544 0042 C4F20103 		movt	r3, 16385
 1545 0046 3A68     		ldr	r2, [r7]
 1546 0048 0A43     		orrs	r2, r1
 1547 004a 1A60     		str	r2, [r3]
 463:../Firmware/GD32E23x_standard_peripheral/Source/gd32e23x_adc.c ****     case ADC_INSERTED_CHANNEL:
 1548              		.loc 1 463 9
 1549 004c 18E0     		b	.L73
 1550              	.L71:
 466:../Firmware/GD32E23x_standard_peripheral/Source/gd32e23x_adc.c ****         ADC_CTL1 |= (uint32_t)external_trigger_source;
 1551              		.loc 1 466 18
 1552 004e 42F20843 		movw	r3, #9224
 1553 0052 C4F20103 		movt	r3, 16385
 1554 0056 1A68     		ldr	r2, [r3]
 1555 0058 42F20843 		movw	r3, #9224
 1556 005c C4F20103 		movt	r3, 16385
 1557 0060 0A49     		ldr	r1, .L74+4
 1558 0062 0A40     		ands	r2, r1
 1559 0064 1A60     		str	r2, [r3]
 467:../Firmware/GD32E23x_standard_peripheral/Source/gd32e23x_adc.c ****         break;
 1560              		.loc 1 467 18
 1561 0066 42F20843 		movw	r3, #9224
 1562 006a C4F20103 		movt	r3, 16385
 1563 006e 1968     		ldr	r1, [r3]
 1564 0070 42F20843 		movw	r3, #9224
 1565 0074 C4F20103 		movt	r3, 16385
 1566 0078 3A68     		ldr	r2, [r7]
 1567 007a 0A43     		orrs	r2, r1
 1568 007c 1A60     		str	r2, [r3]
 468:../Firmware/GD32E23x_standard_peripheral/Source/gd32e23x_adc.c ****     default:
 1569              		.loc 1 468 9
 1570 007e C046     		nop
 1571              	.L73:
 471:../Firmware/GD32E23x_standard_peripheral/Source/gd32e23x_adc.c ****     }
 472:../Firmware/GD32E23x_standard_peripheral/Source/gd32e23x_adc.c **** }
 1572              		.loc 1 472 1
 1573 0080 C046     		nop
 1574 0082 BD46     		mov	sp, r7
 1575 0084 02B0     		add	sp, sp, #8
 1576              		@ sp needed
 1577 0086 80BD     		pop	{r7, pc}
 1578              	.L75:
 1579              		.align	2
 1580              	.L74:
 1581 0088 FFFFF1FF 		.word	-917505
 1582 008c FF8FFFFF 		.word	-28673
 1583              		.cfi_endproc
 1584              	.LFE74:
 1586              		.section	.text.adc_software_trigger_enable,"ax",%progbits
 1587              		.align	1
 1588              		.global	adc_software_trigger_enable
 1589              		.syntax unified
 1590              		.code	16
 1591              		.thumb_func
 1592              		.fpu softvfp
 1594              	adc_software_trigger_enable:
 1595              	.LFB75:
 473:../Firmware/GD32E23x_standard_peripheral/Source/gd32e23x_adc.c **** 
 474:../Firmware/GD32E23x_standard_peripheral/Source/gd32e23x_adc.c **** /*!
 475:../Firmware/GD32E23x_standard_peripheral/Source/gd32e23x_adc.c ****     \brief      enable ADC software trigger
 476:../Firmware/GD32E23x_standard_peripheral/Source/gd32e23x_adc.c ****     \param[in]  channel_group: select the channel group
 477:../Firmware/GD32E23x_standard_peripheral/Source/gd32e23x_adc.c ****                 one or more parameters can be selected which is shown as below:
 478:../Firmware/GD32E23x_standard_peripheral/Source/gd32e23x_adc.c ****       \arg        ADC_REGULAR_CHANNEL: regular channel group
 479:../Firmware/GD32E23x_standard_peripheral/Source/gd32e23x_adc.c ****       \arg        ADC_INSERTED_CHANNEL: inserted channel group
 480:../Firmware/GD32E23x_standard_peripheral/Source/gd32e23x_adc.c ****     \param[out] none
 481:../Firmware/GD32E23x_standard_peripheral/Source/gd32e23x_adc.c ****     \retval     none
 482:../Firmware/GD32E23x_standard_peripheral/Source/gd32e23x_adc.c **** */
 483:../Firmware/GD32E23x_standard_peripheral/Source/gd32e23x_adc.c **** void adc_software_trigger_enable(uint8_t channel_group)
 484:../Firmware/GD32E23x_standard_peripheral/Source/gd32e23x_adc.c **** {
 1596              		.loc 1 484 1
 1597              		.cfi_startproc
 1598              		@ args = 0, pretend = 0, frame = 8
 1599              		@ frame_needed = 1, uses_anonymous_args = 0
 1600 0000 80B5     		push	{r7, lr}
 1601              		.cfi_def_cfa_offset 8
 1602              		.cfi_offset 7, -8
 1603              		.cfi_offset 14, -4
 1604 0002 82B0     		sub	sp, sp, #8
 1605              		.cfi_def_cfa_offset 16
 1606 0004 00AF     		add	r7, sp, #0
 1607              		.cfi_def_cfa_register 7
 1608 0006 0200     		movs	r2, r0
 1609 0008 FB1D     		adds	r3, r7, #7
 1610 000a 1A70     		strb	r2, [r3]
 485:../Firmware/GD32E23x_standard_peripheral/Source/gd32e23x_adc.c ****     /* enable regular group channel software trigger */
 486:../Firmware/GD32E23x_standard_peripheral/Source/gd32e23x_adc.c ****     if(RESET != (channel_group & ADC_REGULAR_CHANNEL)) {
 1611              		.loc 1 486 32
 1612 000c FB1D     		adds	r3, r7, #7
 1613 000e 1B78     		ldrb	r3, [r3]
 1614 0010 0122     		movs	r2, #1
 1615 0012 1340     		ands	r3, r2
 1616              		.loc 1 486 7
 1617 0014 63B1     		cbz	r3, .L77
 487:../Firmware/GD32E23x_standard_peripheral/Source/gd32e23x_adc.c ****         ADC_CTL1 |= ADC_CTL1_SWRCST;
 1618              		.loc 1 487 18
 1619 0016 42F20843 		movw	r3, #9224
 1620 001a C4F20103 		movt	r3, 16385
 1621 001e 1A68     		ldr	r2, [r3]
 1622 0020 42F20843 		movw	r3, #9224
 1623 0024 C4F20103 		movt	r3, 16385
 1624 0028 8021     		movs	r1, #128
 1625 002a C903     		lsls	r1, r1, #15
 1626 002c 0A43     		orrs	r2, r1
 1627 002e 1A60     		str	r2, [r3]
 1628              	.L77:
 488:../Firmware/GD32E23x_standard_peripheral/Source/gd32e23x_adc.c ****     }
 489:../Firmware/GD32E23x_standard_peripheral/Source/gd32e23x_adc.c ****     /* enable inserted channel group software trigger */
 490:../Firmware/GD32E23x_standard_peripheral/Source/gd32e23x_adc.c ****     if(RESET != (channel_group & ADC_INSERTED_CHANNEL)) {
 1629              		.loc 1 490 32
 1630 0030 FB1D     		adds	r3, r7, #7
 1631 0032 1B78     		ldrb	r3, [r3]
 1632 0034 0222     		movs	r2, #2
 1633 0036 1340     		ands	r3, r2
 1634              		.loc 1 490 7
 1635 0038 63B1     		cbz	r3, .L79
 491:../Firmware/GD32E23x_standard_peripheral/Source/gd32e23x_adc.c ****         ADC_CTL1 |= ADC_CTL1_SWICST;
 1636              		.loc 1 491 18
 1637 003a 42F20843 		movw	r3, #9224
 1638 003e C4F20103 		movt	r3, 16385
 1639 0042 1A68     		ldr	r2, [r3]
 1640 0044 42F20843 		movw	r3, #9224
 1641 0048 C4F20103 		movt	r3, 16385
 1642 004c 8021     		movs	r1, #128
 1643 004e 8903     		lsls	r1, r1, #14
 1644 0050 0A43     		orrs	r2, r1
 1645 0052 1A60     		str	r2, [r3]
 1646              	.L79:
 492:../Firmware/GD32E23x_standard_peripheral/Source/gd32e23x_adc.c ****     }
 493:../Firmware/GD32E23x_standard_peripheral/Source/gd32e23x_adc.c **** }
 1647              		.loc 1 493 1
 1648 0054 C046     		nop
 1649 0056 BD46     		mov	sp, r7
 1650 0058 02B0     		add	sp, sp, #8
 1651              		@ sp needed
 1652 005a 80BD     		pop	{r7, pc}
 1653              		.cfi_endproc
 1654              	.LFE75:
 1656              		.section	.text.adc_regular_data_read,"ax",%progbits
 1657              		.align	1
 1658              		.global	adc_regular_data_read
 1659              		.syntax unified
 1660              		.code	16
 1661              		.thumb_func
 1662              		.fpu softvfp
 1664              	adc_regular_data_read:
 1665              	.LFB76:
 494:../Firmware/GD32E23x_standard_peripheral/Source/gd32e23x_adc.c **** 
 495:../Firmware/GD32E23x_standard_peripheral/Source/gd32e23x_adc.c **** /*!
 496:../Firmware/GD32E23x_standard_peripheral/Source/gd32e23x_adc.c ****     \brief      read ADC regular group data register
 497:../Firmware/GD32E23x_standard_peripheral/Source/gd32e23x_adc.c ****     \param[in]  none
 498:../Firmware/GD32E23x_standard_peripheral/Source/gd32e23x_adc.c ****     \param[out] none
 499:../Firmware/GD32E23x_standard_peripheral/Source/gd32e23x_adc.c ****     \retval     the conversion value
 500:../Firmware/GD32E23x_standard_peripheral/Source/gd32e23x_adc.c **** */
 501:../Firmware/GD32E23x_standard_peripheral/Source/gd32e23x_adc.c **** uint16_t adc_regular_data_read(void)
 502:../Firmware/GD32E23x_standard_peripheral/Source/gd32e23x_adc.c **** {
 1666              		.loc 1 502 1
 1667              		.cfi_startproc
 1668              		@ args = 0, pretend = 0, frame = 0
 1669              		@ frame_needed = 1, uses_anonymous_args = 0
 1670 0000 80B5     		push	{r7, lr}
 1671              		.cfi_def_cfa_offset 8
 1672              		.cfi_offset 7, -8
 1673              		.cfi_offset 14, -4
 1674 0002 00AF     		add	r7, sp, #0
 1675              		.cfi_def_cfa_register 7
 503:../Firmware/GD32E23x_standard_peripheral/Source/gd32e23x_adc.c ****     return ((uint16_t)ADC_RDATA);
 1676              		.loc 1 503 23
 1677 0004 42F24C43 		movw	r3, #9292
 1678 0008 C4F20103 		movt	r3, 16385
 1679 000c 1B68     		ldr	r3, [r3]
 1680              		.loc 1 503 13
 1681 000e 9BB2     		uxth	r3, r3
 504:../Firmware/GD32E23x_standard_peripheral/Source/gd32e23x_adc.c **** }
 1682              		.loc 1 504 1
 1683 0010 1800     		movs	r0, r3
 1684 0012 BD46     		mov	sp, r7
 1685              		@ sp needed
 1686 0014 80BD     		pop	{r7, pc}
 1687              		.cfi_endproc
 1688              	.LFE76:
 1690              		.section	.text.adc_inserted_data_read,"ax",%progbits
 1691              		.align	1
 1692              		.global	adc_inserted_data_read
 1693              		.syntax unified
 1694              		.code	16
 1695              		.thumb_func
 1696              		.fpu softvfp
 1698              	adc_inserted_data_read:
 1699              	.LFB77:
 505:../Firmware/GD32E23x_standard_peripheral/Source/gd32e23x_adc.c **** 
 506:../Firmware/GD32E23x_standard_peripheral/Source/gd32e23x_adc.c **** /*!
 507:../Firmware/GD32E23x_standard_peripheral/Source/gd32e23x_adc.c ****     \brief      read ADC inserted group data register
 508:../Firmware/GD32E23x_standard_peripheral/Source/gd32e23x_adc.c ****     \param[in]  inserted_channel: inserted channel select
 509:../Firmware/GD32E23x_standard_peripheral/Source/gd32e23x_adc.c ****                 only one parameter can be selected which is shown as below:
 510:../Firmware/GD32E23x_standard_peripheral/Source/gd32e23x_adc.c ****       \arg        ADC_INSERTED_CHANNEL_0: ADC inserted channel 0
 511:../Firmware/GD32E23x_standard_peripheral/Source/gd32e23x_adc.c ****       \arg        ADC_INSERTED_CHANNEL_1: ADC inserted channel 1
 512:../Firmware/GD32E23x_standard_peripheral/Source/gd32e23x_adc.c ****       \arg        ADC_INSERTED_CHANNEL_2: ADC inserted channel 2
 513:../Firmware/GD32E23x_standard_peripheral/Source/gd32e23x_adc.c ****       \arg        ADC_INSERTED_CHANNEL_3: ADC inserted channel 3
 514:../Firmware/GD32E23x_standard_peripheral/Source/gd32e23x_adc.c ****     \param[out] none
 515:../Firmware/GD32E23x_standard_peripheral/Source/gd32e23x_adc.c ****     \retval     the conversion value
 516:../Firmware/GD32E23x_standard_peripheral/Source/gd32e23x_adc.c **** */
 517:../Firmware/GD32E23x_standard_peripheral/Source/gd32e23x_adc.c **** uint16_t adc_inserted_data_read(uint8_t inserted_channel)
 518:../Firmware/GD32E23x_standard_peripheral/Source/gd32e23x_adc.c **** {
 1700              		.loc 1 518 1
 1701              		.cfi_startproc
 1702              		@ args = 0, pretend = 0, frame = 16
 1703              		@ frame_needed = 1, uses_anonymous_args = 0
 1704 0000 80B5     		push	{r7, lr}
 1705              		.cfi_def_cfa_offset 8
 1706              		.cfi_offset 7, -8
 1707              		.cfi_offset 14, -4
 1708 0002 84B0     		sub	sp, sp, #16
 1709              		.cfi_def_cfa_offset 24
 1710 0004 00AF     		add	r7, sp, #0
 1711              		.cfi_def_cfa_register 7
 1712 0006 0200     		movs	r2, r0
 1713 0008 FB1D     		adds	r3, r7, #7
 1714 000a 1A70     		strb	r2, [r3]
 519:../Firmware/GD32E23x_standard_peripheral/Source/gd32e23x_adc.c ****     uint32_t idata;
 520:../Firmware/GD32E23x_standard_peripheral/Source/gd32e23x_adc.c ****     /* read the data of the selected channel */
 521:../Firmware/GD32E23x_standard_peripheral/Source/gd32e23x_adc.c ****     switch(inserted_channel) {
 1715              		.loc 1 521 5
 1716 000c FB1D     		adds	r3, r7, #7
 1717 000e 1B78     		ldrb	r3, [r3]
 1718 0010 032B     		cmp	r3, #3
 1719 0012 1CD0     		beq	.L83
 1720 0014 22DC     		bgt	.L84
 1721 0016 022B     		cmp	r3, #2
 1722 0018 12D0     		beq	.L85
 1723 001a 1FDC     		bgt	.L84
 1724 001c 13B1     		cbz	r3, .L86
 1725 001e 012B     		cmp	r3, #1
 1726 0020 07D0     		beq	.L87
 1727 0022 1BE0     		b	.L84
 1728              	.L86:
 522:../Firmware/GD32E23x_standard_peripheral/Source/gd32e23x_adc.c ****     case ADC_INSERTED_CHANNEL_0:
 523:../Firmware/GD32E23x_standard_peripheral/Source/gd32e23x_adc.c ****         idata = ADC_IDATA0;
 1729              		.loc 1 523 17
 1730 0024 42F23C43 		movw	r3, #9276
 1731 0028 C4F20103 		movt	r3, 16385
 1732              		.loc 1 523 15
 1733 002c 1B68     		ldr	r3, [r3]
 1734 002e FB60     		str	r3, [r7, #12]
 524:../Firmware/GD32E23x_standard_peripheral/Source/gd32e23x_adc.c ****         break;
 1735              		.loc 1 524 9
 1736 0030 17E0     		b	.L88
 1737              	.L87:
 525:../Firmware/GD32E23x_standard_peripheral/Source/gd32e23x_adc.c ****     case ADC_INSERTED_CHANNEL_1:
 526:../Firmware/GD32E23x_standard_peripheral/Source/gd32e23x_adc.c ****         idata = ADC_IDATA1;
 1738              		.loc 1 526 17
 1739 0032 42F24043 		movw	r3, #9280
 1740 0036 C4F20103 		movt	r3, 16385
 1741              		.loc 1 526 15
 1742 003a 1B68     		ldr	r3, [r3]
 1743 003c FB60     		str	r3, [r7, #12]
 527:../Firmware/GD32E23x_standard_peripheral/Source/gd32e23x_adc.c ****         break;
 1744              		.loc 1 527 9
 1745 003e 10E0     		b	.L88
 1746              	.L85:
 528:../Firmware/GD32E23x_standard_peripheral/Source/gd32e23x_adc.c ****     case ADC_INSERTED_CHANNEL_2:
 529:../Firmware/GD32E23x_standard_peripheral/Source/gd32e23x_adc.c ****         idata = ADC_IDATA2;
 1747              		.loc 1 529 17
 1748 0040 42F24443 		movw	r3, #9284
 1749 0044 C4F20103 		movt	r3, 16385
 1750              		.loc 1 529 15
 1751 0048 1B68     		ldr	r3, [r3]
 1752 004a FB60     		str	r3, [r7, #12]
 530:../Firmware/GD32E23x_standard_peripheral/Source/gd32e23x_adc.c ****         break;
 1753              		.loc 1 530 9
 1754 004c 09E0     		b	.L88
 1755              	.L83:
 531:../Firmware/GD32E23x_standard_peripheral/Source/gd32e23x_adc.c ****     case ADC_INSERTED_CHANNEL_3:
 532:../Firmware/GD32E23x_standard_peripheral/Source/gd32e23x_adc.c ****         idata = ADC_IDATA3;
 1756              		.loc 1 532 17
 1757 004e 42F24843 		movw	r3, #9288
 1758 0052 C4F20103 		movt	r3, 16385
 1759              		.loc 1 532 15
 1760 0056 1B68     		ldr	r3, [r3]
 1761 0058 FB60     		str	r3, [r7, #12]
 533:../Firmware/GD32E23x_standard_peripheral/Source/gd32e23x_adc.c ****         break;
 1762              		.loc 1 533 9
 1763 005a 02E0     		b	.L88
 1764              	.L84:
 534:../Firmware/GD32E23x_standard_peripheral/Source/gd32e23x_adc.c ****     default:
 535:../Firmware/GD32E23x_standard_peripheral/Source/gd32e23x_adc.c ****         idata = 0U;
 1765              		.loc 1 535 15
 1766 005c 0023     		movs	r3, #0
 1767 005e FB60     		str	r3, [r7, #12]
 536:../Firmware/GD32E23x_standard_peripheral/Source/gd32e23x_adc.c ****         break;
 1768              		.loc 1 536 9
 1769 0060 C046     		nop
 1770              	.L88:
 537:../Firmware/GD32E23x_standard_peripheral/Source/gd32e23x_adc.c ****     }
 538:../Firmware/GD32E23x_standard_peripheral/Source/gd32e23x_adc.c ****     return (uint16_t)idata;
 1771              		.loc 1 538 12
 1772 0062 FB68     		ldr	r3, [r7, #12]
 1773 0064 9BB2     		uxth	r3, r3
 539:../Firmware/GD32E23x_standard_peripheral/Source/gd32e23x_adc.c **** }
 1774              		.loc 1 539 1
 1775 0066 1800     		movs	r0, r3
 1776 0068 BD46     		mov	sp, r7
 1777 006a 04B0     		add	sp, sp, #16
 1778              		@ sp needed
 1779 006c 80BD     		pop	{r7, pc}
 1780              		.cfi_endproc
 1781              	.LFE77:
 1783              		.section	.text.adc_flag_get,"ax",%progbits
 1784              		.align	1
 1785              		.global	adc_flag_get
 1786              		.syntax unified
 1787              		.code	16
 1788              		.thumb_func
 1789              		.fpu softvfp
 1791              	adc_flag_get:
 1792              	.LFB78:
 540:../Firmware/GD32E23x_standard_peripheral/Source/gd32e23x_adc.c **** 
 541:../Firmware/GD32E23x_standard_peripheral/Source/gd32e23x_adc.c **** /*!
 542:../Firmware/GD32E23x_standard_peripheral/Source/gd32e23x_adc.c ****     \brief      get the ADC flag bits
 543:../Firmware/GD32E23x_standard_peripheral/Source/gd32e23x_adc.c ****     \param[in]  flag: the adc flag bits
 544:../Firmware/GD32E23x_standard_peripheral/Source/gd32e23x_adc.c ****                 only one parameter can be selected which is shown as below:
 545:../Firmware/GD32E23x_standard_peripheral/Source/gd32e23x_adc.c ****       \arg        ADC_FLAG_WDE: analog watchdog event flag
 546:../Firmware/GD32E23x_standard_peripheral/Source/gd32e23x_adc.c ****       \arg        ADC_FLAG_EOC: end of group conversion flag
 547:../Firmware/GD32E23x_standard_peripheral/Source/gd32e23x_adc.c ****       \arg        ADC_FLAG_EOIC: end of inserted group conversion flag
 548:../Firmware/GD32E23x_standard_peripheral/Source/gd32e23x_adc.c ****       \arg        ADC_FLAG_STIC: start flag of inserted channel group
 549:../Firmware/GD32E23x_standard_peripheral/Source/gd32e23x_adc.c ****       \arg        ADC_FLAG_STRC: start flag of regular channel group
 550:../Firmware/GD32E23x_standard_peripheral/Source/gd32e23x_adc.c ****     \param[out] none
 551:../Firmware/GD32E23x_standard_peripheral/Source/gd32e23x_adc.c ****     \retval     FlagStatus: SET or RESET
 552:../Firmware/GD32E23x_standard_peripheral/Source/gd32e23x_adc.c **** */
 553:../Firmware/GD32E23x_standard_peripheral/Source/gd32e23x_adc.c **** FlagStatus adc_flag_get(uint32_t flag)
 554:../Firmware/GD32E23x_standard_peripheral/Source/gd32e23x_adc.c **** {
 1793              		.loc 1 554 1
 1794              		.cfi_startproc
 1795              		@ args = 0, pretend = 0, frame = 16
 1796              		@ frame_needed = 1, uses_anonymous_args = 0
 1797 0000 80B5     		push	{r7, lr}
 1798              		.cfi_def_cfa_offset 8
 1799              		.cfi_offset 7, -8
 1800              		.cfi_offset 14, -4
 1801 0002 84B0     		sub	sp, sp, #16
 1802              		.cfi_def_cfa_offset 24
 1803 0004 00AF     		add	r7, sp, #0
 1804              		.cfi_def_cfa_register 7
 1805 0006 7860     		str	r0, [r7, #4]
 555:../Firmware/GD32E23x_standard_peripheral/Source/gd32e23x_adc.c ****     FlagStatus reval = RESET;
 1806              		.loc 1 555 16
 1807 0008 0F21     		movs	r1, #15
 1808 000a 7B18     		adds	r3, r7, r1
 1809 000c 0022     		movs	r2, #0
 1810 000e 1A70     		strb	r2, [r3]
 556:../Firmware/GD32E23x_standard_peripheral/Source/gd32e23x_adc.c **** 
 557:../Firmware/GD32E23x_standard_peripheral/Source/gd32e23x_adc.c ****     if(ADC_STAT & flag) {
 1811              		.loc 1 557 8
 1812 0010 42F20043 		movw	r3, #9216
 1813 0014 C4F20103 		movt	r3, 16385
 1814 0018 1B68     		ldr	r3, [r3]
 1815              		.loc 1 557 17
 1816 001a 7A68     		ldr	r2, [r7, #4]
 1817 001c 1340     		ands	r3, r2
 1818              		.loc 1 557 7
 1819 001e 13B1     		cbz	r3, .L91
 558:../Firmware/GD32E23x_standard_peripheral/Source/gd32e23x_adc.c ****         reval = SET;
 1820              		.loc 1 558 15
 1821 0020 7B18     		adds	r3, r7, r1
 1822 0022 0122     		movs	r2, #1
 1823 0024 1A70     		strb	r2, [r3]
 1824              	.L91:
 559:../Firmware/GD32E23x_standard_peripheral/Source/gd32e23x_adc.c ****     }
 560:../Firmware/GD32E23x_standard_peripheral/Source/gd32e23x_adc.c ****     return reval;
 1825              		.loc 1 560 12
 1826 0026 0F23     		movs	r3, #15
 1827 0028 FB18     		adds	r3, r7, r3
 1828 002a 1B78     		ldrb	r3, [r3]
 561:../Firmware/GD32E23x_standard_peripheral/Source/gd32e23x_adc.c **** }
 1829              		.loc 1 561 1
 1830 002c 1800     		movs	r0, r3
 1831 002e BD46     		mov	sp, r7
 1832 0030 04B0     		add	sp, sp, #16
 1833              		@ sp needed
 1834 0032 80BD     		pop	{r7, pc}
 1835              		.cfi_endproc
 1836              	.LFE78:
 1838              		.section	.text.adc_flag_clear,"ax",%progbits
 1839              		.align	1
 1840              		.global	adc_flag_clear
 1841              		.syntax unified
 1842              		.code	16
 1843              		.thumb_func
 1844              		.fpu softvfp
 1846              	adc_flag_clear:
 1847              	.LFB79:
 562:../Firmware/GD32E23x_standard_peripheral/Source/gd32e23x_adc.c **** 
 563:../Firmware/GD32E23x_standard_peripheral/Source/gd32e23x_adc.c **** /*!
 564:../Firmware/GD32E23x_standard_peripheral/Source/gd32e23x_adc.c ****     \brief      clear the ADC flag
 565:../Firmware/GD32E23x_standard_peripheral/Source/gd32e23x_adc.c ****     \param[in]  flag: the adc flag
 566:../Firmware/GD32E23x_standard_peripheral/Source/gd32e23x_adc.c ****                 one or more parameters can be selected which is shown as below:
 567:../Firmware/GD32E23x_standard_peripheral/Source/gd32e23x_adc.c ****       \arg        ADC_FLAG_WDE: analog watchdog event flag
 568:../Firmware/GD32E23x_standard_peripheral/Source/gd32e23x_adc.c ****       \arg        ADC_FLAG_EOC: end of group conversion flag
 569:../Firmware/GD32E23x_standard_peripheral/Source/gd32e23x_adc.c ****       \arg        ADC_FLAG_EOIC: end of inserted group conversion flag
 570:../Firmware/GD32E23x_standard_peripheral/Source/gd32e23x_adc.c ****       \arg        ADC_FLAG_STIC: start flag of inserted channel group
 571:../Firmware/GD32E23x_standard_peripheral/Source/gd32e23x_adc.c ****       \arg        ADC_FLAG_STRC: start flag of regular channel group
 572:../Firmware/GD32E23x_standard_peripheral/Source/gd32e23x_adc.c ****     \param[out] none
 573:../Firmware/GD32E23x_standard_peripheral/Source/gd32e23x_adc.c ****     \retval     none
 574:../Firmware/GD32E23x_standard_peripheral/Source/gd32e23x_adc.c **** */
 575:../Firmware/GD32E23x_standard_peripheral/Source/gd32e23x_adc.c **** void adc_flag_clear(uint32_t flag)
 576:../Firmware/GD32E23x_standard_peripheral/Source/gd32e23x_adc.c **** {
 1848              		.loc 1 576 1
 1849              		.cfi_startproc
 1850              		@ args = 0, pretend = 0, frame = 8
 1851              		@ frame_needed = 1, uses_anonymous_args = 0
 1852 0000 80B5     		push	{r7, lr}
 1853              		.cfi_def_cfa_offset 8
 1854              		.cfi_offset 7, -8
 1855              		.cfi_offset 14, -4
 1856 0002 82B0     		sub	sp, sp, #8
 1857              		.cfi_def_cfa_offset 16
 1858 0004 00AF     		add	r7, sp, #0
 1859              		.cfi_def_cfa_register 7
 1860 0006 7860     		str	r0, [r7, #4]
 577:../Firmware/GD32E23x_standard_peripheral/Source/gd32e23x_adc.c ****     ADC_STAT &= ~((uint32_t)flag);
 1861              		.loc 1 577 14
 1862 0008 42F20043 		movw	r3, #9216
 1863 000c C4F20103 		movt	r3, 16385
 1864 0010 1A68     		ldr	r2, [r3]
 1865              		.loc 1 577 17
 1866 0012 7B68     		ldr	r3, [r7, #4]
 1867 0014 D943     		mvns	r1, r3
 1868              		.loc 1 577 14
 1869 0016 42F20043 		movw	r3, #9216
 1870 001a C4F20103 		movt	r3, 16385
 1871 001e 0A40     		ands	r2, r1
 1872 0020 1A60     		str	r2, [r3]
 578:../Firmware/GD32E23x_standard_peripheral/Source/gd32e23x_adc.c **** }
 1873              		.loc 1 578 1
 1874 0022 C046     		nop
 1875 0024 BD46     		mov	sp, r7
 1876 0026 02B0     		add	sp, sp, #8
 1877              		@ sp needed
 1878 0028 80BD     		pop	{r7, pc}
 1879              		.cfi_endproc
 1880              	.LFE79:
 1882              		.section	.text.adc_interrupt_flag_get,"ax",%progbits
 1883              		.align	1
 1884              		.global	adc_interrupt_flag_get
 1885              		.syntax unified
 1886              		.code	16
 1887              		.thumb_func
 1888              		.fpu softvfp
 1890              	adc_interrupt_flag_get:
 1891              	.LFB80:
 579:../Firmware/GD32E23x_standard_peripheral/Source/gd32e23x_adc.c **** 
 580:../Firmware/GD32E23x_standard_peripheral/Source/gd32e23x_adc.c **** /*!
 581:../Firmware/GD32E23x_standard_peripheral/Source/gd32e23x_adc.c ****     \brief      get the ADC interrupt flag
 582:../Firmware/GD32E23x_standard_peripheral/Source/gd32e23x_adc.c ****     \param[in]  flag: the adc interrupt flag
 583:../Firmware/GD32E23x_standard_peripheral/Source/gd32e23x_adc.c ****                 only one parameter can be selected which is shown as below:
 584:../Firmware/GD32E23x_standard_peripheral/Source/gd32e23x_adc.c ****       \arg        ADC_INT_FLAG_WDE: analog watchdog interrupt flag
 585:../Firmware/GD32E23x_standard_peripheral/Source/gd32e23x_adc.c ****       \arg        ADC_INT_FLAG_EOC: end of group conversion interrupt flag
 586:../Firmware/GD32E23x_standard_peripheral/Source/gd32e23x_adc.c ****       \arg        ADC_INT_FLAG_EOIC: end of inserted group conversion interrupt flag
 587:../Firmware/GD32E23x_standard_peripheral/Source/gd32e23x_adc.c ****     \param[out] none
 588:../Firmware/GD32E23x_standard_peripheral/Source/gd32e23x_adc.c ****     \retval     FlagStatus: SET or RESET
 589:../Firmware/GD32E23x_standard_peripheral/Source/gd32e23x_adc.c **** */
 590:../Firmware/GD32E23x_standard_peripheral/Source/gd32e23x_adc.c **** FlagStatus adc_interrupt_flag_get(uint32_t flag)
 591:../Firmware/GD32E23x_standard_peripheral/Source/gd32e23x_adc.c **** {
 1892              		.loc 1 591 1
 1893              		.cfi_startproc
 1894              		@ args = 0, pretend = 0, frame = 16
 1895              		@ frame_needed = 1, uses_anonymous_args = 0
 1896 0000 80B5     		push	{r7, lr}
 1897              		.cfi_def_cfa_offset 8
 1898              		.cfi_offset 7, -8
 1899              		.cfi_offset 14, -4
 1900 0002 84B0     		sub	sp, sp, #16
 1901              		.cfi_def_cfa_offset 24
 1902 0004 00AF     		add	r7, sp, #0
 1903              		.cfi_def_cfa_register 7
 1904 0006 7860     		str	r0, [r7, #4]
 592:../Firmware/GD32E23x_standard_peripheral/Source/gd32e23x_adc.c ****     FlagStatus interrupt_flag = RESET;
 1905              		.loc 1 592 16
 1906 0008 0F23     		movs	r3, #15
 1907 000a FB18     		adds	r3, r7, r3
 1908 000c 0022     		movs	r2, #0
 1909 000e 1A70     		strb	r2, [r3]
 593:../Firmware/GD32E23x_standard_peripheral/Source/gd32e23x_adc.c ****     uint32_t state;
 594:../Firmware/GD32E23x_standard_peripheral/Source/gd32e23x_adc.c **** 
 595:../Firmware/GD32E23x_standard_peripheral/Source/gd32e23x_adc.c ****     /* check the interrupt bits */
 596:../Firmware/GD32E23x_standard_peripheral/Source/gd32e23x_adc.c ****     switch(flag) {
 1910              		.loc 1 596 5
 1911 0010 7B68     		ldr	r3, [r7, #4]
 1912 0012 042B     		cmp	r3, #4
 1913 0014 39D0     		beq	.L95
 1914 0016 7B68     		ldr	r3, [r7, #4]
 1915 0018 042B     		cmp	r3, #4
 1916 001a 4DD8     		bhi	.L104
 1917 001c 7B68     		ldr	r3, [r7, #4]
 1918 001e 012B     		cmp	r3, #1
 1919 0020 03D0     		beq	.L97
 1920 0022 7B68     		ldr	r3, [r7, #4]
 1921 0024 022B     		cmp	r3, #2
 1922 0026 19D0     		beq	.L98
 597:../Firmware/GD32E23x_standard_peripheral/Source/gd32e23x_adc.c ****     case ADC_INT_FLAG_WDE:
 598:../Firmware/GD32E23x_standard_peripheral/Source/gd32e23x_adc.c ****         state = ADC_STAT & ADC_STAT_WDE;
 599:../Firmware/GD32E23x_standard_peripheral/Source/gd32e23x_adc.c ****         if((ADC_CTL0 & ADC_CTL0_WDEIE) && state) {
 600:../Firmware/GD32E23x_standard_peripheral/Source/gd32e23x_adc.c ****             interrupt_flag = SET;
 601:../Firmware/GD32E23x_standard_peripheral/Source/gd32e23x_adc.c ****         }
 602:../Firmware/GD32E23x_standard_peripheral/Source/gd32e23x_adc.c ****         break;
 603:../Firmware/GD32E23x_standard_peripheral/Source/gd32e23x_adc.c ****     case ADC_INT_FLAG_EOC:
 604:../Firmware/GD32E23x_standard_peripheral/Source/gd32e23x_adc.c ****         state = ADC_STAT & ADC_STAT_EOC;
 605:../Firmware/GD32E23x_standard_peripheral/Source/gd32e23x_adc.c ****         if((ADC_CTL0 & ADC_CTL0_EOCIE) && state) {
 606:../Firmware/GD32E23x_standard_peripheral/Source/gd32e23x_adc.c ****             interrupt_flag = SET;
 607:../Firmware/GD32E23x_standard_peripheral/Source/gd32e23x_adc.c ****         }
 608:../Firmware/GD32E23x_standard_peripheral/Source/gd32e23x_adc.c ****         break;
 609:../Firmware/GD32E23x_standard_peripheral/Source/gd32e23x_adc.c ****     case ADC_INT_FLAG_EOIC:
 610:../Firmware/GD32E23x_standard_peripheral/Source/gd32e23x_adc.c ****         state = ADC_STAT & ADC_STAT_EOIC;
 611:../Firmware/GD32E23x_standard_peripheral/Source/gd32e23x_adc.c ****         if((ADC_CTL0 & ADC_CTL0_EOICIE) && state) {
 612:../Firmware/GD32E23x_standard_peripheral/Source/gd32e23x_adc.c ****             interrupt_flag = SET;
 613:../Firmware/GD32E23x_standard_peripheral/Source/gd32e23x_adc.c ****         }
 614:../Firmware/GD32E23x_standard_peripheral/Source/gd32e23x_adc.c ****         break;
 615:../Firmware/GD32E23x_standard_peripheral/Source/gd32e23x_adc.c ****     default:
 616:../Firmware/GD32E23x_standard_peripheral/Source/gd32e23x_adc.c ****         break;
 1923              		.loc 1 616 9
 1924 0028 46E0     		b	.L104
 1925              	.L97:
 598:../Firmware/GD32E23x_standard_peripheral/Source/gd32e23x_adc.c ****         if((ADC_CTL0 & ADC_CTL0_WDEIE) && state) {
 1926              		.loc 1 598 17
 1927 002a 42F20043 		movw	r3, #9216
 1928 002e C4F20103 		movt	r3, 16385
 1929 0032 1B68     		ldr	r3, [r3]
 598:../Firmware/GD32E23x_standard_peripheral/Source/gd32e23x_adc.c ****         if((ADC_CTL0 & ADC_CTL0_WDEIE) && state) {
 1930              		.loc 1 598 15
 1931 0034 0122     		movs	r2, #1
 1932 0036 1340     		ands	r3, r2
 1933 0038 BB60     		str	r3, [r7, #8]
 599:../Firmware/GD32E23x_standard_peripheral/Source/gd32e23x_adc.c ****             interrupt_flag = SET;
 1934              		.loc 1 599 13
 1935 003a 42F20443 		movw	r3, #9220
 1936 003e C4F20103 		movt	r3, 16385
 1937 0042 1B68     		ldr	r3, [r3]
 599:../Firmware/GD32E23x_standard_peripheral/Source/gd32e23x_adc.c ****             interrupt_flag = SET;
 1938              		.loc 1 599 22
 1939 0044 4022     		movs	r2, #64
 1940 0046 1340     		ands	r3, r2
 599:../Firmware/GD32E23x_standard_peripheral/Source/gd32e23x_adc.c ****             interrupt_flag = SET;
 1941              		.loc 1 599 11
 1942 0048 002B     		cmp	r3, #0
 1943 004a 37D0     		beq	.L105
 599:../Firmware/GD32E23x_standard_peripheral/Source/gd32e23x_adc.c ****             interrupt_flag = SET;
 1944              		.loc 1 599 40 discriminator 1
 1945 004c BB68     		ldr	r3, [r7, #8]
 1946 004e 002B     		cmp	r3, #0
 1947 0050 34D0     		beq	.L105
 600:../Firmware/GD32E23x_standard_peripheral/Source/gd32e23x_adc.c ****         }
 1948              		.loc 1 600 28
 1949 0052 0F23     		movs	r3, #15
 1950 0054 FB18     		adds	r3, r7, r3
 1951 0056 0122     		movs	r2, #1
 1952 0058 1A70     		strb	r2, [r3]
 602:../Firmware/GD32E23x_standard_peripheral/Source/gd32e23x_adc.c ****     case ADC_INT_FLAG_EOC:
 1953              		.loc 1 602 9
 1954 005a 2FE0     		b	.L105
 1955              	.L98:
 604:../Firmware/GD32E23x_standard_peripheral/Source/gd32e23x_adc.c ****         if((ADC_CTL0 & ADC_CTL0_EOCIE) && state) {
 1956              		.loc 1 604 17
 1957 005c 42F20043 		movw	r3, #9216
 1958 0060 C4F20103 		movt	r3, 16385
 1959 0064 1B68     		ldr	r3, [r3]
 604:../Firmware/GD32E23x_standard_peripheral/Source/gd32e23x_adc.c ****         if((ADC_CTL0 & ADC_CTL0_EOCIE) && state) {
 1960              		.loc 1 604 15
 1961 0066 0222     		movs	r2, #2
 1962 0068 1340     		ands	r3, r2
 1963 006a BB60     		str	r3, [r7, #8]
 605:../Firmware/GD32E23x_standard_peripheral/Source/gd32e23x_adc.c ****             interrupt_flag = SET;
 1964              		.loc 1 605 13
 1965 006c 42F20443 		movw	r3, #9220
 1966 0070 C4F20103 		movt	r3, 16385
 1967 0074 1B68     		ldr	r3, [r3]
 605:../Firmware/GD32E23x_standard_peripheral/Source/gd32e23x_adc.c ****             interrupt_flag = SET;
 1968              		.loc 1 605 22
 1969 0076 2022     		movs	r2, #32
 1970 0078 1340     		ands	r3, r2
 605:../Firmware/GD32E23x_standard_peripheral/Source/gd32e23x_adc.c ****             interrupt_flag = SET;
 1971              		.loc 1 605 11
 1972 007a 0BB3     		cbz	r3, .L106
 605:../Firmware/GD32E23x_standard_peripheral/Source/gd32e23x_adc.c ****             interrupt_flag = SET;
 1973              		.loc 1 605 40 discriminator 1
 1974 007c BB68     		ldr	r3, [r7, #8]
 1975 007e FBB1     		cbz	r3, .L106
 606:../Firmware/GD32E23x_standard_peripheral/Source/gd32e23x_adc.c ****         }
 1976              		.loc 1 606 28
 1977 0080 0F23     		movs	r3, #15
 1978 0082 FB18     		adds	r3, r7, r3
 1979 0084 0122     		movs	r2, #1
 1980 0086 1A70     		strb	r2, [r3]
 608:../Firmware/GD32E23x_standard_peripheral/Source/gd32e23x_adc.c ****     case ADC_INT_FLAG_EOIC:
 1981              		.loc 1 608 9
 1982 0088 1AE0     		b	.L106
 1983              	.L95:
 610:../Firmware/GD32E23x_standard_peripheral/Source/gd32e23x_adc.c ****         if((ADC_CTL0 & ADC_CTL0_EOICIE) && state) {
 1984              		.loc 1 610 17
 1985 008a 42F20043 		movw	r3, #9216
 1986 008e C4F20103 		movt	r3, 16385
 1987 0092 1B68     		ldr	r3, [r3]
 610:../Firmware/GD32E23x_standard_peripheral/Source/gd32e23x_adc.c ****         if((ADC_CTL0 & ADC_CTL0_EOICIE) && state) {
 1988              		.loc 1 610 15
 1989 0094 0422     		movs	r2, #4
 1990 0096 1340     		ands	r3, r2
 1991 0098 BB60     		str	r3, [r7, #8]
 611:../Firmware/GD32E23x_standard_peripheral/Source/gd32e23x_adc.c ****             interrupt_flag = SET;
 1992              		.loc 1 611 13
 1993 009a 42F20443 		movw	r3, #9220
 1994 009e C4F20103 		movt	r3, 16385
 1995 00a2 1B68     		ldr	r3, [r3]
 611:../Firmware/GD32E23x_standard_peripheral/Source/gd32e23x_adc.c ****             interrupt_flag = SET;
 1996              		.loc 1 611 22
 1997 00a4 8022     		movs	r2, #128
 1998 00a6 1340     		ands	r3, r2
 611:../Firmware/GD32E23x_standard_peripheral/Source/gd32e23x_adc.c ****             interrupt_flag = SET;
 1999              		.loc 1 611 11
 2000 00a8 63B1     		cbz	r3, .L107
 611:../Firmware/GD32E23x_standard_peripheral/Source/gd32e23x_adc.c ****             interrupt_flag = SET;
 2001              		.loc 1 611 41 discriminator 1
 2002 00aa BB68     		ldr	r3, [r7, #8]
 2003 00ac 53B1     		cbz	r3, .L107
 612:../Firmware/GD32E23x_standard_peripheral/Source/gd32e23x_adc.c ****         }
 2004              		.loc 1 612 28
 2005 00ae 0F23     		movs	r3, #15
 2006 00b0 FB18     		adds	r3, r7, r3
 2007 00b2 0122     		movs	r2, #1
 2008 00b4 1A70     		strb	r2, [r3]
 614:../Firmware/GD32E23x_standard_peripheral/Source/gd32e23x_adc.c ****     default:
 2009              		.loc 1 614 9
 2010 00b6 05E0     		b	.L107
 2011              	.L104:
 2012              		.loc 1 616 9
 2013 00b8 C046     		nop
 2014 00ba 04E0     		b	.L100
 2015              	.L105:
 602:../Firmware/GD32E23x_standard_peripheral/Source/gd32e23x_adc.c ****     case ADC_INT_FLAG_EOC:
 2016              		.loc 1 602 9
 2017 00bc C046     		nop
 2018 00be 02E0     		b	.L100
 2019              	.L106:
 608:../Firmware/GD32E23x_standard_peripheral/Source/gd32e23x_adc.c ****     case ADC_INT_FLAG_EOIC:
 2020              		.loc 1 608 9
 2021 00c0 C046     		nop
 2022 00c2 00E0     		b	.L100
 2023              	.L107:
 614:../Firmware/GD32E23x_standard_peripheral/Source/gd32e23x_adc.c ****     default:
 2024              		.loc 1 614 9
 2025 00c4 C046     		nop
 2026              	.L100:
 617:../Firmware/GD32E23x_standard_peripheral/Source/gd32e23x_adc.c ****     }
 618:../Firmware/GD32E23x_standard_peripheral/Source/gd32e23x_adc.c ****     return interrupt_flag;
 2027              		.loc 1 618 12
 2028 00c6 0F23     		movs	r3, #15
 2029 00c8 FB18     		adds	r3, r7, r3
 2030 00ca 1B78     		ldrb	r3, [r3]
 619:../Firmware/GD32E23x_standard_peripheral/Source/gd32e23x_adc.c **** }
 2031              		.loc 1 619 1
 2032 00cc 1800     		movs	r0, r3
 2033 00ce BD46     		mov	sp, r7
 2034 00d0 04B0     		add	sp, sp, #16
 2035              		@ sp needed
 2036 00d2 80BD     		pop	{r7, pc}
 2037              		.cfi_endproc
 2038              	.LFE80:
 2040              		.section	.text.adc_interrupt_flag_clear,"ax",%progbits
 2041              		.align	1
 2042              		.global	adc_interrupt_flag_clear
 2043              		.syntax unified
 2044              		.code	16
 2045              		.thumb_func
 2046              		.fpu softvfp
 2048              	adc_interrupt_flag_clear:
 2049              	.LFB81:
 620:../Firmware/GD32E23x_standard_peripheral/Source/gd32e23x_adc.c **** 
 621:../Firmware/GD32E23x_standard_peripheral/Source/gd32e23x_adc.c **** /*!
 622:../Firmware/GD32E23x_standard_peripheral/Source/gd32e23x_adc.c ****     \brief      clear ADC interrupt flag
 623:../Firmware/GD32E23x_standard_peripheral/Source/gd32e23x_adc.c ****     \param[in]  flag: the adc interrupt flag
 624:../Firmware/GD32E23x_standard_peripheral/Source/gd32e23x_adc.c ****                 only one parameter can be selected which is shown as below:
 625:../Firmware/GD32E23x_standard_peripheral/Source/gd32e23x_adc.c ****       \arg        ADC_INT_FLAG_WDE: analog watchdog interrupt flag
 626:../Firmware/GD32E23x_standard_peripheral/Source/gd32e23x_adc.c ****       \arg        ADC_INT_FLAG_EOC: end of group conversion interrupt flag
 627:../Firmware/GD32E23x_standard_peripheral/Source/gd32e23x_adc.c ****       \arg        ADC_INT_FLAG_EOIC: end of inserted group conversion interrupt flag
 628:../Firmware/GD32E23x_standard_peripheral/Source/gd32e23x_adc.c ****     \param[out] none
 629:../Firmware/GD32E23x_standard_peripheral/Source/gd32e23x_adc.c ****     \retval     none
 630:../Firmware/GD32E23x_standard_peripheral/Source/gd32e23x_adc.c **** */
 631:../Firmware/GD32E23x_standard_peripheral/Source/gd32e23x_adc.c **** void adc_interrupt_flag_clear(uint32_t flag)
 632:../Firmware/GD32E23x_standard_peripheral/Source/gd32e23x_adc.c **** {
 2050              		.loc 1 632 1
 2051              		.cfi_startproc
 2052              		@ args = 0, pretend = 0, frame = 8
 2053              		@ frame_needed = 1, uses_anonymous_args = 0
 2054 0000 80B5     		push	{r7, lr}
 2055              		.cfi_def_cfa_offset 8
 2056              		.cfi_offset 7, -8
 2057              		.cfi_offset 14, -4
 2058 0002 82B0     		sub	sp, sp, #8
 2059              		.cfi_def_cfa_offset 16
 2060 0004 00AF     		add	r7, sp, #0
 2061              		.cfi_def_cfa_register 7
 2062 0006 7860     		str	r0, [r7, #4]
 633:../Firmware/GD32E23x_standard_peripheral/Source/gd32e23x_adc.c ****     ADC_STAT &= ~((uint32_t)flag);
 2063              		.loc 1 633 14
 2064 0008 42F20043 		movw	r3, #9216
 2065 000c C4F20103 		movt	r3, 16385
 2066 0010 1A68     		ldr	r2, [r3]
 2067              		.loc 1 633 17
 2068 0012 7B68     		ldr	r3, [r7, #4]
 2069 0014 D943     		mvns	r1, r3
 2070              		.loc 1 633 14
 2071 0016 42F20043 		movw	r3, #9216
 2072 001a C4F20103 		movt	r3, 16385
 2073 001e 0A40     		ands	r2, r1
 2074 0020 1A60     		str	r2, [r3]
 634:../Firmware/GD32E23x_standard_peripheral/Source/gd32e23x_adc.c **** }
 2075              		.loc 1 634 1
 2076 0022 C046     		nop
 2077 0024 BD46     		mov	sp, r7
 2078 0026 02B0     		add	sp, sp, #8
 2079              		@ sp needed
 2080 0028 80BD     		pop	{r7, pc}
 2081              		.cfi_endproc
 2082              	.LFE81:
 2084              		.section	.text.adc_interrupt_enable,"ax",%progbits
 2085              		.align	1
 2086              		.global	adc_interrupt_enable
 2087              		.syntax unified
 2088              		.code	16
 2089              		.thumb_func
 2090              		.fpu softvfp
 2092              	adc_interrupt_enable:
 2093              	.LFB82:
 635:../Firmware/GD32E23x_standard_peripheral/Source/gd32e23x_adc.c **** 
 636:../Firmware/GD32E23x_standard_peripheral/Source/gd32e23x_adc.c **** /*!
 637:../Firmware/GD32E23x_standard_peripheral/Source/gd32e23x_adc.c ****     \brief      enable ADC interrupt
 638:../Firmware/GD32E23x_standard_peripheral/Source/gd32e23x_adc.c ****     \param[in]  interrupt: the adc interrupt
 639:../Firmware/GD32E23x_standard_peripheral/Source/gd32e23x_adc.c ****                 one or more parameters can be selected which is shown as below:
 640:../Firmware/GD32E23x_standard_peripheral/Source/gd32e23x_adc.c ****       \arg        ADC_INT_WDE: analog watchdog interrupt
 641:../Firmware/GD32E23x_standard_peripheral/Source/gd32e23x_adc.c ****       \arg        ADC_INT_EOC: end of group conversion interrupt
 642:../Firmware/GD32E23x_standard_peripheral/Source/gd32e23x_adc.c ****       \arg        ADC_INT_EOIC: end of inserted group conversion interrupt
 643:../Firmware/GD32E23x_standard_peripheral/Source/gd32e23x_adc.c ****     \param[out] none
 644:../Firmware/GD32E23x_standard_peripheral/Source/gd32e23x_adc.c ****     \retval     none
 645:../Firmware/GD32E23x_standard_peripheral/Source/gd32e23x_adc.c **** */
 646:../Firmware/GD32E23x_standard_peripheral/Source/gd32e23x_adc.c **** void adc_interrupt_enable(uint32_t interrupt)
 647:../Firmware/GD32E23x_standard_peripheral/Source/gd32e23x_adc.c **** {
 2094              		.loc 1 647 1
 2095              		.cfi_startproc
 2096              		@ args = 0, pretend = 0, frame = 8
 2097              		@ frame_needed = 1, uses_anonymous_args = 0
 2098 0000 80B5     		push	{r7, lr}
 2099              		.cfi_def_cfa_offset 8
 2100              		.cfi_offset 7, -8
 2101              		.cfi_offset 14, -4
 2102 0002 82B0     		sub	sp, sp, #8
 2103              		.cfi_def_cfa_offset 16
 2104 0004 00AF     		add	r7, sp, #0
 2105              		.cfi_def_cfa_register 7
 2106 0006 7860     		str	r0, [r7, #4]
 648:../Firmware/GD32E23x_standard_peripheral/Source/gd32e23x_adc.c ****     /* enable analog watchdog interrupt */
 649:../Firmware/GD32E23x_standard_peripheral/Source/gd32e23x_adc.c ****     if(RESET != (interrupt & ADC_INT_WDE)) {
 2107              		.loc 1 649 28
 2108 0008 7B68     		ldr	r3, [r7, #4]
 2109 000a 0122     		movs	r2, #1
 2110 000c 1340     		ands	r3, r2
 2111              		.loc 1 649 7
 2112 000e 5BB1     		cbz	r3, .L110
 650:../Firmware/GD32E23x_standard_peripheral/Source/gd32e23x_adc.c ****         ADC_CTL0 |= (uint32_t)ADC_CTL0_WDEIE;
 2113              		.loc 1 650 18
 2114 0010 42F20443 		movw	r3, #9220
 2115 0014 C4F20103 		movt	r3, 16385
 2116 0018 1A68     		ldr	r2, [r3]
 2117 001a 42F20443 		movw	r3, #9220
 2118 001e C4F20103 		movt	r3, 16385
 2119 0022 4021     		movs	r1, #64
 2120 0024 0A43     		orrs	r2, r1
 2121 0026 1A60     		str	r2, [r3]
 2122              	.L110:
 651:../Firmware/GD32E23x_standard_peripheral/Source/gd32e23x_adc.c ****     }
 652:../Firmware/GD32E23x_standard_peripheral/Source/gd32e23x_adc.c **** 
 653:../Firmware/GD32E23x_standard_peripheral/Source/gd32e23x_adc.c ****     /* enable end of group conversion interrupt */
 654:../Firmware/GD32E23x_standard_peripheral/Source/gd32e23x_adc.c ****     if(RESET != (interrupt & ADC_INT_EOC)) {
 2123              		.loc 1 654 28
 2124 0028 7B68     		ldr	r3, [r7, #4]
 2125 002a 0222     		movs	r2, #2
 2126 002c 1340     		ands	r3, r2
 2127              		.loc 1 654 7
 2128 002e 5BB1     		cbz	r3, .L111
 655:../Firmware/GD32E23x_standard_peripheral/Source/gd32e23x_adc.c ****         ADC_CTL0 |= (uint32_t)ADC_CTL0_EOCIE;
 2129              		.loc 1 655 18
 2130 0030 42F20443 		movw	r3, #9220
 2131 0034 C4F20103 		movt	r3, 16385
 2132 0038 1A68     		ldr	r2, [r3]
 2133 003a 42F20443 		movw	r3, #9220
 2134 003e C4F20103 		movt	r3, 16385
 2135 0042 2021     		movs	r1, #32
 2136 0044 0A43     		orrs	r2, r1
 2137 0046 1A60     		str	r2, [r3]
 2138              	.L111:
 656:../Firmware/GD32E23x_standard_peripheral/Source/gd32e23x_adc.c ****     }
 657:../Firmware/GD32E23x_standard_peripheral/Source/gd32e23x_adc.c **** 
 658:../Firmware/GD32E23x_standard_peripheral/Source/gd32e23x_adc.c ****     /* enable end of inserted group conversion interrupt */
 659:../Firmware/GD32E23x_standard_peripheral/Source/gd32e23x_adc.c ****     if(RESET != (interrupt & ADC_INT_EOIC)) {
 2139              		.loc 1 659 28
 2140 0048 7B68     		ldr	r3, [r7, #4]
 2141 004a 0422     		movs	r2, #4
 2142 004c 1340     		ands	r3, r2
 2143              		.loc 1 659 7
 2144 004e 5BB1     		cbz	r3, .L113
 660:../Firmware/GD32E23x_standard_peripheral/Source/gd32e23x_adc.c ****         ADC_CTL0 |= (uint32_t)ADC_CTL0_EOICIE;
 2145              		.loc 1 660 18
 2146 0050 42F20443 		movw	r3, #9220
 2147 0054 C4F20103 		movt	r3, 16385
 2148 0058 1A68     		ldr	r2, [r3]
 2149 005a 42F20443 		movw	r3, #9220
 2150 005e C4F20103 		movt	r3, 16385
 2151 0062 8021     		movs	r1, #128
 2152 0064 0A43     		orrs	r2, r1
 2153 0066 1A60     		str	r2, [r3]
 2154              	.L113:
 661:../Firmware/GD32E23x_standard_peripheral/Source/gd32e23x_adc.c ****     }
 662:../Firmware/GD32E23x_standard_peripheral/Source/gd32e23x_adc.c **** }
 2155              		.loc 1 662 1
 2156 0068 C046     		nop
 2157 006a BD46     		mov	sp, r7
 2158 006c 02B0     		add	sp, sp, #8
 2159              		@ sp needed
 2160 006e 80BD     		pop	{r7, pc}
 2161              		.cfi_endproc
 2162              	.LFE82:
 2164              		.section	.text.adc_interrupt_disable,"ax",%progbits
 2165              		.align	1
 2166              		.global	adc_interrupt_disable
 2167              		.syntax unified
 2168              		.code	16
 2169              		.thumb_func
 2170              		.fpu softvfp
 2172              	adc_interrupt_disable:
 2173              	.LFB83:
 663:../Firmware/GD32E23x_standard_peripheral/Source/gd32e23x_adc.c **** 
 664:../Firmware/GD32E23x_standard_peripheral/Source/gd32e23x_adc.c **** /*!
 665:../Firmware/GD32E23x_standard_peripheral/Source/gd32e23x_adc.c ****     \brief      disable ADC interrupt
 666:../Firmware/GD32E23x_standard_peripheral/Source/gd32e23x_adc.c ****     \param[in]  interrupt: the adc interrupt flag
 667:../Firmware/GD32E23x_standard_peripheral/Source/gd32e23x_adc.c ****                 one or more parameters can be selected which is shown as below:
 668:../Firmware/GD32E23x_standard_peripheral/Source/gd32e23x_adc.c ****       \arg        ADC_INT_WDE: analog watchdog interrupt
 669:../Firmware/GD32E23x_standard_peripheral/Source/gd32e23x_adc.c ****       \arg        ADC_INT_EOC: end of group conversion interrupt
 670:../Firmware/GD32E23x_standard_peripheral/Source/gd32e23x_adc.c ****       \arg        ADC_INT_EOIC: end of inserted group conversion interrupt
 671:../Firmware/GD32E23x_standard_peripheral/Source/gd32e23x_adc.c ****     \param[out] none
 672:../Firmware/GD32E23x_standard_peripheral/Source/gd32e23x_adc.c ****     \retval     none
 673:../Firmware/GD32E23x_standard_peripheral/Source/gd32e23x_adc.c **** */
 674:../Firmware/GD32E23x_standard_peripheral/Source/gd32e23x_adc.c **** void adc_interrupt_disable(uint32_t interrupt)
 675:../Firmware/GD32E23x_standard_peripheral/Source/gd32e23x_adc.c **** {
 2174              		.loc 1 675 1
 2175              		.cfi_startproc
 2176              		@ args = 0, pretend = 0, frame = 8
 2177              		@ frame_needed = 1, uses_anonymous_args = 0
 2178 0000 80B5     		push	{r7, lr}
 2179              		.cfi_def_cfa_offset 8
 2180              		.cfi_offset 7, -8
 2181              		.cfi_offset 14, -4
 2182 0002 82B0     		sub	sp, sp, #8
 2183              		.cfi_def_cfa_offset 16
 2184 0004 00AF     		add	r7, sp, #0
 2185              		.cfi_def_cfa_register 7
 2186 0006 7860     		str	r0, [r7, #4]
 676:../Firmware/GD32E23x_standard_peripheral/Source/gd32e23x_adc.c ****     /* disable analog watchdog interrupt */
 677:../Firmware/GD32E23x_standard_peripheral/Source/gd32e23x_adc.c ****     if(RESET != (interrupt & ADC_INT_WDE)) {
 2187              		.loc 1 677 28
 2188 0008 7B68     		ldr	r3, [r7, #4]
 2189 000a 0122     		movs	r2, #1
 2190 000c 1340     		ands	r3, r2
 2191              		.loc 1 677 7
 2192 000e 5BB1     		cbz	r3, .L115
 678:../Firmware/GD32E23x_standard_peripheral/Source/gd32e23x_adc.c ****         ADC_CTL0 &= ~(uint32_t)ADC_CTL0_WDEIE;
 2193              		.loc 1 678 18
 2194 0010 42F20443 		movw	r3, #9220
 2195 0014 C4F20103 		movt	r3, 16385
 2196 0018 1A68     		ldr	r2, [r3]
 2197 001a 42F20443 		movw	r3, #9220
 2198 001e C4F20103 		movt	r3, 16385
 2199 0022 4021     		movs	r1, #64
 2200 0024 8A43     		bics	r2, r1
 2201 0026 1A60     		str	r2, [r3]
 2202              	.L115:
 679:../Firmware/GD32E23x_standard_peripheral/Source/gd32e23x_adc.c ****     }
 680:../Firmware/GD32E23x_standard_peripheral/Source/gd32e23x_adc.c **** 
 681:../Firmware/GD32E23x_standard_peripheral/Source/gd32e23x_adc.c ****     /* disable end of group conversion interrupt */
 682:../Firmware/GD32E23x_standard_peripheral/Source/gd32e23x_adc.c ****     if(RESET != (interrupt & ADC_INT_EOC)) {
 2203              		.loc 1 682 28
 2204 0028 7B68     		ldr	r3, [r7, #4]
 2205 002a 0222     		movs	r2, #2
 2206 002c 1340     		ands	r3, r2
 2207              		.loc 1 682 7
 2208 002e 5BB1     		cbz	r3, .L116
 683:../Firmware/GD32E23x_standard_peripheral/Source/gd32e23x_adc.c ****         ADC_CTL0 &= ~(uint32_t)ADC_CTL0_EOCIE;
 2209              		.loc 1 683 18
 2210 0030 42F20443 		movw	r3, #9220
 2211 0034 C4F20103 		movt	r3, 16385
 2212 0038 1A68     		ldr	r2, [r3]
 2213 003a 42F20443 		movw	r3, #9220
 2214 003e C4F20103 		movt	r3, 16385
 2215 0042 2021     		movs	r1, #32
 2216 0044 8A43     		bics	r2, r1
 2217 0046 1A60     		str	r2, [r3]
 2218              	.L116:
 684:../Firmware/GD32E23x_standard_peripheral/Source/gd32e23x_adc.c ****     }
 685:../Firmware/GD32E23x_standard_peripheral/Source/gd32e23x_adc.c **** 
 686:../Firmware/GD32E23x_standard_peripheral/Source/gd32e23x_adc.c ****     /* disable end of inserted group conversion interrupt */
 687:../Firmware/GD32E23x_standard_peripheral/Source/gd32e23x_adc.c ****     if(RESET != (interrupt & ADC_INT_EOIC)) {
 2219              		.loc 1 687 28
 2220 0048 7B68     		ldr	r3, [r7, #4]
 2221 004a 0422     		movs	r2, #4
 2222 004c 1340     		ands	r3, r2
 2223              		.loc 1 687 7
 2224 004e 5BB1     		cbz	r3, .L118
 688:../Firmware/GD32E23x_standard_peripheral/Source/gd32e23x_adc.c ****         ADC_CTL0 &= ~(uint32_t)ADC_CTL0_EOICIE;
 2225              		.loc 1 688 18
 2226 0050 42F20443 		movw	r3, #9220
 2227 0054 C4F20103 		movt	r3, 16385
 2228 0058 1A68     		ldr	r2, [r3]
 2229 005a 42F20443 		movw	r3, #9220
 2230 005e C4F20103 		movt	r3, 16385
 2231 0062 8021     		movs	r1, #128
 2232 0064 8A43     		bics	r2, r1
 2233 0066 1A60     		str	r2, [r3]
 2234              	.L118:
 689:../Firmware/GD32E23x_standard_peripheral/Source/gd32e23x_adc.c ****     }
 690:../Firmware/GD32E23x_standard_peripheral/Source/gd32e23x_adc.c **** }
 2235              		.loc 1 690 1
 2236 0068 C046     		nop
 2237 006a BD46     		mov	sp, r7
 2238 006c 02B0     		add	sp, sp, #8
 2239              		@ sp needed
 2240 006e 80BD     		pop	{r7, pc}
 2241              		.cfi_endproc
 2242              	.LFE83:
 2244              		.section	.text.adc_watchdog_single_channel_enable,"ax",%progbits
 2245              		.align	1
 2246              		.global	adc_watchdog_single_channel_enable
 2247              		.syntax unified
 2248              		.code	16
 2249              		.thumb_func
 2250              		.fpu softvfp
 2252              	adc_watchdog_single_channel_enable:
 2253              	.LFB84:
 691:../Firmware/GD32E23x_standard_peripheral/Source/gd32e23x_adc.c **** 
 692:../Firmware/GD32E23x_standard_peripheral/Source/gd32e23x_adc.c **** /*!
 693:../Firmware/GD32E23x_standard_peripheral/Source/gd32e23x_adc.c ****     \brief      configure ADC analog watchdog single channel
 694:../Firmware/GD32E23x_standard_peripheral/Source/gd32e23x_adc.c ****     \param[in]  channel: the selected ADC channel
 695:../Firmware/GD32E23x_standard_peripheral/Source/gd32e23x_adc.c ****                 only one parameter can be selected which is shown as below:
 696:../Firmware/GD32E23x_standard_peripheral/Source/gd32e23x_adc.c ****       \arg        ADC_CHANNEL_x(x=0..9,16,17): ADC Channelx
 697:../Firmware/GD32E23x_standard_peripheral/Source/gd32e23x_adc.c ****     \param[out] none
 698:../Firmware/GD32E23x_standard_peripheral/Source/gd32e23x_adc.c ****     \retval     none
 699:../Firmware/GD32E23x_standard_peripheral/Source/gd32e23x_adc.c **** */
 700:../Firmware/GD32E23x_standard_peripheral/Source/gd32e23x_adc.c **** void adc_watchdog_single_channel_enable(uint8_t channel)
 701:../Firmware/GD32E23x_standard_peripheral/Source/gd32e23x_adc.c **** {
 2254              		.loc 1 701 1
 2255              		.cfi_startproc
 2256              		@ args = 0, pretend = 0, frame = 8
 2257              		@ frame_needed = 1, uses_anonymous_args = 0
 2258 0000 80B5     		push	{r7, lr}
 2259              		.cfi_def_cfa_offset 8
 2260              		.cfi_offset 7, -8
 2261              		.cfi_offset 14, -4
 2262 0002 82B0     		sub	sp, sp, #8
 2263              		.cfi_def_cfa_offset 16
 2264 0004 00AF     		add	r7, sp, #0
 2265              		.cfi_def_cfa_register 7
 2266 0006 0200     		movs	r2, r0
 2267 0008 FB1D     		adds	r3, r7, #7
 2268 000a 1A70     		strb	r2, [r3]
 702:../Firmware/GD32E23x_standard_peripheral/Source/gd32e23x_adc.c ****     ADC_CTL0 &= (uint32_t)~(ADC_CTL0_RWDEN | ADC_CTL0_IWDEN | ADC_CTL0_WDSC | ADC_CTL0_WDCHSEL);
 2269              		.loc 1 702 14
 2270 000c 42F20443 		movw	r3, #9220
 2271 0010 C4F20103 		movt	r3, 16385
 2272 0014 1968     		ldr	r1, [r3]
 2273 0016 42F20443 		movw	r3, #9220
 2274 001a C4F20103 		movt	r3, 16385
 2275 001e 4FF6E052 		movw	r2, #64992
 2276 0022 CFF63F72 		movt	r2, 65343
 2277 0026 0A40     		ands	r2, r1
 2278 0028 1A60     		str	r2, [r3]
 703:../Firmware/GD32E23x_standard_peripheral/Source/gd32e23x_adc.c **** 
 704:../Firmware/GD32E23x_standard_peripheral/Source/gd32e23x_adc.c ****     ADC_CTL0 |= (uint32_t)channel;
 2279              		.loc 1 704 14
 2280 002a 42F20443 		movw	r3, #9220
 2281 002e C4F20103 		movt	r3, 16385
 2282 0032 1968     		ldr	r1, [r3]
 2283              		.loc 1 704 17
 2284 0034 FB1D     		adds	r3, r7, #7
 2285 0036 1A78     		ldrb	r2, [r3]
 2286              		.loc 1 704 14
 2287 0038 42F20443 		movw	r3, #9220
 2288 003c C4F20103 		movt	r3, 16385
 2289 0040 0A43     		orrs	r2, r1
 2290 0042 1A60     		str	r2, [r3]
 705:../Firmware/GD32E23x_standard_peripheral/Source/gd32e23x_adc.c ****     ADC_CTL0 |= (uint32_t)(ADC_CTL0_RWDEN | ADC_CTL0_IWDEN | ADC_CTL0_WDSC);
 2291              		.loc 1 705 14
 2292 0044 42F20443 		movw	r3, #9220
 2293 0048 C4F20103 		movt	r3, 16385
 2294 004c 1968     		ldr	r1, [r3]
 2295 004e 42F20443 		movw	r3, #9220
 2296 0052 C4F20103 		movt	r3, 16385
 2297 0056 40F20022 		movw	r2, #512
 2298 005a C0F2C002 		movt	r2, 192
 2299 005e 0A43     		orrs	r2, r1
 2300 0060 1A60     		str	r2, [r3]
 706:../Firmware/GD32E23x_standard_peripheral/Source/gd32e23x_adc.c **** }
 2301              		.loc 1 706 1
 2302 0062 C046     		nop
 2303 0064 BD46     		mov	sp, r7
 2304 0066 02B0     		add	sp, sp, #8
 2305              		@ sp needed
 2306 0068 80BD     		pop	{r7, pc}
 2307              		.cfi_endproc
 2308              	.LFE84:
 2310              		.section	.text.adc_watchdog_group_channel_enable,"ax",%progbits
 2311              		.align	1
 2312              		.global	adc_watchdog_group_channel_enable
 2313              		.syntax unified
 2314              		.code	16
 2315              		.thumb_func
 2316              		.fpu softvfp
 2318              	adc_watchdog_group_channel_enable:
 2319              	.LFB85:
 707:../Firmware/GD32E23x_standard_peripheral/Source/gd32e23x_adc.c **** 
 708:../Firmware/GD32E23x_standard_peripheral/Source/gd32e23x_adc.c **** /*!
 709:../Firmware/GD32E23x_standard_peripheral/Source/gd32e23x_adc.c ****     \brief      configure ADC analog watchdog group channel
 710:../Firmware/GD32E23x_standard_peripheral/Source/gd32e23x_adc.c ****     \param[in]  channel_group: the channel group use analog watchdog
 711:../Firmware/GD32E23x_standard_peripheral/Source/gd32e23x_adc.c ****                 only one parameter can be selected which is shown as below:
 712:../Firmware/GD32E23x_standard_peripheral/Source/gd32e23x_adc.c ****       \arg        ADC_REGULAR_CHANNEL: regular channel group
 713:../Firmware/GD32E23x_standard_peripheral/Source/gd32e23x_adc.c ****       \arg        ADC_INSERTED_CHANNEL: inserted channel group
 714:../Firmware/GD32E23x_standard_peripheral/Source/gd32e23x_adc.c ****       \arg        ADC_REGULAR_INSERTED_CHANNEL: both regular and inserted group
 715:../Firmware/GD32E23x_standard_peripheral/Source/gd32e23x_adc.c ****     \param[out] none
 716:../Firmware/GD32E23x_standard_peripheral/Source/gd32e23x_adc.c ****     \retval     none
 717:../Firmware/GD32E23x_standard_peripheral/Source/gd32e23x_adc.c **** */
 718:../Firmware/GD32E23x_standard_peripheral/Source/gd32e23x_adc.c **** void adc_watchdog_group_channel_enable(uint8_t channel_group)
 719:../Firmware/GD32E23x_standard_peripheral/Source/gd32e23x_adc.c **** {
 2320              		.loc 1 719 1
 2321              		.cfi_startproc
 2322              		@ args = 0, pretend = 0, frame = 8
 2323              		@ frame_needed = 1, uses_anonymous_args = 0
 2324 0000 80B5     		push	{r7, lr}
 2325              		.cfi_def_cfa_offset 8
 2326              		.cfi_offset 7, -8
 2327              		.cfi_offset 14, -4
 2328 0002 82B0     		sub	sp, sp, #8
 2329              		.cfi_def_cfa_offset 16
 2330 0004 00AF     		add	r7, sp, #0
 2331              		.cfi_def_cfa_register 7
 2332 0006 0200     		movs	r2, r0
 2333 0008 FB1D     		adds	r3, r7, #7
 2334 000a 1A70     		strb	r2, [r3]
 720:../Firmware/GD32E23x_standard_peripheral/Source/gd32e23x_adc.c ****     ADC_CTL0 &= (uint32_t)~(ADC_CTL0_RWDEN | ADC_CTL0_IWDEN | ADC_CTL0_WDSC);
 2335              		.loc 1 720 14
 2336 000c 42F20443 		movw	r3, #9220
 2337 0010 C4F20103 		movt	r3, 16385
 2338 0014 1968     		ldr	r1, [r3]
 2339 0016 42F20443 		movw	r3, #9220
 2340 001a C4F20103 		movt	r3, 16385
 2341 001e 4FF6FF52 		movw	r2, #65023
 2342 0022 CFF63F72 		movt	r2, 65343
 2343 0026 0A40     		ands	r2, r1
 2344 0028 1A60     		str	r2, [r3]
 721:../Firmware/GD32E23x_standard_peripheral/Source/gd32e23x_adc.c **** 
 722:../Firmware/GD32E23x_standard_peripheral/Source/gd32e23x_adc.c ****     /* select the group */
 723:../Firmware/GD32E23x_standard_peripheral/Source/gd32e23x_adc.c ****     switch(channel_group) {
 2345              		.loc 1 723 5
 2346 002a FB1D     		adds	r3, r7, #7
 2347 002c 1B78     		ldrb	r3, [r3]
 2348 002e 032B     		cmp	r3, #3
 2349 0030 21D0     		beq	.L121
 2350 0032 2EDC     		bgt	.L126
 2351 0034 012B     		cmp	r3, #1
 2352 0036 02D0     		beq	.L123
 2353 0038 022B     		cmp	r3, #2
 2354 003a 0ED0     		beq	.L124
 724:../Firmware/GD32E23x_standard_peripheral/Source/gd32e23x_adc.c ****     case ADC_REGULAR_CHANNEL:
 725:../Firmware/GD32E23x_standard_peripheral/Source/gd32e23x_adc.c ****         ADC_CTL0 |= (uint32_t)ADC_CTL0_RWDEN;
 726:../Firmware/GD32E23x_standard_peripheral/Source/gd32e23x_adc.c ****         break;
 727:../Firmware/GD32E23x_standard_peripheral/Source/gd32e23x_adc.c ****     case ADC_INSERTED_CHANNEL:
 728:../Firmware/GD32E23x_standard_peripheral/Source/gd32e23x_adc.c ****         ADC_CTL0 |= (uint32_t)ADC_CTL0_IWDEN;
 729:../Firmware/GD32E23x_standard_peripheral/Source/gd32e23x_adc.c ****         break;
 730:../Firmware/GD32E23x_standard_peripheral/Source/gd32e23x_adc.c ****     case ADC_REGULAR_INSERTED_CHANNEL:
 731:../Firmware/GD32E23x_standard_peripheral/Source/gd32e23x_adc.c ****         ADC_CTL0 |= (uint32_t)(ADC_CTL0_RWDEN | ADC_CTL0_IWDEN);
 732:../Firmware/GD32E23x_standard_peripheral/Source/gd32e23x_adc.c ****         break;
 733:../Firmware/GD32E23x_standard_peripheral/Source/gd32e23x_adc.c ****     default:
 734:../Firmware/GD32E23x_standard_peripheral/Source/gd32e23x_adc.c ****         break;
 2355              		.loc 1 734 9
 2356 003c 29E0     		b	.L126
 2357              	.L123:
 725:../Firmware/GD32E23x_standard_peripheral/Source/gd32e23x_adc.c ****         break;
 2358              		.loc 1 725 18
 2359 003e 42F20443 		movw	r3, #9220
 2360 0042 C4F20103 		movt	r3, 16385
 2361 0046 1A68     		ldr	r2, [r3]
 2362 0048 42F20443 		movw	r3, #9220
 2363 004c C4F20103 		movt	r3, 16385
 2364 0050 8021     		movs	r1, #128
 2365 0052 0904     		lsls	r1, r1, #16
 2366 0054 0A43     		orrs	r2, r1
 2367 0056 1A60     		str	r2, [r3]
 726:../Firmware/GD32E23x_standard_peripheral/Source/gd32e23x_adc.c ****     case ADC_INSERTED_CHANNEL:
 2368              		.loc 1 726 9
 2369 0058 1CE0     		b	.L125
 2370              	.L124:
 728:../Firmware/GD32E23x_standard_peripheral/Source/gd32e23x_adc.c ****         break;
 2371              		.loc 1 728 18
 2372 005a 42F20443 		movw	r3, #9220
 2373 005e C4F20103 		movt	r3, 16385
 2374 0062 1A68     		ldr	r2, [r3]
 2375 0064 42F20443 		movw	r3, #9220
 2376 0068 C4F20103 		movt	r3, 16385
 2377 006c 8021     		movs	r1, #128
 2378 006e C903     		lsls	r1, r1, #15
 2379 0070 0A43     		orrs	r2, r1
 2380 0072 1A60     		str	r2, [r3]
 729:../Firmware/GD32E23x_standard_peripheral/Source/gd32e23x_adc.c ****     case ADC_REGULAR_INSERTED_CHANNEL:
 2381              		.loc 1 729 9
 2382 0074 0EE0     		b	.L125
 2383              	.L121:
 731:../Firmware/GD32E23x_standard_peripheral/Source/gd32e23x_adc.c ****         break;
 2384              		.loc 1 731 18
 2385 0076 42F20443 		movw	r3, #9220
 2386 007a C4F20103 		movt	r3, 16385
 2387 007e 1A68     		ldr	r2, [r3]
 2388 0080 42F20443 		movw	r3, #9220
 2389 0084 C4F20103 		movt	r3, 16385
 2390 0088 C021     		movs	r1, #192
 2391 008a 0904     		lsls	r1, r1, #16
 2392 008c 0A43     		orrs	r2, r1
 2393 008e 1A60     		str	r2, [r3]
 732:../Firmware/GD32E23x_standard_peripheral/Source/gd32e23x_adc.c ****     default:
 2394              		.loc 1 732 9
 2395 0090 00E0     		b	.L125
 2396              	.L126:
 2397              		.loc 1 734 9
 2398 0092 C046     		nop
 2399              	.L125:
 735:../Firmware/GD32E23x_standard_peripheral/Source/gd32e23x_adc.c ****     }
 736:../Firmware/GD32E23x_standard_peripheral/Source/gd32e23x_adc.c **** }
 2400              		.loc 1 736 1
 2401 0094 C046     		nop
 2402 0096 BD46     		mov	sp, r7
 2403 0098 02B0     		add	sp, sp, #8
 2404              		@ sp needed
 2405 009a 80BD     		pop	{r7, pc}
 2406              		.cfi_endproc
 2407              	.LFE85:
 2409              		.section	.text.adc_watchdog_disable,"ax",%progbits
 2410              		.align	1
 2411              		.global	adc_watchdog_disable
 2412              		.syntax unified
 2413              		.code	16
 2414              		.thumb_func
 2415              		.fpu softvfp
 2417              	adc_watchdog_disable:
 2418              	.LFB86:
 737:../Firmware/GD32E23x_standard_peripheral/Source/gd32e23x_adc.c **** 
 738:../Firmware/GD32E23x_standard_peripheral/Source/gd32e23x_adc.c **** /*!
 739:../Firmware/GD32E23x_standard_peripheral/Source/gd32e23x_adc.c ****     \brief      disable ADC analog watchdog
 740:../Firmware/GD32E23x_standard_peripheral/Source/gd32e23x_adc.c ****     \param[in]  none
 741:../Firmware/GD32E23x_standard_peripheral/Source/gd32e23x_adc.c ****     \param[out] none
 742:../Firmware/GD32E23x_standard_peripheral/Source/gd32e23x_adc.c ****     \retval     none
 743:../Firmware/GD32E23x_standard_peripheral/Source/gd32e23x_adc.c **** */
 744:../Firmware/GD32E23x_standard_peripheral/Source/gd32e23x_adc.c **** void adc_watchdog_disable(void)
 745:../Firmware/GD32E23x_standard_peripheral/Source/gd32e23x_adc.c **** {
 2419              		.loc 1 745 1
 2420              		.cfi_startproc
 2421              		@ args = 0, pretend = 0, frame = 0
 2422              		@ frame_needed = 1, uses_anonymous_args = 0
 2423 0000 80B5     		push	{r7, lr}
 2424              		.cfi_def_cfa_offset 8
 2425              		.cfi_offset 7, -8
 2426              		.cfi_offset 14, -4
 2427 0002 00AF     		add	r7, sp, #0
 2428              		.cfi_def_cfa_register 7
 746:../Firmware/GD32E23x_standard_peripheral/Source/gd32e23x_adc.c ****     ADC_CTL0 &= (uint32_t)~(ADC_CTL0_RWDEN | ADC_CTL0_IWDEN | ADC_CTL0_WDSC | ADC_CTL0_WDCHSEL);
 2429              		.loc 1 746 14
 2430 0004 42F20443 		movw	r3, #9220
 2431 0008 C4F20103 		movt	r3, 16385
 2432 000c 1968     		ldr	r1, [r3]
 2433 000e 42F20443 		movw	r3, #9220
 2434 0012 C4F20103 		movt	r3, 16385
 2435 0016 4FF6E052 		movw	r2, #64992
 2436 001a CFF63F72 		movt	r2, 65343
 2437 001e 0A40     		ands	r2, r1
 2438 0020 1A60     		str	r2, [r3]
 747:../Firmware/GD32E23x_standard_peripheral/Source/gd32e23x_adc.c **** }
 2439              		.loc 1 747 1
 2440 0022 C046     		nop
 2441 0024 BD46     		mov	sp, r7
 2442              		@ sp needed
 2443 0026 80BD     		pop	{r7, pc}
 2444              		.cfi_endproc
 2445              	.LFE86:
 2447              		.section	.text.adc_watchdog_threshold_config,"ax",%progbits
 2448              		.align	1
 2449              		.global	adc_watchdog_threshold_config
 2450              		.syntax unified
 2451              		.code	16
 2452              		.thumb_func
 2453              		.fpu softvfp
 2455              	adc_watchdog_threshold_config:
 2456              	.LFB87:
 748:../Firmware/GD32E23x_standard_peripheral/Source/gd32e23x_adc.c **** 
 749:../Firmware/GD32E23x_standard_peripheral/Source/gd32e23x_adc.c **** /*!
 750:../Firmware/GD32E23x_standard_peripheral/Source/gd32e23x_adc.c ****     \brief      configure ADC analog watchdog threshold
 751:../Firmware/GD32E23x_standard_peripheral/Source/gd32e23x_adc.c ****     \param[in]  low_threshold: analog watchdog low threshold,0..4095
 752:../Firmware/GD32E23x_standard_peripheral/Source/gd32e23x_adc.c ****     \param[in]  high_threshold: analog watchdog high threshold,0..4095
 753:../Firmware/GD32E23x_standard_peripheral/Source/gd32e23x_adc.c ****     \param[out] none
 754:../Firmware/GD32E23x_standard_peripheral/Source/gd32e23x_adc.c ****     \retval     none
 755:../Firmware/GD32E23x_standard_peripheral/Source/gd32e23x_adc.c **** */
 756:../Firmware/GD32E23x_standard_peripheral/Source/gd32e23x_adc.c **** void adc_watchdog_threshold_config(uint16_t low_threshold, uint16_t high_threshold)
 757:../Firmware/GD32E23x_standard_peripheral/Source/gd32e23x_adc.c **** {
 2457              		.loc 1 757 1
 2458              		.cfi_startproc
 2459              		@ args = 0, pretend = 0, frame = 8
 2460              		@ frame_needed = 1, uses_anonymous_args = 0
 2461 0000 80B5     		push	{r7, lr}
 2462              		.cfi_def_cfa_offset 8
 2463              		.cfi_offset 7, -8
 2464              		.cfi_offset 14, -4
 2465 0002 82B0     		sub	sp, sp, #8
 2466              		.cfi_def_cfa_offset 16
 2467 0004 00AF     		add	r7, sp, #0
 2468              		.cfi_def_cfa_register 7
 2469 0006 0200     		movs	r2, r0
 2470 0008 BB1D     		adds	r3, r7, #6
 2471 000a 1A80     		strh	r2, [r3]
 2472 000c 3B1D     		adds	r3, r7, #4
 2473 000e 0A1C     		adds	r2, r1, #0
 2474 0010 1A80     		strh	r2, [r3]
 758:../Firmware/GD32E23x_standard_peripheral/Source/gd32e23x_adc.c ****     ADC_WDLT = (uint32_t)WDLT_WDLT(low_threshold);
 2475              		.loc 1 758 26
 2476 0012 BB1D     		adds	r3, r7, #6
 2477 0014 1A88     		ldrh	r2, [r3]
 2478              		.loc 1 758 5
 2479 0016 42F22843 		movw	r3, #9256
 2480 001a C4F20103 		movt	r3, 16385
 2481              		.loc 1 758 16
 2482 001e 1205     		lsls	r2, r2, #20
 2483 0020 120D     		lsrs	r2, r2, #20
 2484              		.loc 1 758 14
 2485 0022 1A60     		str	r2, [r3]
 759:../Firmware/GD32E23x_standard_peripheral/Source/gd32e23x_adc.c ****     ADC_WDHT = (uint32_t)WDHT_WDHT(high_threshold);
 2486              		.loc 1 759 26
 2487 0024 3B1D     		adds	r3, r7, #4
 2488 0026 1A88     		ldrh	r2, [r3]
 2489              		.loc 1 759 5
 2490 0028 42F22443 		movw	r3, #9252
 2491 002c C4F20103 		movt	r3, 16385
 2492              		.loc 1 759 16
 2493 0030 1205     		lsls	r2, r2, #20
 2494 0032 120D     		lsrs	r2, r2, #20
 2495              		.loc 1 759 14
 2496 0034 1A60     		str	r2, [r3]
 760:../Firmware/GD32E23x_standard_peripheral/Source/gd32e23x_adc.c **** }
 2497              		.loc 1 760 1
 2498 0036 C046     		nop
 2499 0038 BD46     		mov	sp, r7
 2500 003a 02B0     		add	sp, sp, #8
 2501              		@ sp needed
 2502 003c 80BD     		pop	{r7, pc}
 2503              		.cfi_endproc
 2504              	.LFE87:
 2506              		.section	.text.adc_resolution_config,"ax",%progbits
 2507              		.align	1
 2508              		.global	adc_resolution_config
 2509              		.syntax unified
 2510              		.code	16
 2511              		.thumb_func
 2512              		.fpu softvfp
 2514              	adc_resolution_config:
 2515              	.LFB88:
 761:../Firmware/GD32E23x_standard_peripheral/Source/gd32e23x_adc.c **** 
 762:../Firmware/GD32E23x_standard_peripheral/Source/gd32e23x_adc.c **** 
 763:../Firmware/GD32E23x_standard_peripheral/Source/gd32e23x_adc.c **** /*!
 764:../Firmware/GD32E23x_standard_peripheral/Source/gd32e23x_adc.c ****     \brief      configure ADC resolution
 765:../Firmware/GD32E23x_standard_peripheral/Source/gd32e23x_adc.c ****     \param[in]  resolution: ADC resolution
 766:../Firmware/GD32E23x_standard_peripheral/Source/gd32e23x_adc.c ****                 only one parameter can be selected which is shown as below:
 767:../Firmware/GD32E23x_standard_peripheral/Source/gd32e23x_adc.c ****       \arg        ADC_RESOLUTION_12B: 12-bit ADC resolution
 768:../Firmware/GD32E23x_standard_peripheral/Source/gd32e23x_adc.c ****       \arg        ADC_RESOLUTION_10B: 10-bit ADC resolution
 769:../Firmware/GD32E23x_standard_peripheral/Source/gd32e23x_adc.c ****       \arg        ADC_RESOLUTION_8B: 8-bit ADC resolution
 770:../Firmware/GD32E23x_standard_peripheral/Source/gd32e23x_adc.c ****       \arg        ADC_RESOLUTION_6B: 6-bit ADC resolution
 771:../Firmware/GD32E23x_standard_peripheral/Source/gd32e23x_adc.c ****     \param[out] none
 772:../Firmware/GD32E23x_standard_peripheral/Source/gd32e23x_adc.c ****     \retval     none
 773:../Firmware/GD32E23x_standard_peripheral/Source/gd32e23x_adc.c **** */
 774:../Firmware/GD32E23x_standard_peripheral/Source/gd32e23x_adc.c **** void adc_resolution_config(uint32_t resolution)
 775:../Firmware/GD32E23x_standard_peripheral/Source/gd32e23x_adc.c **** {
 2516              		.loc 1 775 1
 2517              		.cfi_startproc
 2518              		@ args = 0, pretend = 0, frame = 8
 2519              		@ frame_needed = 1, uses_anonymous_args = 0
 2520 0000 80B5     		push	{r7, lr}
 2521              		.cfi_def_cfa_offset 8
 2522              		.cfi_offset 7, -8
 2523              		.cfi_offset 14, -4
 2524 0002 82B0     		sub	sp, sp, #8
 2525              		.cfi_def_cfa_offset 16
 2526 0004 00AF     		add	r7, sp, #0
 2527              		.cfi_def_cfa_register 7
 2528 0006 7860     		str	r0, [r7, #4]
 776:../Firmware/GD32E23x_standard_peripheral/Source/gd32e23x_adc.c ****     ADC_CTL0 &= ~((uint32_t)ADC_CTL0_DRES);
 2529              		.loc 1 776 14
 2530 0008 42F20443 		movw	r3, #9220
 2531 000c C4F20103 		movt	r3, 16385
 2532 0010 1A68     		ldr	r2, [r3]
 2533 0012 42F20443 		movw	r3, #9220
 2534 0016 C4F20103 		movt	r3, 16385
 2535 001a 0949     		ldr	r1, .L130
 2536 001c 0A40     		ands	r2, r1
 2537 001e 1A60     		str	r2, [r3]
 777:../Firmware/GD32E23x_standard_peripheral/Source/gd32e23x_adc.c ****     ADC_CTL0 |= (uint32_t)resolution;
 2538              		.loc 1 777 14
 2539 0020 42F20443 		movw	r3, #9220
 2540 0024 C4F20103 		movt	r3, 16385
 2541 0028 1968     		ldr	r1, [r3]
 2542 002a 42F20443 		movw	r3, #9220
 2543 002e C4F20103 		movt	r3, 16385
 2544 0032 7A68     		ldr	r2, [r7, #4]
 2545 0034 0A43     		orrs	r2, r1
 2546 0036 1A60     		str	r2, [r3]
 778:../Firmware/GD32E23x_standard_peripheral/Source/gd32e23x_adc.c **** }
 2547              		.loc 1 778 1
 2548 0038 C046     		nop
 2549 003a BD46     		mov	sp, r7
 2550 003c 02B0     		add	sp, sp, #8
 2551              		@ sp needed
 2552 003e 80BD     		pop	{r7, pc}
 2553              	.L131:
 2554              		.align	2
 2555              	.L130:
 2556 0040 FFFFFFFC 		.word	-50331649
 2557              		.cfi_endproc
 2558              	.LFE88:
 2560              		.section	.text.adc_oversample_mode_config,"ax",%progbits
 2561              		.align	1
 2562              		.global	adc_oversample_mode_config
 2563              		.syntax unified
 2564              		.code	16
 2565              		.thumb_func
 2566              		.fpu softvfp
 2568              	adc_oversample_mode_config:
 2569              	.LFB89:
 779:../Firmware/GD32E23x_standard_peripheral/Source/gd32e23x_adc.c **** 
 780:../Firmware/GD32E23x_standard_peripheral/Source/gd32e23x_adc.c **** /*!
 781:../Firmware/GD32E23x_standard_peripheral/Source/gd32e23x_adc.c ****     \brief      configure ADC oversample mode
 782:../Firmware/GD32E23x_standard_peripheral/Source/gd32e23x_adc.c ****     \param[in]  mode: ADC oversampling mode
 783:../Firmware/GD32E23x_standard_peripheral/Source/gd32e23x_adc.c ****                 only one parameter can be selected which is shown as below:
 784:../Firmware/GD32E23x_standard_peripheral/Source/gd32e23x_adc.c ****       \arg        ADC_OVERSAMPLING_ALL_CONVERT: all oversampled conversions for a channel are done 
 785:../Firmware/GD32E23x_standard_peripheral/Source/gd32e23x_adc.c ****       \arg        ADC_OVERSAMPLING_ONE_CONVERT: each oversampled conversion for a channel needs a t
 786:../Firmware/GD32E23x_standard_peripheral/Source/gd32e23x_adc.c ****     \param[in]  shift: ADC oversampling shift
 787:../Firmware/GD32E23x_standard_peripheral/Source/gd32e23x_adc.c ****                 only one parameter can be selected which is shown as below:
 788:../Firmware/GD32E23x_standard_peripheral/Source/gd32e23x_adc.c ****       \arg        ADC_OVERSAMPLING_SHIFT_NONE: no oversampling shift
 789:../Firmware/GD32E23x_standard_peripheral/Source/gd32e23x_adc.c ****       \arg        ADC_OVERSAMPLING_SHIFT_1B: 1-bit oversampling shift
 790:../Firmware/GD32E23x_standard_peripheral/Source/gd32e23x_adc.c ****       \arg        ADC_OVERSAMPLING_SHIFT_2B: 2-bit oversampling shift
 791:../Firmware/GD32E23x_standard_peripheral/Source/gd32e23x_adc.c ****       \arg        ADC_OVERSAMPLING_SHIFT_3B: 3-bit oversampling shift
 792:../Firmware/GD32E23x_standard_peripheral/Source/gd32e23x_adc.c ****       \arg        ADC_OVERSAMPLING_SHIFT_4B: 3-bit oversampling shift
 793:../Firmware/GD32E23x_standard_peripheral/Source/gd32e23x_adc.c ****       \arg        ADC_OVERSAMPLING_SHIFT_5B: 5-bit oversampling shift
 794:../Firmware/GD32E23x_standard_peripheral/Source/gd32e23x_adc.c ****       \arg        ADC_OVERSAMPLING_SHIFT_6B: 6-bit oversampling shift
 795:../Firmware/GD32E23x_standard_peripheral/Source/gd32e23x_adc.c ****       \arg        ADC_OVERSAMPLING_SHIFT_7B: 7-bit oversampling shift
 796:../Firmware/GD32E23x_standard_peripheral/Source/gd32e23x_adc.c ****       \arg        ADC_OVERSAMPLING_SHIFT_8B: 8-bit oversampling shift
 797:../Firmware/GD32E23x_standard_peripheral/Source/gd32e23x_adc.c ****     \param[in]  ratio: ADC oversampling ratio
 798:../Firmware/GD32E23x_standard_peripheral/Source/gd32e23x_adc.c ****                 only one parameter can be selected which is shown as below:
 799:../Firmware/GD32E23x_standard_peripheral/Source/gd32e23x_adc.c ****       \arg        ADC_OVERSAMPLING_RATIO_MUL2: oversampling ratio multiple 2
 800:../Firmware/GD32E23x_standard_peripheral/Source/gd32e23x_adc.c ****       \arg        ADC_OVERSAMPLING_RATIO_MUL4: oversampling ratio multiple 4
 801:../Firmware/GD32E23x_standard_peripheral/Source/gd32e23x_adc.c ****       \arg        ADC_OVERSAMPLING_RATIO_MUL8: oversampling ratio multiple 8
 802:../Firmware/GD32E23x_standard_peripheral/Source/gd32e23x_adc.c ****       \arg        ADC_OVERSAMPLING_RATIO_MUL16: oversampling ratio multiple 16
 803:../Firmware/GD32E23x_standard_peripheral/Source/gd32e23x_adc.c ****       \arg        ADC_OVERSAMPLING_RATIO_MUL32: oversampling ratio multiple 32
 804:../Firmware/GD32E23x_standard_peripheral/Source/gd32e23x_adc.c ****       \arg        ADC_OVERSAMPLING_RATIO_MUL64: oversampling ratio multiple 64
 805:../Firmware/GD32E23x_standard_peripheral/Source/gd32e23x_adc.c ****       \arg        ADC_OVERSAMPLING_RATIO_MUL128: oversampling ratio multiple 128
 806:../Firmware/GD32E23x_standard_peripheral/Source/gd32e23x_adc.c ****       \arg        ADC_OVERSAMPLING_RATIO_MUL256: oversampling ratio multiple 256
 807:../Firmware/GD32E23x_standard_peripheral/Source/gd32e23x_adc.c ****     \param[out] none
 808:../Firmware/GD32E23x_standard_peripheral/Source/gd32e23x_adc.c ****     \retval     none
 809:../Firmware/GD32E23x_standard_peripheral/Source/gd32e23x_adc.c **** */
 810:../Firmware/GD32E23x_standard_peripheral/Source/gd32e23x_adc.c **** void adc_oversample_mode_config(uint8_t mode, uint16_t shift, uint8_t ratio)
 811:../Firmware/GD32E23x_standard_peripheral/Source/gd32e23x_adc.c **** {
 2570              		.loc 1 811 1
 2571              		.cfi_startproc
 2572              		@ args = 0, pretend = 0, frame = 8
 2573              		@ frame_needed = 1, uses_anonymous_args = 0
 2574 0000 90B5     		push	{r4, r7, lr}
 2575              		.cfi_def_cfa_offset 12
 2576              		.cfi_offset 4, -12
 2577              		.cfi_offset 7, -8
 2578              		.cfi_offset 14, -4
 2579 0002 83B0     		sub	sp, sp, #12
 2580              		.cfi_def_cfa_offset 24
 2581 0004 00AF     		add	r7, sp, #0
 2582              		.cfi_def_cfa_register 7
 2583 0006 0400     		movs	r4, r0
 2584 0008 0800     		movs	r0, r1
 2585 000a 1100     		movs	r1, r2
 2586 000c FB1D     		adds	r3, r7, #7
 2587 000e 221C     		adds	r2, r4, #0
 2588 0010 1A70     		strb	r2, [r3]
 2589 0012 3B1D     		adds	r3, r7, #4
 2590 0014 021C     		adds	r2, r0, #0
 2591 0016 1A80     		strh	r2, [r3]
 2592 0018 BB1D     		adds	r3, r7, #6
 2593 001a 0A1C     		adds	r2, r1, #0
 2594 001c 1A70     		strb	r2, [r3]
 812:../Firmware/GD32E23x_standard_peripheral/Source/gd32e23x_adc.c ****     /* configure ADC oversampling mode */
 813:../Firmware/GD32E23x_standard_peripheral/Source/gd32e23x_adc.c ****     if(ADC_OVERSAMPLING_ONE_CONVERT == mode) {
 2595              		.loc 1 813 7
 2596 001e FB1D     		adds	r3, r7, #7
 2597 0020 1B78     		ldrb	r3, [r3]
 2598 0022 012B     		cmp	r3, #1
 2599 0024 0DD1     		bne	.L133
 814:../Firmware/GD32E23x_standard_peripheral/Source/gd32e23x_adc.c ****         ADC_OVSAMPCTL |= (uint32_t)ADC_OVSAMPCTL_TOVS;
 2600              		.loc 1 814 23
 2601 0026 42F28043 		movw	r3, #9344
 2602 002a C4F20103 		movt	r3, 16385
 2603 002e 1A68     		ldr	r2, [r3]
 2604 0030 42F28043 		movw	r3, #9344
 2605 0034 C4F20103 		movt	r3, 16385
 2606 0038 40F20021 		movw	r1, #512
 2607 003c 0A43     		orrs	r2, r1
 2608 003e 1A60     		str	r2, [r3]
 2609 0040 0BE0     		b	.L134
 2610              	.L133:
 815:../Firmware/GD32E23x_standard_peripheral/Source/gd32e23x_adc.c ****     } else {
 816:../Firmware/GD32E23x_standard_peripheral/Source/gd32e23x_adc.c ****         ADC_OVSAMPCTL &= ~((uint32_t)ADC_OVSAMPCTL_TOVS);
 2611              		.loc 1 816 23
 2612 0042 42F28043 		movw	r3, #9344
 2613 0046 C4F20103 		movt	r3, 16385
 2614 004a 1A68     		ldr	r2, [r3]
 2615 004c 42F28043 		movw	r3, #9344
 2616 0050 C4F20103 		movt	r3, 16385
 2617 0054 1149     		ldr	r1, .L135
 2618 0056 0A40     		ands	r2, r1
 2619 0058 1A60     		str	r2, [r3]
 2620              	.L134:
 817:../Firmware/GD32E23x_standard_peripheral/Source/gd32e23x_adc.c ****     }
 818:../Firmware/GD32E23x_standard_peripheral/Source/gd32e23x_adc.c **** 
 819:../Firmware/GD32E23x_standard_peripheral/Source/gd32e23x_adc.c ****     /* configure the shift and ratio */
 820:../Firmware/GD32E23x_standard_peripheral/Source/gd32e23x_adc.c ****     ADC_OVSAMPCTL &= ~((uint32_t)(ADC_OVSAMPCTL_OVSR | ADC_OVSAMPCTL_OVSS));
 2621              		.loc 1 820 19
 2622 005a 42F28043 		movw	r3, #9344
 2623 005e C4F20103 		movt	r3, 16385
 2624 0062 1A68     		ldr	r2, [r3]
 2625 0064 42F28043 		movw	r3, #9344
 2626 0068 C4F20103 		movt	r3, 16385
 2627 006c 0C49     		ldr	r1, .L135+4
 2628 006e 0A40     		ands	r2, r1
 2629 0070 1A60     		str	r2, [r3]
 821:../Firmware/GD32E23x_standard_peripheral/Source/gd32e23x_adc.c ****     ADC_OVSAMPCTL |= ((uint32_t)shift | (uint32_t)ratio);
 2630              		.loc 1 821 19
 2631 0072 42F28043 		movw	r3, #9344
 2632 0076 C4F20103 		movt	r3, 16385
 2633 007a 1968     		ldr	r1, [r3]
 2634              		.loc 1 821 23
 2635 007c 3B1D     		adds	r3, r7, #4
 2636 007e 1A88     		ldrh	r2, [r3]
 2637              		.loc 1 821 41
 2638 0080 BB1D     		adds	r3, r7, #6
 2639 0082 1B78     		ldrb	r3, [r3]
 2640              		.loc 1 821 39
 2641 0084 1A43     		orrs	r2, r3
 2642              		.loc 1 821 19
 2643 0086 42F28043 		movw	r3, #9344
 2644 008a C4F20103 		movt	r3, 16385
 2645 008e 0A43     		orrs	r2, r1
 2646 0090 1A60     		str	r2, [r3]
 822:../Firmware/GD32E23x_standard_peripheral/Source/gd32e23x_adc.c **** }
 2647              		.loc 1 822 1
 2648 0092 C046     		nop
 2649 0094 BD46     		mov	sp, r7
 2650 0096 03B0     		add	sp, sp, #12
 2651              		@ sp needed
 2652 0098 90BD     		pop	{r4, r7, pc}
 2653              	.L136:
 2654 009a C046     		.align	2
 2655              	.L135:
 2656 009c FFFDFFFF 		.word	-513
 2657 00a0 03FEFFFF 		.word	-509
 2658              		.cfi_endproc
 2659              	.LFE89:
 2661              		.section	.text.adc_oversample_mode_enable,"ax",%progbits
 2662              		.align	1
 2663              		.global	adc_oversample_mode_enable
 2664              		.syntax unified
 2665              		.code	16
 2666              		.thumb_func
 2667              		.fpu softvfp
 2669              	adc_oversample_mode_enable:
 2670              	.LFB90:
 823:../Firmware/GD32E23x_standard_peripheral/Source/gd32e23x_adc.c **** 
 824:../Firmware/GD32E23x_standard_peripheral/Source/gd32e23x_adc.c **** /*!
 825:../Firmware/GD32E23x_standard_peripheral/Source/gd32e23x_adc.c ****     \brief      enable ADC oversample mode
 826:../Firmware/GD32E23x_standard_peripheral/Source/gd32e23x_adc.c ****     \param[in]  none
 827:../Firmware/GD32E23x_standard_peripheral/Source/gd32e23x_adc.c ****     \param[out] none
 828:../Firmware/GD32E23x_standard_peripheral/Source/gd32e23x_adc.c ****     \retval     none
 829:../Firmware/GD32E23x_standard_peripheral/Source/gd32e23x_adc.c **** */
 830:../Firmware/GD32E23x_standard_peripheral/Source/gd32e23x_adc.c **** void adc_oversample_mode_enable(void)
 831:../Firmware/GD32E23x_standard_peripheral/Source/gd32e23x_adc.c **** {
 2671              		.loc 1 831 1
 2672              		.cfi_startproc
 2673              		@ args = 0, pretend = 0, frame = 0
 2674              		@ frame_needed = 1, uses_anonymous_args = 0
 2675 0000 80B5     		push	{r7, lr}
 2676              		.cfi_def_cfa_offset 8
 2677              		.cfi_offset 7, -8
 2678              		.cfi_offset 14, -4
 2679 0002 00AF     		add	r7, sp, #0
 2680              		.cfi_def_cfa_register 7
 832:../Firmware/GD32E23x_standard_peripheral/Source/gd32e23x_adc.c ****     ADC_OVSAMPCTL |= ADC_OVSAMPCTL_OVSEN;
 2681              		.loc 1 832 19
 2682 0004 42F28043 		movw	r3, #9344
 2683 0008 C4F20103 		movt	r3, 16385
 2684 000c 1A68     		ldr	r2, [r3]
 2685 000e 42F28043 		movw	r3, #9344
 2686 0012 C4F20103 		movt	r3, 16385
 2687 0016 0121     		movs	r1, #1
 2688 0018 0A43     		orrs	r2, r1
 2689 001a 1A60     		str	r2, [r3]
 833:../Firmware/GD32E23x_standard_peripheral/Source/gd32e23x_adc.c **** }
 2690              		.loc 1 833 1
 2691 001c C046     		nop
 2692 001e BD46     		mov	sp, r7
 2693              		@ sp needed
 2694 0020 80BD     		pop	{r7, pc}
 2695              		.cfi_endproc
 2696              	.LFE90:
 2698              		.section	.text.adc_oversample_mode_disable,"ax",%progbits
 2699              		.align	1
 2700              		.global	adc_oversample_mode_disable
 2701              		.syntax unified
 2702              		.code	16
 2703              		.thumb_func
 2704              		.fpu softvfp
 2706              	adc_oversample_mode_disable:
 2707              	.LFB91:
 834:../Firmware/GD32E23x_standard_peripheral/Source/gd32e23x_adc.c **** 
 835:../Firmware/GD32E23x_standard_peripheral/Source/gd32e23x_adc.c **** /*!
 836:../Firmware/GD32E23x_standard_peripheral/Source/gd32e23x_adc.c ****     \brief      disable ADC oversample mode
 837:../Firmware/GD32E23x_standard_peripheral/Source/gd32e23x_adc.c ****     \param[in]  none
 838:../Firmware/GD32E23x_standard_peripheral/Source/gd32e23x_adc.c ****     \param[out] none
 839:../Firmware/GD32E23x_standard_peripheral/Source/gd32e23x_adc.c ****     \retval     none
 840:../Firmware/GD32E23x_standard_peripheral/Source/gd32e23x_adc.c **** */
 841:../Firmware/GD32E23x_standard_peripheral/Source/gd32e23x_adc.c **** void adc_oversample_mode_disable(void)
 842:../Firmware/GD32E23x_standard_peripheral/Source/gd32e23x_adc.c **** {
 2708              		.loc 1 842 1
 2709              		.cfi_startproc
 2710              		@ args = 0, pretend = 0, frame = 0
 2711              		@ frame_needed = 1, uses_anonymous_args = 0
 2712 0000 80B5     		push	{r7, lr}
 2713              		.cfi_def_cfa_offset 8
 2714              		.cfi_offset 7, -8
 2715              		.cfi_offset 14, -4
 2716 0002 00AF     		add	r7, sp, #0
 2717              		.cfi_def_cfa_register 7
 843:../Firmware/GD32E23x_standard_peripheral/Source/gd32e23x_adc.c ****     ADC_OVSAMPCTL &= ~((uint32_t)ADC_OVSAMPCTL_OVSEN);
 2718              		.loc 1 843 19
 2719 0004 42F28043 		movw	r3, #9344
 2720 0008 C4F20103 		movt	r3, 16385
 2721 000c 1A68     		ldr	r2, [r3]
 2722 000e 42F28043 		movw	r3, #9344
 2723 0012 C4F20103 		movt	r3, 16385
 2724 0016 0121     		movs	r1, #1
 2725 0018 8A43     		bics	r2, r1
 2726 001a 1A60     		str	r2, [r3]
 844:../Firmware/GD32E23x_standard_peripheral/Source/gd32e23x_adc.c **** }
 2727              		.loc 1 844 1
 2728 001c C046     		nop
 2729 001e BD46     		mov	sp, r7
 2730              		@ sp needed
 2731 0020 80BD     		pop	{r7, pc}
 2732              		.cfi_endproc
 2733              	.LFE91:
 2735              		.text
 2736              	.Letext0:
 2737              		.file 2 "d:\\software\\gd32embeddedbuilder_v1.5.6_rel\\tools\\gnu tools arm embedded\\xpack-arm-no
 2738              		.file 3 "d:\\software\\gd32embeddedbuilder_v1.5.6_rel\\tools\\gnu tools arm embedded\\xpack-arm-no
 2739              		.file 4 "../Firmware/CMSIS/GD/GD32E23x/Include/gd32e23x.h"
 2740              		.file 5 "../Firmware/GD32E23x_standard_peripheral/Include/gd32e23x_rcu.h"
 2741              		.file 6 "../Firmware/CMSIS/GD/GD32E23x/Include/system_gd32e23x.h"
DEFINED SYMBOLS
                            *ABS*:00000000 gd32e23x_adc.c
C:\Users\sen.he\AppData\Local\Temp\ccKtnhSw.s:16     .text.adc_deinit:00000000 $t
C:\Users\sen.he\AppData\Local\Temp\ccKtnhSw.s:24     .text.adc_deinit:00000000 adc_deinit
C:\Users\sen.he\AppData\Local\Temp\ccKtnhSw.s:52     .text.adc_enable:00000000 $t
C:\Users\sen.he\AppData\Local\Temp\ccKtnhSw.s:59     .text.adc_enable:00000000 adc_enable
C:\Users\sen.he\AppData\Local\Temp\ccKtnhSw.s:99     .text.adc_disable:00000000 $t
C:\Users\sen.he\AppData\Local\Temp\ccKtnhSw.s:106    .text.adc_disable:00000000 adc_disable
C:\Users\sen.he\AppData\Local\Temp\ccKtnhSw.s:136    .text.adc_calibration_enable:00000000 $t
C:\Users\sen.he\AppData\Local\Temp\ccKtnhSw.s:143    .text.adc_calibration_enable:00000000 adc_calibration_enable
C:\Users\sen.he\AppData\Local\Temp\ccKtnhSw.s:209    .text.adc_dma_mode_enable:00000000 $t
C:\Users\sen.he\AppData\Local\Temp\ccKtnhSw.s:216    .text.adc_dma_mode_enable:00000000 adc_dma_mode_enable
C:\Users\sen.he\AppData\Local\Temp\ccKtnhSw.s:246    .text.adc_dma_mode_disable:00000000 $t
C:\Users\sen.he\AppData\Local\Temp\ccKtnhSw.s:253    .text.adc_dma_mode_disable:00000000 adc_dma_mode_disable
C:\Users\sen.he\AppData\Local\Temp\ccKtnhSw.s:282    .text.adc_dma_mode_disable:00000024 $d
C:\Users\sen.he\AppData\Local\Temp\ccKtnhSw.s:287    .text.adc_tempsensor_vrefint_enable:00000000 $t
C:\Users\sen.he\AppData\Local\Temp\ccKtnhSw.s:294    .text.adc_tempsensor_vrefint_enable:00000000 adc_tempsensor_vrefint_enable
C:\Users\sen.he\AppData\Local\Temp\ccKtnhSw.s:325    .text.adc_tempsensor_vrefint_disable:00000000 $t
C:\Users\sen.he\AppData\Local\Temp\ccKtnhSw.s:332    .text.adc_tempsensor_vrefint_disable:00000000 adc_tempsensor_vrefint_disable
C:\Users\sen.he\AppData\Local\Temp\ccKtnhSw.s:361    .text.adc_tempsensor_vrefint_disable:00000024 $d
C:\Users\sen.he\AppData\Local\Temp\ccKtnhSw.s:366    .text.adc_discontinuous_mode_config:00000000 $t
C:\Users\sen.he\AppData\Local\Temp\ccKtnhSw.s:373    .text.adc_discontinuous_mode_config:00000000 adc_discontinuous_mode_config
C:\Users\sen.he\AppData\Local\Temp\ccKtnhSw.s:470    .text.adc_discontinuous_mode_config:000000b4 $d
C:\Users\sen.he\AppData\Local\Temp\ccKtnhSw.s:476    .text.adc_special_function_config:00000000 $t
C:\Users\sen.he\AppData\Local\Temp\ccKtnhSw.s:483    .text.adc_special_function_config:00000000 adc_special_function_config
C:\Users\sen.he\AppData\Local\Temp\ccKtnhSw.s:613    .text.adc_special_function_config:000000ec $d
C:\Users\sen.he\AppData\Local\Temp\ccKtnhSw.s:619    .text.adc_data_alignment_config:00000000 $t
C:\Users\sen.he\AppData\Local\Temp\ccKtnhSw.s:626    .text.adc_data_alignment_config:00000000 adc_data_alignment_config
C:\Users\sen.he\AppData\Local\Temp\ccKtnhSw.s:675    .text.adc_data_alignment_config:00000048 $d
C:\Users\sen.he\AppData\Local\Temp\ccKtnhSw.s:680    .text.adc_channel_length_config:00000000 $t
C:\Users\sen.he\AppData\Local\Temp\ccKtnhSw.s:687    .text.adc_channel_length_config:00000000 adc_channel_length_config
C:\Users\sen.he\AppData\Local\Temp\ccKtnhSw.s:780    .text.adc_channel_length_config:0000009c $d
C:\Users\sen.he\AppData\Local\Temp\ccKtnhSw.s:786    .text.adc_regular_channel_config:00000000 $t
C:\Users\sen.he\AppData\Local\Temp\ccKtnhSw.s:793    .text.adc_regular_channel_config:00000000 adc_regular_channel_config
C:\Users\sen.he\AppData\Local\Temp\ccKtnhSw.s:1080   .text.adc_inserted_channel_config:00000000 $t
C:\Users\sen.he\AppData\Local\Temp\ccKtnhSw.s:1087   .text.adc_inserted_channel_config:00000000 adc_inserted_channel_config
C:\Users\sen.he\AppData\Local\Temp\ccKtnhSw.s:1292   .text.adc_inserted_channel_offset_config:00000000 $t
C:\Users\sen.he\AppData\Local\Temp\ccKtnhSw.s:1299   .text.adc_inserted_channel_offset_config:00000000 adc_inserted_channel_offset_config
C:\Users\sen.he\AppData\Local\Temp\ccKtnhSw.s:1378   .text.adc_external_trigger_config:00000000 $t
C:\Users\sen.he\AppData\Local\Temp\ccKtnhSw.s:1385   .text.adc_external_trigger_config:00000000 adc_external_trigger_config
C:\Users\sen.he\AppData\Local\Temp\ccKtnhSw.s:1489   .text.adc_external_trigger_config:000000b0 $d
C:\Users\sen.he\AppData\Local\Temp\ccKtnhSw.s:1495   .text.adc_external_trigger_source_config:00000000 $t
C:\Users\sen.he\AppData\Local\Temp\ccKtnhSw.s:1502   .text.adc_external_trigger_source_config:00000000 adc_external_trigger_source_config
C:\Users\sen.he\AppData\Local\Temp\ccKtnhSw.s:1581   .text.adc_external_trigger_source_config:00000088 $d
C:\Users\sen.he\AppData\Local\Temp\ccKtnhSw.s:1587   .text.adc_software_trigger_enable:00000000 $t
C:\Users\sen.he\AppData\Local\Temp\ccKtnhSw.s:1594   .text.adc_software_trigger_enable:00000000 adc_software_trigger_enable
C:\Users\sen.he\AppData\Local\Temp\ccKtnhSw.s:1657   .text.adc_regular_data_read:00000000 $t
C:\Users\sen.he\AppData\Local\Temp\ccKtnhSw.s:1664   .text.adc_regular_data_read:00000000 adc_regular_data_read
C:\Users\sen.he\AppData\Local\Temp\ccKtnhSw.s:1691   .text.adc_inserted_data_read:00000000 $t
C:\Users\sen.he\AppData\Local\Temp\ccKtnhSw.s:1698   .text.adc_inserted_data_read:00000000 adc_inserted_data_read
C:\Users\sen.he\AppData\Local\Temp\ccKtnhSw.s:1784   .text.adc_flag_get:00000000 $t
C:\Users\sen.he\AppData\Local\Temp\ccKtnhSw.s:1791   .text.adc_flag_get:00000000 adc_flag_get
C:\Users\sen.he\AppData\Local\Temp\ccKtnhSw.s:1839   .text.adc_flag_clear:00000000 $t
C:\Users\sen.he\AppData\Local\Temp\ccKtnhSw.s:1846   .text.adc_flag_clear:00000000 adc_flag_clear
C:\Users\sen.he\AppData\Local\Temp\ccKtnhSw.s:1883   .text.adc_interrupt_flag_get:00000000 $t
C:\Users\sen.he\AppData\Local\Temp\ccKtnhSw.s:1890   .text.adc_interrupt_flag_get:00000000 adc_interrupt_flag_get
C:\Users\sen.he\AppData\Local\Temp\ccKtnhSw.s:2041   .text.adc_interrupt_flag_clear:00000000 $t
C:\Users\sen.he\AppData\Local\Temp\ccKtnhSw.s:2048   .text.adc_interrupt_flag_clear:00000000 adc_interrupt_flag_clear
C:\Users\sen.he\AppData\Local\Temp\ccKtnhSw.s:2085   .text.adc_interrupt_enable:00000000 $t
C:\Users\sen.he\AppData\Local\Temp\ccKtnhSw.s:2092   .text.adc_interrupt_enable:00000000 adc_interrupt_enable
C:\Users\sen.he\AppData\Local\Temp\ccKtnhSw.s:2165   .text.adc_interrupt_disable:00000000 $t
C:\Users\sen.he\AppData\Local\Temp\ccKtnhSw.s:2172   .text.adc_interrupt_disable:00000000 adc_interrupt_disable
C:\Users\sen.he\AppData\Local\Temp\ccKtnhSw.s:2245   .text.adc_watchdog_single_channel_enable:00000000 $t
C:\Users\sen.he\AppData\Local\Temp\ccKtnhSw.s:2252   .text.adc_watchdog_single_channel_enable:00000000 adc_watchdog_single_channel_enable
C:\Users\sen.he\AppData\Local\Temp\ccKtnhSw.s:2311   .text.adc_watchdog_group_channel_enable:00000000 $t
C:\Users\sen.he\AppData\Local\Temp\ccKtnhSw.s:2318   .text.adc_watchdog_group_channel_enable:00000000 adc_watchdog_group_channel_enable
C:\Users\sen.he\AppData\Local\Temp\ccKtnhSw.s:2410   .text.adc_watchdog_disable:00000000 $t
C:\Users\sen.he\AppData\Local\Temp\ccKtnhSw.s:2417   .text.adc_watchdog_disable:00000000 adc_watchdog_disable
C:\Users\sen.he\AppData\Local\Temp\ccKtnhSw.s:2448   .text.adc_watchdog_threshold_config:00000000 $t
C:\Users\sen.he\AppData\Local\Temp\ccKtnhSw.s:2455   .text.adc_watchdog_threshold_config:00000000 adc_watchdog_threshold_config
C:\Users\sen.he\AppData\Local\Temp\ccKtnhSw.s:2507   .text.adc_resolution_config:00000000 $t
C:\Users\sen.he\AppData\Local\Temp\ccKtnhSw.s:2514   .text.adc_resolution_config:00000000 adc_resolution_config
C:\Users\sen.he\AppData\Local\Temp\ccKtnhSw.s:2556   .text.adc_resolution_config:00000040 $d
C:\Users\sen.he\AppData\Local\Temp\ccKtnhSw.s:2561   .text.adc_oversample_mode_config:00000000 $t
C:\Users\sen.he\AppData\Local\Temp\ccKtnhSw.s:2568   .text.adc_oversample_mode_config:00000000 adc_oversample_mode_config
C:\Users\sen.he\AppData\Local\Temp\ccKtnhSw.s:2656   .text.adc_oversample_mode_config:0000009c $d
C:\Users\sen.he\AppData\Local\Temp\ccKtnhSw.s:2662   .text.adc_oversample_mode_enable:00000000 $t
C:\Users\sen.he\AppData\Local\Temp\ccKtnhSw.s:2669   .text.adc_oversample_mode_enable:00000000 adc_oversample_mode_enable
C:\Users\sen.he\AppData\Local\Temp\ccKtnhSw.s:2699   .text.adc_oversample_mode_disable:00000000 $t
C:\Users\sen.he\AppData\Local\Temp\ccKtnhSw.s:2706   .text.adc_oversample_mode_disable:00000000 adc_oversample_mode_disable
                           .group:00000000 wm4.0.590463c46bf1d553a4d8081ecba6952e
                           .group:00000000 wm4.gd32e23x.h.39.0bf85d194b71a50de4fcad938c637dda
                           .group:00000000 wm4._newlib_version.h.4.9ba035841e762c3308916a0ce96032e7
                           .group:00000000 wm4.features.h.33.318b64d71e0957639cfb30f1db1f7ec8
                           .group:00000000 wm4._default_types.h.15.247e5cd201eca3442cbf5404108c4935
                           .group:00000000 wm4._intsup.h.10.cce27fed8484c08a33f522034c30d2b5
                           .group:00000000 wm4._stdint.h.10.c24fa3af3bc1706662bb5593a907e841
                           .group:00000000 wm4.stdint.h.23.d53047a68f4a85177f80b422d52785ed
                           .group:00000000 wm4.core_cm23.h.64.de3bc139a6604757cb96382033d22ea4
                           .group:00000000 wm4.cmsis_gcc.h.26.41038879cf168e2c536d47f29b7e8dd8
                           .group:00000000 wm4.core_cm23.h.125.de61c9c922e4fe53a01469e1afefe964
                           .group:00000000 wm4.system_gd32e23x.h.38.7a884860f7764c0ab5165a93f03201bb
                           .group:00000000 wm4.gd32e23x.h.163.9acf0d7337f9fe4e45533e128df527f9
                           .group:00000000 wm4.gd32e23x_crc.h.41.95eefe2d72f93fbdcfed631f97faa4df
                           .group:00000000 wm4.gd32e23x_dbg.h.36.d33e52eaa928f5287aa06af215016669
                           .group:00000000 wm4.gd32e23x_dma.h.36.526a5bad10d356aae73db43b8b6c8ac1
                           .group:00000000 wm4.gd32e23x_exti.h.36.af0d6df8c0ce7b2677a9f89a98c409ce
                           .group:00000000 wm4.gd32e23x_fmc.h.36.75bde762cab332c240661c238a094712
                           .group:00000000 wm4.gd32e23x_gpio.h.36.795887d0586769fb622efbe77d569cda
                           .group:00000000 wm4.gd32e23x_syscfg.h.36.01ade19f7155772b744fa54349aa8666
                           .group:00000000 wm4.gd32e23x_i2c.h.36.e6cffa765f1652866ccb69e12f59470e
                           .group:00000000 wm4.gd32e23x_fwdgt.h.36.2fcc8574db554a4bd9e84c5cd0b7ab23
                           .group:00000000 wm4.gd32e23x_pmu.h.36.eca9453dd7794477bf31deebb1c6dd71
                           .group:00000000 wm4.gd32e23x_rcu.h.36.5275b85972d8917a1d7fb8903e56792a
                           .group:00000000 wm4.gd32e23x_rtc.h.36.83ced1869b0634048aca709e2e07b91d
                           .group:00000000 wm4.gd32e23x_spi.h.36.3f2a16ec9ce43b99360e154caa44fc36
                           .group:00000000 wm4.gd32e23x_timer.h.36.1a402a135f3e05d89798e4281e3b9d83
                           .group:00000000 wm4.gd32e23x_usart.h.36.c2b993b4a3fc79395d2c6452b270c65c
                           .group:00000000 wm4.gd32e23x_wwdgt.h.36.067f8fa16250ddb8196a2d3d5347a8d1
                           .group:00000000 wm4.gd32e23x_misc.h.36.02bcf8ea2494d3a2286a92cdad908103
                           .group:00000000 wm4.gd32e23x_cmp.h.36.0a60ec830a2d39bbe01854c1093a76e2
                           .group:00000000 wm4.gd32e23x_adc.h.41.e37db1574230c817b545e8965349e4d7

UNDEFINED SYMBOLS
rcu_periph_reset_enable
rcu_periph_reset_disable
