   1              		.cpu cortex-m23
   2              		.eabi_attribute 20, 1
   3              		.eabi_attribute 21, 1
   4              		.eabi_attribute 23, 3
   5              		.eabi_attribute 24, 1
   6              		.eabi_attribute 25, 1
   7              		.eabi_attribute 26, 1
   8              		.eabi_attribute 30, 6
   9              		.eabi_attribute 34, 0
  10              		.eabi_attribute 18, 4
  11              		.file	"gd32e23x_i2c.c"
  12              		.text
  13              	.Ltext0:
  14              		.cfi_sections	.debug_frame
  15              		.section	.text.i2c_deinit,"ax",%progbits
  16              		.align	1
  17              		.global	i2c_deinit
  18              		.arch armv8-m.base
  19              		.syntax unified
  20              		.code	16
  21              		.thumb_func
  22              		.fpu softvfp
  24              	i2c_deinit:
  25              	.LFB58:
  26              		.file 1 "../Firmware/GD32E23x_standard_peripheral/Source/gd32e23x_i2c.c"
   1:../Firmware/GD32E23x_standard_peripheral/Source/gd32e23x_i2c.c **** /*!
   2:../Firmware/GD32E23x_standard_peripheral/Source/gd32e23x_i2c.c ****     \file    gd32e23x_i2c.c
   3:../Firmware/GD32E23x_standard_peripheral/Source/gd32e23x_i2c.c ****     \brief   I2C driver
   4:../Firmware/GD32E23x_standard_peripheral/Source/gd32e23x_i2c.c **** 
   5:../Firmware/GD32E23x_standard_peripheral/Source/gd32e23x_i2c.c ****     \version 2025-08-08, V2.4.0, firmware for GD32E23x
   6:../Firmware/GD32E23x_standard_peripheral/Source/gd32e23x_i2c.c **** */
   7:../Firmware/GD32E23x_standard_peripheral/Source/gd32e23x_i2c.c **** 
   8:../Firmware/GD32E23x_standard_peripheral/Source/gd32e23x_i2c.c **** /*
   9:../Firmware/GD32E23x_standard_peripheral/Source/gd32e23x_i2c.c ****     Copyright (c) 2025, GigaDevice Semiconductor Inc.
  10:../Firmware/GD32E23x_standard_peripheral/Source/gd32e23x_i2c.c **** 
  11:../Firmware/GD32E23x_standard_peripheral/Source/gd32e23x_i2c.c ****     Redistribution and use in source and binary forms, with or without modification,
  12:../Firmware/GD32E23x_standard_peripheral/Source/gd32e23x_i2c.c **** are permitted provided that the following conditions are met:
  13:../Firmware/GD32E23x_standard_peripheral/Source/gd32e23x_i2c.c **** 
  14:../Firmware/GD32E23x_standard_peripheral/Source/gd32e23x_i2c.c ****     1. Redistributions of source code must retain the above copyright notice, this
  15:../Firmware/GD32E23x_standard_peripheral/Source/gd32e23x_i2c.c ****        list of conditions and the following disclaimer.
  16:../Firmware/GD32E23x_standard_peripheral/Source/gd32e23x_i2c.c ****     2. Redistributions in binary form must reproduce the above copyright notice,
  17:../Firmware/GD32E23x_standard_peripheral/Source/gd32e23x_i2c.c ****        this list of conditions and the following disclaimer in the documentation
  18:../Firmware/GD32E23x_standard_peripheral/Source/gd32e23x_i2c.c ****        and/or other materials provided with the distribution.
  19:../Firmware/GD32E23x_standard_peripheral/Source/gd32e23x_i2c.c ****     3. Neither the name of the copyright holder nor the names of its contributors
  20:../Firmware/GD32E23x_standard_peripheral/Source/gd32e23x_i2c.c ****        may be used to endorse or promote products derived from this software without
  21:../Firmware/GD32E23x_standard_peripheral/Source/gd32e23x_i2c.c ****        specific prior written permission.
  22:../Firmware/GD32E23x_standard_peripheral/Source/gd32e23x_i2c.c **** 
  23:../Firmware/GD32E23x_standard_peripheral/Source/gd32e23x_i2c.c ****     THIS SOFTWARE IS PROVIDED BY THE COPYRIGHT HOLDERS AND CONTRIBUTORS "AS IS"
  24:../Firmware/GD32E23x_standard_peripheral/Source/gd32e23x_i2c.c **** AND ANY EXPRESS OR IMPLIED WARRANTIES, INCLUDING, BUT NOT LIMITED TO, THE IMPLIED
  25:../Firmware/GD32E23x_standard_peripheral/Source/gd32e23x_i2c.c **** WARRANTIES OF MERCHANTABILITY AND FITNESS FOR A PARTICULAR PURPOSE ARE DISCLAIMED.
  26:../Firmware/GD32E23x_standard_peripheral/Source/gd32e23x_i2c.c **** IN NO EVENT SHALL THE COPYRIGHT HOLDER OR CONTRIBUTORS BE LIABLE FOR ANY DIRECT,
  27:../Firmware/GD32E23x_standard_peripheral/Source/gd32e23x_i2c.c **** INDIRECT, INCIDENTAL, SPECIAL, EXEMPLARY, OR CONSEQUENTIAL DAMAGES (INCLUDING, BUT
  28:../Firmware/GD32E23x_standard_peripheral/Source/gd32e23x_i2c.c **** NOT LIMITED TO, PROCUREMENT OF SUBSTITUTE GOODS OR SERVICES; LOSS OF USE, DATA, OR
  29:../Firmware/GD32E23x_standard_peripheral/Source/gd32e23x_i2c.c **** PROFITS; OR BUSINESS INTERRUPTION) HOWEVER CAUSED AND ON ANY THEORY OF LIABILITY,
  30:../Firmware/GD32E23x_standard_peripheral/Source/gd32e23x_i2c.c **** WHETHER IN CONTRACT, STRICT LIABILITY, OR TORT (INCLUDING NEGLIGENCE OR OTHERWISE)
  31:../Firmware/GD32E23x_standard_peripheral/Source/gd32e23x_i2c.c **** ARISING IN ANY WAY OUT OF THE USE OF THIS SOFTWARE, EVEN IF ADVISED OF THE POSSIBILITY
  32:../Firmware/GD32E23x_standard_peripheral/Source/gd32e23x_i2c.c **** OF SUCH DAMAGE.
  33:../Firmware/GD32E23x_standard_peripheral/Source/gd32e23x_i2c.c **** */
  34:../Firmware/GD32E23x_standard_peripheral/Source/gd32e23x_i2c.c **** 
  35:../Firmware/GD32E23x_standard_peripheral/Source/gd32e23x_i2c.c **** #include "gd32e23x_i2c.h"
  36:../Firmware/GD32E23x_standard_peripheral/Source/gd32e23x_i2c.c **** 
  37:../Firmware/GD32E23x_standard_peripheral/Source/gd32e23x_i2c.c **** /* I2C register bit mask */
  38:../Firmware/GD32E23x_standard_peripheral/Source/gd32e23x_i2c.c **** #define I2CCLK_MAX                    ((uint32_t)0x0000007FU)             /*!< i2cclk maximum value
  39:../Firmware/GD32E23x_standard_peripheral/Source/gd32e23x_i2c.c **** #define I2CCLK_MIN                    ((uint32_t)0x00000002U)             /*!< i2cclk minimum value
  40:../Firmware/GD32E23x_standard_peripheral/Source/gd32e23x_i2c.c **** #define I2C_FLAG_MASK                 ((uint32_t)0x0000FFFFU)             /*!< i2c flag mask */
  41:../Firmware/GD32E23x_standard_peripheral/Source/gd32e23x_i2c.c **** #define I2C_ADDRESS_MASK              ((uint32_t)0x000003FFU)             /*!< i2c address mask */
  42:../Firmware/GD32E23x_standard_peripheral/Source/gd32e23x_i2c.c **** #define I2C_ADDRESS2_MASK             ((uint32_t)0x000000FEU)             /*!< the second i2c addre
  43:../Firmware/GD32E23x_standard_peripheral/Source/gd32e23x_i2c.c **** 
  44:../Firmware/GD32E23x_standard_peripheral/Source/gd32e23x_i2c.c **** /* I2C register bit offset */
  45:../Firmware/GD32E23x_standard_peripheral/Source/gd32e23x_i2c.c **** #define STAT1_PECV_OFFSET             ((uint32_t)0x00000008U)             /* bit offset of PECV in 
  46:../Firmware/GD32E23x_standard_peripheral/Source/gd32e23x_i2c.c **** 
  47:../Firmware/GD32E23x_standard_peripheral/Source/gd32e23x_i2c.c **** /*!
  48:../Firmware/GD32E23x_standard_peripheral/Source/gd32e23x_i2c.c ****     \brief      reset I2C
  49:../Firmware/GD32E23x_standard_peripheral/Source/gd32e23x_i2c.c ****     \param[in]  i2c_periph: I2Cx(x=0,1)
  50:../Firmware/GD32E23x_standard_peripheral/Source/gd32e23x_i2c.c ****     \param[out] none
  51:../Firmware/GD32E23x_standard_peripheral/Source/gd32e23x_i2c.c ****     \retval     none
  52:../Firmware/GD32E23x_standard_peripheral/Source/gd32e23x_i2c.c **** */
  53:../Firmware/GD32E23x_standard_peripheral/Source/gd32e23x_i2c.c **** void i2c_deinit(uint32_t i2c_periph)
  54:../Firmware/GD32E23x_standard_peripheral/Source/gd32e23x_i2c.c **** {
  27              		.loc 1 54 1
  28              		.cfi_startproc
  29              		@ args = 0, pretend = 0, frame = 8
  30              		@ frame_needed = 1, uses_anonymous_args = 0
  31 0000 80B5     		push	{r7, lr}
  32              		.cfi_def_cfa_offset 8
  33              		.cfi_offset 7, -8
  34              		.cfi_offset 14, -4
  35 0002 82B0     		sub	sp, sp, #8
  36              		.cfi_def_cfa_offset 16
  37 0004 00AF     		add	r7, sp, #0
  38              		.cfi_def_cfa_register 7
  39 0006 7860     		str	r0, [r7, #4]
  55:../Firmware/GD32E23x_standard_peripheral/Source/gd32e23x_i2c.c ****     switch(i2c_periph) {
  40              		.loc 1 55 5
  41 0008 7A68     		ldr	r2, [r7, #4]
  42 000a 45F20043 		movw	r3, #21504
  43 000e C4F20003 		movt	r3, 16384
  44 0012 9A42     		cmp	r2, r3
  45 0014 07D0     		beq	.L2
  46 0016 7A68     		ldr	r2, [r7, #4]
  47 0018 45F60003 		movw	r3, #22528
  48 001c C4F20003 		movt	r3, 16384
  49 0020 9A42     		cmp	r2, r3
  50 0022 09D0     		beq	.L3
  56:../Firmware/GD32E23x_standard_peripheral/Source/gd32e23x_i2c.c ****     case I2C0:
  57:../Firmware/GD32E23x_standard_peripheral/Source/gd32e23x_i2c.c ****         /* reset I2C0 */
  58:../Firmware/GD32E23x_standard_peripheral/Source/gd32e23x_i2c.c ****         rcu_periph_reset_enable(RCU_I2C0RST);
  59:../Firmware/GD32E23x_standard_peripheral/Source/gd32e23x_i2c.c ****         rcu_periph_reset_disable(RCU_I2C0RST);
  60:../Firmware/GD32E23x_standard_peripheral/Source/gd32e23x_i2c.c ****         break;
  61:../Firmware/GD32E23x_standard_peripheral/Source/gd32e23x_i2c.c ****     case I2C1:
  62:../Firmware/GD32E23x_standard_peripheral/Source/gd32e23x_i2c.c ****         /* reset I2C1 */
  63:../Firmware/GD32E23x_standard_peripheral/Source/gd32e23x_i2c.c ****         rcu_periph_reset_enable(RCU_I2C1RST);
  64:../Firmware/GD32E23x_standard_peripheral/Source/gd32e23x_i2c.c ****         rcu_periph_reset_disable(RCU_I2C1RST);
  65:../Firmware/GD32E23x_standard_peripheral/Source/gd32e23x_i2c.c ****         break;
  66:../Firmware/GD32E23x_standard_peripheral/Source/gd32e23x_i2c.c ****     default:
  67:../Firmware/GD32E23x_standard_peripheral/Source/gd32e23x_i2c.c ****         break;
  51              		.loc 1 67 9
  52 0024 11E0     		b	.L5
  53              	.L2:
  58:../Firmware/GD32E23x_standard_peripheral/Source/gd32e23x_i2c.c ****         rcu_periph_reset_disable(RCU_I2C0RST);
  54              		.loc 1 58 9
  55 0026 40F21540 		movw	r0, #1045
  56 002a FFF7FEFF 		bl	rcu_periph_reset_enable
  59:../Firmware/GD32E23x_standard_peripheral/Source/gd32e23x_i2c.c ****         break;
  57              		.loc 1 59 9
  58 002e 40F21540 		movw	r0, #1045
  59 0032 FFF7FEFF 		bl	rcu_periph_reset_disable
  60:../Firmware/GD32E23x_standard_peripheral/Source/gd32e23x_i2c.c ****     case I2C1:
  60              		.loc 1 60 9
  61 0036 08E0     		b	.L5
  62              	.L3:
  63:../Firmware/GD32E23x_standard_peripheral/Source/gd32e23x_i2c.c ****         rcu_periph_reset_disable(RCU_I2C1RST);
  63              		.loc 1 63 9
  64 0038 40F21640 		movw	r0, #1046
  65 003c FFF7FEFF 		bl	rcu_periph_reset_enable
  64:../Firmware/GD32E23x_standard_peripheral/Source/gd32e23x_i2c.c ****         break;
  66              		.loc 1 64 9
  67 0040 40F21640 		movw	r0, #1046
  68 0044 FFF7FEFF 		bl	rcu_periph_reset_disable
  65:../Firmware/GD32E23x_standard_peripheral/Source/gd32e23x_i2c.c ****     default:
  69              		.loc 1 65 9
  70 0048 C046     		nop
  71              	.L5:
  68:../Firmware/GD32E23x_standard_peripheral/Source/gd32e23x_i2c.c ****     }
  69:../Firmware/GD32E23x_standard_peripheral/Source/gd32e23x_i2c.c **** }
  72              		.loc 1 69 1
  73 004a C046     		nop
  74 004c BD46     		mov	sp, r7
  75 004e 02B0     		add	sp, sp, #8
  76              		@ sp needed
  77 0050 80BD     		pop	{r7, pc}
  78              		.cfi_endproc
  79              	.LFE58:
  81              		.section	.text.i2c_clock_config,"ax",%progbits
  82              		.align	1
  83              		.global	i2c_clock_config
  84              		.syntax unified
  85              		.code	16
  86              		.thumb_func
  87              		.fpu softvfp
  89              	i2c_clock_config:
  90              	.LFB59:
  70:../Firmware/GD32E23x_standard_peripheral/Source/gd32e23x_i2c.c **** 
  71:../Firmware/GD32E23x_standard_peripheral/Source/gd32e23x_i2c.c **** /*!
  72:../Firmware/GD32E23x_standard_peripheral/Source/gd32e23x_i2c.c ****     \brief      configure I2C clock
  73:../Firmware/GD32E23x_standard_peripheral/Source/gd32e23x_i2c.c ****     \param[in]  i2c_periph: I2Cx(x=0,1)
  74:../Firmware/GD32E23x_standard_peripheral/Source/gd32e23x_i2c.c ****     \param[in]  clkspeed: I2C clock speed, supports standard mode (up to 100 kHz), fast mode (up to
  75:../Firmware/GD32E23x_standard_peripheral/Source/gd32e23x_i2c.c ****                           and fast mode plus (up to 1MHz)
  76:../Firmware/GD32E23x_standard_peripheral/Source/gd32e23x_i2c.c ****     \param[in]  dutycyc: duty cycle in fast mode or fast mode plus
  77:../Firmware/GD32E23x_standard_peripheral/Source/gd32e23x_i2c.c ****                 only one parameter can be selected which is shown as below:
  78:../Firmware/GD32E23x_standard_peripheral/Source/gd32e23x_i2c.c ****       \arg        I2C_DTCY_2: T_low/T_high = 2 in fast mode or fast mode plus
  79:../Firmware/GD32E23x_standard_peripheral/Source/gd32e23x_i2c.c ****       \arg        I2C_DTCY_16_9: T_low/T_high = 16/9 in fast mode or fast mode plus
  80:../Firmware/GD32E23x_standard_peripheral/Source/gd32e23x_i2c.c ****     \param[out] none
  81:../Firmware/GD32E23x_standard_peripheral/Source/gd32e23x_i2c.c ****     \retval     none
  82:../Firmware/GD32E23x_standard_peripheral/Source/gd32e23x_i2c.c **** */
  83:../Firmware/GD32E23x_standard_peripheral/Source/gd32e23x_i2c.c **** void i2c_clock_config(uint32_t i2c_periph, uint32_t clkspeed, uint32_t dutycyc)
  84:../Firmware/GD32E23x_standard_peripheral/Source/gd32e23x_i2c.c **** {
  91              		.loc 1 84 1
  92              		.cfi_startproc
  93              		@ args = 0, pretend = 0, frame = 40
  94              		@ frame_needed = 1, uses_anonymous_args = 0
  95 0000 80B5     		push	{r7, lr}
  96              		.cfi_def_cfa_offset 8
  97              		.cfi_offset 7, -8
  98              		.cfi_offset 14, -4
  99 0002 8AB0     		sub	sp, sp, #40
 100              		.cfi_def_cfa_offset 48
 101 0004 00AF     		add	r7, sp, #0
 102              		.cfi_def_cfa_register 7
 103 0006 F860     		str	r0, [r7, #12]
 104 0008 B960     		str	r1, [r7, #8]
 105 000a 7A60     		str	r2, [r7, #4]
  85:../Firmware/GD32E23x_standard_peripheral/Source/gd32e23x_i2c.c ****     uint32_t pclk1, clkc, freq, risetime;
  86:../Firmware/GD32E23x_standard_peripheral/Source/gd32e23x_i2c.c ****     uint32_t temp;
  87:../Firmware/GD32E23x_standard_peripheral/Source/gd32e23x_i2c.c **** 
  88:../Firmware/GD32E23x_standard_peripheral/Source/gd32e23x_i2c.c ****     pclk1 = rcu_clock_freq_get(CK_APB1);
 106              		.loc 1 88 13
 107 000c 0220     		movs	r0, #2
 108 000e FFF7FEFF 		bl	rcu_clock_freq_get
 109 0012 0300     		movs	r3, r0
 110 0014 FB61     		str	r3, [r7, #28]
  89:../Firmware/GD32E23x_standard_peripheral/Source/gd32e23x_i2c.c ****     /* I2C peripheral clock frequency */
  90:../Firmware/GD32E23x_standard_peripheral/Source/gd32e23x_i2c.c ****     freq = (uint32_t)(pclk1 / 1000000U);
 111              		.loc 1 90 10
 112 0016 FA69     		ldr	r2, [r7, #28]
 113 0018 44F24023 		movw	r3, #16960
 114 001c C0F20F03 		movt	r3, 15
 115 0020 B2FBF3F3 		udiv	r3, r2, r3
 116 0024 3B62     		str	r3, [r7, #32]
  91:../Firmware/GD32E23x_standard_peripheral/Source/gd32e23x_i2c.c ****     if(freq >= I2CCLK_MAX) {
 117              		.loc 1 91 7
 118 0026 3B6A     		ldr	r3, [r7, #32]
 119 0028 7E2B     		cmp	r3, #126
 120 002a 01D9     		bls	.L7
  92:../Firmware/GD32E23x_standard_peripheral/Source/gd32e23x_i2c.c ****         freq = I2CCLK_MAX;
 121              		.loc 1 92 14
 122 002c 7F23     		movs	r3, #127
 123 002e 3B62     		str	r3, [r7, #32]
 124              	.L7:
  93:../Firmware/GD32E23x_standard_peripheral/Source/gd32e23x_i2c.c ****     }
  94:../Firmware/GD32E23x_standard_peripheral/Source/gd32e23x_i2c.c ****     temp = I2C_CTL1(i2c_periph);
 125              		.loc 1 94 12
 126 0030 FB68     		ldr	r3, [r7, #12]
 127 0032 0433     		adds	r3, r3, #4
 128              		.loc 1 94 10
 129 0034 1B68     		ldr	r3, [r3]
 130 0036 BB61     		str	r3, [r7, #24]
  95:../Firmware/GD32E23x_standard_peripheral/Source/gd32e23x_i2c.c ****     temp &= ~I2C_CTL1_I2CCLK;
 131              		.loc 1 95 10
 132 0038 BB69     		ldr	r3, [r7, #24]
 133 003a 7F22     		movs	r2, #127
 134 003c 9343     		bics	r3, r2
 135 003e BB61     		str	r3, [r7, #24]
  96:../Firmware/GD32E23x_standard_peripheral/Source/gd32e23x_i2c.c ****     temp |= freq;
 136              		.loc 1 96 10
 137 0040 BA69     		ldr	r2, [r7, #24]
 138 0042 3B6A     		ldr	r3, [r7, #32]
 139 0044 1343     		orrs	r3, r2
 140 0046 BB61     		str	r3, [r7, #24]
  97:../Firmware/GD32E23x_standard_peripheral/Source/gd32e23x_i2c.c **** 
  98:../Firmware/GD32E23x_standard_peripheral/Source/gd32e23x_i2c.c ****     I2C_CTL1(i2c_periph) = temp;
 141              		.loc 1 98 5
 142 0048 FB68     		ldr	r3, [r7, #12]
 143 004a 0433     		adds	r3, r3, #4
 144              		.loc 1 98 26
 145 004c BA69     		ldr	r2, [r7, #24]
 146 004e 1A60     		str	r2, [r3]
  99:../Firmware/GD32E23x_standard_peripheral/Source/gd32e23x_i2c.c **** 
 100:../Firmware/GD32E23x_standard_peripheral/Source/gd32e23x_i2c.c ****     if(100000U >= clkspeed) {
 147              		.loc 1 100 7
 148 0050 BA68     		ldr	r2, [r7, #8]
 149 0052 48F2A063 		movw	r3, #34464
 150 0056 C0F20103 		movt	r3, 1
 151 005a 9A42     		cmp	r2, r3
 152 005c 32D8     		bhi	.L8
 101:../Firmware/GD32E23x_standard_peripheral/Source/gd32e23x_i2c.c ****         /* the maximum SCL rise time is 1000ns in standard mode */
 102:../Firmware/GD32E23x_standard_peripheral/Source/gd32e23x_i2c.c ****         risetime = (uint32_t)((pclk1 / 1000000U) + 1U);
 153              		.loc 1 102 38
 154 005e FA69     		ldr	r2, [r7, #28]
 155 0060 44F24023 		movw	r3, #16960
 156 0064 C0F20F03 		movt	r3, 15
 157 0068 B2FBF3F3 		udiv	r3, r2, r3
 158              		.loc 1 102 18
 159 006c 0133     		adds	r3, r3, #1
 160 006e 7B61     		str	r3, [r7, #20]
 103:../Firmware/GD32E23x_standard_peripheral/Source/gd32e23x_i2c.c ****         if(risetime >= I2CCLK_MAX) {
 161              		.loc 1 103 11
 162 0070 7B69     		ldr	r3, [r7, #20]
 163 0072 7E2B     		cmp	r3, #126
 164 0074 04D9     		bls	.L9
 104:../Firmware/GD32E23x_standard_peripheral/Source/gd32e23x_i2c.c ****             I2C_RT(i2c_periph) = I2CCLK_MAX;
 165              		.loc 1 104 13
 166 0076 FB68     		ldr	r3, [r7, #12]
 167 0078 2033     		adds	r3, r3, #32
 168              		.loc 1 104 32
 169 007a 7F22     		movs	r2, #127
 170 007c 1A60     		str	r2, [r3]
 171 007e 0BE0     		b	.L10
 172              	.L9:
 105:../Firmware/GD32E23x_standard_peripheral/Source/gd32e23x_i2c.c ****         } else if(risetime <= I2CCLK_MIN) {
 173              		.loc 1 105 18
 174 0080 7B69     		ldr	r3, [r7, #20]
 175 0082 022B     		cmp	r3, #2
 176 0084 04D8     		bhi	.L11
 106:../Firmware/GD32E23x_standard_peripheral/Source/gd32e23x_i2c.c ****             I2C_RT(i2c_periph) = I2CCLK_MIN;
 177              		.loc 1 106 13
 178 0086 FB68     		ldr	r3, [r7, #12]
 179 0088 2033     		adds	r3, r3, #32
 180              		.loc 1 106 32
 181 008a 0222     		movs	r2, #2
 182 008c 1A60     		str	r2, [r3]
 183 008e 03E0     		b	.L10
 184              	.L11:
 107:../Firmware/GD32E23x_standard_peripheral/Source/gd32e23x_i2c.c ****         } else {
 108:../Firmware/GD32E23x_standard_peripheral/Source/gd32e23x_i2c.c ****             I2C_RT(i2c_periph) = risetime;
 185              		.loc 1 108 13
 186 0090 FB68     		ldr	r3, [r7, #12]
 187 0092 2033     		adds	r3, r3, #32
 188              		.loc 1 108 32
 189 0094 7A69     		ldr	r2, [r7, #20]
 190 0096 1A60     		str	r2, [r3]
 191              	.L10:
 109:../Firmware/GD32E23x_standard_peripheral/Source/gd32e23x_i2c.c ****         }
 110:../Firmware/GD32E23x_standard_peripheral/Source/gd32e23x_i2c.c ****         clkc = (uint32_t)(pclk1 / (clkspeed * 2U));
 192              		.loc 1 110 45
 193 0098 BB68     		ldr	r3, [r7, #8]
 194 009a 5B00     		lsls	r3, r3, #1
 195              		.loc 1 110 14
 196 009c FA69     		ldr	r2, [r7, #28]
 197 009e B2FBF3F3 		udiv	r3, r2, r3
 198 00a2 7B62     		str	r3, [r7, #36]
 111:../Firmware/GD32E23x_standard_peripheral/Source/gd32e23x_i2c.c ****         if(clkc < 0x04U) {
 199              		.loc 1 111 11
 200 00a4 7B6A     		ldr	r3, [r7, #36]
 201 00a6 032B     		cmp	r3, #3
 202 00a8 01D8     		bhi	.L12
 112:../Firmware/GD32E23x_standard_peripheral/Source/gd32e23x_i2c.c ****             /* the CLKC in standard mode minmum value is 4 */
 113:../Firmware/GD32E23x_standard_peripheral/Source/gd32e23x_i2c.c ****             clkc = 0x04U;
 203              		.loc 1 113 18
 204 00aa 0423     		movs	r3, #4
 205 00ac 7B62     		str	r3, [r7, #36]
 206              	.L12:
 114:../Firmware/GD32E23x_standard_peripheral/Source/gd32e23x_i2c.c ****         }
 115:../Firmware/GD32E23x_standard_peripheral/Source/gd32e23x_i2c.c **** 
 116:../Firmware/GD32E23x_standard_peripheral/Source/gd32e23x_i2c.c ****         I2C_CKCFG(i2c_periph) |= (I2C_CKCFG_CLKC & clkc);
 207              		.loc 1 116 31
 208 00ae FB68     		ldr	r3, [r7, #12]
 209 00b0 1C33     		adds	r3, r3, #28
 210 00b2 1968     		ldr	r1, [r3]
 211              		.loc 1 116 50
 212 00b4 7B6A     		ldr	r3, [r7, #36]
 213 00b6 1B05     		lsls	r3, r3, #20
 214 00b8 1A0D     		lsrs	r2, r3, #20
 215              		.loc 1 116 31
 216 00ba FB68     		ldr	r3, [r7, #12]
 217 00bc 1C33     		adds	r3, r3, #28
 218 00be 0A43     		orrs	r2, r1
 219 00c0 1A60     		str	r2, [r3]
 117:../Firmware/GD32E23x_standard_peripheral/Source/gd32e23x_i2c.c **** 
 118:../Firmware/GD32E23x_standard_peripheral/Source/gd32e23x_i2c.c ****     } else if(400000U >= clkspeed) {
 119:../Firmware/GD32E23x_standard_peripheral/Source/gd32e23x_i2c.c ****         /* the maximum SCL rise time is 300ns in fast mode */
 120:../Firmware/GD32E23x_standard_peripheral/Source/gd32e23x_i2c.c ****         I2C_RT(i2c_periph) = (uint32_t)(((freq * (uint32_t)300U) / (uint32_t)1000U) + (uint32_t)1U)
 121:../Firmware/GD32E23x_standard_peripheral/Source/gd32e23x_i2c.c ****         if(I2C_DTCY_2 == dutycyc) {
 122:../Firmware/GD32E23x_standard_peripheral/Source/gd32e23x_i2c.c ****             /* I2C duty cycle is 2 */
 123:../Firmware/GD32E23x_standard_peripheral/Source/gd32e23x_i2c.c ****             clkc = (uint32_t)(pclk1 / (clkspeed * 3U));
 124:../Firmware/GD32E23x_standard_peripheral/Source/gd32e23x_i2c.c ****             I2C_CKCFG(i2c_periph) &= ~I2C_CKCFG_DTCY;
 125:../Firmware/GD32E23x_standard_peripheral/Source/gd32e23x_i2c.c ****         } else {
 126:../Firmware/GD32E23x_standard_peripheral/Source/gd32e23x_i2c.c ****             /* I2C duty cycle is 16/9 */
 127:../Firmware/GD32E23x_standard_peripheral/Source/gd32e23x_i2c.c ****             clkc = (uint32_t)(pclk1 / (clkspeed * 25U));
 128:../Firmware/GD32E23x_standard_peripheral/Source/gd32e23x_i2c.c ****             I2C_CKCFG(i2c_periph) |= I2C_CKCFG_DTCY;
 129:../Firmware/GD32E23x_standard_peripheral/Source/gd32e23x_i2c.c ****         }
 130:../Firmware/GD32E23x_standard_peripheral/Source/gd32e23x_i2c.c ****         if(0U == (clkc & I2C_CKCFG_CLKC)) {
 131:../Firmware/GD32E23x_standard_peripheral/Source/gd32e23x_i2c.c ****             /* the CLKC in fast mode minmum value is 1 */
 132:../Firmware/GD32E23x_standard_peripheral/Source/gd32e23x_i2c.c ****             clkc |= 0x0001U;
 133:../Firmware/GD32E23x_standard_peripheral/Source/gd32e23x_i2c.c ****         }
 134:../Firmware/GD32E23x_standard_peripheral/Source/gd32e23x_i2c.c ****         I2C_CKCFG(i2c_periph) |= I2C_CKCFG_FAST;
 135:../Firmware/GD32E23x_standard_peripheral/Source/gd32e23x_i2c.c ****         I2C_CKCFG(i2c_periph) |= clkc;
 136:../Firmware/GD32E23x_standard_peripheral/Source/gd32e23x_i2c.c ****     } else {
 137:../Firmware/GD32E23x_standard_peripheral/Source/gd32e23x_i2c.c ****         /* fast mode plus, the maximum SCL rise time is 120ns */
 138:../Firmware/GD32E23x_standard_peripheral/Source/gd32e23x_i2c.c ****         I2C_RT(i2c_periph) = (uint32_t)(((freq * (uint32_t)120U) / (uint32_t)1000U) + (uint32_t)1U)
 139:../Firmware/GD32E23x_standard_peripheral/Source/gd32e23x_i2c.c ****         if(I2C_DTCY_2 == dutycyc) {
 140:../Firmware/GD32E23x_standard_peripheral/Source/gd32e23x_i2c.c ****             /* I2C duty cycle is 2 */
 141:../Firmware/GD32E23x_standard_peripheral/Source/gd32e23x_i2c.c ****             clkc = (uint32_t)(pclk1 / (clkspeed * 3U));
 142:../Firmware/GD32E23x_standard_peripheral/Source/gd32e23x_i2c.c ****             I2C_CKCFG(i2c_periph) &= ~I2C_CKCFG_DTCY;
 143:../Firmware/GD32E23x_standard_peripheral/Source/gd32e23x_i2c.c ****         } else {
 144:../Firmware/GD32E23x_standard_peripheral/Source/gd32e23x_i2c.c ****             /* I2C duty cycle is 16/9 */
 145:../Firmware/GD32E23x_standard_peripheral/Source/gd32e23x_i2c.c ****             clkc = (uint32_t)(pclk1 / (clkspeed * 25U));
 146:../Firmware/GD32E23x_standard_peripheral/Source/gd32e23x_i2c.c ****             I2C_CKCFG(i2c_periph) |= I2C_CKCFG_DTCY;
 147:../Firmware/GD32E23x_standard_peripheral/Source/gd32e23x_i2c.c ****         }
 148:../Firmware/GD32E23x_standard_peripheral/Source/gd32e23x_i2c.c ****         /* enable fast mode */
 149:../Firmware/GD32E23x_standard_peripheral/Source/gd32e23x_i2c.c ****         I2C_CKCFG(i2c_periph) |= I2C_CKCFG_FAST;
 150:../Firmware/GD32E23x_standard_peripheral/Source/gd32e23x_i2c.c ****         I2C_CKCFG(i2c_periph) |= clkc;
 151:../Firmware/GD32E23x_standard_peripheral/Source/gd32e23x_i2c.c ****         /* enable I2C fast mode plus */
 152:../Firmware/GD32E23x_standard_peripheral/Source/gd32e23x_i2c.c ****         I2C_FMPCFG(i2c_periph) = I2C_FMPCFG_FMPEN;
 153:../Firmware/GD32E23x_standard_peripheral/Source/gd32e23x_i2c.c ****     }
 154:../Firmware/GD32E23x_standard_peripheral/Source/gd32e23x_i2c.c **** }
 220              		.loc 1 154 1
 221 00c2 9FE0     		b	.L20
 222              	.L8:
 118:../Firmware/GD32E23x_standard_peripheral/Source/gd32e23x_i2c.c ****         /* the maximum SCL rise time is 300ns in fast mode */
 223              		.loc 1 118 14
 224 00c4 BA68     		ldr	r2, [r7, #8]
 225 00c6 41F68023 		movw	r3, #6784
 226 00ca C0F20603 		movt	r3, 6
 227 00ce 9A42     		cmp	r2, r3
 228 00d0 4FD8     		bhi	.L14
 120:../Firmware/GD32E23x_standard_peripheral/Source/gd32e23x_i2c.c ****         if(I2C_DTCY_2 == dutycyc) {
 229              		.loc 1 120 48
 230 00d2 3A6A     		ldr	r2, [r7, #32]
 231 00d4 1300     		movs	r3, r2
 232 00d6 9B00     		lsls	r3, r3, #2
 233 00d8 9B18     		adds	r3, r3, r2
 234 00da 1A01     		lsls	r2, r3, #4
 235 00dc D21A     		subs	r2, r2, r3
 236 00de 9300     		lsls	r3, r2, #2
 237 00e0 1A00     		movs	r2, r3
 120:../Firmware/GD32E23x_standard_peripheral/Source/gd32e23x_i2c.c ****         if(I2C_DTCY_2 == dutycyc) {
 238              		.loc 1 120 66
 239 00e2 40F2E833 		movw	r3, #1000
 240 00e6 B2FBF3F3 		udiv	r3, r2, r3
 120:../Firmware/GD32E23x_standard_peripheral/Source/gd32e23x_i2c.c ****         if(I2C_DTCY_2 == dutycyc) {
 241              		.loc 1 120 9
 242 00ea FA68     		ldr	r2, [r7, #12]
 243 00ec 2032     		adds	r2, r2, #32
 120:../Firmware/GD32E23x_standard_peripheral/Source/gd32e23x_i2c.c ****         if(I2C_DTCY_2 == dutycyc) {
 244              		.loc 1 120 30
 245 00ee 0133     		adds	r3, r3, #1
 120:../Firmware/GD32E23x_standard_peripheral/Source/gd32e23x_i2c.c ****         if(I2C_DTCY_2 == dutycyc) {
 246              		.loc 1 120 28
 247 00f0 1360     		str	r3, [r2]
 121:../Firmware/GD32E23x_standard_peripheral/Source/gd32e23x_i2c.c ****             /* I2C duty cycle is 2 */
 248              		.loc 1 121 11
 249 00f2 7B68     		ldr	r3, [r7, #4]
 250 00f4 83B9     		cbnz	r3, .L15
 123:../Firmware/GD32E23x_standard_peripheral/Source/gd32e23x_i2c.c ****             I2C_CKCFG(i2c_periph) &= ~I2C_CKCFG_DTCY;
 251              		.loc 1 123 49
 252 00f6 BA68     		ldr	r2, [r7, #8]
 253 00f8 1300     		movs	r3, r2
 254 00fa 5B00     		lsls	r3, r3, #1
 255 00fc 9B18     		adds	r3, r3, r2
 123:../Firmware/GD32E23x_standard_peripheral/Source/gd32e23x_i2c.c ****             I2C_CKCFG(i2c_periph) &= ~I2C_CKCFG_DTCY;
 256              		.loc 1 123 18
 257 00fe FA69     		ldr	r2, [r7, #28]
 258 0100 B2FBF3F3 		udiv	r3, r2, r3
 259 0104 7B62     		str	r3, [r7, #36]
 124:../Firmware/GD32E23x_standard_peripheral/Source/gd32e23x_i2c.c ****         } else {
 260              		.loc 1 124 35
 261 0106 FB68     		ldr	r3, [r7, #12]
 262 0108 1C33     		adds	r3, r3, #28
 263 010a 1A68     		ldr	r2, [r3]
 264 010c FB68     		ldr	r3, [r7, #12]
 265 010e 1C33     		adds	r3, r3, #28
 266 0110 3E49     		ldr	r1, .L21
 267 0112 0A40     		ands	r2, r1
 268 0114 1A60     		str	r2, [r3]
 269 0116 12E0     		b	.L16
 270              	.L15:
 127:../Firmware/GD32E23x_standard_peripheral/Source/gd32e23x_i2c.c ****             I2C_CKCFG(i2c_periph) |= I2C_CKCFG_DTCY;
 271              		.loc 1 127 49
 272 0118 BA68     		ldr	r2, [r7, #8]
 273 011a 1300     		movs	r3, r2
 274 011c 9B00     		lsls	r3, r3, #2
 275 011e 9B18     		adds	r3, r3, r2
 276 0120 9A00     		lsls	r2, r3, #2
 277 0122 9B18     		adds	r3, r3, r2
 127:../Firmware/GD32E23x_standard_peripheral/Source/gd32e23x_i2c.c ****             I2C_CKCFG(i2c_periph) |= I2C_CKCFG_DTCY;
 278              		.loc 1 127 18
 279 0124 FA69     		ldr	r2, [r7, #28]
 280 0126 B2FBF3F3 		udiv	r3, r2, r3
 281 012a 7B62     		str	r3, [r7, #36]
 128:../Firmware/GD32E23x_standard_peripheral/Source/gd32e23x_i2c.c ****         }
 282              		.loc 1 128 35
 283 012c FB68     		ldr	r3, [r7, #12]
 284 012e 1C33     		adds	r3, r3, #28
 285 0130 1A68     		ldr	r2, [r3]
 286 0132 FB68     		ldr	r3, [r7, #12]
 287 0134 1C33     		adds	r3, r3, #28
 288 0136 44F20001 		movw	r1, #16384
 289 013a 0A43     		orrs	r2, r1
 290 013c 1A60     		str	r2, [r3]
 291              	.L16:
 130:../Firmware/GD32E23x_standard_peripheral/Source/gd32e23x_i2c.c ****             /* the CLKC in fast mode minmum value is 1 */
 292              		.loc 1 130 24
 293 013e 7B6A     		ldr	r3, [r7, #36]
 294 0140 1B05     		lsls	r3, r3, #20
 295 0142 1B0D     		lsrs	r3, r3, #20
 130:../Firmware/GD32E23x_standard_peripheral/Source/gd32e23x_i2c.c ****             /* the CLKC in fast mode minmum value is 1 */
 296              		.loc 1 130 11
 297 0144 1BB9     		cbnz	r3, .L17
 132:../Firmware/GD32E23x_standard_peripheral/Source/gd32e23x_i2c.c ****         }
 298              		.loc 1 132 18
 299 0146 7B6A     		ldr	r3, [r7, #36]
 300 0148 0122     		movs	r2, #1
 301 014a 1343     		orrs	r3, r2
 302 014c 7B62     		str	r3, [r7, #36]
 303              	.L17:
 134:../Firmware/GD32E23x_standard_peripheral/Source/gd32e23x_i2c.c ****         I2C_CKCFG(i2c_periph) |= clkc;
 304              		.loc 1 134 31
 305 014e FB68     		ldr	r3, [r7, #12]
 306 0150 1C33     		adds	r3, r3, #28
 307 0152 1A68     		ldr	r2, [r3]
 308 0154 FB68     		ldr	r3, [r7, #12]
 309 0156 1C33     		adds	r3, r3, #28
 310 0158 48F20001 		movw	r1, #32768
 311 015c 0A43     		orrs	r2, r1
 312 015e 1A60     		str	r2, [r3]
 135:../Firmware/GD32E23x_standard_peripheral/Source/gd32e23x_i2c.c ****     } else {
 313              		.loc 1 135 31
 314 0160 FB68     		ldr	r3, [r7, #12]
 315 0162 1C33     		adds	r3, r3, #28
 316 0164 1968     		ldr	r1, [r3]
 317 0166 FB68     		ldr	r3, [r7, #12]
 318 0168 1C33     		adds	r3, r3, #28
 319 016a 7A6A     		ldr	r2, [r7, #36]
 320 016c 0A43     		orrs	r2, r1
 321 016e 1A60     		str	r2, [r3]
 322              		.loc 1 154 1
 323 0170 48E0     		b	.L20
 324              	.L14:
 138:../Firmware/GD32E23x_standard_peripheral/Source/gd32e23x_i2c.c ****         if(I2C_DTCY_2 == dutycyc) {
 325              		.loc 1 138 48
 326 0172 3A6A     		ldr	r2, [r7, #32]
 327 0174 1300     		movs	r3, r2
 328 0176 1B01     		lsls	r3, r3, #4
 329 0178 9B1A     		subs	r3, r3, r2
 330 017a DB00     		lsls	r3, r3, #3
 331 017c 1A00     		movs	r2, r3
 138:../Firmware/GD32E23x_standard_peripheral/Source/gd32e23x_i2c.c ****         if(I2C_DTCY_2 == dutycyc) {
 332              		.loc 1 138 66
 333 017e 40F2E833 		movw	r3, #1000
 334 0182 B2FBF3F3 		udiv	r3, r2, r3
 138:../Firmware/GD32E23x_standard_peripheral/Source/gd32e23x_i2c.c ****         if(I2C_DTCY_2 == dutycyc) {
 335              		.loc 1 138 9
 336 0186 FA68     		ldr	r2, [r7, #12]
 337 0188 2032     		adds	r2, r2, #32
 138:../Firmware/GD32E23x_standard_peripheral/Source/gd32e23x_i2c.c ****         if(I2C_DTCY_2 == dutycyc) {
 338              		.loc 1 138 30
 339 018a 0133     		adds	r3, r3, #1
 138:../Firmware/GD32E23x_standard_peripheral/Source/gd32e23x_i2c.c ****         if(I2C_DTCY_2 == dutycyc) {
 340              		.loc 1 138 28
 341 018c 1360     		str	r3, [r2]
 139:../Firmware/GD32E23x_standard_peripheral/Source/gd32e23x_i2c.c ****             /* I2C duty cycle is 2 */
 342              		.loc 1 139 11
 343 018e 7B68     		ldr	r3, [r7, #4]
 344 0190 83B9     		cbnz	r3, .L18
 141:../Firmware/GD32E23x_standard_peripheral/Source/gd32e23x_i2c.c ****             I2C_CKCFG(i2c_periph) &= ~I2C_CKCFG_DTCY;
 345              		.loc 1 141 49
 346 0192 BA68     		ldr	r2, [r7, #8]
 347 0194 1300     		movs	r3, r2
 348 0196 5B00     		lsls	r3, r3, #1
 349 0198 9B18     		adds	r3, r3, r2
 141:../Firmware/GD32E23x_standard_peripheral/Source/gd32e23x_i2c.c ****             I2C_CKCFG(i2c_periph) &= ~I2C_CKCFG_DTCY;
 350              		.loc 1 141 18
 351 019a FA69     		ldr	r2, [r7, #28]
 352 019c B2FBF3F3 		udiv	r3, r2, r3
 353 01a0 7B62     		str	r3, [r7, #36]
 142:../Firmware/GD32E23x_standard_peripheral/Source/gd32e23x_i2c.c ****         } else {
 354              		.loc 1 142 35
 355 01a2 FB68     		ldr	r3, [r7, #12]
 356 01a4 1C33     		adds	r3, r3, #28
 357 01a6 1A68     		ldr	r2, [r3]
 358 01a8 FB68     		ldr	r3, [r7, #12]
 359 01aa 1C33     		adds	r3, r3, #28
 360 01ac 1749     		ldr	r1, .L21
 361 01ae 0A40     		ands	r2, r1
 362 01b0 1A60     		str	r2, [r3]
 363 01b2 12E0     		b	.L19
 364              	.L18:
 145:../Firmware/GD32E23x_standard_peripheral/Source/gd32e23x_i2c.c ****             I2C_CKCFG(i2c_periph) |= I2C_CKCFG_DTCY;
 365              		.loc 1 145 49
 366 01b4 BA68     		ldr	r2, [r7, #8]
 367 01b6 1300     		movs	r3, r2
 368 01b8 9B00     		lsls	r3, r3, #2
 369 01ba 9B18     		adds	r3, r3, r2
 370 01bc 9A00     		lsls	r2, r3, #2
 371 01be 9B18     		adds	r3, r3, r2
 145:../Firmware/GD32E23x_standard_peripheral/Source/gd32e23x_i2c.c ****             I2C_CKCFG(i2c_periph) |= I2C_CKCFG_DTCY;
 372              		.loc 1 145 18
 373 01c0 FA69     		ldr	r2, [r7, #28]
 374 01c2 B2FBF3F3 		udiv	r3, r2, r3
 375 01c6 7B62     		str	r3, [r7, #36]
 146:../Firmware/GD32E23x_standard_peripheral/Source/gd32e23x_i2c.c ****         }
 376              		.loc 1 146 35
 377 01c8 FB68     		ldr	r3, [r7, #12]
 378 01ca 1C33     		adds	r3, r3, #28
 379 01cc 1A68     		ldr	r2, [r3]
 380 01ce FB68     		ldr	r3, [r7, #12]
 381 01d0 1C33     		adds	r3, r3, #28
 382 01d2 44F20001 		movw	r1, #16384
 383 01d6 0A43     		orrs	r2, r1
 384 01d8 1A60     		str	r2, [r3]
 385              	.L19:
 149:../Firmware/GD32E23x_standard_peripheral/Source/gd32e23x_i2c.c ****         I2C_CKCFG(i2c_periph) |= clkc;
 386              		.loc 1 149 31
 387 01da FB68     		ldr	r3, [r7, #12]
 388 01dc 1C33     		adds	r3, r3, #28
 389 01de 1A68     		ldr	r2, [r3]
 390 01e0 FB68     		ldr	r3, [r7, #12]
 391 01e2 1C33     		adds	r3, r3, #28
 392 01e4 48F20001 		movw	r1, #32768
 393 01e8 0A43     		orrs	r2, r1
 394 01ea 1A60     		str	r2, [r3]
 150:../Firmware/GD32E23x_standard_peripheral/Source/gd32e23x_i2c.c ****         /* enable I2C fast mode plus */
 395              		.loc 1 150 31
 396 01ec FB68     		ldr	r3, [r7, #12]
 397 01ee 1C33     		adds	r3, r3, #28
 398 01f0 1968     		ldr	r1, [r3]
 399 01f2 FB68     		ldr	r3, [r7, #12]
 400 01f4 1C33     		adds	r3, r3, #28
 401 01f6 7A6A     		ldr	r2, [r7, #36]
 402 01f8 0A43     		orrs	r2, r1
 403 01fa 1A60     		str	r2, [r3]
 152:../Firmware/GD32E23x_standard_peripheral/Source/gd32e23x_i2c.c ****     }
 404              		.loc 1 152 9
 405 01fc FB68     		ldr	r3, [r7, #12]
 406 01fe 9033     		adds	r3, r3, #144
 152:../Firmware/GD32E23x_standard_peripheral/Source/gd32e23x_i2c.c ****     }
 407              		.loc 1 152 32
 408 0200 0122     		movs	r2, #1
 409 0202 1A60     		str	r2, [r3]
 410              	.L20:
 411              		.loc 1 154 1
 412 0204 C046     		nop
 413 0206 BD46     		mov	sp, r7
 414 0208 0AB0     		add	sp, sp, #40
 415              		@ sp needed
 416 020a 80BD     		pop	{r7, pc}
 417              	.L22:
 418              		.align	2
 419              	.L21:
 420 020c FFBFFFFF 		.word	-16385
 421              		.cfi_endproc
 422              	.LFE59:
 424              		.section	.text.i2c_mode_addr_config,"ax",%progbits
 425              		.align	1
 426              		.global	i2c_mode_addr_config
 427              		.syntax unified
 428              		.code	16
 429              		.thumb_func
 430              		.fpu softvfp
 432              	i2c_mode_addr_config:
 433              	.LFB60:
 155:../Firmware/GD32E23x_standard_peripheral/Source/gd32e23x_i2c.c **** 
 156:../Firmware/GD32E23x_standard_peripheral/Source/gd32e23x_i2c.c **** /*!
 157:../Firmware/GD32E23x_standard_peripheral/Source/gd32e23x_i2c.c ****     \brief      configure I2C address
 158:../Firmware/GD32E23x_standard_peripheral/Source/gd32e23x_i2c.c ****     \param[in]  i2c_periph: I2Cx(x=0,1)
 159:../Firmware/GD32E23x_standard_peripheral/Source/gd32e23x_i2c.c ****     \param[in]  mode:
 160:../Firmware/GD32E23x_standard_peripheral/Source/gd32e23x_i2c.c ****                 only one parameter can be selected which is shown as below:
 161:../Firmware/GD32E23x_standard_peripheral/Source/gd32e23x_i2c.c ****       \arg        I2C_I2CMODE_ENABLE: I2C mode
 162:../Firmware/GD32E23x_standard_peripheral/Source/gd32e23x_i2c.c ****       \arg        I2C_SMBUSMODE_ENABLE: SMBus mode
 163:../Firmware/GD32E23x_standard_peripheral/Source/gd32e23x_i2c.c ****     \param[in]  addformat: 7bits or 10bits
 164:../Firmware/GD32E23x_standard_peripheral/Source/gd32e23x_i2c.c ****                 only one parameter can be selected which is shown as below:
 165:../Firmware/GD32E23x_standard_peripheral/Source/gd32e23x_i2c.c ****       \arg        I2C_ADDFORMAT_7BITS: address format is 7 bits
 166:../Firmware/GD32E23x_standard_peripheral/Source/gd32e23x_i2c.c ****       \arg        I2C_ADDFORMAT_10BITS: address format is 10 bits
 167:../Firmware/GD32E23x_standard_peripheral/Source/gd32e23x_i2c.c ****     \param[in]  addr: I2C address
 168:../Firmware/GD32E23x_standard_peripheral/Source/gd32e23x_i2c.c ****     \param[out] none
 169:../Firmware/GD32E23x_standard_peripheral/Source/gd32e23x_i2c.c ****     \retval     none
 170:../Firmware/GD32E23x_standard_peripheral/Source/gd32e23x_i2c.c **** */
 171:../Firmware/GD32E23x_standard_peripheral/Source/gd32e23x_i2c.c **** void i2c_mode_addr_config(uint32_t i2c_periph, uint32_t mode, uint32_t addformat, uint32_t addr)
 172:../Firmware/GD32E23x_standard_peripheral/Source/gd32e23x_i2c.c **** {
 434              		.loc 1 172 1
 435              		.cfi_startproc
 436              		@ args = 0, pretend = 0, frame = 24
 437              		@ frame_needed = 1, uses_anonymous_args = 0
 438 0000 80B5     		push	{r7, lr}
 439              		.cfi_def_cfa_offset 8
 440              		.cfi_offset 7, -8
 441              		.cfi_offset 14, -4
 442 0002 86B0     		sub	sp, sp, #24
 443              		.cfi_def_cfa_offset 32
 444 0004 00AF     		add	r7, sp, #0
 445              		.cfi_def_cfa_register 7
 446 0006 F860     		str	r0, [r7, #12]
 447 0008 B960     		str	r1, [r7, #8]
 448 000a 7A60     		str	r2, [r7, #4]
 449 000c 3B60     		str	r3, [r7]
 173:../Firmware/GD32E23x_standard_peripheral/Source/gd32e23x_i2c.c ****     /* SMBus/I2C mode selected */
 174:../Firmware/GD32E23x_standard_peripheral/Source/gd32e23x_i2c.c ****     uint32_t ctl = 0U;
 450              		.loc 1 174 14
 451 000e 0023     		movs	r3, #0
 452 0010 7B61     		str	r3, [r7, #20]
 175:../Firmware/GD32E23x_standard_peripheral/Source/gd32e23x_i2c.c **** 
 176:../Firmware/GD32E23x_standard_peripheral/Source/gd32e23x_i2c.c ****     ctl = I2C_CTL0(i2c_periph);
 453              		.loc 1 176 11
 454 0012 FB68     		ldr	r3, [r7, #12]
 455              		.loc 1 176 9
 456 0014 1B68     		ldr	r3, [r3]
 457 0016 7B61     		str	r3, [r7, #20]
 177:../Firmware/GD32E23x_standard_peripheral/Source/gd32e23x_i2c.c ****     ctl &= ~(I2C_CTL0_SMBEN);
 458              		.loc 1 177 9
 459 0018 7B69     		ldr	r3, [r7, #20]
 460 001a 0222     		movs	r2, #2
 461 001c 9343     		bics	r3, r2
 462 001e 7B61     		str	r3, [r7, #20]
 178:../Firmware/GD32E23x_standard_peripheral/Source/gd32e23x_i2c.c ****     ctl |= mode;
 463              		.loc 1 178 9
 464 0020 7A69     		ldr	r2, [r7, #20]
 465 0022 BB68     		ldr	r3, [r7, #8]
 466 0024 1343     		orrs	r3, r2
 467 0026 7B61     		str	r3, [r7, #20]
 179:../Firmware/GD32E23x_standard_peripheral/Source/gd32e23x_i2c.c ****     I2C_CTL0(i2c_periph) = ctl;
 468              		.loc 1 179 5
 469 0028 FB68     		ldr	r3, [r7, #12]
 470              		.loc 1 179 26
 471 002a 7A69     		ldr	r2, [r7, #20]
 472 002c 1A60     		str	r2, [r3]
 180:../Firmware/GD32E23x_standard_peripheral/Source/gd32e23x_i2c.c ****     /* configure address */
 181:../Firmware/GD32E23x_standard_peripheral/Source/gd32e23x_i2c.c ****     addr = addr & I2C_ADDRESS_MASK;
 473              		.loc 1 181 10
 474 002e 3B68     		ldr	r3, [r7]
 475 0030 9B05     		lsls	r3, r3, #22
 476 0032 9B0D     		lsrs	r3, r3, #22
 477 0034 3B60     		str	r3, [r7]
 182:../Firmware/GD32E23x_standard_peripheral/Source/gd32e23x_i2c.c ****     I2C_SADDR0(i2c_periph) = (addformat | addr);
 478              		.loc 1 182 5
 479 0036 FB68     		ldr	r3, [r7, #12]
 480 0038 0833     		adds	r3, r3, #8
 481              		.loc 1 182 41
 482 003a 7968     		ldr	r1, [r7, #4]
 483 003c 3A68     		ldr	r2, [r7]
 484 003e 0A43     		orrs	r2, r1
 485              		.loc 1 182 28
 486 0040 1A60     		str	r2, [r3]
 183:../Firmware/GD32E23x_standard_peripheral/Source/gd32e23x_i2c.c **** }
 487              		.loc 1 183 1
 488 0042 C046     		nop
 489 0044 BD46     		mov	sp, r7
 490 0046 06B0     		add	sp, sp, #24
 491              		@ sp needed
 492 0048 80BD     		pop	{r7, pc}
 493              		.cfi_endproc
 494              	.LFE60:
 496              		.section	.text.i2c_smbus_type_config,"ax",%progbits
 497              		.align	1
 498              		.global	i2c_smbus_type_config
 499              		.syntax unified
 500              		.code	16
 501              		.thumb_func
 502              		.fpu softvfp
 504              	i2c_smbus_type_config:
 505              	.LFB61:
 184:../Firmware/GD32E23x_standard_peripheral/Source/gd32e23x_i2c.c **** 
 185:../Firmware/GD32E23x_standard_peripheral/Source/gd32e23x_i2c.c **** /*!
 186:../Firmware/GD32E23x_standard_peripheral/Source/gd32e23x_i2c.c ****     \brief      select SMBus type
 187:../Firmware/GD32E23x_standard_peripheral/Source/gd32e23x_i2c.c ****     \param[in]  i2c_periph: I2Cx(x=0,1)
 188:../Firmware/GD32E23x_standard_peripheral/Source/gd32e23x_i2c.c ****     \param[in]  type:
 189:../Firmware/GD32E23x_standard_peripheral/Source/gd32e23x_i2c.c ****                 only one parameter can be selected which is shown as below:
 190:../Firmware/GD32E23x_standard_peripheral/Source/gd32e23x_i2c.c ****       \arg        I2C_SMBUS_DEVICE: SMBus mode device type
 191:../Firmware/GD32E23x_standard_peripheral/Source/gd32e23x_i2c.c ****       \arg        I2C_SMBUS_HOST: SMBus mode host type
 192:../Firmware/GD32E23x_standard_peripheral/Source/gd32e23x_i2c.c ****     \param[out] none
 193:../Firmware/GD32E23x_standard_peripheral/Source/gd32e23x_i2c.c ****     \retval     none
 194:../Firmware/GD32E23x_standard_peripheral/Source/gd32e23x_i2c.c **** */
 195:../Firmware/GD32E23x_standard_peripheral/Source/gd32e23x_i2c.c **** void i2c_smbus_type_config(uint32_t i2c_periph, uint32_t type)
 196:../Firmware/GD32E23x_standard_peripheral/Source/gd32e23x_i2c.c **** {
 506              		.loc 1 196 1
 507              		.cfi_startproc
 508              		@ args = 0, pretend = 0, frame = 8
 509              		@ frame_needed = 1, uses_anonymous_args = 0
 510 0000 80B5     		push	{r7, lr}
 511              		.cfi_def_cfa_offset 8
 512              		.cfi_offset 7, -8
 513              		.cfi_offset 14, -4
 514 0002 82B0     		sub	sp, sp, #8
 515              		.cfi_def_cfa_offset 16
 516 0004 00AF     		add	r7, sp, #0
 517              		.cfi_def_cfa_register 7
 518 0006 7860     		str	r0, [r7, #4]
 519 0008 3960     		str	r1, [r7]
 197:../Firmware/GD32E23x_standard_peripheral/Source/gd32e23x_i2c.c ****     if(I2C_SMBUS_HOST == type) {
 520              		.loc 1 197 7
 521 000a 3B68     		ldr	r3, [r7]
 522 000c 082B     		cmp	r3, #8
 523 000e 06D1     		bne	.L25
 198:../Firmware/GD32E23x_standard_peripheral/Source/gd32e23x_i2c.c ****         I2C_CTL0(i2c_periph) |= I2C_CTL0_SMBSEL;
 524              		.loc 1 198 30
 525 0010 7B68     		ldr	r3, [r7, #4]
 526 0012 1A68     		ldr	r2, [r3]
 527 0014 7B68     		ldr	r3, [r7, #4]
 528 0016 0821     		movs	r1, #8
 529 0018 0A43     		orrs	r2, r1
 530 001a 1A60     		str	r2, [r3]
 199:../Firmware/GD32E23x_standard_peripheral/Source/gd32e23x_i2c.c ****     } else {
 200:../Firmware/GD32E23x_standard_peripheral/Source/gd32e23x_i2c.c ****         I2C_CTL0(i2c_periph) &= ~(I2C_CTL0_SMBSEL);
 201:../Firmware/GD32E23x_standard_peripheral/Source/gd32e23x_i2c.c ****     }
 202:../Firmware/GD32E23x_standard_peripheral/Source/gd32e23x_i2c.c **** }
 531              		.loc 1 202 1
 532 001c 05E0     		b	.L27
 533              	.L25:
 200:../Firmware/GD32E23x_standard_peripheral/Source/gd32e23x_i2c.c ****     }
 534              		.loc 1 200 30
 535 001e 7B68     		ldr	r3, [r7, #4]
 536 0020 1A68     		ldr	r2, [r3]
 537 0022 7B68     		ldr	r3, [r7, #4]
 538 0024 0821     		movs	r1, #8
 539 0026 8A43     		bics	r2, r1
 540 0028 1A60     		str	r2, [r3]
 541              	.L27:
 542              		.loc 1 202 1
 543 002a C046     		nop
 544 002c BD46     		mov	sp, r7
 545 002e 02B0     		add	sp, sp, #8
 546              		@ sp needed
 547 0030 80BD     		pop	{r7, pc}
 548              		.cfi_endproc
 549              	.LFE61:
 551              		.section	.text.i2c_ack_config,"ax",%progbits
 552              		.align	1
 553              		.global	i2c_ack_config
 554              		.syntax unified
 555              		.code	16
 556              		.thumb_func
 557              		.fpu softvfp
 559              	i2c_ack_config:
 560              	.LFB62:
 203:../Firmware/GD32E23x_standard_peripheral/Source/gd32e23x_i2c.c **** 
 204:../Firmware/GD32E23x_standard_peripheral/Source/gd32e23x_i2c.c **** /*!
 205:../Firmware/GD32E23x_standard_peripheral/Source/gd32e23x_i2c.c ****     \brief      whether or not to send an ACK
 206:../Firmware/GD32E23x_standard_peripheral/Source/gd32e23x_i2c.c ****     \param[in]  i2c_periph: I2Cx(x=0,1)
 207:../Firmware/GD32E23x_standard_peripheral/Source/gd32e23x_i2c.c ****     \param[in]  ack:
 208:../Firmware/GD32E23x_standard_peripheral/Source/gd32e23x_i2c.c ****                 only one parameter can be selected which is shown as below:
 209:../Firmware/GD32E23x_standard_peripheral/Source/gd32e23x_i2c.c ****       \arg        I2C_ACK_ENABLE: ACK will be sent
 210:../Firmware/GD32E23x_standard_peripheral/Source/gd32e23x_i2c.c ****       \arg        I2C_ACK_DISABLE: ACK will not be sent
 211:../Firmware/GD32E23x_standard_peripheral/Source/gd32e23x_i2c.c ****     \param[out] none
 212:../Firmware/GD32E23x_standard_peripheral/Source/gd32e23x_i2c.c ****     \retval     none
 213:../Firmware/GD32E23x_standard_peripheral/Source/gd32e23x_i2c.c **** */
 214:../Firmware/GD32E23x_standard_peripheral/Source/gd32e23x_i2c.c **** void i2c_ack_config(uint32_t i2c_periph, uint32_t ack)
 215:../Firmware/GD32E23x_standard_peripheral/Source/gd32e23x_i2c.c **** {
 561              		.loc 1 215 1
 562              		.cfi_startproc
 563              		@ args = 0, pretend = 0, frame = 16
 564              		@ frame_needed = 1, uses_anonymous_args = 0
 565 0000 80B5     		push	{r7, lr}
 566              		.cfi_def_cfa_offset 8
 567              		.cfi_offset 7, -8
 568              		.cfi_offset 14, -4
 569 0002 84B0     		sub	sp, sp, #16
 570              		.cfi_def_cfa_offset 24
 571 0004 00AF     		add	r7, sp, #0
 572              		.cfi_def_cfa_register 7
 573 0006 7860     		str	r0, [r7, #4]
 574 0008 3960     		str	r1, [r7]
 216:../Firmware/GD32E23x_standard_peripheral/Source/gd32e23x_i2c.c ****     uint32_t ctl = 0U;
 575              		.loc 1 216 14
 576 000a 0023     		movs	r3, #0
 577 000c FB60     		str	r3, [r7, #12]
 217:../Firmware/GD32E23x_standard_peripheral/Source/gd32e23x_i2c.c **** 
 218:../Firmware/GD32E23x_standard_peripheral/Source/gd32e23x_i2c.c ****     ctl = I2C_CTL0(i2c_periph);
 578              		.loc 1 218 11
 579 000e 7B68     		ldr	r3, [r7, #4]
 580              		.loc 1 218 9
 581 0010 1B68     		ldr	r3, [r3]
 582 0012 FB60     		str	r3, [r7, #12]
 219:../Firmware/GD32E23x_standard_peripheral/Source/gd32e23x_i2c.c ****     ctl &= ~(I2C_CTL0_ACKEN);
 583              		.loc 1 219 9
 584 0014 FB68     		ldr	r3, [r7, #12]
 585 0016 074A     		ldr	r2, .L29
 586 0018 1340     		ands	r3, r2
 587 001a FB60     		str	r3, [r7, #12]
 220:../Firmware/GD32E23x_standard_peripheral/Source/gd32e23x_i2c.c ****     ctl |= ack;
 588              		.loc 1 220 9
 589 001c FA68     		ldr	r2, [r7, #12]
 590 001e 3B68     		ldr	r3, [r7]
 591 0020 1343     		orrs	r3, r2
 592 0022 FB60     		str	r3, [r7, #12]
 221:../Firmware/GD32E23x_standard_peripheral/Source/gd32e23x_i2c.c ****     I2C_CTL0(i2c_periph) = ctl;
 593              		.loc 1 221 5
 594 0024 7B68     		ldr	r3, [r7, #4]
 595              		.loc 1 221 26
 596 0026 FA68     		ldr	r2, [r7, #12]
 597 0028 1A60     		str	r2, [r3]
 222:../Firmware/GD32E23x_standard_peripheral/Source/gd32e23x_i2c.c **** }
 598              		.loc 1 222 1
 599 002a C046     		nop
 600 002c BD46     		mov	sp, r7
 601 002e 04B0     		add	sp, sp, #16
 602              		@ sp needed
 603 0030 80BD     		pop	{r7, pc}
 604              	.L30:
 605 0032 C046     		.align	2
 606              	.L29:
 607 0034 FFFBFFFF 		.word	-1025
 608              		.cfi_endproc
 609              	.LFE62:
 611              		.section	.text.i2c_ackpos_config,"ax",%progbits
 612              		.align	1
 613              		.global	i2c_ackpos_config
 614              		.syntax unified
 615              		.code	16
 616              		.thumb_func
 617              		.fpu softvfp
 619              	i2c_ackpos_config:
 620              	.LFB63:
 223:../Firmware/GD32E23x_standard_peripheral/Source/gd32e23x_i2c.c **** 
 224:../Firmware/GD32E23x_standard_peripheral/Source/gd32e23x_i2c.c **** /*!
 225:../Firmware/GD32E23x_standard_peripheral/Source/gd32e23x_i2c.c ****     \brief      configure I2C POAP position
 226:../Firmware/GD32E23x_standard_peripheral/Source/gd32e23x_i2c.c ****     \param[in]  i2c_periph: I2Cx(x=0,1)
 227:../Firmware/GD32E23x_standard_peripheral/Source/gd32e23x_i2c.c ****     \param[in]  pos:
 228:../Firmware/GD32E23x_standard_peripheral/Source/gd32e23x_i2c.c ****                 only one parameter can be selected which is shown as below:
 229:../Firmware/GD32E23x_standard_peripheral/Source/gd32e23x_i2c.c ****       \arg        I2C_ACKPOS_CURRENT: ACKEN bit decides whether or not to send ACK or not for the c
 230:../Firmware/GD32E23x_standard_peripheral/Source/gd32e23x_i2c.c ****       \arg        I2C_ACKPOS_NEXT: ACKEN bit decides whether or not to send ACK for the next byte
 231:../Firmware/GD32E23x_standard_peripheral/Source/gd32e23x_i2c.c ****     \param[out] none
 232:../Firmware/GD32E23x_standard_peripheral/Source/gd32e23x_i2c.c ****     \retval     none
 233:../Firmware/GD32E23x_standard_peripheral/Source/gd32e23x_i2c.c **** */
 234:../Firmware/GD32E23x_standard_peripheral/Source/gd32e23x_i2c.c **** void i2c_ackpos_config(uint32_t i2c_periph, uint32_t pos)
 235:../Firmware/GD32E23x_standard_peripheral/Source/gd32e23x_i2c.c **** {
 621              		.loc 1 235 1
 622              		.cfi_startproc
 623              		@ args = 0, pretend = 0, frame = 16
 624              		@ frame_needed = 1, uses_anonymous_args = 0
 625 0000 80B5     		push	{r7, lr}
 626              		.cfi_def_cfa_offset 8
 627              		.cfi_offset 7, -8
 628              		.cfi_offset 14, -4
 629 0002 84B0     		sub	sp, sp, #16
 630              		.cfi_def_cfa_offset 24
 631 0004 00AF     		add	r7, sp, #0
 632              		.cfi_def_cfa_register 7
 633 0006 7860     		str	r0, [r7, #4]
 634 0008 3960     		str	r1, [r7]
 236:../Firmware/GD32E23x_standard_peripheral/Source/gd32e23x_i2c.c ****     uint32_t ctl = 0U;
 635              		.loc 1 236 14
 636 000a 0023     		movs	r3, #0
 637 000c FB60     		str	r3, [r7, #12]
 237:../Firmware/GD32E23x_standard_peripheral/Source/gd32e23x_i2c.c ****     /* configure I2C POAP position */
 238:../Firmware/GD32E23x_standard_peripheral/Source/gd32e23x_i2c.c ****     ctl = I2C_CTL0(i2c_periph);
 638              		.loc 1 238 11
 639 000e 7B68     		ldr	r3, [r7, #4]
 640              		.loc 1 238 9
 641 0010 1B68     		ldr	r3, [r3]
 642 0012 FB60     		str	r3, [r7, #12]
 239:../Firmware/GD32E23x_standard_peripheral/Source/gd32e23x_i2c.c ****     ctl &= ~(I2C_CTL0_POAP);
 643              		.loc 1 239 9
 644 0014 FB68     		ldr	r3, [r7, #12]
 645 0016 074A     		ldr	r2, .L32
 646 0018 1340     		ands	r3, r2
 647 001a FB60     		str	r3, [r7, #12]
 240:../Firmware/GD32E23x_standard_peripheral/Source/gd32e23x_i2c.c ****     ctl |= pos;
 648              		.loc 1 240 9
 649 001c FA68     		ldr	r2, [r7, #12]
 650 001e 3B68     		ldr	r3, [r7]
 651 0020 1343     		orrs	r3, r2
 652 0022 FB60     		str	r3, [r7, #12]
 241:../Firmware/GD32E23x_standard_peripheral/Source/gd32e23x_i2c.c ****     I2C_CTL0(i2c_periph) = ctl;
 653              		.loc 1 241 5
 654 0024 7B68     		ldr	r3, [r7, #4]
 655              		.loc 1 241 26
 656 0026 FA68     		ldr	r2, [r7, #12]
 657 0028 1A60     		str	r2, [r3]
 242:../Firmware/GD32E23x_standard_peripheral/Source/gd32e23x_i2c.c **** }
 658              		.loc 1 242 1
 659 002a C046     		nop
 660 002c BD46     		mov	sp, r7
 661 002e 04B0     		add	sp, sp, #16
 662              		@ sp needed
 663 0030 80BD     		pop	{r7, pc}
 664              	.L33:
 665 0032 C046     		.align	2
 666              	.L32:
 667 0034 FFF7FFFF 		.word	-2049
 668              		.cfi_endproc
 669              	.LFE63:
 671              		.section	.text.i2c_master_addressing,"ax",%progbits
 672              		.align	1
 673              		.global	i2c_master_addressing
 674              		.syntax unified
 675              		.code	16
 676              		.thumb_func
 677              		.fpu softvfp
 679              	i2c_master_addressing:
 680              	.LFB64:
 243:../Firmware/GD32E23x_standard_peripheral/Source/gd32e23x_i2c.c **** 
 244:../Firmware/GD32E23x_standard_peripheral/Source/gd32e23x_i2c.c **** /*!
 245:../Firmware/GD32E23x_standard_peripheral/Source/gd32e23x_i2c.c ****     \brief      master sends slave address
 246:../Firmware/GD32E23x_standard_peripheral/Source/gd32e23x_i2c.c ****     \param[in]  i2c_periph: I2Cx(x=0,1)
 247:../Firmware/GD32E23x_standard_peripheral/Source/gd32e23x_i2c.c ****     \param[in]  addr: slave address
 248:../Firmware/GD32E23x_standard_peripheral/Source/gd32e23x_i2c.c ****     \param[in]  trandirection: transmitter or receiver
 249:../Firmware/GD32E23x_standard_peripheral/Source/gd32e23x_i2c.c ****                 only one parameter can be selected which is shown as below:
 250:../Firmware/GD32E23x_standard_peripheral/Source/gd32e23x_i2c.c ****       \arg        I2C_TRANSMITTER: transmitter
 251:../Firmware/GD32E23x_standard_peripheral/Source/gd32e23x_i2c.c ****       \arg        I2C_RECEIVER: receiver
 252:../Firmware/GD32E23x_standard_peripheral/Source/gd32e23x_i2c.c ****     \param[out] none
 253:../Firmware/GD32E23x_standard_peripheral/Source/gd32e23x_i2c.c ****     \retval     none
 254:../Firmware/GD32E23x_standard_peripheral/Source/gd32e23x_i2c.c **** */
 255:../Firmware/GD32E23x_standard_peripheral/Source/gd32e23x_i2c.c **** void i2c_master_addressing(uint32_t i2c_periph, uint32_t addr, uint32_t trandirection)
 256:../Firmware/GD32E23x_standard_peripheral/Source/gd32e23x_i2c.c **** {
 681              		.loc 1 256 1
 682              		.cfi_startproc
 683              		@ args = 0, pretend = 0, frame = 16
 684              		@ frame_needed = 1, uses_anonymous_args = 0
 685 0000 80B5     		push	{r7, lr}
 686              		.cfi_def_cfa_offset 8
 687              		.cfi_offset 7, -8
 688              		.cfi_offset 14, -4
 689 0002 84B0     		sub	sp, sp, #16
 690              		.cfi_def_cfa_offset 24
 691 0004 00AF     		add	r7, sp, #0
 692              		.cfi_def_cfa_register 7
 693 0006 F860     		str	r0, [r7, #12]
 694 0008 B960     		str	r1, [r7, #8]
 695 000a 7A60     		str	r2, [r7, #4]
 257:../Firmware/GD32E23x_standard_peripheral/Source/gd32e23x_i2c.c ****     /* master is a transmitter or a receiver */
 258:../Firmware/GD32E23x_standard_peripheral/Source/gd32e23x_i2c.c ****     if(I2C_TRANSMITTER == trandirection) {
 696              		.loc 1 258 7
 697 000c 7B68     		ldr	r3, [r7, #4]
 698 000e 0233     		adds	r3, r3, #2
 699 0010 04D1     		bne	.L35
 259:../Firmware/GD32E23x_standard_peripheral/Source/gd32e23x_i2c.c ****         addr = addr & I2C_TRANSMITTER;
 700              		.loc 1 259 14
 701 0012 BB68     		ldr	r3, [r7, #8]
 702 0014 0122     		movs	r2, #1
 703 0016 9343     		bics	r3, r2
 704 0018 BB60     		str	r3, [r7, #8]
 705 001a 03E0     		b	.L36
 706              	.L35:
 260:../Firmware/GD32E23x_standard_peripheral/Source/gd32e23x_i2c.c ****     } else {
 261:../Firmware/GD32E23x_standard_peripheral/Source/gd32e23x_i2c.c ****         addr = addr | I2C_RECEIVER;
 707              		.loc 1 261 14
 708 001c BB68     		ldr	r3, [r7, #8]
 709 001e 0122     		movs	r2, #1
 710 0020 1343     		orrs	r3, r2
 711 0022 BB60     		str	r3, [r7, #8]
 712              	.L36:
 262:../Firmware/GD32E23x_standard_peripheral/Source/gd32e23x_i2c.c ****     }
 263:../Firmware/GD32E23x_standard_peripheral/Source/gd32e23x_i2c.c ****     /* send slave address */
 264:../Firmware/GD32E23x_standard_peripheral/Source/gd32e23x_i2c.c ****     I2C_DATA(i2c_periph) = addr;
 713              		.loc 1 264 5
 714 0024 FB68     		ldr	r3, [r7, #12]
 715 0026 1033     		adds	r3, r3, #16
 716              		.loc 1 264 26
 717 0028 BA68     		ldr	r2, [r7, #8]
 718 002a 1A60     		str	r2, [r3]
 265:../Firmware/GD32E23x_standard_peripheral/Source/gd32e23x_i2c.c **** }
 719              		.loc 1 265 1
 720 002c C046     		nop
 721 002e BD46     		mov	sp, r7
 722 0030 04B0     		add	sp, sp, #16
 723              		@ sp needed
 724 0032 80BD     		pop	{r7, pc}
 725              		.cfi_endproc
 726              	.LFE64:
 728              		.section	.text.i2c_dualaddr_enable,"ax",%progbits
 729              		.align	1
 730              		.global	i2c_dualaddr_enable
 731              		.syntax unified
 732              		.code	16
 733              		.thumb_func
 734              		.fpu softvfp
 736              	i2c_dualaddr_enable:
 737              	.LFB65:
 266:../Firmware/GD32E23x_standard_peripheral/Source/gd32e23x_i2c.c **** 
 267:../Firmware/GD32E23x_standard_peripheral/Source/gd32e23x_i2c.c **** /*!
 268:../Firmware/GD32E23x_standard_peripheral/Source/gd32e23x_i2c.c ****     \brief      enable dual-address mode
 269:../Firmware/GD32E23x_standard_peripheral/Source/gd32e23x_i2c.c ****     \param[in]  i2c_periph: I2Cx(x=0,1)
 270:../Firmware/GD32E23x_standard_peripheral/Source/gd32e23x_i2c.c ****     \param[in]  addr: the second address in dual-address mode
 271:../Firmware/GD32E23x_standard_peripheral/Source/gd32e23x_i2c.c ****     \param[out] none
 272:../Firmware/GD32E23x_standard_peripheral/Source/gd32e23x_i2c.c ****     \retval     none
 273:../Firmware/GD32E23x_standard_peripheral/Source/gd32e23x_i2c.c **** */
 274:../Firmware/GD32E23x_standard_peripheral/Source/gd32e23x_i2c.c **** void i2c_dualaddr_enable(uint32_t i2c_periph, uint32_t addr)
 275:../Firmware/GD32E23x_standard_peripheral/Source/gd32e23x_i2c.c **** {
 738              		.loc 1 275 1
 739              		.cfi_startproc
 740              		@ args = 0, pretend = 0, frame = 8
 741              		@ frame_needed = 1, uses_anonymous_args = 0
 742 0000 80B5     		push	{r7, lr}
 743              		.cfi_def_cfa_offset 8
 744              		.cfi_offset 7, -8
 745              		.cfi_offset 14, -4
 746 0002 82B0     		sub	sp, sp, #8
 747              		.cfi_def_cfa_offset 16
 748 0004 00AF     		add	r7, sp, #0
 749              		.cfi_def_cfa_register 7
 750 0006 7860     		str	r0, [r7, #4]
 751 0008 3960     		str	r1, [r7]
 276:../Firmware/GD32E23x_standard_peripheral/Source/gd32e23x_i2c.c ****     /* configure address */
 277:../Firmware/GD32E23x_standard_peripheral/Source/gd32e23x_i2c.c ****     addr = addr & I2C_ADDRESS2_MASK;
 752              		.loc 1 277 10
 753 000a 3B68     		ldr	r3, [r7]
 754 000c FE22     		movs	r2, #254
 755 000e 1340     		ands	r3, r2
 756 0010 3B60     		str	r3, [r7]
 278:../Firmware/GD32E23x_standard_peripheral/Source/gd32e23x_i2c.c ****     I2C_SADDR1(i2c_periph) = (I2C_SADDR1_DUADEN | addr);
 757              		.loc 1 278 5
 758 0012 7B68     		ldr	r3, [r7, #4]
 759 0014 0C33     		adds	r3, r3, #12
 760              		.loc 1 278 49
 761 0016 3A68     		ldr	r2, [r7]
 762 0018 0121     		movs	r1, #1
 763 001a 0A43     		orrs	r2, r1
 764              		.loc 1 278 28
 765 001c 1A60     		str	r2, [r3]
 279:../Firmware/GD32E23x_standard_peripheral/Source/gd32e23x_i2c.c **** }
 766              		.loc 1 279 1
 767 001e C046     		nop
 768 0020 BD46     		mov	sp, r7
 769 0022 02B0     		add	sp, sp, #8
 770              		@ sp needed
 771 0024 80BD     		pop	{r7, pc}
 772              		.cfi_endproc
 773              	.LFE65:
 775              		.section	.text.i2c_dualaddr_disable,"ax",%progbits
 776              		.align	1
 777              		.global	i2c_dualaddr_disable
 778              		.syntax unified
 779              		.code	16
 780              		.thumb_func
 781              		.fpu softvfp
 783              	i2c_dualaddr_disable:
 784              	.LFB66:
 280:../Firmware/GD32E23x_standard_peripheral/Source/gd32e23x_i2c.c **** 
 281:../Firmware/GD32E23x_standard_peripheral/Source/gd32e23x_i2c.c **** /*!
 282:../Firmware/GD32E23x_standard_peripheral/Source/gd32e23x_i2c.c ****     \brief      disable dual-address mode
 283:../Firmware/GD32E23x_standard_peripheral/Source/gd32e23x_i2c.c ****     \param[in]  i2c_periph: I2Cx(x=0,1)
 284:../Firmware/GD32E23x_standard_peripheral/Source/gd32e23x_i2c.c ****     \param[out] none
 285:../Firmware/GD32E23x_standard_peripheral/Source/gd32e23x_i2c.c ****     \retval     none
 286:../Firmware/GD32E23x_standard_peripheral/Source/gd32e23x_i2c.c **** */
 287:../Firmware/GD32E23x_standard_peripheral/Source/gd32e23x_i2c.c **** void i2c_dualaddr_disable(uint32_t i2c_periph)
 288:../Firmware/GD32E23x_standard_peripheral/Source/gd32e23x_i2c.c **** {
 785              		.loc 1 288 1
 786              		.cfi_startproc
 787              		@ args = 0, pretend = 0, frame = 8
 788              		@ frame_needed = 1, uses_anonymous_args = 0
 789 0000 80B5     		push	{r7, lr}
 790              		.cfi_def_cfa_offset 8
 791              		.cfi_offset 7, -8
 792              		.cfi_offset 14, -4
 793 0002 82B0     		sub	sp, sp, #8
 794              		.cfi_def_cfa_offset 16
 795 0004 00AF     		add	r7, sp, #0
 796              		.cfi_def_cfa_register 7
 797 0006 7860     		str	r0, [r7, #4]
 289:../Firmware/GD32E23x_standard_peripheral/Source/gd32e23x_i2c.c ****     I2C_SADDR1(i2c_periph) &= ~(I2C_SADDR1_DUADEN);
 798              		.loc 1 289 28
 799 0008 7B68     		ldr	r3, [r7, #4]
 800 000a 0C33     		adds	r3, r3, #12
 801 000c 1A68     		ldr	r2, [r3]
 802 000e 7B68     		ldr	r3, [r7, #4]
 803 0010 0C33     		adds	r3, r3, #12
 804 0012 0121     		movs	r1, #1
 805 0014 8A43     		bics	r2, r1
 806 0016 1A60     		str	r2, [r3]
 290:../Firmware/GD32E23x_standard_peripheral/Source/gd32e23x_i2c.c **** }
 807              		.loc 1 290 1
 808 0018 C046     		nop
 809 001a BD46     		mov	sp, r7
 810 001c 02B0     		add	sp, sp, #8
 811              		@ sp needed
 812 001e 80BD     		pop	{r7, pc}
 813              		.cfi_endproc
 814              	.LFE66:
 816              		.section	.text.i2c_enable,"ax",%progbits
 817              		.align	1
 818              		.global	i2c_enable
 819              		.syntax unified
 820              		.code	16
 821              		.thumb_func
 822              		.fpu softvfp
 824              	i2c_enable:
 825              	.LFB67:
 291:../Firmware/GD32E23x_standard_peripheral/Source/gd32e23x_i2c.c **** 
 292:../Firmware/GD32E23x_standard_peripheral/Source/gd32e23x_i2c.c **** /*!
 293:../Firmware/GD32E23x_standard_peripheral/Source/gd32e23x_i2c.c ****     \brief      enable I2C
 294:../Firmware/GD32E23x_standard_peripheral/Source/gd32e23x_i2c.c ****     \param[in]  i2c_periph: I2Cx(x=0,1)
 295:../Firmware/GD32E23x_standard_peripheral/Source/gd32e23x_i2c.c ****     \param[out] none
 296:../Firmware/GD32E23x_standard_peripheral/Source/gd32e23x_i2c.c ****     \retval     none
 297:../Firmware/GD32E23x_standard_peripheral/Source/gd32e23x_i2c.c **** */
 298:../Firmware/GD32E23x_standard_peripheral/Source/gd32e23x_i2c.c **** void i2c_enable(uint32_t i2c_periph)
 299:../Firmware/GD32E23x_standard_peripheral/Source/gd32e23x_i2c.c **** {
 826              		.loc 1 299 1
 827              		.cfi_startproc
 828              		@ args = 0, pretend = 0, frame = 8
 829              		@ frame_needed = 1, uses_anonymous_args = 0
 830 0000 80B5     		push	{r7, lr}
 831              		.cfi_def_cfa_offset 8
 832              		.cfi_offset 7, -8
 833              		.cfi_offset 14, -4
 834 0002 82B0     		sub	sp, sp, #8
 835              		.cfi_def_cfa_offset 16
 836 0004 00AF     		add	r7, sp, #0
 837              		.cfi_def_cfa_register 7
 838 0006 7860     		str	r0, [r7, #4]
 300:../Firmware/GD32E23x_standard_peripheral/Source/gd32e23x_i2c.c ****     I2C_CTL0(i2c_periph) |= I2C_CTL0_I2CEN;
 839              		.loc 1 300 26
 840 0008 7B68     		ldr	r3, [r7, #4]
 841 000a 1A68     		ldr	r2, [r3]
 842 000c 7B68     		ldr	r3, [r7, #4]
 843 000e 0121     		movs	r1, #1
 844 0010 0A43     		orrs	r2, r1
 845 0012 1A60     		str	r2, [r3]
 301:../Firmware/GD32E23x_standard_peripheral/Source/gd32e23x_i2c.c **** }
 846              		.loc 1 301 1
 847 0014 C046     		nop
 848 0016 BD46     		mov	sp, r7
 849 0018 02B0     		add	sp, sp, #8
 850              		@ sp needed
 851 001a 80BD     		pop	{r7, pc}
 852              		.cfi_endproc
 853              	.LFE67:
 855              		.section	.text.i2c_disable,"ax",%progbits
 856              		.align	1
 857              		.global	i2c_disable
 858              		.syntax unified
 859              		.code	16
 860              		.thumb_func
 861              		.fpu softvfp
 863              	i2c_disable:
 864              	.LFB68:
 302:../Firmware/GD32E23x_standard_peripheral/Source/gd32e23x_i2c.c **** 
 303:../Firmware/GD32E23x_standard_peripheral/Source/gd32e23x_i2c.c **** /*!
 304:../Firmware/GD32E23x_standard_peripheral/Source/gd32e23x_i2c.c ****     \brief      disable I2C
 305:../Firmware/GD32E23x_standard_peripheral/Source/gd32e23x_i2c.c ****     \param[in]  i2c_periph: I2Cx(x=0,1)
 306:../Firmware/GD32E23x_standard_peripheral/Source/gd32e23x_i2c.c ****     \param[out] none
 307:../Firmware/GD32E23x_standard_peripheral/Source/gd32e23x_i2c.c ****     \retval     none
 308:../Firmware/GD32E23x_standard_peripheral/Source/gd32e23x_i2c.c **** */
 309:../Firmware/GD32E23x_standard_peripheral/Source/gd32e23x_i2c.c **** void i2c_disable(uint32_t i2c_periph)
 310:../Firmware/GD32E23x_standard_peripheral/Source/gd32e23x_i2c.c **** {
 865              		.loc 1 310 1
 866              		.cfi_startproc
 867              		@ args = 0, pretend = 0, frame = 8
 868              		@ frame_needed = 1, uses_anonymous_args = 0
 869 0000 80B5     		push	{r7, lr}
 870              		.cfi_def_cfa_offset 8
 871              		.cfi_offset 7, -8
 872              		.cfi_offset 14, -4
 873 0002 82B0     		sub	sp, sp, #8
 874              		.cfi_def_cfa_offset 16
 875 0004 00AF     		add	r7, sp, #0
 876              		.cfi_def_cfa_register 7
 877 0006 7860     		str	r0, [r7, #4]
 311:../Firmware/GD32E23x_standard_peripheral/Source/gd32e23x_i2c.c ****     I2C_CTL0(i2c_periph) &= ~(I2C_CTL0_I2CEN);
 878              		.loc 1 311 26
 879 0008 7B68     		ldr	r3, [r7, #4]
 880 000a 1A68     		ldr	r2, [r3]
 881 000c 7B68     		ldr	r3, [r7, #4]
 882 000e 0121     		movs	r1, #1
 883 0010 8A43     		bics	r2, r1
 884 0012 1A60     		str	r2, [r3]
 312:../Firmware/GD32E23x_standard_peripheral/Source/gd32e23x_i2c.c **** }
 885              		.loc 1 312 1
 886 0014 C046     		nop
 887 0016 BD46     		mov	sp, r7
 888 0018 02B0     		add	sp, sp, #8
 889              		@ sp needed
 890 001a 80BD     		pop	{r7, pc}
 891              		.cfi_endproc
 892              	.LFE68:
 894              		.section	.text.i2c_start_on_bus,"ax",%progbits
 895              		.align	1
 896              		.global	i2c_start_on_bus
 897              		.syntax unified
 898              		.code	16
 899              		.thumb_func
 900              		.fpu softvfp
 902              	i2c_start_on_bus:
 903              	.LFB69:
 313:../Firmware/GD32E23x_standard_peripheral/Source/gd32e23x_i2c.c **** 
 314:../Firmware/GD32E23x_standard_peripheral/Source/gd32e23x_i2c.c **** /*!
 315:../Firmware/GD32E23x_standard_peripheral/Source/gd32e23x_i2c.c ****     \brief      generate a START condition on I2C bus
 316:../Firmware/GD32E23x_standard_peripheral/Source/gd32e23x_i2c.c ****     \param[in]  i2c_periph: I2Cx(x=0,1)
 317:../Firmware/GD32E23x_standard_peripheral/Source/gd32e23x_i2c.c ****     \param[out] none
 318:../Firmware/GD32E23x_standard_peripheral/Source/gd32e23x_i2c.c ****     \retval     none
 319:../Firmware/GD32E23x_standard_peripheral/Source/gd32e23x_i2c.c **** */
 320:../Firmware/GD32E23x_standard_peripheral/Source/gd32e23x_i2c.c **** void i2c_start_on_bus(uint32_t i2c_periph)
 321:../Firmware/GD32E23x_standard_peripheral/Source/gd32e23x_i2c.c **** {
 904              		.loc 1 321 1
 905              		.cfi_startproc
 906              		@ args = 0, pretend = 0, frame = 8
 907              		@ frame_needed = 1, uses_anonymous_args = 0
 908 0000 80B5     		push	{r7, lr}
 909              		.cfi_def_cfa_offset 8
 910              		.cfi_offset 7, -8
 911              		.cfi_offset 14, -4
 912 0002 82B0     		sub	sp, sp, #8
 913              		.cfi_def_cfa_offset 16
 914 0004 00AF     		add	r7, sp, #0
 915              		.cfi_def_cfa_register 7
 916 0006 7860     		str	r0, [r7, #4]
 322:../Firmware/GD32E23x_standard_peripheral/Source/gd32e23x_i2c.c ****     I2C_CTL0(i2c_periph) |= I2C_CTL0_START;
 917              		.loc 1 322 26
 918 0008 7B68     		ldr	r3, [r7, #4]
 919 000a 1A68     		ldr	r2, [r3]
 920 000c 7B68     		ldr	r3, [r7, #4]
 921 000e 40F20011 		movw	r1, #256
 922 0012 0A43     		orrs	r2, r1
 923 0014 1A60     		str	r2, [r3]
 323:../Firmware/GD32E23x_standard_peripheral/Source/gd32e23x_i2c.c **** }
 924              		.loc 1 323 1
 925 0016 C046     		nop
 926 0018 BD46     		mov	sp, r7
 927 001a 02B0     		add	sp, sp, #8
 928              		@ sp needed
 929 001c 80BD     		pop	{r7, pc}
 930              		.cfi_endproc
 931              	.LFE69:
 933              		.section	.text.i2c_stop_on_bus,"ax",%progbits
 934              		.align	1
 935              		.global	i2c_stop_on_bus
 936              		.syntax unified
 937              		.code	16
 938              		.thumb_func
 939              		.fpu softvfp
 941              	i2c_stop_on_bus:
 942              	.LFB70:
 324:../Firmware/GD32E23x_standard_peripheral/Source/gd32e23x_i2c.c **** 
 325:../Firmware/GD32E23x_standard_peripheral/Source/gd32e23x_i2c.c **** /*!
 326:../Firmware/GD32E23x_standard_peripheral/Source/gd32e23x_i2c.c ****     \brief      generate a STOP condition on I2C bus
 327:../Firmware/GD32E23x_standard_peripheral/Source/gd32e23x_i2c.c ****     \param[in]  i2c_periph: I2Cx(x=0,1)
 328:../Firmware/GD32E23x_standard_peripheral/Source/gd32e23x_i2c.c ****     \param[out] none
 329:../Firmware/GD32E23x_standard_peripheral/Source/gd32e23x_i2c.c ****     \retval     none
 330:../Firmware/GD32E23x_standard_peripheral/Source/gd32e23x_i2c.c **** */
 331:../Firmware/GD32E23x_standard_peripheral/Source/gd32e23x_i2c.c **** void i2c_stop_on_bus(uint32_t i2c_periph)
 332:../Firmware/GD32E23x_standard_peripheral/Source/gd32e23x_i2c.c **** {
 943              		.loc 1 332 1
 944              		.cfi_startproc
 945              		@ args = 0, pretend = 0, frame = 8
 946              		@ frame_needed = 1, uses_anonymous_args = 0
 947 0000 80B5     		push	{r7, lr}
 948              		.cfi_def_cfa_offset 8
 949              		.cfi_offset 7, -8
 950              		.cfi_offset 14, -4
 951 0002 82B0     		sub	sp, sp, #8
 952              		.cfi_def_cfa_offset 16
 953 0004 00AF     		add	r7, sp, #0
 954              		.cfi_def_cfa_register 7
 955 0006 7860     		str	r0, [r7, #4]
 333:../Firmware/GD32E23x_standard_peripheral/Source/gd32e23x_i2c.c ****     I2C_CTL0(i2c_periph) |= I2C_CTL0_STOP;
 956              		.loc 1 333 26
 957 0008 7B68     		ldr	r3, [r7, #4]
 958 000a 1A68     		ldr	r2, [r3]
 959 000c 7B68     		ldr	r3, [r7, #4]
 960 000e 40F20021 		movw	r1, #512
 961 0012 0A43     		orrs	r2, r1
 962 0014 1A60     		str	r2, [r3]
 334:../Firmware/GD32E23x_standard_peripheral/Source/gd32e23x_i2c.c **** }
 963              		.loc 1 334 1
 964 0016 C046     		nop
 965 0018 BD46     		mov	sp, r7
 966 001a 02B0     		add	sp, sp, #8
 967              		@ sp needed
 968 001c 80BD     		pop	{r7, pc}
 969              		.cfi_endproc
 970              	.LFE70:
 972              		.section	.text.i2c_data_transmit,"ax",%progbits
 973              		.align	1
 974              		.global	i2c_data_transmit
 975              		.syntax unified
 976              		.code	16
 977              		.thumb_func
 978              		.fpu softvfp
 980              	i2c_data_transmit:
 981              	.LFB71:
 335:../Firmware/GD32E23x_standard_peripheral/Source/gd32e23x_i2c.c **** 
 336:../Firmware/GD32E23x_standard_peripheral/Source/gd32e23x_i2c.c **** /*!
 337:../Firmware/GD32E23x_standard_peripheral/Source/gd32e23x_i2c.c ****     \brief      I2C transmit data function
 338:../Firmware/GD32E23x_standard_peripheral/Source/gd32e23x_i2c.c ****     \param[in]  i2c_periph: I2Cx(x=0,1)
 339:../Firmware/GD32E23x_standard_peripheral/Source/gd32e23x_i2c.c ****     \param[in]  data: data of transmission
 340:../Firmware/GD32E23x_standard_peripheral/Source/gd32e23x_i2c.c ****     \param[out] none
 341:../Firmware/GD32E23x_standard_peripheral/Source/gd32e23x_i2c.c ****     \retval     none
 342:../Firmware/GD32E23x_standard_peripheral/Source/gd32e23x_i2c.c **** */
 343:../Firmware/GD32E23x_standard_peripheral/Source/gd32e23x_i2c.c **** void i2c_data_transmit(uint32_t i2c_periph, uint8_t data)
 344:../Firmware/GD32E23x_standard_peripheral/Source/gd32e23x_i2c.c **** {
 982              		.loc 1 344 1
 983              		.cfi_startproc
 984              		@ args = 0, pretend = 0, frame = 8
 985              		@ frame_needed = 1, uses_anonymous_args = 0
 986 0000 80B5     		push	{r7, lr}
 987              		.cfi_def_cfa_offset 8
 988              		.cfi_offset 7, -8
 989              		.cfi_offset 14, -4
 990 0002 82B0     		sub	sp, sp, #8
 991              		.cfi_def_cfa_offset 16
 992 0004 00AF     		add	r7, sp, #0
 993              		.cfi_def_cfa_register 7
 994 0006 7860     		str	r0, [r7, #4]
 995 0008 0A00     		movs	r2, r1
 996 000a FB1C     		adds	r3, r7, #3
 997 000c 1A70     		strb	r2, [r3]
 345:../Firmware/GD32E23x_standard_peripheral/Source/gd32e23x_i2c.c ****     I2C_DATA(i2c_periph) = DATA_TRANS(data);
 998              		.loc 1 345 5
 999 000e 7B68     		ldr	r3, [r7, #4]
 1000 0010 1033     		adds	r3, r3, #16
 1001              		.loc 1 345 28
 1002 0012 FA1C     		adds	r2, r7, #3
 1003 0014 1278     		ldrb	r2, [r2]
 1004              		.loc 1 345 26
 1005 0016 1A60     		str	r2, [r3]
 346:../Firmware/GD32E23x_standard_peripheral/Source/gd32e23x_i2c.c **** }
 1006              		.loc 1 346 1
 1007 0018 C046     		nop
 1008 001a BD46     		mov	sp, r7
 1009 001c 02B0     		add	sp, sp, #8
 1010              		@ sp needed
 1011 001e 80BD     		pop	{r7, pc}
 1012              		.cfi_endproc
 1013              	.LFE71:
 1015              		.section	.text.i2c_data_receive,"ax",%progbits
 1016              		.align	1
 1017              		.global	i2c_data_receive
 1018              		.syntax unified
 1019              		.code	16
 1020              		.thumb_func
 1021              		.fpu softvfp
 1023              	i2c_data_receive:
 1024              	.LFB72:
 347:../Firmware/GD32E23x_standard_peripheral/Source/gd32e23x_i2c.c **** 
 348:../Firmware/GD32E23x_standard_peripheral/Source/gd32e23x_i2c.c **** /*!
 349:../Firmware/GD32E23x_standard_peripheral/Source/gd32e23x_i2c.c ****     \brief      I2C receive data function
 350:../Firmware/GD32E23x_standard_peripheral/Source/gd32e23x_i2c.c ****     \param[in]  i2c_periph: I2Cx(x=0,1)
 351:../Firmware/GD32E23x_standard_peripheral/Source/gd32e23x_i2c.c ****     \param[out] none
 352:../Firmware/GD32E23x_standard_peripheral/Source/gd32e23x_i2c.c ****     \retval     data of received
 353:../Firmware/GD32E23x_standard_peripheral/Source/gd32e23x_i2c.c **** */
 354:../Firmware/GD32E23x_standard_peripheral/Source/gd32e23x_i2c.c **** uint8_t i2c_data_receive(uint32_t i2c_periph)
 355:../Firmware/GD32E23x_standard_peripheral/Source/gd32e23x_i2c.c **** {
 1025              		.loc 1 355 1
 1026              		.cfi_startproc
 1027              		@ args = 0, pretend = 0, frame = 8
 1028              		@ frame_needed = 1, uses_anonymous_args = 0
 1029 0000 80B5     		push	{r7, lr}
 1030              		.cfi_def_cfa_offset 8
 1031              		.cfi_offset 7, -8
 1032              		.cfi_offset 14, -4
 1033 0002 82B0     		sub	sp, sp, #8
 1034              		.cfi_def_cfa_offset 16
 1035 0004 00AF     		add	r7, sp, #0
 1036              		.cfi_def_cfa_register 7
 1037 0006 7860     		str	r0, [r7, #4]
 356:../Firmware/GD32E23x_standard_peripheral/Source/gd32e23x_i2c.c ****     return (uint8_t)DATA_RECV(I2C_DATA(i2c_periph));
 1038              		.loc 1 356 21
 1039 0008 7B68     		ldr	r3, [r7, #4]
 1040 000a 1033     		adds	r3, r3, #16
 1041 000c 1B68     		ldr	r3, [r3]
 1042              		.loc 1 356 12
 1043 000e DBB2     		uxtb	r3, r3
 357:../Firmware/GD32E23x_standard_peripheral/Source/gd32e23x_i2c.c **** }
 1044              		.loc 1 357 1
 1045 0010 1800     		movs	r0, r3
 1046 0012 BD46     		mov	sp, r7
 1047 0014 02B0     		add	sp, sp, #8
 1048              		@ sp needed
 1049 0016 80BD     		pop	{r7, pc}
 1050              		.cfi_endproc
 1051              	.LFE72:
 1053              		.section	.text.i2c_dma_config,"ax",%progbits
 1054              		.align	1
 1055              		.global	i2c_dma_config
 1056              		.syntax unified
 1057              		.code	16
 1058              		.thumb_func
 1059              		.fpu softvfp
 1061              	i2c_dma_config:
 1062              	.LFB73:
 358:../Firmware/GD32E23x_standard_peripheral/Source/gd32e23x_i2c.c **** 
 359:../Firmware/GD32E23x_standard_peripheral/Source/gd32e23x_i2c.c **** /*!
 360:../Firmware/GD32E23x_standard_peripheral/Source/gd32e23x_i2c.c ****     \brief      configure I2C DMA mode
 361:../Firmware/GD32E23x_standard_peripheral/Source/gd32e23x_i2c.c ****     \param[in]  i2c_periph: I2Cx(x=0,1)
 362:../Firmware/GD32E23x_standard_peripheral/Source/gd32e23x_i2c.c ****     \param[in]  dmastate:
 363:../Firmware/GD32E23x_standard_peripheral/Source/gd32e23x_i2c.c ****                 only one parameter can be selected which is shown as below:
 364:../Firmware/GD32E23x_standard_peripheral/Source/gd32e23x_i2c.c ****       \arg        I2C_DMA_ON: enable DMA mode
 365:../Firmware/GD32E23x_standard_peripheral/Source/gd32e23x_i2c.c ****       \arg        I2C_DMA_OFF: disable DMA mode
 366:../Firmware/GD32E23x_standard_peripheral/Source/gd32e23x_i2c.c ****     \param[out] none
 367:../Firmware/GD32E23x_standard_peripheral/Source/gd32e23x_i2c.c ****     \retval     none
 368:../Firmware/GD32E23x_standard_peripheral/Source/gd32e23x_i2c.c **** */
 369:../Firmware/GD32E23x_standard_peripheral/Source/gd32e23x_i2c.c **** void i2c_dma_config(uint32_t i2c_periph, uint32_t dmastate)
 370:../Firmware/GD32E23x_standard_peripheral/Source/gd32e23x_i2c.c **** {
 1063              		.loc 1 370 1
 1064              		.cfi_startproc
 1065              		@ args = 0, pretend = 0, frame = 16
 1066              		@ frame_needed = 1, uses_anonymous_args = 0
 1067 0000 80B5     		push	{r7, lr}
 1068              		.cfi_def_cfa_offset 8
 1069              		.cfi_offset 7, -8
 1070              		.cfi_offset 14, -4
 1071 0002 84B0     		sub	sp, sp, #16
 1072              		.cfi_def_cfa_offset 24
 1073 0004 00AF     		add	r7, sp, #0
 1074              		.cfi_def_cfa_register 7
 1075 0006 7860     		str	r0, [r7, #4]
 1076 0008 3960     		str	r1, [r7]
 371:../Firmware/GD32E23x_standard_peripheral/Source/gd32e23x_i2c.c ****     /* configure I2C DMA function */
 372:../Firmware/GD32E23x_standard_peripheral/Source/gd32e23x_i2c.c ****     uint32_t ctl = 0U;
 1077              		.loc 1 372 14
 1078 000a 0023     		movs	r3, #0
 1079 000c FB60     		str	r3, [r7, #12]
 373:../Firmware/GD32E23x_standard_peripheral/Source/gd32e23x_i2c.c **** 
 374:../Firmware/GD32E23x_standard_peripheral/Source/gd32e23x_i2c.c ****     ctl = I2C_CTL1(i2c_periph);
 1080              		.loc 1 374 11
 1081 000e 7B68     		ldr	r3, [r7, #4]
 1082 0010 0433     		adds	r3, r3, #4
 1083              		.loc 1 374 9
 1084 0012 1B68     		ldr	r3, [r3]
 1085 0014 FB60     		str	r3, [r7, #12]
 375:../Firmware/GD32E23x_standard_peripheral/Source/gd32e23x_i2c.c ****     ctl &= ~(I2C_CTL1_DMAON);
 1086              		.loc 1 375 9
 1087 0016 FB68     		ldr	r3, [r7, #12]
 1088 0018 074A     		ldr	r2, .L47
 1089 001a 1340     		ands	r3, r2
 1090 001c FB60     		str	r3, [r7, #12]
 376:../Firmware/GD32E23x_standard_peripheral/Source/gd32e23x_i2c.c ****     ctl |= dmastate;
 1091              		.loc 1 376 9
 1092 001e FA68     		ldr	r2, [r7, #12]
 1093 0020 3B68     		ldr	r3, [r7]
 1094 0022 1343     		orrs	r3, r2
 1095 0024 FB60     		str	r3, [r7, #12]
 377:../Firmware/GD32E23x_standard_peripheral/Source/gd32e23x_i2c.c ****     I2C_CTL1(i2c_periph) = ctl;
 1096              		.loc 1 377 5
 1097 0026 7B68     		ldr	r3, [r7, #4]
 1098 0028 0433     		adds	r3, r3, #4
 1099              		.loc 1 377 26
 1100 002a FA68     		ldr	r2, [r7, #12]
 1101 002c 1A60     		str	r2, [r3]
 378:../Firmware/GD32E23x_standard_peripheral/Source/gd32e23x_i2c.c **** }
 1102              		.loc 1 378 1
 1103 002e C046     		nop
 1104 0030 BD46     		mov	sp, r7
 1105 0032 04B0     		add	sp, sp, #16
 1106              		@ sp needed
 1107 0034 80BD     		pop	{r7, pc}
 1108              	.L48:
 1109 0036 C046     		.align	2
 1110              	.L47:
 1111 0038 FFF7FFFF 		.word	-2049
 1112              		.cfi_endproc
 1113              	.LFE73:
 1115              		.section	.text.i2c_dma_last_transfer_config,"ax",%progbits
 1116              		.align	1
 1117              		.global	i2c_dma_last_transfer_config
 1118              		.syntax unified
 1119              		.code	16
 1120              		.thumb_func
 1121              		.fpu softvfp
 1123              	i2c_dma_last_transfer_config:
 1124              	.LFB74:
 379:../Firmware/GD32E23x_standard_peripheral/Source/gd32e23x_i2c.c **** 
 380:../Firmware/GD32E23x_standard_peripheral/Source/gd32e23x_i2c.c **** /*!
 381:../Firmware/GD32E23x_standard_peripheral/Source/gd32e23x_i2c.c ****     \brief      configure whether next DMA EOT is DMA last transfer or not
 382:../Firmware/GD32E23x_standard_peripheral/Source/gd32e23x_i2c.c ****     \param[in]  i2c_periph: I2Cx(x=0,1)
 383:../Firmware/GD32E23x_standard_peripheral/Source/gd32e23x_i2c.c ****     \param[in]  dmalast:
 384:../Firmware/GD32E23x_standard_peripheral/Source/gd32e23x_i2c.c ****                 only one parameter can be selected which is shown as below:
 385:../Firmware/GD32E23x_standard_peripheral/Source/gd32e23x_i2c.c ****       \arg        I2C_DMALST_ON: next DMA EOT is the last transfer
 386:../Firmware/GD32E23x_standard_peripheral/Source/gd32e23x_i2c.c ****       \arg        I2C_DMALST_OFF: next DMA EOT is not the last transfer
 387:../Firmware/GD32E23x_standard_peripheral/Source/gd32e23x_i2c.c ****     \param[out] none
 388:../Firmware/GD32E23x_standard_peripheral/Source/gd32e23x_i2c.c ****     \retval     none
 389:../Firmware/GD32E23x_standard_peripheral/Source/gd32e23x_i2c.c **** */
 390:../Firmware/GD32E23x_standard_peripheral/Source/gd32e23x_i2c.c **** void i2c_dma_last_transfer_config(uint32_t i2c_periph, uint32_t dmalast)
 391:../Firmware/GD32E23x_standard_peripheral/Source/gd32e23x_i2c.c **** {
 1125              		.loc 1 391 1
 1126              		.cfi_startproc
 1127              		@ args = 0, pretend = 0, frame = 16
 1128              		@ frame_needed = 1, uses_anonymous_args = 0
 1129 0000 80B5     		push	{r7, lr}
 1130              		.cfi_def_cfa_offset 8
 1131              		.cfi_offset 7, -8
 1132              		.cfi_offset 14, -4
 1133 0002 84B0     		sub	sp, sp, #16
 1134              		.cfi_def_cfa_offset 24
 1135 0004 00AF     		add	r7, sp, #0
 1136              		.cfi_def_cfa_register 7
 1137 0006 7860     		str	r0, [r7, #4]
 1138 0008 3960     		str	r1, [r7]
 392:../Firmware/GD32E23x_standard_peripheral/Source/gd32e23x_i2c.c ****     /* configure DMA last transfer */
 393:../Firmware/GD32E23x_standard_peripheral/Source/gd32e23x_i2c.c ****     uint32_t ctl = 0U;
 1139              		.loc 1 393 14
 1140 000a 0023     		movs	r3, #0
 1141 000c FB60     		str	r3, [r7, #12]
 394:../Firmware/GD32E23x_standard_peripheral/Source/gd32e23x_i2c.c **** 
 395:../Firmware/GD32E23x_standard_peripheral/Source/gd32e23x_i2c.c ****     ctl = I2C_CTL1(i2c_periph);
 1142              		.loc 1 395 11
 1143 000e 7B68     		ldr	r3, [r7, #4]
 1144 0010 0433     		adds	r3, r3, #4
 1145              		.loc 1 395 9
 1146 0012 1B68     		ldr	r3, [r3]
 1147 0014 FB60     		str	r3, [r7, #12]
 396:../Firmware/GD32E23x_standard_peripheral/Source/gd32e23x_i2c.c ****     ctl &= ~(I2C_CTL1_DMALST);
 1148              		.loc 1 396 9
 1149 0016 FB68     		ldr	r3, [r7, #12]
 1150 0018 074A     		ldr	r2, .L50
 1151 001a 1340     		ands	r3, r2
 1152 001c FB60     		str	r3, [r7, #12]
 397:../Firmware/GD32E23x_standard_peripheral/Source/gd32e23x_i2c.c ****     ctl |= dmalast;
 1153              		.loc 1 397 9
 1154 001e FA68     		ldr	r2, [r7, #12]
 1155 0020 3B68     		ldr	r3, [r7]
 1156 0022 1343     		orrs	r3, r2
 1157 0024 FB60     		str	r3, [r7, #12]
 398:../Firmware/GD32E23x_standard_peripheral/Source/gd32e23x_i2c.c ****     I2C_CTL1(i2c_periph) = ctl;
 1158              		.loc 1 398 5
 1159 0026 7B68     		ldr	r3, [r7, #4]
 1160 0028 0433     		adds	r3, r3, #4
 1161              		.loc 1 398 26
 1162 002a FA68     		ldr	r2, [r7, #12]
 1163 002c 1A60     		str	r2, [r3]
 399:../Firmware/GD32E23x_standard_peripheral/Source/gd32e23x_i2c.c **** }
 1164              		.loc 1 399 1
 1165 002e C046     		nop
 1166 0030 BD46     		mov	sp, r7
 1167 0032 04B0     		add	sp, sp, #16
 1168              		@ sp needed
 1169 0034 80BD     		pop	{r7, pc}
 1170              	.L51:
 1171 0036 C046     		.align	2
 1172              	.L50:
 1173 0038 FFEFFFFF 		.word	-4097
 1174              		.cfi_endproc
 1175              	.LFE74:
 1177              		.section	.text.i2c_rbne_clear_config,"ax",%progbits
 1178              		.align	1
 1179              		.global	i2c_rbne_clear_config
 1180              		.syntax unified
 1181              		.code	16
 1182              		.thumb_func
 1183              		.fpu softvfp
 1185              	i2c_rbne_clear_config:
 1186              	.LFB75:
 400:../Firmware/GD32E23x_standard_peripheral/Source/gd32e23x_i2c.c **** 
 401:../Firmware/GD32E23x_standard_peripheral/Source/gd32e23x_i2c.c **** /*!
 402:../Firmware/GD32E23x_standard_peripheral/Source/gd32e23x_i2c.c ****     \brief      configure RBNE clear mode
 403:../Firmware/GD32E23x_standard_peripheral/Source/gd32e23x_i2c.c ****     \param[in]  i2c_periph: I2Cx(x=0,1)
 404:../Firmware/GD32E23x_standard_peripheral/Source/gd32e23x_i2c.c ****     \param[in]  mode:
 405:../Firmware/GD32E23x_standard_peripheral/Source/gd32e23x_i2c.c ****                 only one parameter can be selected which is shown as below:
 406:../Firmware/GD32E23x_standard_peripheral/Source/gd32e23x_i2c.c ****       \arg        I2C_RBNE_CLEAR_BTC_0: RBNE can be cleared when I2C_DATA is read and BTC is cleare
 407:../Firmware/GD32E23x_standard_peripheral/Source/gd32e23x_i2c.c ****       \arg        I2C_RBNE_CLEAR: RBNE can be cleared when I2C_DATA is read
 408:../Firmware/GD32E23x_standard_peripheral/Source/gd32e23x_i2c.c ****     \param[out] none
 409:../Firmware/GD32E23x_standard_peripheral/Source/gd32e23x_i2c.c ****     \retval     none
 410:../Firmware/GD32E23x_standard_peripheral/Source/gd32e23x_i2c.c **** */
 411:../Firmware/GD32E23x_standard_peripheral/Source/gd32e23x_i2c.c **** void i2c_rbne_clear_config(uint32_t i2c_periph, uint32_t mode)
 412:../Firmware/GD32E23x_standard_peripheral/Source/gd32e23x_i2c.c **** {
 1187              		.loc 1 412 1
 1188              		.cfi_startproc
 1189              		@ args = 0, pretend = 0, frame = 16
 1190              		@ frame_needed = 1, uses_anonymous_args = 0
 1191 0000 80B5     		push	{r7, lr}
 1192              		.cfi_def_cfa_offset 8
 1193              		.cfi_offset 7, -8
 1194              		.cfi_offset 14, -4
 1195 0002 84B0     		sub	sp, sp, #16
 1196              		.cfi_def_cfa_offset 24
 1197 0004 00AF     		add	r7, sp, #0
 1198              		.cfi_def_cfa_register 7
 1199 0006 7860     		str	r0, [r7, #4]
 1200 0008 3960     		str	r1, [r7]
 413:../Firmware/GD32E23x_standard_peripheral/Source/gd32e23x_i2c.c ****     /* configure RBNE clear mode */
 414:../Firmware/GD32E23x_standard_peripheral/Source/gd32e23x_i2c.c ****     uint32_t ctl = 0U;
 1201              		.loc 1 414 14
 1202 000a 0023     		movs	r3, #0
 1203 000c FB60     		str	r3, [r7, #12]
 415:../Firmware/GD32E23x_standard_peripheral/Source/gd32e23x_i2c.c **** 
 416:../Firmware/GD32E23x_standard_peripheral/Source/gd32e23x_i2c.c ****     ctl = I2C_CTL1(i2c_periph);
 1204              		.loc 1 416 11
 1205 000e 7B68     		ldr	r3, [r7, #4]
 1206 0010 0433     		adds	r3, r3, #4
 1207              		.loc 1 416 9
 1208 0012 1B68     		ldr	r3, [r3]
 1209 0014 FB60     		str	r3, [r7, #12]
 417:../Firmware/GD32E23x_standard_peripheral/Source/gd32e23x_i2c.c ****     ctl &= ~(I2C_CTL1_RBNECM);
 1210              		.loc 1 417 9
 1211 0016 FB68     		ldr	r3, [r7, #12]
 1212 0018 074A     		ldr	r2, .L53
 1213 001a 1340     		ands	r3, r2
 1214 001c FB60     		str	r3, [r7, #12]
 418:../Firmware/GD32E23x_standard_peripheral/Source/gd32e23x_i2c.c ****     ctl |= mode;
 1215              		.loc 1 418 9
 1216 001e FA68     		ldr	r2, [r7, #12]
 1217 0020 3B68     		ldr	r3, [r7]
 1218 0022 1343     		orrs	r3, r2
 1219 0024 FB60     		str	r3, [r7, #12]
 419:../Firmware/GD32E23x_standard_peripheral/Source/gd32e23x_i2c.c ****     I2C_CTL1(i2c_periph) = ctl;
 1220              		.loc 1 419 5
 1221 0026 7B68     		ldr	r3, [r7, #4]
 1222 0028 0433     		adds	r3, r3, #4
 1223              		.loc 1 419 26
 1224 002a FA68     		ldr	r2, [r7, #12]
 1225 002c 1A60     		str	r2, [r3]
 420:../Firmware/GD32E23x_standard_peripheral/Source/gd32e23x_i2c.c **** }
 1226              		.loc 1 420 1
 1227 002e C046     		nop
 1228 0030 BD46     		mov	sp, r7
 1229 0032 04B0     		add	sp, sp, #16
 1230              		@ sp needed
 1231 0034 80BD     		pop	{r7, pc}
 1232              	.L54:
 1233 0036 C046     		.align	2
 1234              	.L53:
 1235 0038 FF7FFFFF 		.word	-32769
 1236              		.cfi_endproc
 1237              	.LFE75:
 1239              		.section	.text.i2c_stretch_scl_low_config,"ax",%progbits
 1240              		.align	1
 1241              		.global	i2c_stretch_scl_low_config
 1242              		.syntax unified
 1243              		.code	16
 1244              		.thumb_func
 1245              		.fpu softvfp
 1247              	i2c_stretch_scl_low_config:
 1248              	.LFB76:
 421:../Firmware/GD32E23x_standard_peripheral/Source/gd32e23x_i2c.c **** 
 422:../Firmware/GD32E23x_standard_peripheral/Source/gd32e23x_i2c.c **** /*!
 423:../Firmware/GD32E23x_standard_peripheral/Source/gd32e23x_i2c.c ****     \brief      whether to stretch SCL low when data is not ready in slave mode
 424:../Firmware/GD32E23x_standard_peripheral/Source/gd32e23x_i2c.c ****     \param[in]  i2c_periph: I2Cx(x=0,1)
 425:../Firmware/GD32E23x_standard_peripheral/Source/gd32e23x_i2c.c ****     \param[in]  stretchpara:
 426:../Firmware/GD32E23x_standard_peripheral/Source/gd32e23x_i2c.c ****                 only one parameter can be selected which is shown as below:
 427:../Firmware/GD32E23x_standard_peripheral/Source/gd32e23x_i2c.c ****       \arg        I2C_SCLSTRETCH_ENABLE: enable SCL stretching
 428:../Firmware/GD32E23x_standard_peripheral/Source/gd32e23x_i2c.c ****       \arg        I2C_SCLSTRETCH_DISABLE: disable SCL stretching
 429:../Firmware/GD32E23x_standard_peripheral/Source/gd32e23x_i2c.c ****     \param[out] none
 430:../Firmware/GD32E23x_standard_peripheral/Source/gd32e23x_i2c.c ****     \retval     none
 431:../Firmware/GD32E23x_standard_peripheral/Source/gd32e23x_i2c.c **** */
 432:../Firmware/GD32E23x_standard_peripheral/Source/gd32e23x_i2c.c **** void i2c_stretch_scl_low_config(uint32_t i2c_periph, uint32_t stretchpara)
 433:../Firmware/GD32E23x_standard_peripheral/Source/gd32e23x_i2c.c **** {
 1249              		.loc 1 433 1
 1250              		.cfi_startproc
 1251              		@ args = 0, pretend = 0, frame = 16
 1252              		@ frame_needed = 1, uses_anonymous_args = 0
 1253 0000 80B5     		push	{r7, lr}
 1254              		.cfi_def_cfa_offset 8
 1255              		.cfi_offset 7, -8
 1256              		.cfi_offset 14, -4
 1257 0002 84B0     		sub	sp, sp, #16
 1258              		.cfi_def_cfa_offset 24
 1259 0004 00AF     		add	r7, sp, #0
 1260              		.cfi_def_cfa_register 7
 1261 0006 7860     		str	r0, [r7, #4]
 1262 0008 3960     		str	r1, [r7]
 434:../Firmware/GD32E23x_standard_peripheral/Source/gd32e23x_i2c.c ****     /* configure I2C SCL strerching */
 435:../Firmware/GD32E23x_standard_peripheral/Source/gd32e23x_i2c.c ****     uint32_t ctl = 0U;
 1263              		.loc 1 435 14
 1264 000a 0023     		movs	r3, #0
 1265 000c FB60     		str	r3, [r7, #12]
 436:../Firmware/GD32E23x_standard_peripheral/Source/gd32e23x_i2c.c **** 
 437:../Firmware/GD32E23x_standard_peripheral/Source/gd32e23x_i2c.c ****     ctl = I2C_CTL0(i2c_periph);
 1266              		.loc 1 437 11
 1267 000e 7B68     		ldr	r3, [r7, #4]
 1268              		.loc 1 437 9
 1269 0010 1B68     		ldr	r3, [r3]
 1270 0012 FB60     		str	r3, [r7, #12]
 438:../Firmware/GD32E23x_standard_peripheral/Source/gd32e23x_i2c.c ****     ctl &= ~(I2C_CTL0_SS);
 1271              		.loc 1 438 9
 1272 0014 FB68     		ldr	r3, [r7, #12]
 1273 0016 8022     		movs	r2, #128
 1274 0018 9343     		bics	r3, r2
 1275 001a FB60     		str	r3, [r7, #12]
 439:../Firmware/GD32E23x_standard_peripheral/Source/gd32e23x_i2c.c ****     ctl |= stretchpara;
 1276              		.loc 1 439 9
 1277 001c FA68     		ldr	r2, [r7, #12]
 1278 001e 3B68     		ldr	r3, [r7]
 1279 0020 1343     		orrs	r3, r2
 1280 0022 FB60     		str	r3, [r7, #12]
 440:../Firmware/GD32E23x_standard_peripheral/Source/gd32e23x_i2c.c ****     I2C_CTL0(i2c_periph) = ctl;
 1281              		.loc 1 440 5
 1282 0024 7B68     		ldr	r3, [r7, #4]
 1283              		.loc 1 440 26
 1284 0026 FA68     		ldr	r2, [r7, #12]
 1285 0028 1A60     		str	r2, [r3]
 441:../Firmware/GD32E23x_standard_peripheral/Source/gd32e23x_i2c.c **** }
 1286              		.loc 1 441 1
 1287 002a C046     		nop
 1288 002c BD46     		mov	sp, r7
 1289 002e 04B0     		add	sp, sp, #16
 1290              		@ sp needed
 1291 0030 80BD     		pop	{r7, pc}
 1292              		.cfi_endproc
 1293              	.LFE76:
 1295              		.section	.text.i2c_slave_response_to_gcall_config,"ax",%progbits
 1296              		.align	1
 1297              		.global	i2c_slave_response_to_gcall_config
 1298              		.syntax unified
 1299              		.code	16
 1300              		.thumb_func
 1301              		.fpu softvfp
 1303              	i2c_slave_response_to_gcall_config:
 1304              	.LFB77:
 442:../Firmware/GD32E23x_standard_peripheral/Source/gd32e23x_i2c.c **** 
 443:../Firmware/GD32E23x_standard_peripheral/Source/gd32e23x_i2c.c **** /*!
 444:../Firmware/GD32E23x_standard_peripheral/Source/gd32e23x_i2c.c ****     \brief      whether or not to response to a general call
 445:../Firmware/GD32E23x_standard_peripheral/Source/gd32e23x_i2c.c ****     \param[in]  i2c_periph: I2Cx(x=0,1)
 446:../Firmware/GD32E23x_standard_peripheral/Source/gd32e23x_i2c.c ****     \param[in]  gcallpara:
 447:../Firmware/GD32E23x_standard_peripheral/Source/gd32e23x_i2c.c ****                 only one parameter can be selected which is shown as below:
 448:../Firmware/GD32E23x_standard_peripheral/Source/gd32e23x_i2c.c ****       \arg        I2C_GCEN_ENABLE: slave will response to a general call
 449:../Firmware/GD32E23x_standard_peripheral/Source/gd32e23x_i2c.c ****       \arg        I2C_GCEN_DISABLE: slave will not response to a general call
 450:../Firmware/GD32E23x_standard_peripheral/Source/gd32e23x_i2c.c ****     \param[out] none
 451:../Firmware/GD32E23x_standard_peripheral/Source/gd32e23x_i2c.c ****     \retval     none
 452:../Firmware/GD32E23x_standard_peripheral/Source/gd32e23x_i2c.c **** */
 453:../Firmware/GD32E23x_standard_peripheral/Source/gd32e23x_i2c.c **** void i2c_slave_response_to_gcall_config(uint32_t i2c_periph, uint32_t gcallpara)
 454:../Firmware/GD32E23x_standard_peripheral/Source/gd32e23x_i2c.c **** {
 1305              		.loc 1 454 1
 1306              		.cfi_startproc
 1307              		@ args = 0, pretend = 0, frame = 16
 1308              		@ frame_needed = 1, uses_anonymous_args = 0
 1309 0000 80B5     		push	{r7, lr}
 1310              		.cfi_def_cfa_offset 8
 1311              		.cfi_offset 7, -8
 1312              		.cfi_offset 14, -4
 1313 0002 84B0     		sub	sp, sp, #16
 1314              		.cfi_def_cfa_offset 24
 1315 0004 00AF     		add	r7, sp, #0
 1316              		.cfi_def_cfa_register 7
 1317 0006 7860     		str	r0, [r7, #4]
 1318 0008 3960     		str	r1, [r7]
 455:../Firmware/GD32E23x_standard_peripheral/Source/gd32e23x_i2c.c ****     /* configure slave response to a general call enable or disable */
 456:../Firmware/GD32E23x_standard_peripheral/Source/gd32e23x_i2c.c ****     uint32_t ctl = 0U;
 1319              		.loc 1 456 14
 1320 000a 0023     		movs	r3, #0
 1321 000c FB60     		str	r3, [r7, #12]
 457:../Firmware/GD32E23x_standard_peripheral/Source/gd32e23x_i2c.c **** 
 458:../Firmware/GD32E23x_standard_peripheral/Source/gd32e23x_i2c.c ****     ctl = I2C_CTL0(i2c_periph);
 1322              		.loc 1 458 11
 1323 000e 7B68     		ldr	r3, [r7, #4]
 1324              		.loc 1 458 9
 1325 0010 1B68     		ldr	r3, [r3]
 1326 0012 FB60     		str	r3, [r7, #12]
 459:../Firmware/GD32E23x_standard_peripheral/Source/gd32e23x_i2c.c ****     ctl &= ~(I2C_CTL0_GCEN);
 1327              		.loc 1 459 9
 1328 0014 FB68     		ldr	r3, [r7, #12]
 1329 0016 4022     		movs	r2, #64
 1330 0018 9343     		bics	r3, r2
 1331 001a FB60     		str	r3, [r7, #12]
 460:../Firmware/GD32E23x_standard_peripheral/Source/gd32e23x_i2c.c ****     ctl |= gcallpara;
 1332              		.loc 1 460 9
 1333 001c FA68     		ldr	r2, [r7, #12]
 1334 001e 3B68     		ldr	r3, [r7]
 1335 0020 1343     		orrs	r3, r2
 1336 0022 FB60     		str	r3, [r7, #12]
 461:../Firmware/GD32E23x_standard_peripheral/Source/gd32e23x_i2c.c ****     I2C_CTL0(i2c_periph) = ctl;
 1337              		.loc 1 461 5
 1338 0024 7B68     		ldr	r3, [r7, #4]
 1339              		.loc 1 461 26
 1340 0026 FA68     		ldr	r2, [r7, #12]
 1341 0028 1A60     		str	r2, [r3]
 462:../Firmware/GD32E23x_standard_peripheral/Source/gd32e23x_i2c.c **** }
 1342              		.loc 1 462 1
 1343 002a C046     		nop
 1344 002c BD46     		mov	sp, r7
 1345 002e 04B0     		add	sp, sp, #16
 1346              		@ sp needed
 1347 0030 80BD     		pop	{r7, pc}
 1348              		.cfi_endproc
 1349              	.LFE77:
 1351              		.section	.text.i2c_software_reset_config,"ax",%progbits
 1352              		.align	1
 1353              		.global	i2c_software_reset_config
 1354              		.syntax unified
 1355              		.code	16
 1356              		.thumb_func
 1357              		.fpu softvfp
 1359              	i2c_software_reset_config:
 1360              	.LFB78:
 463:../Firmware/GD32E23x_standard_peripheral/Source/gd32e23x_i2c.c **** 
 464:../Firmware/GD32E23x_standard_peripheral/Source/gd32e23x_i2c.c **** /*!
 465:../Firmware/GD32E23x_standard_peripheral/Source/gd32e23x_i2c.c ****     \brief      configure software reset of I2C
 466:../Firmware/GD32E23x_standard_peripheral/Source/gd32e23x_i2c.c ****     \param[in]  i2c_periph: I2Cx(x=0,1)
 467:../Firmware/GD32E23x_standard_peripheral/Source/gd32e23x_i2c.c ****     \param[in]  sreset:
 468:../Firmware/GD32E23x_standard_peripheral/Source/gd32e23x_i2c.c ****                 only one parameter can be selected which is shown as below:
 469:../Firmware/GD32E23x_standard_peripheral/Source/gd32e23x_i2c.c ****       \arg        I2C_SRESET_SET: I2C is under reset
 470:../Firmware/GD32E23x_standard_peripheral/Source/gd32e23x_i2c.c ****       \arg        I2C_SRESET_RESET: I2C is not under reset
 471:../Firmware/GD32E23x_standard_peripheral/Source/gd32e23x_i2c.c ****     \param[out] none
 472:../Firmware/GD32E23x_standard_peripheral/Source/gd32e23x_i2c.c ****     \retval     none
 473:../Firmware/GD32E23x_standard_peripheral/Source/gd32e23x_i2c.c **** */
 474:../Firmware/GD32E23x_standard_peripheral/Source/gd32e23x_i2c.c **** void i2c_software_reset_config(uint32_t i2c_periph, uint32_t sreset)
 475:../Firmware/GD32E23x_standard_peripheral/Source/gd32e23x_i2c.c **** {
 1361              		.loc 1 475 1
 1362              		.cfi_startproc
 1363              		@ args = 0, pretend = 0, frame = 16
 1364              		@ frame_needed = 1, uses_anonymous_args = 0
 1365 0000 80B5     		push	{r7, lr}
 1366              		.cfi_def_cfa_offset 8
 1367              		.cfi_offset 7, -8
 1368              		.cfi_offset 14, -4
 1369 0002 84B0     		sub	sp, sp, #16
 1370              		.cfi_def_cfa_offset 24
 1371 0004 00AF     		add	r7, sp, #0
 1372              		.cfi_def_cfa_register 7
 1373 0006 7860     		str	r0, [r7, #4]
 1374 0008 3960     		str	r1, [r7]
 476:../Firmware/GD32E23x_standard_peripheral/Source/gd32e23x_i2c.c ****     /* modify CTL0 and configure software reset I2C state */
 477:../Firmware/GD32E23x_standard_peripheral/Source/gd32e23x_i2c.c ****     uint32_t ctl = 0U;
 1375              		.loc 1 477 14
 1376 000a 0023     		movs	r3, #0
 1377 000c FB60     		str	r3, [r7, #12]
 478:../Firmware/GD32E23x_standard_peripheral/Source/gd32e23x_i2c.c **** 
 479:../Firmware/GD32E23x_standard_peripheral/Source/gd32e23x_i2c.c ****     ctl = I2C_CTL0(i2c_periph);
 1378              		.loc 1 479 11
 1379 000e 7B68     		ldr	r3, [r7, #4]
 1380              		.loc 1 479 9
 1381 0010 1B68     		ldr	r3, [r3]
 1382 0012 FB60     		str	r3, [r7, #12]
 480:../Firmware/GD32E23x_standard_peripheral/Source/gd32e23x_i2c.c ****     ctl &= ~(I2C_CTL0_SRESET);
 1383              		.loc 1 480 9
 1384 0014 FB68     		ldr	r3, [r7, #12]
 1385 0016 074A     		ldr	r2, .L58
 1386 0018 1340     		ands	r3, r2
 1387 001a FB60     		str	r3, [r7, #12]
 481:../Firmware/GD32E23x_standard_peripheral/Source/gd32e23x_i2c.c ****     ctl |= sreset;
 1388              		.loc 1 481 9
 1389 001c FA68     		ldr	r2, [r7, #12]
 1390 001e 3B68     		ldr	r3, [r7]
 1391 0020 1343     		orrs	r3, r2
 1392 0022 FB60     		str	r3, [r7, #12]
 482:../Firmware/GD32E23x_standard_peripheral/Source/gd32e23x_i2c.c ****     I2C_CTL0(i2c_periph) = ctl;
 1393              		.loc 1 482 5
 1394 0024 7B68     		ldr	r3, [r7, #4]
 1395              		.loc 1 482 26
 1396 0026 FA68     		ldr	r2, [r7, #12]
 1397 0028 1A60     		str	r2, [r3]
 483:../Firmware/GD32E23x_standard_peripheral/Source/gd32e23x_i2c.c **** }
 1398              		.loc 1 483 1
 1399 002a C046     		nop
 1400 002c BD46     		mov	sp, r7
 1401 002e 04B0     		add	sp, sp, #16
 1402              		@ sp needed
 1403 0030 80BD     		pop	{r7, pc}
 1404              	.L59:
 1405 0032 C046     		.align	2
 1406              	.L58:
 1407 0034 FF7FFFFF 		.word	-32769
 1408              		.cfi_endproc
 1409              	.LFE78:
 1411              		.section	.text.i2c_pec_config,"ax",%progbits
 1412              		.align	1
 1413              		.global	i2c_pec_config
 1414              		.syntax unified
 1415              		.code	16
 1416              		.thumb_func
 1417              		.fpu softvfp
 1419              	i2c_pec_config:
 1420              	.LFB79:
 484:../Firmware/GD32E23x_standard_peripheral/Source/gd32e23x_i2c.c **** 
 485:../Firmware/GD32E23x_standard_peripheral/Source/gd32e23x_i2c.c **** /*!
 486:../Firmware/GD32E23x_standard_peripheral/Source/gd32e23x_i2c.c ****     \brief      configure I2C PEC calculation
 487:../Firmware/GD32E23x_standard_peripheral/Source/gd32e23x_i2c.c ****     \param[in]  i2c_periph: I2Cx(x=0,1)
 488:../Firmware/GD32E23x_standard_peripheral/Source/gd32e23x_i2c.c ****     \param[in]  pecstate:
 489:../Firmware/GD32E23x_standard_peripheral/Source/gd32e23x_i2c.c ****                 only one parameter can be selected which is shown as below:
 490:../Firmware/GD32E23x_standard_peripheral/Source/gd32e23x_i2c.c ****       \arg        I2C_PEC_ENABLE: PEC calculation on
 491:../Firmware/GD32E23x_standard_peripheral/Source/gd32e23x_i2c.c ****       \arg        I2C_PEC_DISABLE: PEC calculation off
 492:../Firmware/GD32E23x_standard_peripheral/Source/gd32e23x_i2c.c ****     \param[out] none
 493:../Firmware/GD32E23x_standard_peripheral/Source/gd32e23x_i2c.c ****     \retval     none
 494:../Firmware/GD32E23x_standard_peripheral/Source/gd32e23x_i2c.c **** */
 495:../Firmware/GD32E23x_standard_peripheral/Source/gd32e23x_i2c.c **** void i2c_pec_config(uint32_t i2c_periph, uint32_t pecstate)
 496:../Firmware/GD32E23x_standard_peripheral/Source/gd32e23x_i2c.c **** {
 1421              		.loc 1 496 1
 1422              		.cfi_startproc
 1423              		@ args = 0, pretend = 0, frame = 16
 1424              		@ frame_needed = 1, uses_anonymous_args = 0
 1425 0000 80B5     		push	{r7, lr}
 1426              		.cfi_def_cfa_offset 8
 1427              		.cfi_offset 7, -8
 1428              		.cfi_offset 14, -4
 1429 0002 84B0     		sub	sp, sp, #16
 1430              		.cfi_def_cfa_offset 24
 1431 0004 00AF     		add	r7, sp, #0
 1432              		.cfi_def_cfa_register 7
 1433 0006 7860     		str	r0, [r7, #4]
 1434 0008 3960     		str	r1, [r7]
 497:../Firmware/GD32E23x_standard_peripheral/Source/gd32e23x_i2c.c ****     /* on/off PEC calculation */
 498:../Firmware/GD32E23x_standard_peripheral/Source/gd32e23x_i2c.c ****     uint32_t ctl = 0U;
 1435              		.loc 1 498 14
 1436 000a 0023     		movs	r3, #0
 1437 000c FB60     		str	r3, [r7, #12]
 499:../Firmware/GD32E23x_standard_peripheral/Source/gd32e23x_i2c.c **** 
 500:../Firmware/GD32E23x_standard_peripheral/Source/gd32e23x_i2c.c ****     ctl = I2C_CTL0(i2c_periph);
 1438              		.loc 1 500 11
 1439 000e 7B68     		ldr	r3, [r7, #4]
 1440              		.loc 1 500 9
 1441 0010 1B68     		ldr	r3, [r3]
 1442 0012 FB60     		str	r3, [r7, #12]
 501:../Firmware/GD32E23x_standard_peripheral/Source/gd32e23x_i2c.c ****     ctl &= ~(I2C_CTL0_PECEN);
 1443              		.loc 1 501 9
 1444 0014 FB68     		ldr	r3, [r7, #12]
 1445 0016 2022     		movs	r2, #32
 1446 0018 9343     		bics	r3, r2
 1447 001a FB60     		str	r3, [r7, #12]
 502:../Firmware/GD32E23x_standard_peripheral/Source/gd32e23x_i2c.c ****     ctl |= pecstate;
 1448              		.loc 1 502 9
 1449 001c FA68     		ldr	r2, [r7, #12]
 1450 001e 3B68     		ldr	r3, [r7]
 1451 0020 1343     		orrs	r3, r2
 1452 0022 FB60     		str	r3, [r7, #12]
 503:../Firmware/GD32E23x_standard_peripheral/Source/gd32e23x_i2c.c ****     I2C_CTL0(i2c_periph) = ctl;
 1453              		.loc 1 503 5
 1454 0024 7B68     		ldr	r3, [r7, #4]
 1455              		.loc 1 503 26
 1456 0026 FA68     		ldr	r2, [r7, #12]
 1457 0028 1A60     		str	r2, [r3]
 504:../Firmware/GD32E23x_standard_peripheral/Source/gd32e23x_i2c.c **** }
 1458              		.loc 1 504 1
 1459 002a C046     		nop
 1460 002c BD46     		mov	sp, r7
 1461 002e 04B0     		add	sp, sp, #16
 1462              		@ sp needed
 1463 0030 80BD     		pop	{r7, pc}
 1464              		.cfi_endproc
 1465              	.LFE79:
 1467              		.section	.text.i2c_pec_transfer_config,"ax",%progbits
 1468              		.align	1
 1469              		.global	i2c_pec_transfer_config
 1470              		.syntax unified
 1471              		.code	16
 1472              		.thumb_func
 1473              		.fpu softvfp
 1475              	i2c_pec_transfer_config:
 1476              	.LFB80:
 505:../Firmware/GD32E23x_standard_peripheral/Source/gd32e23x_i2c.c **** 
 506:../Firmware/GD32E23x_standard_peripheral/Source/gd32e23x_i2c.c **** /*!
 507:../Firmware/GD32E23x_standard_peripheral/Source/gd32e23x_i2c.c ****     \brief      configure whether to transfer PEC value
 508:../Firmware/GD32E23x_standard_peripheral/Source/gd32e23x_i2c.c ****     \param[in]  i2c_periph: I2Cx(x=0,1)
 509:../Firmware/GD32E23x_standard_peripheral/Source/gd32e23x_i2c.c ****     \param[in]  pecpara:
 510:../Firmware/GD32E23x_standard_peripheral/Source/gd32e23x_i2c.c ****                 only one parameter can be selected which is shown as below:
 511:../Firmware/GD32E23x_standard_peripheral/Source/gd32e23x_i2c.c ****       \arg        I2C_PECTRANS_ENABLE: transfer PEC value
 512:../Firmware/GD32E23x_standard_peripheral/Source/gd32e23x_i2c.c ****       \arg        I2C_PECTRANS_DISABLE: not transfer PEC value
 513:../Firmware/GD32E23x_standard_peripheral/Source/gd32e23x_i2c.c ****     \param[out] none
 514:../Firmware/GD32E23x_standard_peripheral/Source/gd32e23x_i2c.c ****     \retval     none
 515:../Firmware/GD32E23x_standard_peripheral/Source/gd32e23x_i2c.c **** */
 516:../Firmware/GD32E23x_standard_peripheral/Source/gd32e23x_i2c.c **** void i2c_pec_transfer_config(uint32_t i2c_periph, uint32_t pecpara)
 517:../Firmware/GD32E23x_standard_peripheral/Source/gd32e23x_i2c.c **** {
 1477              		.loc 1 517 1
 1478              		.cfi_startproc
 1479              		@ args = 0, pretend = 0, frame = 16
 1480              		@ frame_needed = 1, uses_anonymous_args = 0
 1481 0000 80B5     		push	{r7, lr}
 1482              		.cfi_def_cfa_offset 8
 1483              		.cfi_offset 7, -8
 1484              		.cfi_offset 14, -4
 1485 0002 84B0     		sub	sp, sp, #16
 1486              		.cfi_def_cfa_offset 24
 1487 0004 00AF     		add	r7, sp, #0
 1488              		.cfi_def_cfa_register 7
 1489 0006 7860     		str	r0, [r7, #4]
 1490 0008 3960     		str	r1, [r7]
 518:../Firmware/GD32E23x_standard_peripheral/Source/gd32e23x_i2c.c ****     /* whether to transfer PEC */
 519:../Firmware/GD32E23x_standard_peripheral/Source/gd32e23x_i2c.c ****     uint32_t ctl = 0U;
 1491              		.loc 1 519 14
 1492 000a 0023     		movs	r3, #0
 1493 000c FB60     		str	r3, [r7, #12]
 520:../Firmware/GD32E23x_standard_peripheral/Source/gd32e23x_i2c.c **** 
 521:../Firmware/GD32E23x_standard_peripheral/Source/gd32e23x_i2c.c ****     ctl = I2C_CTL0(i2c_periph);
 1494              		.loc 1 521 11
 1495 000e 7B68     		ldr	r3, [r7, #4]
 1496              		.loc 1 521 9
 1497 0010 1B68     		ldr	r3, [r3]
 1498 0012 FB60     		str	r3, [r7, #12]
 522:../Firmware/GD32E23x_standard_peripheral/Source/gd32e23x_i2c.c ****     ctl &= ~(I2C_CTL0_PECTRANS);
 1499              		.loc 1 522 9
 1500 0014 FB68     		ldr	r3, [r7, #12]
 1501 0016 074A     		ldr	r2, .L62
 1502 0018 1340     		ands	r3, r2
 1503 001a FB60     		str	r3, [r7, #12]
 523:../Firmware/GD32E23x_standard_peripheral/Source/gd32e23x_i2c.c ****     ctl |= pecpara;
 1504              		.loc 1 523 9
 1505 001c FA68     		ldr	r2, [r7, #12]
 1506 001e 3B68     		ldr	r3, [r7]
 1507 0020 1343     		orrs	r3, r2
 1508 0022 FB60     		str	r3, [r7, #12]
 524:../Firmware/GD32E23x_standard_peripheral/Source/gd32e23x_i2c.c ****     I2C_CTL0(i2c_periph) = ctl;
 1509              		.loc 1 524 5
 1510 0024 7B68     		ldr	r3, [r7, #4]
 1511              		.loc 1 524 26
 1512 0026 FA68     		ldr	r2, [r7, #12]
 1513 0028 1A60     		str	r2, [r3]
 525:../Firmware/GD32E23x_standard_peripheral/Source/gd32e23x_i2c.c **** }
 1514              		.loc 1 525 1
 1515 002a C046     		nop
 1516 002c BD46     		mov	sp, r7
 1517 002e 04B0     		add	sp, sp, #16
 1518              		@ sp needed
 1519 0030 80BD     		pop	{r7, pc}
 1520              	.L63:
 1521 0032 C046     		.align	2
 1522              	.L62:
 1523 0034 FFEFFFFF 		.word	-4097
 1524              		.cfi_endproc
 1525              	.LFE80:
 1527              		.section	.text.i2c_pec_value_get,"ax",%progbits
 1528              		.align	1
 1529              		.global	i2c_pec_value_get
 1530              		.syntax unified
 1531              		.code	16
 1532              		.thumb_func
 1533              		.fpu softvfp
 1535              	i2c_pec_value_get:
 1536              	.LFB81:
 526:../Firmware/GD32E23x_standard_peripheral/Source/gd32e23x_i2c.c **** 
 527:../Firmware/GD32E23x_standard_peripheral/Source/gd32e23x_i2c.c **** /*!
 528:../Firmware/GD32E23x_standard_peripheral/Source/gd32e23x_i2c.c ****     \brief      get packet error checking value
 529:../Firmware/GD32E23x_standard_peripheral/Source/gd32e23x_i2c.c ****     \param[in]  i2c_periph: I2Cx(x=0,1)
 530:../Firmware/GD32E23x_standard_peripheral/Source/gd32e23x_i2c.c ****     \param[out] none
 531:../Firmware/GD32E23x_standard_peripheral/Source/gd32e23x_i2c.c ****     \retval     PEC value
 532:../Firmware/GD32E23x_standard_peripheral/Source/gd32e23x_i2c.c **** */
 533:../Firmware/GD32E23x_standard_peripheral/Source/gd32e23x_i2c.c **** uint8_t i2c_pec_value_get(uint32_t i2c_periph)
 534:../Firmware/GD32E23x_standard_peripheral/Source/gd32e23x_i2c.c **** {
 1537              		.loc 1 534 1
 1538              		.cfi_startproc
 1539              		@ args = 0, pretend = 0, frame = 8
 1540              		@ frame_needed = 1, uses_anonymous_args = 0
 1541 0000 80B5     		push	{r7, lr}
 1542              		.cfi_def_cfa_offset 8
 1543              		.cfi_offset 7, -8
 1544              		.cfi_offset 14, -4
 1545 0002 82B0     		sub	sp, sp, #8
 1546              		.cfi_def_cfa_offset 16
 1547 0004 00AF     		add	r7, sp, #0
 1548              		.cfi_def_cfa_register 7
 1549 0006 7860     		str	r0, [r7, #4]
 535:../Firmware/GD32E23x_standard_peripheral/Source/gd32e23x_i2c.c ****     return (uint8_t)((I2C_STAT1(i2c_periph) & I2C_STAT1_PECV) >> STAT1_PECV_OFFSET);
 1550              		.loc 1 535 23
 1551 0008 7B68     		ldr	r3, [r7, #4]
 1552 000a 1833     		adds	r3, r3, #24
 1553 000c 1B68     		ldr	r3, [r3]
 1554              		.loc 1 535 63
 1555 000e 1B0A     		lsrs	r3, r3, #8
 1556              		.loc 1 535 12
 1557 0010 DBB2     		uxtb	r3, r3
 536:../Firmware/GD32E23x_standard_peripheral/Source/gd32e23x_i2c.c **** }
 1558              		.loc 1 536 1
 1559 0012 1800     		movs	r0, r3
 1560 0014 BD46     		mov	sp, r7
 1561 0016 02B0     		add	sp, sp, #8
 1562              		@ sp needed
 1563 0018 80BD     		pop	{r7, pc}
 1564              		.cfi_endproc
 1565              	.LFE81:
 1567              		.section	.text.i2c_smbus_alert_config,"ax",%progbits
 1568              		.align	1
 1569              		.global	i2c_smbus_alert_config
 1570              		.syntax unified
 1571              		.code	16
 1572              		.thumb_func
 1573              		.fpu softvfp
 1575              	i2c_smbus_alert_config:
 1576              	.LFB82:
 537:../Firmware/GD32E23x_standard_peripheral/Source/gd32e23x_i2c.c **** 
 538:../Firmware/GD32E23x_standard_peripheral/Source/gd32e23x_i2c.c **** /*!
 539:../Firmware/GD32E23x_standard_peripheral/Source/gd32e23x_i2c.c ****     \brief      configure I2C alert through SMBA pin
 540:../Firmware/GD32E23x_standard_peripheral/Source/gd32e23x_i2c.c ****     \param[in]  i2c_periph: I2Cx(x=0,1)
 541:../Firmware/GD32E23x_standard_peripheral/Source/gd32e23x_i2c.c ****     \param[in]  smbuspara:
 542:../Firmware/GD32E23x_standard_peripheral/Source/gd32e23x_i2c.c ****                 only one parameter can be selected which is shown as below:
 543:../Firmware/GD32E23x_standard_peripheral/Source/gd32e23x_i2c.c ****       \arg        I2C_SALTSEND_ENABLE: issue alert through SMBA pin
 544:../Firmware/GD32E23x_standard_peripheral/Source/gd32e23x_i2c.c ****       \arg        I2C_SALTSEND_DISABLE: not issue alert through SMBA pin
 545:../Firmware/GD32E23x_standard_peripheral/Source/gd32e23x_i2c.c ****     \param[out] none
 546:../Firmware/GD32E23x_standard_peripheral/Source/gd32e23x_i2c.c ****     \retval     none
 547:../Firmware/GD32E23x_standard_peripheral/Source/gd32e23x_i2c.c **** */
 548:../Firmware/GD32E23x_standard_peripheral/Source/gd32e23x_i2c.c **** void i2c_smbus_alert_config(uint32_t i2c_periph, uint32_t smbuspara)
 549:../Firmware/GD32E23x_standard_peripheral/Source/gd32e23x_i2c.c **** {
 1577              		.loc 1 549 1
 1578              		.cfi_startproc
 1579              		@ args = 0, pretend = 0, frame = 16
 1580              		@ frame_needed = 1, uses_anonymous_args = 0
 1581 0000 80B5     		push	{r7, lr}
 1582              		.cfi_def_cfa_offset 8
 1583              		.cfi_offset 7, -8
 1584              		.cfi_offset 14, -4
 1585 0002 84B0     		sub	sp, sp, #16
 1586              		.cfi_def_cfa_offset 24
 1587 0004 00AF     		add	r7, sp, #0
 1588              		.cfi_def_cfa_register 7
 1589 0006 7860     		str	r0, [r7, #4]
 1590 0008 3960     		str	r1, [r7]
 550:../Firmware/GD32E23x_standard_peripheral/Source/gd32e23x_i2c.c ****     /* configure smubus alert through SMBA pin */
 551:../Firmware/GD32E23x_standard_peripheral/Source/gd32e23x_i2c.c ****     uint32_t ctl = 0U;
 1591              		.loc 1 551 14
 1592 000a 0023     		movs	r3, #0
 1593 000c FB60     		str	r3, [r7, #12]
 552:../Firmware/GD32E23x_standard_peripheral/Source/gd32e23x_i2c.c **** 
 553:../Firmware/GD32E23x_standard_peripheral/Source/gd32e23x_i2c.c ****     ctl = I2C_CTL0(i2c_periph);
 1594              		.loc 1 553 11
 1595 000e 7B68     		ldr	r3, [r7, #4]
 1596              		.loc 1 553 9
 1597 0010 1B68     		ldr	r3, [r3]
 1598 0012 FB60     		str	r3, [r7, #12]
 554:../Firmware/GD32E23x_standard_peripheral/Source/gd32e23x_i2c.c ****     ctl &= ~(I2C_CTL0_SALT);
 1599              		.loc 1 554 9
 1600 0014 FB68     		ldr	r3, [r7, #12]
 1601 0016 074A     		ldr	r2, .L67
 1602 0018 1340     		ands	r3, r2
 1603 001a FB60     		str	r3, [r7, #12]
 555:../Firmware/GD32E23x_standard_peripheral/Source/gd32e23x_i2c.c ****     ctl |= smbuspara;
 1604              		.loc 1 555 9
 1605 001c FA68     		ldr	r2, [r7, #12]
 1606 001e 3B68     		ldr	r3, [r7]
 1607 0020 1343     		orrs	r3, r2
 1608 0022 FB60     		str	r3, [r7, #12]
 556:../Firmware/GD32E23x_standard_peripheral/Source/gd32e23x_i2c.c ****     I2C_CTL0(i2c_periph) = ctl;
 1609              		.loc 1 556 5
 1610 0024 7B68     		ldr	r3, [r7, #4]
 1611              		.loc 1 556 26
 1612 0026 FA68     		ldr	r2, [r7, #12]
 1613 0028 1A60     		str	r2, [r3]
 557:../Firmware/GD32E23x_standard_peripheral/Source/gd32e23x_i2c.c **** }
 1614              		.loc 1 557 1
 1615 002a C046     		nop
 1616 002c BD46     		mov	sp, r7
 1617 002e 04B0     		add	sp, sp, #16
 1618              		@ sp needed
 1619 0030 80BD     		pop	{r7, pc}
 1620              	.L68:
 1621 0032 C046     		.align	2
 1622              	.L67:
 1623 0034 FFDFFFFF 		.word	-8193
 1624              		.cfi_endproc
 1625              	.LFE82:
 1627              		.section	.text.i2c_smbus_arp_config,"ax",%progbits
 1628              		.align	1
 1629              		.global	i2c_smbus_arp_config
 1630              		.syntax unified
 1631              		.code	16
 1632              		.thumb_func
 1633              		.fpu softvfp
 1635              	i2c_smbus_arp_config:
 1636              	.LFB83:
 558:../Firmware/GD32E23x_standard_peripheral/Source/gd32e23x_i2c.c **** 
 559:../Firmware/GD32E23x_standard_peripheral/Source/gd32e23x_i2c.c **** /*!
 560:../Firmware/GD32E23x_standard_peripheral/Source/gd32e23x_i2c.c ****     \brief      configure I2C ARP protocol in SMBus
 561:../Firmware/GD32E23x_standard_peripheral/Source/gd32e23x_i2c.c ****     \param[in]  i2c_periph: I2Cx(x=0,1)
 562:../Firmware/GD32E23x_standard_peripheral/Source/gd32e23x_i2c.c ****     \param[in]  arpstate:
 563:../Firmware/GD32E23x_standard_peripheral/Source/gd32e23x_i2c.c ****                 only one parameter can be selected which is shown as below:
 564:../Firmware/GD32E23x_standard_peripheral/Source/gd32e23x_i2c.c ****       \arg        I2C_ARP_ENABLE: enable ARP
 565:../Firmware/GD32E23x_standard_peripheral/Source/gd32e23x_i2c.c ****       \arg        I2C_ARP_DISABLE: disable ARP
 566:../Firmware/GD32E23x_standard_peripheral/Source/gd32e23x_i2c.c ****     \param[out] none
 567:../Firmware/GD32E23x_standard_peripheral/Source/gd32e23x_i2c.c ****     \retval     none
 568:../Firmware/GD32E23x_standard_peripheral/Source/gd32e23x_i2c.c **** */
 569:../Firmware/GD32E23x_standard_peripheral/Source/gd32e23x_i2c.c **** void i2c_smbus_arp_config(uint32_t i2c_periph, uint32_t arpstate)
 570:../Firmware/GD32E23x_standard_peripheral/Source/gd32e23x_i2c.c **** {
 1637              		.loc 1 570 1
 1638              		.cfi_startproc
 1639              		@ args = 0, pretend = 0, frame = 16
 1640              		@ frame_needed = 1, uses_anonymous_args = 0
 1641 0000 80B5     		push	{r7, lr}
 1642              		.cfi_def_cfa_offset 8
 1643              		.cfi_offset 7, -8
 1644              		.cfi_offset 14, -4
 1645 0002 84B0     		sub	sp, sp, #16
 1646              		.cfi_def_cfa_offset 24
 1647 0004 00AF     		add	r7, sp, #0
 1648              		.cfi_def_cfa_register 7
 1649 0006 7860     		str	r0, [r7, #4]
 1650 0008 3960     		str	r1, [r7]
 571:../Firmware/GD32E23x_standard_peripheral/Source/gd32e23x_i2c.c ****     /* enable or disable I2C ARP protocol*/
 572:../Firmware/GD32E23x_standard_peripheral/Source/gd32e23x_i2c.c ****     uint32_t ctl = 0U;
 1651              		.loc 1 572 14
 1652 000a 0023     		movs	r3, #0
 1653 000c FB60     		str	r3, [r7, #12]
 573:../Firmware/GD32E23x_standard_peripheral/Source/gd32e23x_i2c.c **** 
 574:../Firmware/GD32E23x_standard_peripheral/Source/gd32e23x_i2c.c ****     ctl = I2C_CTL0(i2c_periph);
 1654              		.loc 1 574 11
 1655 000e 7B68     		ldr	r3, [r7, #4]
 1656              		.loc 1 574 9
 1657 0010 1B68     		ldr	r3, [r3]
 1658 0012 FB60     		str	r3, [r7, #12]
 575:../Firmware/GD32E23x_standard_peripheral/Source/gd32e23x_i2c.c ****     ctl &= ~(I2C_CTL0_ARPEN);
 1659              		.loc 1 575 9
 1660 0014 FB68     		ldr	r3, [r7, #12]
 1661 0016 1022     		movs	r2, #16
 1662 0018 9343     		bics	r3, r2
 1663 001a FB60     		str	r3, [r7, #12]
 576:../Firmware/GD32E23x_standard_peripheral/Source/gd32e23x_i2c.c ****     ctl |= arpstate;
 1664              		.loc 1 576 9
 1665 001c FA68     		ldr	r2, [r7, #12]
 1666 001e 3B68     		ldr	r3, [r7]
 1667 0020 1343     		orrs	r3, r2
 1668 0022 FB60     		str	r3, [r7, #12]
 577:../Firmware/GD32E23x_standard_peripheral/Source/gd32e23x_i2c.c ****     I2C_CTL0(i2c_periph) = ctl;
 1669              		.loc 1 577 5
 1670 0024 7B68     		ldr	r3, [r7, #4]
 1671              		.loc 1 577 26
 1672 0026 FA68     		ldr	r2, [r7, #12]
 1673 0028 1A60     		str	r2, [r3]
 578:../Firmware/GD32E23x_standard_peripheral/Source/gd32e23x_i2c.c **** }
 1674              		.loc 1 578 1
 1675 002a C046     		nop
 1676 002c BD46     		mov	sp, r7
 1677 002e 04B0     		add	sp, sp, #16
 1678              		@ sp needed
 1679 0030 80BD     		pop	{r7, pc}
 1680              		.cfi_endproc
 1681              	.LFE83:
 1683              		.section	.text.i2c_sam_enable,"ax",%progbits
 1684              		.align	1
 1685              		.global	i2c_sam_enable
 1686              		.syntax unified
 1687              		.code	16
 1688              		.thumb_func
 1689              		.fpu softvfp
 1691              	i2c_sam_enable:
 1692              	.LFB84:
 579:../Firmware/GD32E23x_standard_peripheral/Source/gd32e23x_i2c.c **** 
 580:../Firmware/GD32E23x_standard_peripheral/Source/gd32e23x_i2c.c **** /*!
 581:../Firmware/GD32E23x_standard_peripheral/Source/gd32e23x_i2c.c ****     \brief      enable SAM_V interface
 582:../Firmware/GD32E23x_standard_peripheral/Source/gd32e23x_i2c.c ****     \param[in]  i2c_periph: I2Cx(x=0,1)
 583:../Firmware/GD32E23x_standard_peripheral/Source/gd32e23x_i2c.c ****     \param[out] none
 584:../Firmware/GD32E23x_standard_peripheral/Source/gd32e23x_i2c.c ****     \retval     none
 585:../Firmware/GD32E23x_standard_peripheral/Source/gd32e23x_i2c.c **** */
 586:../Firmware/GD32E23x_standard_peripheral/Source/gd32e23x_i2c.c **** void i2c_sam_enable(uint32_t i2c_periph)
 587:../Firmware/GD32E23x_standard_peripheral/Source/gd32e23x_i2c.c **** {
 1693              		.loc 1 587 1
 1694              		.cfi_startproc
 1695              		@ args = 0, pretend = 0, frame = 8
 1696              		@ frame_needed = 1, uses_anonymous_args = 0
 1697 0000 80B5     		push	{r7, lr}
 1698              		.cfi_def_cfa_offset 8
 1699              		.cfi_offset 7, -8
 1700              		.cfi_offset 14, -4
 1701 0002 82B0     		sub	sp, sp, #8
 1702              		.cfi_def_cfa_offset 16
 1703 0004 00AF     		add	r7, sp, #0
 1704              		.cfi_def_cfa_register 7
 1705 0006 7860     		str	r0, [r7, #4]
 588:../Firmware/GD32E23x_standard_peripheral/Source/gd32e23x_i2c.c ****     I2C_SAMCS(i2c_periph) |= I2C_SAMCS_SAMEN;
 1706              		.loc 1 588 27
 1707 0008 7B68     		ldr	r3, [r7, #4]
 1708 000a 8033     		adds	r3, r3, #128
 1709 000c 1A68     		ldr	r2, [r3]
 1710 000e 7B68     		ldr	r3, [r7, #4]
 1711 0010 8033     		adds	r3, r3, #128
 1712 0012 0121     		movs	r1, #1
 1713 0014 0A43     		orrs	r2, r1
 1714 0016 1A60     		str	r2, [r3]
 589:../Firmware/GD32E23x_standard_peripheral/Source/gd32e23x_i2c.c **** }
 1715              		.loc 1 589 1
 1716 0018 C046     		nop
 1717 001a BD46     		mov	sp, r7
 1718 001c 02B0     		add	sp, sp, #8
 1719              		@ sp needed
 1720 001e 80BD     		pop	{r7, pc}
 1721              		.cfi_endproc
 1722              	.LFE84:
 1724              		.section	.text.i2c_sam_disable,"ax",%progbits
 1725              		.align	1
 1726              		.global	i2c_sam_disable
 1727              		.syntax unified
 1728              		.code	16
 1729              		.thumb_func
 1730              		.fpu softvfp
 1732              	i2c_sam_disable:
 1733              	.LFB85:
 590:../Firmware/GD32E23x_standard_peripheral/Source/gd32e23x_i2c.c **** 
 591:../Firmware/GD32E23x_standard_peripheral/Source/gd32e23x_i2c.c **** /*!
 592:../Firmware/GD32E23x_standard_peripheral/Source/gd32e23x_i2c.c ****     \brief      disable SAM_V interface
 593:../Firmware/GD32E23x_standard_peripheral/Source/gd32e23x_i2c.c ****     \param[in]  i2c_periph: I2Cx(x=0,1)
 594:../Firmware/GD32E23x_standard_peripheral/Source/gd32e23x_i2c.c ****     \param[out] none
 595:../Firmware/GD32E23x_standard_peripheral/Source/gd32e23x_i2c.c ****     \retval     none
 596:../Firmware/GD32E23x_standard_peripheral/Source/gd32e23x_i2c.c **** */
 597:../Firmware/GD32E23x_standard_peripheral/Source/gd32e23x_i2c.c **** void i2c_sam_disable(uint32_t i2c_periph)
 598:../Firmware/GD32E23x_standard_peripheral/Source/gd32e23x_i2c.c **** {
 1734              		.loc 1 598 1
 1735              		.cfi_startproc
 1736              		@ args = 0, pretend = 0, frame = 8
 1737              		@ frame_needed = 1, uses_anonymous_args = 0
 1738 0000 80B5     		push	{r7, lr}
 1739              		.cfi_def_cfa_offset 8
 1740              		.cfi_offset 7, -8
 1741              		.cfi_offset 14, -4
 1742 0002 82B0     		sub	sp, sp, #8
 1743              		.cfi_def_cfa_offset 16
 1744 0004 00AF     		add	r7, sp, #0
 1745              		.cfi_def_cfa_register 7
 1746 0006 7860     		str	r0, [r7, #4]
 599:../Firmware/GD32E23x_standard_peripheral/Source/gd32e23x_i2c.c ****     I2C_SAMCS(i2c_periph) &= ~(I2C_SAMCS_SAMEN);
 1747              		.loc 1 599 27
 1748 0008 7B68     		ldr	r3, [r7, #4]
 1749 000a 8033     		adds	r3, r3, #128
 1750 000c 1A68     		ldr	r2, [r3]
 1751 000e 7B68     		ldr	r3, [r7, #4]
 1752 0010 8033     		adds	r3, r3, #128
 1753 0012 0121     		movs	r1, #1
 1754 0014 8A43     		bics	r2, r1
 1755 0016 1A60     		str	r2, [r3]
 600:../Firmware/GD32E23x_standard_peripheral/Source/gd32e23x_i2c.c **** }
 1756              		.loc 1 600 1
 1757 0018 C046     		nop
 1758 001a BD46     		mov	sp, r7
 1759 001c 02B0     		add	sp, sp, #8
 1760              		@ sp needed
 1761 001e 80BD     		pop	{r7, pc}
 1762              		.cfi_endproc
 1763              	.LFE85:
 1765              		.section	.text.i2c_sam_timeout_enable,"ax",%progbits
 1766              		.align	1
 1767              		.global	i2c_sam_timeout_enable
 1768              		.syntax unified
 1769              		.code	16
 1770              		.thumb_func
 1771              		.fpu softvfp
 1773              	i2c_sam_timeout_enable:
 1774              	.LFB86:
 601:../Firmware/GD32E23x_standard_peripheral/Source/gd32e23x_i2c.c **** 
 602:../Firmware/GD32E23x_standard_peripheral/Source/gd32e23x_i2c.c **** /*!
 603:../Firmware/GD32E23x_standard_peripheral/Source/gd32e23x_i2c.c ****     \brief      enable SAM_V interface timeout detect
 604:../Firmware/GD32E23x_standard_peripheral/Source/gd32e23x_i2c.c ****     \param[in]  i2c_periph: I2Cx(x=0,1)
 605:../Firmware/GD32E23x_standard_peripheral/Source/gd32e23x_i2c.c ****     \param[out] none
 606:../Firmware/GD32E23x_standard_peripheral/Source/gd32e23x_i2c.c ****     \retval     none
 607:../Firmware/GD32E23x_standard_peripheral/Source/gd32e23x_i2c.c **** */
 608:../Firmware/GD32E23x_standard_peripheral/Source/gd32e23x_i2c.c **** void i2c_sam_timeout_enable(uint32_t i2c_periph)
 609:../Firmware/GD32E23x_standard_peripheral/Source/gd32e23x_i2c.c **** {
 1775              		.loc 1 609 1
 1776              		.cfi_startproc
 1777              		@ args = 0, pretend = 0, frame = 8
 1778              		@ frame_needed = 1, uses_anonymous_args = 0
 1779 0000 80B5     		push	{r7, lr}
 1780              		.cfi_def_cfa_offset 8
 1781              		.cfi_offset 7, -8
 1782              		.cfi_offset 14, -4
 1783 0002 82B0     		sub	sp, sp, #8
 1784              		.cfi_def_cfa_offset 16
 1785 0004 00AF     		add	r7, sp, #0
 1786              		.cfi_def_cfa_register 7
 1787 0006 7860     		str	r0, [r7, #4]
 610:../Firmware/GD32E23x_standard_peripheral/Source/gd32e23x_i2c.c ****     I2C_SAMCS(i2c_periph) |= I2C_SAMCS_STOEN;
 1788              		.loc 1 610 27
 1789 0008 7B68     		ldr	r3, [r7, #4]
 1790 000a 8033     		adds	r3, r3, #128
 1791 000c 1A68     		ldr	r2, [r3]
 1792 000e 7B68     		ldr	r3, [r7, #4]
 1793 0010 8033     		adds	r3, r3, #128
 1794 0012 0221     		movs	r1, #2
 1795 0014 0A43     		orrs	r2, r1
 1796 0016 1A60     		str	r2, [r3]
 611:../Firmware/GD32E23x_standard_peripheral/Source/gd32e23x_i2c.c **** }
 1797              		.loc 1 611 1
 1798 0018 C046     		nop
 1799 001a BD46     		mov	sp, r7
 1800 001c 02B0     		add	sp, sp, #8
 1801              		@ sp needed
 1802 001e 80BD     		pop	{r7, pc}
 1803              		.cfi_endproc
 1804              	.LFE86:
 1806              		.section	.text.i2c_sam_timeout_disable,"ax",%progbits
 1807              		.align	1
 1808              		.global	i2c_sam_timeout_disable
 1809              		.syntax unified
 1810              		.code	16
 1811              		.thumb_func
 1812              		.fpu softvfp
 1814              	i2c_sam_timeout_disable:
 1815              	.LFB87:
 612:../Firmware/GD32E23x_standard_peripheral/Source/gd32e23x_i2c.c **** 
 613:../Firmware/GD32E23x_standard_peripheral/Source/gd32e23x_i2c.c **** /*!
 614:../Firmware/GD32E23x_standard_peripheral/Source/gd32e23x_i2c.c ****     \brief      disable SAM_V interface timeout detect
 615:../Firmware/GD32E23x_standard_peripheral/Source/gd32e23x_i2c.c ****     \param[in]  i2c_periph: I2Cx(x=0,1)
 616:../Firmware/GD32E23x_standard_peripheral/Source/gd32e23x_i2c.c ****     \param[out] none
 617:../Firmware/GD32E23x_standard_peripheral/Source/gd32e23x_i2c.c ****     \retval     none
 618:../Firmware/GD32E23x_standard_peripheral/Source/gd32e23x_i2c.c **** */
 619:../Firmware/GD32E23x_standard_peripheral/Source/gd32e23x_i2c.c **** void i2c_sam_timeout_disable(uint32_t i2c_periph)
 620:../Firmware/GD32E23x_standard_peripheral/Source/gd32e23x_i2c.c **** {
 1816              		.loc 1 620 1
 1817              		.cfi_startproc
 1818              		@ args = 0, pretend = 0, frame = 8
 1819              		@ frame_needed = 1, uses_anonymous_args = 0
 1820 0000 80B5     		push	{r7, lr}
 1821              		.cfi_def_cfa_offset 8
 1822              		.cfi_offset 7, -8
 1823              		.cfi_offset 14, -4
 1824 0002 82B0     		sub	sp, sp, #8
 1825              		.cfi_def_cfa_offset 16
 1826 0004 00AF     		add	r7, sp, #0
 1827              		.cfi_def_cfa_register 7
 1828 0006 7860     		str	r0, [r7, #4]
 621:../Firmware/GD32E23x_standard_peripheral/Source/gd32e23x_i2c.c ****     I2C_SAMCS(i2c_periph) &= ~(I2C_SAMCS_STOEN);
 1829              		.loc 1 621 27
 1830 0008 7B68     		ldr	r3, [r7, #4]
 1831 000a 8033     		adds	r3, r3, #128
 1832 000c 1A68     		ldr	r2, [r3]
 1833 000e 7B68     		ldr	r3, [r7, #4]
 1834 0010 8033     		adds	r3, r3, #128
 1835 0012 0221     		movs	r1, #2
 1836 0014 8A43     		bics	r2, r1
 1837 0016 1A60     		str	r2, [r3]
 622:../Firmware/GD32E23x_standard_peripheral/Source/gd32e23x_i2c.c **** }
 1838              		.loc 1 622 1
 1839 0018 C046     		nop
 1840 001a BD46     		mov	sp, r7
 1841 001c 02B0     		add	sp, sp, #8
 1842              		@ sp needed
 1843 001e 80BD     		pop	{r7, pc}
 1844              		.cfi_endproc
 1845              	.LFE87:
 1847              		.section	.text.i2c_flag_get,"ax",%progbits
 1848              		.align	1
 1849              		.global	i2c_flag_get
 1850              		.syntax unified
 1851              		.code	16
 1852              		.thumb_func
 1853              		.fpu softvfp
 1855              	i2c_flag_get:
 1856              	.LFB88:
 623:../Firmware/GD32E23x_standard_peripheral/Source/gd32e23x_i2c.c **** 
 624:../Firmware/GD32E23x_standard_peripheral/Source/gd32e23x_i2c.c **** /*!
 625:../Firmware/GD32E23x_standard_peripheral/Source/gd32e23x_i2c.c ****     \brief      get I2C flag status
 626:../Firmware/GD32E23x_standard_peripheral/Source/gd32e23x_i2c.c ****     \param[in]  i2c_periph: I2Cx(x=0,1)
 627:../Firmware/GD32E23x_standard_peripheral/Source/gd32e23x_i2c.c ****     \param[in]  flag: I2C flags, refer to i2c_flag_enum
 628:../Firmware/GD32E23x_standard_peripheral/Source/gd32e23x_i2c.c ****                 only one parameter can be selected which is shown as below:
 629:../Firmware/GD32E23x_standard_peripheral/Source/gd32e23x_i2c.c ****       \arg        I2C_FLAG_SBSEND: start condition sent out in master mode
 630:../Firmware/GD32E23x_standard_peripheral/Source/gd32e23x_i2c.c ****       \arg        I2C_FLAG_ADDSEND: address is sent in master mode or received and matches in slave
 631:../Firmware/GD32E23x_standard_peripheral/Source/gd32e23x_i2c.c ****       \arg        I2C_FLAG_BTC: byte transmission finishes
 632:../Firmware/GD32E23x_standard_peripheral/Source/gd32e23x_i2c.c ****       \arg        I2C_FLAG_ADD10SEND: header of 10-bit address is sent in master mode
 633:../Firmware/GD32E23x_standard_peripheral/Source/gd32e23x_i2c.c ****       \arg        I2C_FLAG_STPDET: stop condition detected in slave mode
 634:../Firmware/GD32E23x_standard_peripheral/Source/gd32e23x_i2c.c ****       \arg        I2C_FLAG_RBNE: I2C_DATA is not empty during receiving
 635:../Firmware/GD32E23x_standard_peripheral/Source/gd32e23x_i2c.c ****       \arg        I2C_FLAG_TBE: I2C_DATA is empty during transmitting
 636:../Firmware/GD32E23x_standard_peripheral/Source/gd32e23x_i2c.c ****       \arg        I2C_FLAG_BERR: a bus error occurs indication a unexpected start or stop condition
 637:../Firmware/GD32E23x_standard_peripheral/Source/gd32e23x_i2c.c ****       \arg        I2C_FLAG_LOSTARB: arbitration lost in master mode
 638:../Firmware/GD32E23x_standard_peripheral/Source/gd32e23x_i2c.c ****       \arg        I2C_FLAG_AERR: acknowledge error
 639:../Firmware/GD32E23x_standard_peripheral/Source/gd32e23x_i2c.c ****       \arg        I2C_FLAG_OUERR: over-run or under-run situation occurs in slave mode
 640:../Firmware/GD32E23x_standard_peripheral/Source/gd32e23x_i2c.c ****       \arg        I2C_FLAG_PECERR: PEC error when receiving data
 641:../Firmware/GD32E23x_standard_peripheral/Source/gd32e23x_i2c.c ****       \arg        I2C_FLAG_SMBTO: timeout signal in SMBus mode
 642:../Firmware/GD32E23x_standard_peripheral/Source/gd32e23x_i2c.c ****       \arg        I2C_FLAG_SMBALT: SMBus alert status
 643:../Firmware/GD32E23x_standard_peripheral/Source/gd32e23x_i2c.c ****       \arg        I2C_FLAG_MASTER: a flag indicating whether I2C block is in master or slave mode
 644:../Firmware/GD32E23x_standard_peripheral/Source/gd32e23x_i2c.c ****       \arg        I2C_FLAG_I2CBSY: busy flag
 645:../Firmware/GD32E23x_standard_peripheral/Source/gd32e23x_i2c.c ****       \arg        I2C_FLAG_TR: whether the I2C is a transmitter or a receiver
 646:../Firmware/GD32E23x_standard_peripheral/Source/gd32e23x_i2c.c ****       \arg        I2C_FLAG_RXGC: general call address (00h) received
 647:../Firmware/GD32E23x_standard_peripheral/Source/gd32e23x_i2c.c ****       \arg        I2C_FLAG_DEFSMB: default address of SMBus device
 648:../Firmware/GD32E23x_standard_peripheral/Source/gd32e23x_i2c.c ****       \arg        I2C_FLAG_HSTSMB: SMBus host header detected in slave mode
 649:../Firmware/GD32E23x_standard_peripheral/Source/gd32e23x_i2c.c ****       \arg        I2C_FLAG_DUMOD: dual flag in slave mode indicating which address is matched in du
 650:../Firmware/GD32E23x_standard_peripheral/Source/gd32e23x_i2c.c ****       \arg        I2C_FLAG_TFF: txframe fall flag
 651:../Firmware/GD32E23x_standard_peripheral/Source/gd32e23x_i2c.c ****       \arg        I2C_FLAG_TFR: txframe rise flag
 652:../Firmware/GD32E23x_standard_peripheral/Source/gd32e23x_i2c.c ****       \arg        I2C_FLAG_RFF: rxframe fall flag
 653:../Firmware/GD32E23x_standard_peripheral/Source/gd32e23x_i2c.c ****       \arg        I2C_FLAG_RFR: rxframe rise flag
 654:../Firmware/GD32E23x_standard_peripheral/Source/gd32e23x_i2c.c ****     \param[out] none
 655:../Firmware/GD32E23x_standard_peripheral/Source/gd32e23x_i2c.c ****     \retval     FlagStatus: SET or RESET
 656:../Firmware/GD32E23x_standard_peripheral/Source/gd32e23x_i2c.c **** */
 657:../Firmware/GD32E23x_standard_peripheral/Source/gd32e23x_i2c.c **** FlagStatus i2c_flag_get(uint32_t i2c_periph, i2c_flag_enum flag)
 658:../Firmware/GD32E23x_standard_peripheral/Source/gd32e23x_i2c.c **** {
 1857              		.loc 1 658 1
 1858              		.cfi_startproc
 1859              		@ args = 0, pretend = 0, frame = 8
 1860              		@ frame_needed = 1, uses_anonymous_args = 0
 1861 0000 80B5     		push	{r7, lr}
 1862              		.cfi_def_cfa_offset 8
 1863              		.cfi_offset 7, -8
 1864              		.cfi_offset 14, -4
 1865 0002 82B0     		sub	sp, sp, #8
 1866              		.cfi_def_cfa_offset 16
 1867 0004 00AF     		add	r7, sp, #0
 1868              		.cfi_def_cfa_register 7
 1869 0006 7860     		str	r0, [r7, #4]
 1870 0008 0A00     		movs	r2, r1
 1871 000a BB1C     		adds	r3, r7, #2
 1872 000c 1A80     		strh	r2, [r3]
 659:../Firmware/GD32E23x_standard_peripheral/Source/gd32e23x_i2c.c ****     if(RESET != (I2C_REG_VAL(i2c_periph, flag) & BIT(I2C_BIT_POS(flag)))) {
 1873              		.loc 1 659 18
 1874 000e BB1C     		adds	r3, r7, #2
 1875 0010 1B88     		ldrh	r3, [r3]
 1876 0012 9B09     		lsrs	r3, r3, #6
 1877 0014 9BB2     		uxth	r3, r3
 1878 0016 1A00     		movs	r2, r3
 1879 0018 7B68     		ldr	r3, [r7, #4]
 1880 001a D318     		adds	r3, r2, r3
 1881 001c 1A68     		ldr	r2, [r3]
 1882              		.loc 1 659 50
 1883 001e BB1C     		adds	r3, r7, #2
 1884 0020 1B88     		ldrh	r3, [r3]
 1885 0022 1F21     		movs	r1, #31
 1886 0024 0B40     		ands	r3, r1
 1887              		.loc 1 659 14
 1888 0026 DA40     		lsrs	r2, r2, r3
 1889 0028 1300     		movs	r3, r2
 1890 002a 0122     		movs	r2, #1
 1891 002c 1340     		ands	r3, r2
 1892              		.loc 1 659 7
 1893 002e 0BB1     		cbz	r3, .L75
 660:../Firmware/GD32E23x_standard_peripheral/Source/gd32e23x_i2c.c ****         return SET;
 1894              		.loc 1 660 16
 1895 0030 0123     		movs	r3, #1
 1896 0032 00E0     		b	.L76
 1897              	.L75:
 661:../Firmware/GD32E23x_standard_peripheral/Source/gd32e23x_i2c.c ****     } else {
 662:../Firmware/GD32E23x_standard_peripheral/Source/gd32e23x_i2c.c ****         return RESET;
 1898              		.loc 1 662 16
 1899 0034 0023     		movs	r3, #0
 1900              	.L76:
 663:../Firmware/GD32E23x_standard_peripheral/Source/gd32e23x_i2c.c ****     }
 664:../Firmware/GD32E23x_standard_peripheral/Source/gd32e23x_i2c.c **** }
 1901              		.loc 1 664 1
 1902 0036 1800     		movs	r0, r3
 1903 0038 BD46     		mov	sp, r7
 1904 003a 02B0     		add	sp, sp, #8
 1905              		@ sp needed
 1906 003c 80BD     		pop	{r7, pc}
 1907              		.cfi_endproc
 1908              	.LFE88:
 1910              		.section	.text.i2c_flag_clear,"ax",%progbits
 1911              		.align	1
 1912              		.global	i2c_flag_clear
 1913              		.syntax unified
 1914              		.code	16
 1915              		.thumb_func
 1916              		.fpu softvfp
 1918              	i2c_flag_clear:
 1919              	.LFB89:
 665:../Firmware/GD32E23x_standard_peripheral/Source/gd32e23x_i2c.c **** 
 666:../Firmware/GD32E23x_standard_peripheral/Source/gd32e23x_i2c.c **** /*!
 667:../Firmware/GD32E23x_standard_peripheral/Source/gd32e23x_i2c.c ****     \brief      clear I2C flag status
 668:../Firmware/GD32E23x_standard_peripheral/Source/gd32e23x_i2c.c ****     \param[in]  i2c_periph: I2Cx(x=0,1)
 669:../Firmware/GD32E23x_standard_peripheral/Source/gd32e23x_i2c.c ****     \param[in]  flag: I2C flags, refer to i2c_flag_enum
 670:../Firmware/GD32E23x_standard_peripheral/Source/gd32e23x_i2c.c ****                 only one parameter can be selected which is shown as below:
 671:../Firmware/GD32E23x_standard_peripheral/Source/gd32e23x_i2c.c ****       \arg       I2C_FLAG_SMBALT: SMBus alert status
 672:../Firmware/GD32E23x_standard_peripheral/Source/gd32e23x_i2c.c ****       \arg       I2C_FLAG_SMBTO: timeout signal in SMBus mode
 673:../Firmware/GD32E23x_standard_peripheral/Source/gd32e23x_i2c.c ****       \arg       I2C_FLAG_PECERR: PEC error when receiving data
 674:../Firmware/GD32E23x_standard_peripheral/Source/gd32e23x_i2c.c ****       \arg       I2C_FLAG_OUERR: over-run or under-run situation occurs in slave mode
 675:../Firmware/GD32E23x_standard_peripheral/Source/gd32e23x_i2c.c ****       \arg       I2C_FLAG_AERR: acknowledge error
 676:../Firmware/GD32E23x_standard_peripheral/Source/gd32e23x_i2c.c ****       \arg       I2C_FLAG_LOSTARB: arbitration lost in master mode
 677:../Firmware/GD32E23x_standard_peripheral/Source/gd32e23x_i2c.c ****       \arg       I2C_FLAG_BERR: a bus error occurs indication a unexpected start or stop condition 
 678:../Firmware/GD32E23x_standard_peripheral/Source/gd32e23x_i2c.c ****       \arg       I2C_FLAG_ADDSEND: address is sent in master mode or received and matches in slave 
 679:../Firmware/GD32E23x_standard_peripheral/Source/gd32e23x_i2c.c ****       \arg       I2C_FLAG_TFF: txframe fall flag
 680:../Firmware/GD32E23x_standard_peripheral/Source/gd32e23x_i2c.c ****       \arg       I2C_FLAG_TFR: txframe rise flag
 681:../Firmware/GD32E23x_standard_peripheral/Source/gd32e23x_i2c.c ****       \arg       I2C_FLAG_RFF: rxframe fall flag
 682:../Firmware/GD32E23x_standard_peripheral/Source/gd32e23x_i2c.c ****       \arg       I2C_FLAG_RFR: rxframe rise flag
 683:../Firmware/GD32E23x_standard_peripheral/Source/gd32e23x_i2c.c ****     \param[out] none
 684:../Firmware/GD32E23x_standard_peripheral/Source/gd32e23x_i2c.c ****     \retval     none
 685:../Firmware/GD32E23x_standard_peripheral/Source/gd32e23x_i2c.c **** */
 686:../Firmware/GD32E23x_standard_peripheral/Source/gd32e23x_i2c.c **** void i2c_flag_clear(uint32_t i2c_periph, i2c_flag_enum flag)
 687:../Firmware/GD32E23x_standard_peripheral/Source/gd32e23x_i2c.c **** {
 1920              		.loc 1 687 1
 1921              		.cfi_startproc
 1922              		@ args = 0, pretend = 0, frame = 8
 1923              		@ frame_needed = 1, uses_anonymous_args = 0
 1924 0000 80B5     		push	{r7, lr}
 1925              		.cfi_def_cfa_offset 8
 1926              		.cfi_offset 7, -8
 1927              		.cfi_offset 14, -4
 1928 0002 82B0     		sub	sp, sp, #8
 1929              		.cfi_def_cfa_offset 16
 1930 0004 00AF     		add	r7, sp, #0
 1931              		.cfi_def_cfa_register 7
 1932 0006 7860     		str	r0, [r7, #4]
 1933 0008 0A00     		movs	r2, r1
 1934 000a BB1C     		adds	r3, r7, #2
 1935 000c 1A80     		strh	r2, [r3]
 688:../Firmware/GD32E23x_standard_peripheral/Source/gd32e23x_i2c.c ****     if(I2C_FLAG_ADDSEND == flag) {
 1936              		.loc 1 688 7
 1937 000e BB1C     		adds	r3, r7, #2
 1938 0010 1B88     		ldrh	r3, [r3]
 1939 0012 40F20152 		movw	r2, #1281
 1940 0016 9342     		cmp	r3, r2
 1941 0018 06D1     		bne	.L78
 689:../Firmware/GD32E23x_standard_peripheral/Source/gd32e23x_i2c.c ****         /* read I2C_STAT0 and then read I2C_STAT1 to clear ADDSEND */
 690:../Firmware/GD32E23x_standard_peripheral/Source/gd32e23x_i2c.c ****         I2C_STAT0(i2c_periph);
 1942              		.loc 1 690 9
 1943 001a 7B68     		ldr	r3, [r7, #4]
 1944 001c 1433     		adds	r3, r3, #20
 1945 001e 1B68     		ldr	r3, [r3]
 691:../Firmware/GD32E23x_standard_peripheral/Source/gd32e23x_i2c.c ****         I2C_STAT1(i2c_periph);
 1946              		.loc 1 691 9
 1947 0020 7B68     		ldr	r3, [r7, #4]
 1948 0022 1833     		adds	r3, r3, #24
 1949 0024 1B68     		ldr	r3, [r3]
 692:../Firmware/GD32E23x_standard_peripheral/Source/gd32e23x_i2c.c ****     } else {
 693:../Firmware/GD32E23x_standard_peripheral/Source/gd32e23x_i2c.c ****         I2C_REG_VAL(i2c_periph, flag) &= ~BIT(I2C_BIT_POS(flag));
 694:../Firmware/GD32E23x_standard_peripheral/Source/gd32e23x_i2c.c ****     }
 695:../Firmware/GD32E23x_standard_peripheral/Source/gd32e23x_i2c.c **** }
 1950              		.loc 1 695 1
 1951 0026 18E0     		b	.L80
 1952              	.L78:
 693:../Firmware/GD32E23x_standard_peripheral/Source/gd32e23x_i2c.c ****     }
 1953              		.loc 1 693 39
 1954 0028 BB1C     		adds	r3, r7, #2
 1955 002a 1B88     		ldrh	r3, [r3]
 1956 002c 9B09     		lsrs	r3, r3, #6
 1957 002e 9BB2     		uxth	r3, r3
 1958 0030 1A00     		movs	r2, r3
 1959 0032 7B68     		ldr	r3, [r7, #4]
 1960 0034 D318     		adds	r3, r2, r3
 1961 0036 1A68     		ldr	r2, [r3]
 693:../Firmware/GD32E23x_standard_peripheral/Source/gd32e23x_i2c.c ****     }
 1962              		.loc 1 693 43
 1963 0038 BB1C     		adds	r3, r7, #2
 1964 003a 1B88     		ldrh	r3, [r3]
 1965 003c 1F21     		movs	r1, #31
 1966 003e 0B40     		ands	r3, r1
 1967 0040 0121     		movs	r1, #1
 1968 0042 9940     		lsls	r1, r1, r3
 1969 0044 0B00     		movs	r3, r1
 693:../Firmware/GD32E23x_standard_peripheral/Source/gd32e23x_i2c.c ****     }
 1970              		.loc 1 693 42
 1971 0046 D943     		mvns	r1, r3
 693:../Firmware/GD32E23x_standard_peripheral/Source/gd32e23x_i2c.c ****     }
 1972              		.loc 1 693 39
 1973 0048 BB1C     		adds	r3, r7, #2
 1974 004a 1B88     		ldrh	r3, [r3]
 1975 004c 9B09     		lsrs	r3, r3, #6
 1976 004e 9BB2     		uxth	r3, r3
 1977 0050 1800     		movs	r0, r3
 1978 0052 7B68     		ldr	r3, [r7, #4]
 1979 0054 C318     		adds	r3, r0, r3
 1980 0056 0A40     		ands	r2, r1
 1981 0058 1A60     		str	r2, [r3]
 1982              	.L80:
 1983              		.loc 1 695 1
 1984 005a C046     		nop
 1985 005c BD46     		mov	sp, r7
 1986 005e 02B0     		add	sp, sp, #8
 1987              		@ sp needed
 1988 0060 80BD     		pop	{r7, pc}
 1989              		.cfi_endproc
 1990              	.LFE89:
 1992              		.section	.text.i2c_interrupt_enable,"ax",%progbits
 1993              		.align	1
 1994              		.global	i2c_interrupt_enable
 1995              		.syntax unified
 1996              		.code	16
 1997              		.thumb_func
 1998              		.fpu softvfp
 2000              	i2c_interrupt_enable:
 2001              	.LFB90:
 696:../Firmware/GD32E23x_standard_peripheral/Source/gd32e23x_i2c.c **** 
 697:../Firmware/GD32E23x_standard_peripheral/Source/gd32e23x_i2c.c **** /*!
 698:../Firmware/GD32E23x_standard_peripheral/Source/gd32e23x_i2c.c ****     \brief      enable I2C interrupt
 699:../Firmware/GD32E23x_standard_peripheral/Source/gd32e23x_i2c.c ****     \param[in]  i2c_periph: I2Cx(x=0,1)
 700:../Firmware/GD32E23x_standard_peripheral/Source/gd32e23x_i2c.c ****     \param[in]  interrupt: I2C interrupts, refer to i2c_interrupt_enum
 701:../Firmware/GD32E23x_standard_peripheral/Source/gd32e23x_i2c.c ****                 only one parameter can be selected which is shown as below:
 702:../Firmware/GD32E23x_standard_peripheral/Source/gd32e23x_i2c.c ****       \arg        I2C_INT_ERR: error interrupt
 703:../Firmware/GD32E23x_standard_peripheral/Source/gd32e23x_i2c.c ****       \arg        I2C_INT_EV: event interrupt
 704:../Firmware/GD32E23x_standard_peripheral/Source/gd32e23x_i2c.c ****       \arg        I2C_INT_BUF: buffer interrupt
 705:../Firmware/GD32E23x_standard_peripheral/Source/gd32e23x_i2c.c ****       \arg        I2C_INT_TFF: txframe fall interrupt
 706:../Firmware/GD32E23x_standard_peripheral/Source/gd32e23x_i2c.c ****       \arg        I2C_INT_TFR: txframe rise interrupt
 707:../Firmware/GD32E23x_standard_peripheral/Source/gd32e23x_i2c.c ****       \arg        I2C_INT_RFF: rxframe fall interrupt
 708:../Firmware/GD32E23x_standard_peripheral/Source/gd32e23x_i2c.c ****       \arg        I2C_INT_RFR: rxframe rise interrupt
 709:../Firmware/GD32E23x_standard_peripheral/Source/gd32e23x_i2c.c ****     \param[out] none
 710:../Firmware/GD32E23x_standard_peripheral/Source/gd32e23x_i2c.c ****     \retval     none
 711:../Firmware/GD32E23x_standard_peripheral/Source/gd32e23x_i2c.c **** */
 712:../Firmware/GD32E23x_standard_peripheral/Source/gd32e23x_i2c.c **** void i2c_interrupt_enable(uint32_t i2c_periph, i2c_interrupt_enum interrupt)
 713:../Firmware/GD32E23x_standard_peripheral/Source/gd32e23x_i2c.c **** {
 2002              		.loc 1 713 1
 2003              		.cfi_startproc
 2004              		@ args = 0, pretend = 0, frame = 8
 2005              		@ frame_needed = 1, uses_anonymous_args = 0
 2006 0000 80B5     		push	{r7, lr}
 2007              		.cfi_def_cfa_offset 8
 2008              		.cfi_offset 7, -8
 2009              		.cfi_offset 14, -4
 2010 0002 82B0     		sub	sp, sp, #8
 2011              		.cfi_def_cfa_offset 16
 2012 0004 00AF     		add	r7, sp, #0
 2013              		.cfi_def_cfa_register 7
 2014 0006 7860     		str	r0, [r7, #4]
 2015 0008 0A00     		movs	r2, r1
 2016 000a BB1C     		adds	r3, r7, #2
 2017 000c 1A80     		strh	r2, [r3]
 714:../Firmware/GD32E23x_standard_peripheral/Source/gd32e23x_i2c.c ****     I2C_REG_VAL(i2c_periph, interrupt) |= BIT(I2C_BIT_POS(interrupt));
 2018              		.loc 1 714 40
 2019 000e BB1C     		adds	r3, r7, #2
 2020 0010 1B88     		ldrh	r3, [r3]
 2021 0012 9B09     		lsrs	r3, r3, #6
 2022 0014 9BB2     		uxth	r3, r3
 2023 0016 1A00     		movs	r2, r3
 2024 0018 7B68     		ldr	r3, [r7, #4]
 2025 001a D318     		adds	r3, r2, r3
 2026 001c 1968     		ldr	r1, [r3]
 2027              		.loc 1 714 43
 2028 001e BB1C     		adds	r3, r7, #2
 2029 0020 1B88     		ldrh	r3, [r3]
 2030 0022 1F22     		movs	r2, #31
 2031 0024 1340     		ands	r3, r2
 2032 0026 0122     		movs	r2, #1
 2033 0028 9A40     		lsls	r2, r2, r3
 2034              		.loc 1 714 40
 2035 002a BB1C     		adds	r3, r7, #2
 2036 002c 1B88     		ldrh	r3, [r3]
 2037 002e 9B09     		lsrs	r3, r3, #6
 2038 0030 9BB2     		uxth	r3, r3
 2039 0032 1800     		movs	r0, r3
 2040 0034 7B68     		ldr	r3, [r7, #4]
 2041 0036 C318     		adds	r3, r0, r3
 2042 0038 0A43     		orrs	r2, r1
 2043 003a 1A60     		str	r2, [r3]
 715:../Firmware/GD32E23x_standard_peripheral/Source/gd32e23x_i2c.c **** }
 2044              		.loc 1 715 1
 2045 003c C046     		nop
 2046 003e BD46     		mov	sp, r7
 2047 0040 02B0     		add	sp, sp, #8
 2048              		@ sp needed
 2049 0042 80BD     		pop	{r7, pc}
 2050              		.cfi_endproc
 2051              	.LFE90:
 2053              		.section	.text.i2c_interrupt_disable,"ax",%progbits
 2054              		.align	1
 2055              		.global	i2c_interrupt_disable
 2056              		.syntax unified
 2057              		.code	16
 2058              		.thumb_func
 2059              		.fpu softvfp
 2061              	i2c_interrupt_disable:
 2062              	.LFB91:
 716:../Firmware/GD32E23x_standard_peripheral/Source/gd32e23x_i2c.c **** 
 717:../Firmware/GD32E23x_standard_peripheral/Source/gd32e23x_i2c.c **** /*!
 718:../Firmware/GD32E23x_standard_peripheral/Source/gd32e23x_i2c.c ****     \brief      disable I2C interrupt
 719:../Firmware/GD32E23x_standard_peripheral/Source/gd32e23x_i2c.c ****     \param[in]  i2c_periph: I2Cx(x=0,1)
 720:../Firmware/GD32E23x_standard_peripheral/Source/gd32e23x_i2c.c ****     \param[in]  interrupt: I2C interrupts, refer to i2c_interrupt_enum
 721:../Firmware/GD32E23x_standard_peripheral/Source/gd32e23x_i2c.c ****                 only one parameter can be selected which is shown as below:
 722:../Firmware/GD32E23x_standard_peripheral/Source/gd32e23x_i2c.c ****       \arg        I2C_INT_ERR: error interrupt
 723:../Firmware/GD32E23x_standard_peripheral/Source/gd32e23x_i2c.c ****       \arg        I2C_INT_EV: event interrupt
 724:../Firmware/GD32E23x_standard_peripheral/Source/gd32e23x_i2c.c ****       \arg        I2C_INT_BUF: buffer interrupt
 725:../Firmware/GD32E23x_standard_peripheral/Source/gd32e23x_i2c.c ****       \arg        I2C_INT_TFF: txframe fall interrupt
 726:../Firmware/GD32E23x_standard_peripheral/Source/gd32e23x_i2c.c ****       \arg        I2C_INT_TFR: txframe rise interrupt
 727:../Firmware/GD32E23x_standard_peripheral/Source/gd32e23x_i2c.c ****       \arg        I2C_INT_RFF: rxframe fall interrupt
 728:../Firmware/GD32E23x_standard_peripheral/Source/gd32e23x_i2c.c ****       \arg        I2C_INT_RFR: rxframe rise interrupt
 729:../Firmware/GD32E23x_standard_peripheral/Source/gd32e23x_i2c.c ****     \param[out] none
 730:../Firmware/GD32E23x_standard_peripheral/Source/gd32e23x_i2c.c ****     \retval     none
 731:../Firmware/GD32E23x_standard_peripheral/Source/gd32e23x_i2c.c **** */
 732:../Firmware/GD32E23x_standard_peripheral/Source/gd32e23x_i2c.c **** void i2c_interrupt_disable(uint32_t i2c_periph, i2c_interrupt_enum interrupt)
 733:../Firmware/GD32E23x_standard_peripheral/Source/gd32e23x_i2c.c **** {
 2063              		.loc 1 733 1
 2064              		.cfi_startproc
 2065              		@ args = 0, pretend = 0, frame = 8
 2066              		@ frame_needed = 1, uses_anonymous_args = 0
 2067 0000 80B5     		push	{r7, lr}
 2068              		.cfi_def_cfa_offset 8
 2069              		.cfi_offset 7, -8
 2070              		.cfi_offset 14, -4
 2071 0002 82B0     		sub	sp, sp, #8
 2072              		.cfi_def_cfa_offset 16
 2073 0004 00AF     		add	r7, sp, #0
 2074              		.cfi_def_cfa_register 7
 2075 0006 7860     		str	r0, [r7, #4]
 2076 0008 0A00     		movs	r2, r1
 2077 000a BB1C     		adds	r3, r7, #2
 2078 000c 1A80     		strh	r2, [r3]
 734:../Firmware/GD32E23x_standard_peripheral/Source/gd32e23x_i2c.c ****     I2C_REG_VAL(i2c_periph, interrupt) &= ~BIT(I2C_BIT_POS(interrupt));
 2079              		.loc 1 734 40
 2080 000e BB1C     		adds	r3, r7, #2
 2081 0010 1B88     		ldrh	r3, [r3]
 2082 0012 9B09     		lsrs	r3, r3, #6
 2083 0014 9BB2     		uxth	r3, r3
 2084 0016 1A00     		movs	r2, r3
 2085 0018 7B68     		ldr	r3, [r7, #4]
 2086 001a D318     		adds	r3, r2, r3
 2087 001c 1A68     		ldr	r2, [r3]
 2088              		.loc 1 734 44
 2089 001e BB1C     		adds	r3, r7, #2
 2090 0020 1B88     		ldrh	r3, [r3]
 2091 0022 1F21     		movs	r1, #31
 2092 0024 0B40     		ands	r3, r1
 2093 0026 0121     		movs	r1, #1
 2094 0028 9940     		lsls	r1, r1, r3
 2095 002a 0B00     		movs	r3, r1
 2096              		.loc 1 734 43
 2097 002c D943     		mvns	r1, r3
 2098              		.loc 1 734 40
 2099 002e BB1C     		adds	r3, r7, #2
 2100 0030 1B88     		ldrh	r3, [r3]
 2101 0032 9B09     		lsrs	r3, r3, #6
 2102 0034 9BB2     		uxth	r3, r3
 2103 0036 1800     		movs	r0, r3
 2104 0038 7B68     		ldr	r3, [r7, #4]
 2105 003a C318     		adds	r3, r0, r3
 2106 003c 0A40     		ands	r2, r1
 2107 003e 1A60     		str	r2, [r3]
 735:../Firmware/GD32E23x_standard_peripheral/Source/gd32e23x_i2c.c **** }
 2108              		.loc 1 735 1
 2109 0040 C046     		nop
 2110 0042 BD46     		mov	sp, r7
 2111 0044 02B0     		add	sp, sp, #8
 2112              		@ sp needed
 2113 0046 80BD     		pop	{r7, pc}
 2114              		.cfi_endproc
 2115              	.LFE91:
 2117              		.section	.text.i2c_interrupt_flag_get,"ax",%progbits
 2118              		.align	1
 2119              		.global	i2c_interrupt_flag_get
 2120              		.syntax unified
 2121              		.code	16
 2122              		.thumb_func
 2123              		.fpu softvfp
 2125              	i2c_interrupt_flag_get:
 2126              	.LFB92:
 736:../Firmware/GD32E23x_standard_peripheral/Source/gd32e23x_i2c.c **** 
 737:../Firmware/GD32E23x_standard_peripheral/Source/gd32e23x_i2c.c **** /*!
 738:../Firmware/GD32E23x_standard_peripheral/Source/gd32e23x_i2c.c ****     \brief      get I2C interrupt flag status
 739:../Firmware/GD32E23x_standard_peripheral/Source/gd32e23x_i2c.c ****     \param[in]  i2c_periph: I2Cx(x=0,1)
 740:../Firmware/GD32E23x_standard_peripheral/Source/gd32e23x_i2c.c ****     \param[in]  int_flag: I2C interrupt flags, refer to i2c_interrupt_flag_enum
 741:../Firmware/GD32E23x_standard_peripheral/Source/gd32e23x_i2c.c ****                 only one parameter can be selected which is shown as below:
 742:../Firmware/GD32E23x_standard_peripheral/Source/gd32e23x_i2c.c ****       \arg        I2C_INT_FLAG_SBSEND: start condition sent out in master mode interrupt flag
 743:../Firmware/GD32E23x_standard_peripheral/Source/gd32e23x_i2c.c ****       \arg        I2C_INT_FLAG_ADDSEND: address is sent in master mode or received and matches in s
 744:../Firmware/GD32E23x_standard_peripheral/Source/gd32e23x_i2c.c ****       \arg        I2C_INT_FLAG_BTC: byte transmission finishes interrupt flag
 745:../Firmware/GD32E23x_standard_peripheral/Source/gd32e23x_i2c.c ****       \arg        I2C_INT_FLAG_ADD10SEND: header of 10-bit address is sent in master mode interrupt
 746:../Firmware/GD32E23x_standard_peripheral/Source/gd32e23x_i2c.c ****       \arg        I2C_INT_FLAG_STPDET: stop condition detected in slave mode interrupt flag
 747:../Firmware/GD32E23x_standard_peripheral/Source/gd32e23x_i2c.c ****       \arg        I2C_INT_FLAG_RBNE: I2C_DATA is not Empty during receiving interrupt flag
 748:../Firmware/GD32E23x_standard_peripheral/Source/gd32e23x_i2c.c ****       \arg        I2C_INT_FLAG_TBE: I2C_DATA is empty during transmitting interrupt flag
 749:../Firmware/GD32E23x_standard_peripheral/Source/gd32e23x_i2c.c ****       \arg        I2C_INT_FLAG_BERR: a bus error occurs indication a unexpected start or stop condi
 750:../Firmware/GD32E23x_standard_peripheral/Source/gd32e23x_i2c.c ****       \arg        I2C_INT_FLAG_LOSTARB: arbitration lost in master mode interrupt flag
 751:../Firmware/GD32E23x_standard_peripheral/Source/gd32e23x_i2c.c ****       \arg        I2C_INT_FLAG_AERR: acknowledge error interrupt flag
 752:../Firmware/GD32E23x_standard_peripheral/Source/gd32e23x_i2c.c ****       \arg        I2C_INT_FLAG_OUERR: over-run or under-run situation occurs in slave mode interrup
 753:../Firmware/GD32E23x_standard_peripheral/Source/gd32e23x_i2c.c ****       \arg        I2C_INT_FLAG_PECERR: PEC error when receiving data interrupt flag
 754:../Firmware/GD32E23x_standard_peripheral/Source/gd32e23x_i2c.c ****       \arg        I2C_INT_FLAG_SMBTO: timeout signal in SMBus mode interrupt flag
 755:../Firmware/GD32E23x_standard_peripheral/Source/gd32e23x_i2c.c ****       \arg        I2C_INT_FLAG_SMBALT: SMBus alert status interrupt flag
 756:../Firmware/GD32E23x_standard_peripheral/Source/gd32e23x_i2c.c ****       \arg        I2C_INT_FLAG_TFF: txframe fall interrupt flag
 757:../Firmware/GD32E23x_standard_peripheral/Source/gd32e23x_i2c.c ****       \arg        I2C_INT_FLAG_TFR: txframe rise interrupt flag
 758:../Firmware/GD32E23x_standard_peripheral/Source/gd32e23x_i2c.c ****       \arg        I2C_INT_FLAG_RFF: rxframe fall interrupt flag
 759:../Firmware/GD32E23x_standard_peripheral/Source/gd32e23x_i2c.c ****       \arg        I2C_INT_FLAG_RFR: rxframe rise interrupt flag
 760:../Firmware/GD32E23x_standard_peripheral/Source/gd32e23x_i2c.c ****     \param[out] none
 761:../Firmware/GD32E23x_standard_peripheral/Source/gd32e23x_i2c.c ****     \retval     FlagStatus: SET or RESET
 762:../Firmware/GD32E23x_standard_peripheral/Source/gd32e23x_i2c.c **** */
 763:../Firmware/GD32E23x_standard_peripheral/Source/gd32e23x_i2c.c **** FlagStatus i2c_interrupt_flag_get(uint32_t i2c_periph, i2c_interrupt_flag_enum int_flag)
 764:../Firmware/GD32E23x_standard_peripheral/Source/gd32e23x_i2c.c **** {
 2127              		.loc 1 764 1
 2128              		.cfi_startproc
 2129              		@ args = 0, pretend = 0, frame = 24
 2130              		@ frame_needed = 1, uses_anonymous_args = 0
 2131 0000 80B5     		push	{r7, lr}
 2132              		.cfi_def_cfa_offset 8
 2133              		.cfi_offset 7, -8
 2134              		.cfi_offset 14, -4
 2135 0002 86B0     		sub	sp, sp, #24
 2136              		.cfi_def_cfa_offset 32
 2137 0004 00AF     		add	r7, sp, #0
 2138              		.cfi_def_cfa_register 7
 2139 0006 7860     		str	r0, [r7, #4]
 2140 0008 3960     		str	r1, [r7]
 765:../Firmware/GD32E23x_standard_peripheral/Source/gd32e23x_i2c.c ****     uint32_t intenable = 0U, flagstatus = 0U, bufie;
 2141              		.loc 1 765 14
 2142 000a 0023     		movs	r3, #0
 2143 000c 7B61     		str	r3, [r7, #20]
 2144              		.loc 1 765 30
 2145 000e 0023     		movs	r3, #0
 2146 0010 3B61     		str	r3, [r7, #16]
 766:../Firmware/GD32E23x_standard_peripheral/Source/gd32e23x_i2c.c **** 
 767:../Firmware/GD32E23x_standard_peripheral/Source/gd32e23x_i2c.c ****     /* check BUFIE */
 768:../Firmware/GD32E23x_standard_peripheral/Source/gd32e23x_i2c.c ****     bufie = I2C_CTL1(i2c_periph)&I2C_CTL1_BUFIE;
 2147              		.loc 1 768 13
 2148 0012 7B68     		ldr	r3, [r7, #4]
 2149 0014 0433     		adds	r3, r3, #4
 2150 0016 1B68     		ldr	r3, [r3]
 2151              		.loc 1 768 11
 2152 0018 40F20042 		movw	r2, #1024
 2153 001c 1340     		ands	r3, r2
 2154 001e FB60     		str	r3, [r7, #12]
 769:../Firmware/GD32E23x_standard_peripheral/Source/gd32e23x_i2c.c **** 
 770:../Firmware/GD32E23x_standard_peripheral/Source/gd32e23x_i2c.c ****     /* get the interrupt enable bit status */
 771:../Firmware/GD32E23x_standard_peripheral/Source/gd32e23x_i2c.c ****     intenable = (I2C_REG_VAL(i2c_periph, int_flag) & BIT(I2C_BIT_POS(int_flag)));
 2155              		.loc 1 771 18
 2156 0020 3B68     		ldr	r3, [r7]
 2157 0022 9B09     		lsrs	r3, r3, #6
 2158 0024 9B05     		lsls	r3, r3, #22
 2159 0026 9A0D     		lsrs	r2, r3, #22
 2160 0028 7B68     		ldr	r3, [r7, #4]
 2161 002a D318     		adds	r3, r2, r3
 2162 002c 1B68     		ldr	r3, [r3]
 2163              		.loc 1 771 54
 2164 002e 3A68     		ldr	r2, [r7]
 2165 0030 1F21     		movs	r1, #31
 2166 0032 0A40     		ands	r2, r1
 2167 0034 0121     		movs	r1, #1
 2168 0036 9140     		lsls	r1, r1, r2
 2169 0038 0A00     		movs	r2, r1
 2170              		.loc 1 771 15
 2171 003a 1340     		ands	r3, r2
 2172 003c 7B61     		str	r3, [r7, #20]
 772:../Firmware/GD32E23x_standard_peripheral/Source/gd32e23x_i2c.c ****     /* get the corresponding flag bit status */
 773:../Firmware/GD32E23x_standard_peripheral/Source/gd32e23x_i2c.c ****     flagstatus = (I2C_REG_VAL2(i2c_periph, int_flag) & BIT(I2C_BIT_POS2(int_flag)));
 2173              		.loc 1 773 19
 2174 003e 3B68     		ldr	r3, [r7]
 2175 0040 9A0D     		lsrs	r2, r3, #22
 2176 0042 7B68     		ldr	r3, [r7, #4]
 2177 0044 D318     		adds	r3, r2, r3
 2178 0046 1B68     		ldr	r3, [r3]
 2179              		.loc 1 773 56
 2180 0048 3A68     		ldr	r2, [r7]
 2181 004a 120C     		lsrs	r2, r2, #16
 2182 004c 1F21     		movs	r1, #31
 2183 004e 0A40     		ands	r2, r1
 2184 0050 0121     		movs	r1, #1
 2185 0052 9140     		lsls	r1, r1, r2
 2186 0054 0A00     		movs	r2, r1
 2187              		.loc 1 773 16
 2188 0056 1340     		ands	r3, r2
 2189 0058 3B61     		str	r3, [r7, #16]
 774:../Firmware/GD32E23x_standard_peripheral/Source/gd32e23x_i2c.c **** 
 775:../Firmware/GD32E23x_standard_peripheral/Source/gd32e23x_i2c.c ****     if((I2C_INT_FLAG_RBNE == int_flag) || (I2C_INT_FLAG_TBE == int_flag)) {
 2190              		.loc 1 775 7
 2191 005a 3A68     		ldr	r2, [r7]
 2192 005c 40F20913 		movw	r3, #265
 2193 0060 C0F20653 		movt	r3, 1286
 2194 0064 9A42     		cmp	r2, r3
 2195 0066 06D0     		beq	.L84
 2196              		.loc 1 775 40 discriminator 1
 2197 0068 3A68     		ldr	r2, [r7]
 2198 006a 40F20913 		movw	r3, #265
 2199 006e C0F20753 		movt	r3, 1287
 2200 0072 9A42     		cmp	r2, r3
 2201 0074 08D1     		bne	.L85
 2202              	.L84:
 776:../Firmware/GD32E23x_standard_peripheral/Source/gd32e23x_i2c.c ****         if(intenable && bufie) {
 2203              		.loc 1 776 11
 2204 0076 7B69     		ldr	r3, [r7, #20]
 2205 0078 23B1     		cbz	r3, .L86
 2206              		.loc 1 776 22 discriminator 1
 2207 007a FB68     		ldr	r3, [r7, #12]
 2208 007c 13B1     		cbz	r3, .L86
 777:../Firmware/GD32E23x_standard_peripheral/Source/gd32e23x_i2c.c ****             intenable = 1U;
 2209              		.loc 1 777 23
 2210 007e 0123     		movs	r3, #1
 2211 0080 7B61     		str	r3, [r7, #20]
 2212 0082 01E0     		b	.L85
 2213              	.L86:
 778:../Firmware/GD32E23x_standard_peripheral/Source/gd32e23x_i2c.c ****         } else {
 779:../Firmware/GD32E23x_standard_peripheral/Source/gd32e23x_i2c.c ****             intenable = 0U;
 2214              		.loc 1 779 23
 2215 0084 0023     		movs	r3, #0
 2216 0086 7B61     		str	r3, [r7, #20]
 2217              	.L85:
 780:../Firmware/GD32E23x_standard_peripheral/Source/gd32e23x_i2c.c ****         }
 781:../Firmware/GD32E23x_standard_peripheral/Source/gd32e23x_i2c.c ****     }
 782:../Firmware/GD32E23x_standard_peripheral/Source/gd32e23x_i2c.c ****     if((0U != flagstatus) && (0U != intenable)) {
 2218              		.loc 1 782 7
 2219 0088 3B69     		ldr	r3, [r7, #16]
 2220 008a 1BB1     		cbz	r3, .L87
 2221              		.loc 1 782 27 discriminator 1
 2222 008c 7B69     		ldr	r3, [r7, #20]
 2223 008e 0BB1     		cbz	r3, .L87
 783:../Firmware/GD32E23x_standard_peripheral/Source/gd32e23x_i2c.c ****         return SET;
 2224              		.loc 1 783 16
 2225 0090 0123     		movs	r3, #1
 2226 0092 00E0     		b	.L88
 2227              	.L87:
 784:../Firmware/GD32E23x_standard_peripheral/Source/gd32e23x_i2c.c ****     } else {
 785:../Firmware/GD32E23x_standard_peripheral/Source/gd32e23x_i2c.c ****         return RESET;
 2228              		.loc 1 785 16
 2229 0094 0023     		movs	r3, #0
 2230              	.L88:
 786:../Firmware/GD32E23x_standard_peripheral/Source/gd32e23x_i2c.c ****     }
 787:../Firmware/GD32E23x_standard_peripheral/Source/gd32e23x_i2c.c **** }
 2231              		.loc 1 787 1
 2232 0096 1800     		movs	r0, r3
 2233 0098 BD46     		mov	sp, r7
 2234 009a 06B0     		add	sp, sp, #24
 2235              		@ sp needed
 2236 009c 80BD     		pop	{r7, pc}
 2237              		.cfi_endproc
 2238              	.LFE92:
 2240              		.section	.text.i2c_interrupt_flag_clear,"ax",%progbits
 2241              		.align	1
 2242              		.global	i2c_interrupt_flag_clear
 2243              		.syntax unified
 2244              		.code	16
 2245              		.thumb_func
 2246              		.fpu softvfp
 2248              	i2c_interrupt_flag_clear:
 2249              	.LFB93:
 788:../Firmware/GD32E23x_standard_peripheral/Source/gd32e23x_i2c.c **** 
 789:../Firmware/GD32E23x_standard_peripheral/Source/gd32e23x_i2c.c **** /*!
 790:../Firmware/GD32E23x_standard_peripheral/Source/gd32e23x_i2c.c ****     \brief      clear I2C interrupt flag status
 791:../Firmware/GD32E23x_standard_peripheral/Source/gd32e23x_i2c.c ****     \param[in]  i2c_periph: I2Cx(x=0,1)
 792:../Firmware/GD32E23x_standard_peripheral/Source/gd32e23x_i2c.c ****     \param[in]  int_flag: I2C interrupt flags, refer to i2c_interrupt_flag_enum
 793:../Firmware/GD32E23x_standard_peripheral/Source/gd32e23x_i2c.c ****                 only one parameter can be selected which is shown as below:
 794:../Firmware/GD32E23x_standard_peripheral/Source/gd32e23x_i2c.c ****       \arg        I2C_INT_FLAG_ADDSEND: address is sent in master mode or received and matches in s
 795:../Firmware/GD32E23x_standard_peripheral/Source/gd32e23x_i2c.c ****       \arg        I2C_INT_FLAG_BERR: a bus error occurs indication a unexpected start or stop condi
 796:../Firmware/GD32E23x_standard_peripheral/Source/gd32e23x_i2c.c ****       \arg        I2C_INT_FLAG_LOSTARB: arbitration lost in master mode interrupt flag
 797:../Firmware/GD32E23x_standard_peripheral/Source/gd32e23x_i2c.c ****       \arg        I2C_INT_FLAG_AERR: acknowledge error interrupt flag
 798:../Firmware/GD32E23x_standard_peripheral/Source/gd32e23x_i2c.c ****       \arg        I2C_INT_FLAG_OUERR: over-run or under-run situation occurs in slave mode interrup
 799:../Firmware/GD32E23x_standard_peripheral/Source/gd32e23x_i2c.c ****       \arg        I2C_INT_FLAG_PECERR: PEC error when receiving data interrupt flag
 800:../Firmware/GD32E23x_standard_peripheral/Source/gd32e23x_i2c.c ****       \arg        I2C_INT_FLAG_SMBTO: timeout signal in SMBus mode interrupt flag
 801:../Firmware/GD32E23x_standard_peripheral/Source/gd32e23x_i2c.c ****       \arg        I2C_INT_FLAG_SMBALT: SMBus alert status interrupt flag
 802:../Firmware/GD32E23x_standard_peripheral/Source/gd32e23x_i2c.c ****       \arg        I2C_INT_FLAG_TFF: txframe fall interrupt flag
 803:../Firmware/GD32E23x_standard_peripheral/Source/gd32e23x_i2c.c ****       \arg        I2C_INT_FLAG_TFR: txframe rise interrupt flag
 804:../Firmware/GD32E23x_standard_peripheral/Source/gd32e23x_i2c.c ****       \arg        I2C_INT_FLAG_RFF: rxframe fall interrupt flag
 805:../Firmware/GD32E23x_standard_peripheral/Source/gd32e23x_i2c.c ****       \arg        I2C_INT_FLAG_RFR: rxframe rise interrupt flag
 806:../Firmware/GD32E23x_standard_peripheral/Source/gd32e23x_i2c.c ****     \param[out] none
 807:../Firmware/GD32E23x_standard_peripheral/Source/gd32e23x_i2c.c ****     \retval     none
 808:../Firmware/GD32E23x_standard_peripheral/Source/gd32e23x_i2c.c **** */
 809:../Firmware/GD32E23x_standard_peripheral/Source/gd32e23x_i2c.c **** void i2c_interrupt_flag_clear(uint32_t i2c_periph, i2c_interrupt_flag_enum int_flag)
 810:../Firmware/GD32E23x_standard_peripheral/Source/gd32e23x_i2c.c **** {
 2250              		.loc 1 810 1
 2251              		.cfi_startproc
 2252              		@ args = 0, pretend = 0, frame = 8
 2253              		@ frame_needed = 1, uses_anonymous_args = 0
 2254 0000 80B5     		push	{r7, lr}
 2255              		.cfi_def_cfa_offset 8
 2256              		.cfi_offset 7, -8
 2257              		.cfi_offset 14, -4
 2258 0002 82B0     		sub	sp, sp, #8
 2259              		.cfi_def_cfa_offset 16
 2260 0004 00AF     		add	r7, sp, #0
 2261              		.cfi_def_cfa_register 7
 2262 0006 7860     		str	r0, [r7, #4]
 2263 0008 3960     		str	r1, [r7]
 811:../Firmware/GD32E23x_standard_peripheral/Source/gd32e23x_i2c.c ****     if(I2C_INT_FLAG_ADDSEND == int_flag) {
 2264              		.loc 1 811 7
 2265 000a 3A68     		ldr	r2, [r7]
 2266 000c 40F20913 		movw	r3, #265
 2267 0010 C0F20153 		movt	r3, 1281
 2268 0014 9A42     		cmp	r2, r3
 2269 0016 06D1     		bne	.L90
 812:../Firmware/GD32E23x_standard_peripheral/Source/gd32e23x_i2c.c ****         /* read I2C_STAT0 and then read I2C_STAT1 to clear ADDSEND */
 813:../Firmware/GD32E23x_standard_peripheral/Source/gd32e23x_i2c.c ****         I2C_STAT0(i2c_periph);
 2270              		.loc 1 813 9
 2271 0018 7B68     		ldr	r3, [r7, #4]
 2272 001a 1433     		adds	r3, r3, #20
 2273 001c 1B68     		ldr	r3, [r3]
 814:../Firmware/GD32E23x_standard_peripheral/Source/gd32e23x_i2c.c ****         I2C_STAT1(i2c_periph);
 2274              		.loc 1 814 9
 2275 001e 7B68     		ldr	r3, [r7, #4]
 2276 0020 1833     		adds	r3, r3, #24
 2277 0022 1B68     		ldr	r3, [r3]
 815:../Firmware/GD32E23x_standard_peripheral/Source/gd32e23x_i2c.c ****     } else {
 816:../Firmware/GD32E23x_standard_peripheral/Source/gd32e23x_i2c.c ****         I2C_REG_VAL2(i2c_periph, int_flag) &= ~BIT(I2C_BIT_POS2(int_flag));
 817:../Firmware/GD32E23x_standard_peripheral/Source/gd32e23x_i2c.c ****     }
 818:../Firmware/GD32E23x_standard_peripheral/Source/gd32e23x_i2c.c **** }
 2278              		.loc 1 818 1
 2279 0024 12E0     		b	.L92
 2280              	.L90:
 816:../Firmware/GD32E23x_standard_peripheral/Source/gd32e23x_i2c.c ****     }
 2281              		.loc 1 816 44
 2282 0026 3B68     		ldr	r3, [r7]
 2283 0028 9A0D     		lsrs	r2, r3, #22
 2284 002a 7B68     		ldr	r3, [r7, #4]
 2285 002c D318     		adds	r3, r2, r3
 2286 002e 1A68     		ldr	r2, [r3]
 816:../Firmware/GD32E23x_standard_peripheral/Source/gd32e23x_i2c.c ****     }
 2287              		.loc 1 816 48
 2288 0030 3B68     		ldr	r3, [r7]
 2289 0032 1B0C     		lsrs	r3, r3, #16
 2290 0034 1F21     		movs	r1, #31
 2291 0036 0B40     		ands	r3, r1
 2292 0038 0121     		movs	r1, #1
 2293 003a 9940     		lsls	r1, r1, r3
 2294 003c 0B00     		movs	r3, r1
 816:../Firmware/GD32E23x_standard_peripheral/Source/gd32e23x_i2c.c ****     }
 2295              		.loc 1 816 47
 2296 003e D943     		mvns	r1, r3
 816:../Firmware/GD32E23x_standard_peripheral/Source/gd32e23x_i2c.c ****     }
 2297              		.loc 1 816 44
 2298 0040 3B68     		ldr	r3, [r7]
 2299 0042 980D     		lsrs	r0, r3, #22
 2300 0044 7B68     		ldr	r3, [r7, #4]
 2301 0046 C318     		adds	r3, r0, r3
 2302 0048 0A40     		ands	r2, r1
 2303 004a 1A60     		str	r2, [r3]
 2304              	.L92:
 2305              		.loc 1 818 1
 2306 004c C046     		nop
 2307 004e BD46     		mov	sp, r7
 2308 0050 02B0     		add	sp, sp, #8
 2309              		@ sp needed
 2310 0052 80BD     		pop	{r7, pc}
 2311              		.cfi_endproc
 2312              	.LFE93:
 2314              		.text
 2315              	.Letext0:
 2316              		.file 2 "d:\\software\\gd32embeddedbuilder_v1.5.6_rel\\tools\\gnu tools arm embedded\\xpack-arm-no
 2317              		.file 3 "d:\\software\\gd32embeddedbuilder_v1.5.6_rel\\tools\\gnu tools arm embedded\\xpack-arm-no
 2318              		.file 4 "../Firmware/CMSIS/GD/GD32E23x/Include/gd32e23x.h"
 2319              		.file 5 "../Firmware/GD32E23x_standard_peripheral/Include/gd32e23x_rcu.h"
 2320              		.file 6 "../Firmware/GD32E23x_standard_peripheral/Include/gd32e23x_i2c.h"
 2321              		.file 7 "../Firmware/CMSIS/GD/GD32E23x/Include/system_gd32e23x.h"
DEFINED SYMBOLS
                            *ABS*:00000000 gd32e23x_i2c.c
C:\Users\sen.he\AppData\Local\Temp\ccWp6WP7.s:16     .text.i2c_deinit:00000000 $t
C:\Users\sen.he\AppData\Local\Temp\ccWp6WP7.s:24     .text.i2c_deinit:00000000 i2c_deinit
C:\Users\sen.he\AppData\Local\Temp\ccWp6WP7.s:82     .text.i2c_clock_config:00000000 $t
C:\Users\sen.he\AppData\Local\Temp\ccWp6WP7.s:89     .text.i2c_clock_config:00000000 i2c_clock_config
C:\Users\sen.he\AppData\Local\Temp\ccWp6WP7.s:420    .text.i2c_clock_config:0000020c $d
C:\Users\sen.he\AppData\Local\Temp\ccWp6WP7.s:425    .text.i2c_mode_addr_config:00000000 $t
C:\Users\sen.he\AppData\Local\Temp\ccWp6WP7.s:432    .text.i2c_mode_addr_config:00000000 i2c_mode_addr_config
C:\Users\sen.he\AppData\Local\Temp\ccWp6WP7.s:497    .text.i2c_smbus_type_config:00000000 $t
C:\Users\sen.he\AppData\Local\Temp\ccWp6WP7.s:504    .text.i2c_smbus_type_config:00000000 i2c_smbus_type_config
C:\Users\sen.he\AppData\Local\Temp\ccWp6WP7.s:552    .text.i2c_ack_config:00000000 $t
C:\Users\sen.he\AppData\Local\Temp\ccWp6WP7.s:559    .text.i2c_ack_config:00000000 i2c_ack_config
C:\Users\sen.he\AppData\Local\Temp\ccWp6WP7.s:607    .text.i2c_ack_config:00000034 $d
C:\Users\sen.he\AppData\Local\Temp\ccWp6WP7.s:612    .text.i2c_ackpos_config:00000000 $t
C:\Users\sen.he\AppData\Local\Temp\ccWp6WP7.s:619    .text.i2c_ackpos_config:00000000 i2c_ackpos_config
C:\Users\sen.he\AppData\Local\Temp\ccWp6WP7.s:667    .text.i2c_ackpos_config:00000034 $d
C:\Users\sen.he\AppData\Local\Temp\ccWp6WP7.s:672    .text.i2c_master_addressing:00000000 $t
C:\Users\sen.he\AppData\Local\Temp\ccWp6WP7.s:679    .text.i2c_master_addressing:00000000 i2c_master_addressing
C:\Users\sen.he\AppData\Local\Temp\ccWp6WP7.s:729    .text.i2c_dualaddr_enable:00000000 $t
C:\Users\sen.he\AppData\Local\Temp\ccWp6WP7.s:736    .text.i2c_dualaddr_enable:00000000 i2c_dualaddr_enable
C:\Users\sen.he\AppData\Local\Temp\ccWp6WP7.s:776    .text.i2c_dualaddr_disable:00000000 $t
C:\Users\sen.he\AppData\Local\Temp\ccWp6WP7.s:783    .text.i2c_dualaddr_disable:00000000 i2c_dualaddr_disable
C:\Users\sen.he\AppData\Local\Temp\ccWp6WP7.s:817    .text.i2c_enable:00000000 $t
C:\Users\sen.he\AppData\Local\Temp\ccWp6WP7.s:824    .text.i2c_enable:00000000 i2c_enable
C:\Users\sen.he\AppData\Local\Temp\ccWp6WP7.s:856    .text.i2c_disable:00000000 $t
C:\Users\sen.he\AppData\Local\Temp\ccWp6WP7.s:863    .text.i2c_disable:00000000 i2c_disable
C:\Users\sen.he\AppData\Local\Temp\ccWp6WP7.s:895    .text.i2c_start_on_bus:00000000 $t
C:\Users\sen.he\AppData\Local\Temp\ccWp6WP7.s:902    .text.i2c_start_on_bus:00000000 i2c_start_on_bus
C:\Users\sen.he\AppData\Local\Temp\ccWp6WP7.s:934    .text.i2c_stop_on_bus:00000000 $t
C:\Users\sen.he\AppData\Local\Temp\ccWp6WP7.s:941    .text.i2c_stop_on_bus:00000000 i2c_stop_on_bus
C:\Users\sen.he\AppData\Local\Temp\ccWp6WP7.s:973    .text.i2c_data_transmit:00000000 $t
C:\Users\sen.he\AppData\Local\Temp\ccWp6WP7.s:980    .text.i2c_data_transmit:00000000 i2c_data_transmit
C:\Users\sen.he\AppData\Local\Temp\ccWp6WP7.s:1016   .text.i2c_data_receive:00000000 $t
C:\Users\sen.he\AppData\Local\Temp\ccWp6WP7.s:1023   .text.i2c_data_receive:00000000 i2c_data_receive
C:\Users\sen.he\AppData\Local\Temp\ccWp6WP7.s:1054   .text.i2c_dma_config:00000000 $t
C:\Users\sen.he\AppData\Local\Temp\ccWp6WP7.s:1061   .text.i2c_dma_config:00000000 i2c_dma_config
C:\Users\sen.he\AppData\Local\Temp\ccWp6WP7.s:1111   .text.i2c_dma_config:00000038 $d
C:\Users\sen.he\AppData\Local\Temp\ccWp6WP7.s:1116   .text.i2c_dma_last_transfer_config:00000000 $t
C:\Users\sen.he\AppData\Local\Temp\ccWp6WP7.s:1123   .text.i2c_dma_last_transfer_config:00000000 i2c_dma_last_transfer_config
C:\Users\sen.he\AppData\Local\Temp\ccWp6WP7.s:1173   .text.i2c_dma_last_transfer_config:00000038 $d
C:\Users\sen.he\AppData\Local\Temp\ccWp6WP7.s:1178   .text.i2c_rbne_clear_config:00000000 $t
C:\Users\sen.he\AppData\Local\Temp\ccWp6WP7.s:1185   .text.i2c_rbne_clear_config:00000000 i2c_rbne_clear_config
C:\Users\sen.he\AppData\Local\Temp\ccWp6WP7.s:1235   .text.i2c_rbne_clear_config:00000038 $d
C:\Users\sen.he\AppData\Local\Temp\ccWp6WP7.s:1240   .text.i2c_stretch_scl_low_config:00000000 $t
C:\Users\sen.he\AppData\Local\Temp\ccWp6WP7.s:1247   .text.i2c_stretch_scl_low_config:00000000 i2c_stretch_scl_low_config
C:\Users\sen.he\AppData\Local\Temp\ccWp6WP7.s:1296   .text.i2c_slave_response_to_gcall_config:00000000 $t
C:\Users\sen.he\AppData\Local\Temp\ccWp6WP7.s:1303   .text.i2c_slave_response_to_gcall_config:00000000 i2c_slave_response_to_gcall_config
C:\Users\sen.he\AppData\Local\Temp\ccWp6WP7.s:1352   .text.i2c_software_reset_config:00000000 $t
C:\Users\sen.he\AppData\Local\Temp\ccWp6WP7.s:1359   .text.i2c_software_reset_config:00000000 i2c_software_reset_config
C:\Users\sen.he\AppData\Local\Temp\ccWp6WP7.s:1407   .text.i2c_software_reset_config:00000034 $d
C:\Users\sen.he\AppData\Local\Temp\ccWp6WP7.s:1412   .text.i2c_pec_config:00000000 $t
C:\Users\sen.he\AppData\Local\Temp\ccWp6WP7.s:1419   .text.i2c_pec_config:00000000 i2c_pec_config
C:\Users\sen.he\AppData\Local\Temp\ccWp6WP7.s:1468   .text.i2c_pec_transfer_config:00000000 $t
C:\Users\sen.he\AppData\Local\Temp\ccWp6WP7.s:1475   .text.i2c_pec_transfer_config:00000000 i2c_pec_transfer_config
C:\Users\sen.he\AppData\Local\Temp\ccWp6WP7.s:1523   .text.i2c_pec_transfer_config:00000034 $d
C:\Users\sen.he\AppData\Local\Temp\ccWp6WP7.s:1528   .text.i2c_pec_value_get:00000000 $t
C:\Users\sen.he\AppData\Local\Temp\ccWp6WP7.s:1535   .text.i2c_pec_value_get:00000000 i2c_pec_value_get
C:\Users\sen.he\AppData\Local\Temp\ccWp6WP7.s:1568   .text.i2c_smbus_alert_config:00000000 $t
C:\Users\sen.he\AppData\Local\Temp\ccWp6WP7.s:1575   .text.i2c_smbus_alert_config:00000000 i2c_smbus_alert_config
C:\Users\sen.he\AppData\Local\Temp\ccWp6WP7.s:1623   .text.i2c_smbus_alert_config:00000034 $d
C:\Users\sen.he\AppData\Local\Temp\ccWp6WP7.s:1628   .text.i2c_smbus_arp_config:00000000 $t
C:\Users\sen.he\AppData\Local\Temp\ccWp6WP7.s:1635   .text.i2c_smbus_arp_config:00000000 i2c_smbus_arp_config
C:\Users\sen.he\AppData\Local\Temp\ccWp6WP7.s:1684   .text.i2c_sam_enable:00000000 $t
C:\Users\sen.he\AppData\Local\Temp\ccWp6WP7.s:1691   .text.i2c_sam_enable:00000000 i2c_sam_enable
C:\Users\sen.he\AppData\Local\Temp\ccWp6WP7.s:1725   .text.i2c_sam_disable:00000000 $t
C:\Users\sen.he\AppData\Local\Temp\ccWp6WP7.s:1732   .text.i2c_sam_disable:00000000 i2c_sam_disable
C:\Users\sen.he\AppData\Local\Temp\ccWp6WP7.s:1766   .text.i2c_sam_timeout_enable:00000000 $t
C:\Users\sen.he\AppData\Local\Temp\ccWp6WP7.s:1773   .text.i2c_sam_timeout_enable:00000000 i2c_sam_timeout_enable
C:\Users\sen.he\AppData\Local\Temp\ccWp6WP7.s:1807   .text.i2c_sam_timeout_disable:00000000 $t
C:\Users\sen.he\AppData\Local\Temp\ccWp6WP7.s:1814   .text.i2c_sam_timeout_disable:00000000 i2c_sam_timeout_disable
C:\Users\sen.he\AppData\Local\Temp\ccWp6WP7.s:1848   .text.i2c_flag_get:00000000 $t
C:\Users\sen.he\AppData\Local\Temp\ccWp6WP7.s:1855   .text.i2c_flag_get:00000000 i2c_flag_get
C:\Users\sen.he\AppData\Local\Temp\ccWp6WP7.s:1911   .text.i2c_flag_clear:00000000 $t
C:\Users\sen.he\AppData\Local\Temp\ccWp6WP7.s:1918   .text.i2c_flag_clear:00000000 i2c_flag_clear
C:\Users\sen.he\AppData\Local\Temp\ccWp6WP7.s:1993   .text.i2c_interrupt_enable:00000000 $t
C:\Users\sen.he\AppData\Local\Temp\ccWp6WP7.s:2000   .text.i2c_interrupt_enable:00000000 i2c_interrupt_enable
C:\Users\sen.he\AppData\Local\Temp\ccWp6WP7.s:2054   .text.i2c_interrupt_disable:00000000 $t
C:\Users\sen.he\AppData\Local\Temp\ccWp6WP7.s:2061   .text.i2c_interrupt_disable:00000000 i2c_interrupt_disable
C:\Users\sen.he\AppData\Local\Temp\ccWp6WP7.s:2118   .text.i2c_interrupt_flag_get:00000000 $t
C:\Users\sen.he\AppData\Local\Temp\ccWp6WP7.s:2125   .text.i2c_interrupt_flag_get:00000000 i2c_interrupt_flag_get
C:\Users\sen.he\AppData\Local\Temp\ccWp6WP7.s:2241   .text.i2c_interrupt_flag_clear:00000000 $t
C:\Users\sen.he\AppData\Local\Temp\ccWp6WP7.s:2248   .text.i2c_interrupt_flag_clear:00000000 i2c_interrupt_flag_clear
                           .group:00000000 wm4.0.590463c46bf1d553a4d8081ecba6952e
                           .group:00000000 wm4.gd32e23x.h.39.0bf85d194b71a50de4fcad938c637dda
                           .group:00000000 wm4._newlib_version.h.4.9ba035841e762c3308916a0ce96032e7
                           .group:00000000 wm4.features.h.33.318b64d71e0957639cfb30f1db1f7ec8
                           .group:00000000 wm4._default_types.h.15.247e5cd201eca3442cbf5404108c4935
                           .group:00000000 wm4._intsup.h.10.cce27fed8484c08a33f522034c30d2b5
                           .group:00000000 wm4._stdint.h.10.c24fa3af3bc1706662bb5593a907e841
                           .group:00000000 wm4.stdint.h.23.d53047a68f4a85177f80b422d52785ed
                           .group:00000000 wm4.core_cm23.h.64.de3bc139a6604757cb96382033d22ea4
                           .group:00000000 wm4.cmsis_gcc.h.26.41038879cf168e2c536d47f29b7e8dd8
                           .group:00000000 wm4.core_cm23.h.125.de61c9c922e4fe53a01469e1afefe964
                           .group:00000000 wm4.system_gd32e23x.h.38.7a884860f7764c0ab5165a93f03201bb
                           .group:00000000 wm4.gd32e23x.h.163.9acf0d7337f9fe4e45533e128df527f9
                           .group:00000000 wm4.gd32e23x_adc.h.41.e37db1574230c817b545e8965349e4d7
                           .group:00000000 wm4.gd32e23x_crc.h.36.279adb768307700338e007c7ed677511
                           .group:00000000 wm4.gd32e23x_dbg.h.36.d33e52eaa928f5287aa06af215016669
                           .group:00000000 wm4.gd32e23x_dma.h.36.526a5bad10d356aae73db43b8b6c8ac1
                           .group:00000000 wm4.gd32e23x_exti.h.36.af0d6df8c0ce7b2677a9f89a98c409ce
                           .group:00000000 wm4.gd32e23x_fmc.h.36.75bde762cab332c240661c238a094712
                           .group:00000000 wm4.gd32e23x_gpio.h.36.795887d0586769fb622efbe77d569cda
                           .group:00000000 wm4.gd32e23x_syscfg.h.36.01ade19f7155772b744fa54349aa8666
                           .group:00000000 wm4.gd32e23x_fwdgt.h.36.2fcc8574db554a4bd9e84c5cd0b7ab23
                           .group:00000000 wm4.gd32e23x_pmu.h.36.eca9453dd7794477bf31deebb1c6dd71
                           .group:00000000 wm4.gd32e23x_rcu.h.36.5275b85972d8917a1d7fb8903e56792a
                           .group:00000000 wm4.gd32e23x_rtc.h.36.83ced1869b0634048aca709e2e07b91d
                           .group:00000000 wm4.gd32e23x_spi.h.36.3f2a16ec9ce43b99360e154caa44fc36
                           .group:00000000 wm4.gd32e23x_timer.h.36.1a402a135f3e05d89798e4281e3b9d83
                           .group:00000000 wm4.gd32e23x_usart.h.36.c2b993b4a3fc79395d2c6452b270c65c
                           .group:00000000 wm4.gd32e23x_wwdgt.h.36.067f8fa16250ddb8196a2d3d5347a8d1
                           .group:00000000 wm4.gd32e23x_misc.h.36.02bcf8ea2494d3a2286a92cdad908103
                           .group:00000000 wm4.gd32e23x_cmp.h.36.0a60ec830a2d39bbe01854c1093a76e2
                           .group:00000000 wm4.gd32e23x_i2c.h.41.951c6141235553e739115a26b6e21411

UNDEFINED SYMBOLS
rcu_periph_reset_enable
rcu_periph_reset_disable
rcu_clock_freq_get
